sweep,knob_name,knob_value,seed,policy_id,total_requests,migration_count,total_served_ms,total_migration_rtt_ms,mean_migration_rtt_ms,migration_bytes_total,mean_migration_bytes_per_migration,combined_ms_alpha0.5,combined_ms_alpha1,combined_ms_alpha2
ambiguity,dominant_peer_ratio,0.85,1,static,3072,0,283362.175406,0.000000,,0,,283362.175406,283362.175406,283362.175406
ambiguity,dominant_peer_ratio,0.85,1,nearest,3072,25,292737.214624,4199.591890,167.983676,102400,4096.000000,294837.010569,296936.806514,301136.398404
ambiguity,dominant_peer_ratio,0.85,1,naive_target_aware,3072,150,113852.626659,12731.592007,84.877280,614400,4096.000000,120218.422663,126584.218666,139315.810673
ambiguity,dominant_peer_ratio,0.85,1,engagement_g00_d0.0,3072,150,113852.626659,12731.592007,84.877280,614400,4096.000000,120218.422663,126584.218666,139315.810673
ambiguity,dominant_peer_ratio,0.85,1,engagement_g00_d0.25,3072,150,129904.751797,12731.592007,84.877280,614400,4096.000000,136270.547801,142636.343804,155367.935811
ambiguity,dominant_peer_ratio,0.85,1,engagement_g00_d0.5,3072,150,137270.666323,12731.592007,84.877280,614400,4096.000000,143636.462327,150002.258330,162733.850337
ambiguity,dominant_peer_ratio,0.85,1,engagement_g00_d1.0,3072,150,148913.100151,12731.592007,84.877280,614400,4096.000000,155278.896155,161644.692158,174376.284165
ambiguity,dominant_peer_ratio,0.85,1,engagement_g00_d2.0,3072,150,171882.673580,12731.592007,84.877280,614400,4096.000000,178248.469584,184614.265587,197345.857594
ambiguity,dominant_peer_ratio,0.85,1,engagement_g00_d5.0,3072,150,234597.793019,12731.592007,84.877280,614400,4096.000000,240963.589022,247329.385026,260060.977033
ambiguity,dominant_peer_ratio,0.85,1,engagement_g00_d10.0,3072,62,306011.999838,5874.308457,94.746911,253952,4096.000000,308949.154066,311886.308295,317760.616752
ambiguity,dominant_peer_ratio,0.85,1,engagement_g05_d0.0,3072,149,115758.491777,12549.151671,84.222494,610304,4096.000000,122033.067613,128307.643448,140856.795119
ambiguity,dominant_peer_ratio,0.85,1,engagement_g05_d0.25,3072,149,129851.008134,12549.151671,84.222494,610304,4096.000000,136125.583970,142400.159805,154949.311476
ambiguity,dominant_peer_ratio,0.85,1,engagement_g05_d0.5,3072,149,136803.031288,12549.151671,84.222494,610304,4096.000000,143077.607124,149352.182959,161901.334630
ambiguity,dominant_peer_ratio,0.85,1,engagement_g05_d1.0,3072,149,148374.870235,12549.151671,84.222494,610304,4096.000000,154649.446071,160924.021906,173473.173577
ambiguity,dominant_peer_ratio,0.85,1,engagement_g05_d2.0,3072,149,171053.367623,12549.151671,84.222494,610304,4096.000000,177327.943459,183602.519294,196151.670965
ambiguity,dominant_peer_ratio,0.85,1,engagement_g05_d5.0,3072,149,233573.456779,12549.151671,84.222494,610304,4096.000000,239848.032614,246122.608450,258671.760121
ambiguity,dominant_peer_ratio,0.85,1,engagement_g05_d10.0,3072,53,303646.388033,4976.810797,93.902091,217088,4096.000000,306134.793431,308623.198830,313600.009627
ambiguity,dominant_peer_ratio,0.85,1,oracle_a1,3072,661,29224.185251,17653.485724,26.707240,2707456,4096.000000,38050.928113,46877.670975,64531.156699
ambiguity,dominant_peer_ratio,0.85,1,oracle_a0.5,3072,872,19702.457560,31892.353034,36.573799,3571712,4096.000000,35648.634077,51594.810594,83487.163628
ambiguity,dominant_peer_ratio,0.85,1,oracle_a2,3072,467,37914.068540,11412.596575,24.438108,1912832,4096.000000,43620.366828,49326.665115,60739.261690
ambiguity,dominant_peer_ratio,0.85,2,static,3076,0,300561.682314,0.000000,,0,,300561.682314,300561.682314,300561.682314
ambiguity,dominant_peer_ratio,0.85,2,nearest,3076,5,270337.005169,505.132572,101.026514,20480,4096.000000,270589.571455,270842.137741,271347.270313
ambiguity,dominant_peer_ratio,0.85,2,naive_target_aware,3076,152,136643.615879,17363.583961,114.234105,622592,4096.000000,145325.407860,154007.199840,171370.783801
ambiguity,dominant_peer_ratio,0.85,2,engagement_g00_d0.0,3076,152,136643.615879,17363.583961,114.234105,622592,4096.000000,145325.407860,154007.199840,171370.783801
ambiguity,dominant_peer_ratio,0.85,2,engagement_g00_d0.25,3076,150,160420.111885,17086.055979,113.907040,614400,4096.000000,168963.139875,177506.167864,194592.223843
ambiguity,dominant_peer_ratio,0.85,2,engagement_g00_d0.5,3076,150,166235.004244,17086.055979,113.907040,614400,4096.000000,174778.032234,183321.060223,200407.116202
ambiguity,dominant_peer_ratio,0.85,2,engagement_g00_d1.0,3076,150,180367.779274,17086.055979,113.907040,614400,4096.000000,188910.807264,197453.835253,214539.891232
ambiguity,dominant_peer_ratio,0.85,2,engagement_g00_d2.0,3076,149,210366.928247,17063.231045,114.518329,610304,4096.000000,218898.543770,227430.159292,244493.390337
ambiguity,dominant_peer_ratio,0.85,2,engagement_g00_d5.0,3076,148,293170.110079,17066.695775,115.315512,606208,4096.000000,301703.457966,310236.805854,327303.501629
ambiguity,dominant_peer_ratio,0.85,2,engagement_g00_d10.0,3076,59,341844.597680,6273.923233,106.337682,241664,4096.000000,344981.559297,348118.520913,354392.444146
ambiguity,dominant_peer_ratio,0.85,2,engagement_g05_d0.0,3076,152,138437.494743,17363.583961,114.234105,622592,4096.000000,147119.286724,155801.078704,173164.662665
ambiguity,dominant_peer_ratio,0.85,2,engagement_g05_d0.25,3076,150,160543.694105,17086.055979,113.907040,614400,4096.000000,169086.722095,177629.750084,194715.806063
ambiguity,dominant_peer_ratio,0.85,2,engagement_g05_d0.5,3076,150,166358.586464,17086.055979,113.907040,614400,4096.000000,174901.614454,183444.642443,200530.698422
ambiguity,dominant_peer_ratio,0.85,2,engagement_g05_d1.0,3076,150,180491.361494,17086.055979,113.907040,614400,4096.000000,189034.389484,197577.417473,214663.473452
ambiguity,dominant_peer_ratio,0.85,2,engagement_g05_d2.0,3076,149,210366.928247,17063.231045,114.518329,610304,4096.000000,218898.543770,227430.159292,244493.390337
ambiguity,dominant_peer_ratio,0.85,2,engagement_g05_d5.0,3076,147,291214.382267,16783.408547,114.172847,602112,4096.000000,299606.086540,307997.790814,324781.199361
ambiguity,dominant_peer_ratio,0.85,2,engagement_g05_d10.0,3076,50,333145.354078,5255.478024,105.109560,204800,4096.000000,335773.093090,338400.832102,343656.310126
ambiguity,dominant_peer_ratio,0.85,2,oracle_a1,3076,620,29350.037036,18277.871871,29.480439,2539520,4096.000000,38488.972972,47627.908907,65905.780778
ambiguity,dominant_peer_ratio,0.85,2,oracle_a0.5,3076,877,20221.197696,32560.719116,37.127388,3592192,4096.000000,36501.557254,52781.916812,85342.635928
ambiguity,dominant_peer_ratio,0.85,2,oracle_a2,3076,464,37663.193296,12422.432802,26.772484,1900544,4096.000000,43874.409697,50085.626098,62508.058900
ambiguity,dominant_peer_ratio,0.85,3,static,2993,0,283696.363604,0.000000,,0,,283696.363604,283696.363604,283696.363604
ambiguity,dominant_peer_ratio,0.85,3,nearest,2993,5,272389.404699,366.621124,73.324225,20480,4096.000000,272572.715261,272756.025823,273122.646947
ambiguity,dominant_peer_ratio,0.85,3,naive_target_aware,2993,153,125636.939597,15998.377283,104.564557,626688,4096.000000,133636.128239,141635.316880,157633.694163
ambiguity,dominant_peer_ratio,0.85,3,engagement_g00_d0.0,2993,153,125636.939597,15998.377283,104.564557,626688,4096.000000,133636.128239,141635.316880,157633.694163
ambiguity,dominant_peer_ratio,0.85,3,engagement_g00_d0.25,2993,151,145593.342678,15895.546737,105.268521,618496,4096.000000,153541.116047,161488.889415,177384.436152
ambiguity,dominant_peer_ratio,0.85,3,engagement_g00_d0.5,2993,150,151940.086679,15849.586172,105.663908,614400,4096.000000,159864.879765,167789.672851,183639.259023
ambiguity,dominant_peer_ratio,0.85,3,engagement_g00_d1.0,2993,150,164759.588954,15849.586172,105.663908,614400,4096.000000,172684.382040,180609.175126,196458.761298
ambiguity,dominant_peer_ratio,0.85,3,engagement_g00_d2.0,2993,150,191479.045729,15849.586172,105.663908,614400,4096.000000,199403.838815,207328.631901,223178.218073
ambiguity,dominant_peer_ratio,0.85,3,engagement_g00_d5.0,2993,147,268126.503099,15492.991445,105.394500,602112,4096.000000,275872.998822,283619.494544,299112.485989
ambiguity,dominant_peer_ratio,0.85,3,engagement_g00_d10.0,2993,58,315648.387801,6113.008068,105.396691,237568,4096.000000,318704.891835,321761.395869,327874.403937
ambiguity,dominant_peer_ratio,0.85,3,engagement_g05_d0.0,2993,153,128622.318808,15998.377283,104.564557,626688,4096.000000,136621.507450,144620.696091,160619.073374
ambiguity,dominant_peer_ratio,0.85,3,engagement_g05_d0.25,2993,151,145906.030887,15895.546737,105.268521,618496,4096.000000,153853.804256,161801.577624,177697.124361
ambiguity,dominant_peer_ratio,0.85,3,engagement_g05_d0.5,2993,150,152012.139892,15849.586172,105.663908,614400,4096.000000,159936.932978,167861.726064,183711.312236
ambiguity,dominant_peer_ratio,0.85,3,engagement_g05_d1.0,2993,150,164817.009442,15849.586172,105.663908,614400,4096.000000,172741.802528,180666.595614,196516.181786
ambiguity,dominant_peer_ratio,0.85,3,engagement_g05_d2.0,2993,150,191479.045729,15849.586172,105.663908,614400,4096.000000,199403.838815,207328.631901,223178.218073
ambiguity,dominant_peer_ratio,0.85,3,engagement_g05_d5.0,2993,147,268126.503099,15492.991445,105.394500,602112,4096.000000,275872.998822,283619.494544,299112.485989
ambiguity,dominant_peer_ratio,0.85,3,engagement_g05_d10.0,2993,53,321693.313115,5802.156469,109.474650,217088,4096.000000,324594.391349,327495.469584,333297.626053
ambiguity,dominant_peer_ratio,0.85,3,oracle_a1,2993,570,28644.277093,18663.469329,32.742929,2334720,4096.000000,37976.011758,47307.746422,65971.215751
ambiguity,dominant_peer_ratio,0.85,3,oracle_a0.5,2993,795,19908.733762,32070.011179,40.339637,3256320,4096.000000,35943.739352,51978.744941,84048.756120
ambiguity,dominant_peer_ratio,0.85,3,oracle_a2,2993,403,36486.297898,13179.428831,32.703297,1650688,4096.000000,43076.012313,49665.726729,62845.155560
ambiguity,dominant_peer_ratio,0.85,4,static,2947,0,301991.960274,0.000000,,0,,301991.960274,301991.960274,301991.960274
ambiguity,dominant_peer_ratio,0.85,4,nearest,2947,4,291593.970468,350.263260,87.565815,16384,4096.000000,291769.102098,291944.233728,292294.496988
ambiguity,dominant_peer_ratio,0.85,4,naive_target_aware,2947,154,133370.520202,17227.235813,111.865168,630784,4096.000000,141984.138109,150597.756015,167824.991828
ambiguity,dominant_peer_ratio,0.85,4,engagement_g00_d0.0,2947,154,133370.520202,17227.235813,111.865168,630784,4096.000000,141984.138109,150597.756015,167824.991828
ambiguity,dominant_peer_ratio,0.85,4,engagement_g00_d0.25,2947,150,155404.996093,16710.922515,111.406150,614400,4096.000000,163760.457351,172115.918608,188826.841123
ambiguity,dominant_peer_ratio,0.85,4,engagement_g00_d0.5,2947,150,161317.272224,16710.922515,111.406150,614400,4096.000000,169672.733482,178028.194739,194739.117254
ambiguity,dominant_peer_ratio,0.85,4,engagement_g00_d1.0,2947,150,172352.050380,16710.922515,111.406150,614400,4096.000000,180707.511637,189062.972895,205773.895410
ambiguity,dominant_peer_ratio,0.85,4,engagement_g00_d2.0,2947,150,197920.208964,16710.922515,111.406150,614400,4096.000000,206275.670221,214631.131479,231342.053994
ambiguity,dominant_peer_ratio,0.85,4,engagement_g00_d5.0,2947,149,276111.549230,16487.665361,110.655472,610304,4096.000000,284355.381911,292599.214591,309086.879952
ambiguity,dominant_peer_ratio,0.85,4,engagement_g00_d10.0,2947,57,340463.750984,6685.460446,117.288780,233472,4096.000000,343806.481207,347149.211430,353834.671876
ambiguity,dominant_peer_ratio,0.85,4,engagement_g05_d0.0,2947,152,135978.513038,16982.589121,111.727560,622592,4096.000000,144469.807599,152961.102159,169943.691280
ambiguity,dominant_peer_ratio,0.85,4,engagement_g05_d0.25,2947,150,155610.983567,16710.922515,111.406150,614400,4096.000000,163966.444825,172321.906082,189032.828597
ambiguity,dominant_peer_ratio,0.85,4,engagement_g05_d0.5,2947,150,161523.259698,16710.922515,111.406150,614400,4096.000000,169878.720956,178234.182213,194945.104728
ambiguity,dominant_peer_ratio,0.85,4,engagement_g05_d1.0,2947,150,172552.228421,16710.922515,111.406150,614400,4096.000000,180907.689678,189263.150936,205974.073451
ambiguity,dominant_peer_ratio,0.85,4,engagement_g05_d2.0,2947,150,197920.208964,16710.922515,111.406150,614400,4096.000000,206275.670221,214631.131479,231342.053994
ambiguity,dominant_peer_ratio,0.85,4,engagement_g05_d5.0,2947,147,276495.644006,16209.252280,110.267022,602112,4096.000000,284600.270146,292704.896286,308914.148566
ambiguity,dominant_peer_ratio,0.85,4,engagement_g05_d10.0,2947,49,332713.062166,5382.012148,109.836983,200704,4096.000000,335404.068240,338095.074314,343477.086462
ambiguity,dominant_peer_ratio,0.85,4,oracle_a1,2947,666,27305.727227,18250.554998,27.403236,2727936,4096.000000,36431.004726,45556.282225,63806.837223
ambiguity,dominant_peer_ratio,0.85,4,oracle_a0.5,2947,900,19856.394071,29810.073998,33.122304,3686400,4096.000000,34761.431070,49666.468069,79476.542067
ambiguity,dominant_peer_ratio,0.85,4,oracle_a2,2947,499,35985.243366,12106.700506,24.261925,2043904,4096.000000,42038.593619,48091.943872,60198.644378
ambiguity,dominant_peer_ratio,0.85,5,static,2961,0,296868.046155,0.000000,,0,,296868.046155,296868.046155,296868.046155
ambiguity,dominant_peer_ratio,0.85,5,nearest,2961,6,296130.201835,393.231552,65.538592,24576,4096.000000,296326.817611,296523.433387,296916.664939
ambiguity,dominant_peer_ratio,0.85,5,naive_target_aware,2961,154,139731.303234,17523.051880,113.786051,630784,4096.000000,148492.829174,157254.355114,174777.406994
ambiguity,dominant_peer_ratio,0.85,5,engagement_g00_d0.0,2961,154,139731.303234,17523.051880,113.786051,630784,4096.000000,148492.829174,157254.355114,174777.406994
ambiguity,dominant_peer_ratio,0.85,5,engagement_g00_d0.25,2961,151,160933.758426,17136.007111,113.483491,618496,4096.000000,169501.761981,178069.765537,195205.772648
ambiguity,dominant_peer_ratio,0.85,5,engagement_g00_d0.5,2961,151,168946.571975,17136.007111,113.483491,618496,4096.000000,177514.575531,186082.579086,203218.586197
ambiguity,dominant_peer_ratio,0.85,5,engagement_g00_d1.0,2961,150,182470.340214,17175.386291,114.502575,614400,4096.000000,191058.033359,199645.726505,216821.112796
ambiguity,dominant_peer_ratio,0.85,5,engagement_g00_d2.0,2961,149,209246.927988,17028.907593,114.287970,610304,4096.000000,217761.381784,226275.835581,243304.743174
ambiguity,dominant_peer_ratio,0.85,5,engagement_g00_d5.0,2961,148,290168.460856,16876.606128,114.031122,606208,4096.000000,298606.763920,307045.066984,323921.673112
ambiguity,dominant_peer_ratio,0.85,5,engagement_g00_d10.0,2961,48,320139.418986,5388.586431,112.262217,196608,4096.000000,322833.712201,325528.005417,330916.591848
ambiguity,dominant_peer_ratio,0.85,5,engagement_g05_d0.0,2961,151,143976.887034,17136.007111,113.483491,618496,4096.000000,152544.890590,161112.894145,178248.901256
ambiguity,dominant_peer_ratio,0.85,5,engagement_g05_d0.25,2961,150,162067.983055,17175.386291,114.502575,614400,4096.000000,170655.676200,179243.369346,196418.755637
ambiguity,dominant_peer_ratio,0.85,5,engagement_g05_d0.5,2961,150,170094.944647,17175.386291,114.502575,614400,4096.000000,178682.637792,187270.330938,204445.717229
ambiguity,dominant_peer_ratio,0.85,5,engagement_g05_d1.0,2961,150,182801.328922,17175.386291,114.502575,614400,4096.000000,191389.022067,199976.715213,217152.101504
ambiguity,dominant_peer_ratio,0.85,5,engagement_g05_d2.0,2961,149,209246.927988,17028.907593,114.287970,610304,4096.000000,217761.381784,226275.835581,243304.743174
ambiguity,dominant_peer_ratio,0.85,5,engagement_g05_d5.0,2961,147,290134.259490,16822.922143,114.441647,602112,4096.000000,298545.720561,306957.181633,323780.103776
ambiguity,dominant_peer_ratio,0.85,5,engagement_g05_d10.0,2961,36,324330.210369,3893.893088,108.163697,147456,4096.000000,326277.156913,328224.103457,332117.996545
ambiguity,dominant_peer_ratio,0.85,5,oracle_a1,2961,637,33689.269037,19091.858588,29.971521,2609152,4096.000000,43235.198331,52781.127625,71872.986213
ambiguity,dominant_peer_ratio,0.85,5,oracle_a0.5,2961,936,22582.439750,36170.854794,38.644076,3833856,4096.000000,40667.867147,58753.294544,94924.149338
ambiguity,dominant_peer_ratio,0.85,5,oracle_a2,2961,440,43434.123083,12019.292017,27.316573,1802240,4096.000000,49443.769091,55453.415100,67472.707117
ambiguity,dominant_peer_ratio,0.85,6,static,2952,0,301115.381198,0.000000,,0,,301115.381198,301115.381198,301115.381198
ambiguity,dominant_peer_ratio,0.85,6,nearest,2952,4,318477.946472,295.281344,73.820336,16384,4096.000000,318625.587144,318773.227816,319068.509160
ambiguity,dominant_peer_ratio,0.85,6,naive_target_aware,2952,150,122931.815791,14712.095275,98.080635,614400,4096.000000,130287.863428,137643.911066,152356.006341
ambiguity,dominant_peer_ratio,0.85,6,engagement_g00_d0.0,2952,150,122931.815791,14712.095275,98.080635,614400,4096.000000,130287.863428,137643.911066,152356.006341
ambiguity,dominant_peer_ratio,0.85,6,engagement_g00_d0.25,2952,150,141981.476355,14712.095275,98.080635,614400,4096.000000,149337.523993,156693.571630,171405.666905
ambiguity,dominant_peer_ratio,0.85,6,engagement_g00_d0.5,2952,150,146209.439241,14712.095275,98.080635,614400,4096.000000,153565.486879,160921.534516,175633.629791
ambiguity,dominant_peer_ratio,0.85,6,engagement_g00_d1.0,2952,150,159427.950536,14712.095275,98.080635,614400,4096.000000,166783.998174,174140.045811,188852.141086
ambiguity,dominant_peer_ratio,0.85,6,engagement_g00_d2.0,2952,150,181849.382170,14712.095275,98.080635,614400,4096.000000,189205.429808,196561.477445,211273.572720
ambiguity,dominant_peer_ratio,0.85,6,engagement_g00_d5.0,2952,148,254941.328669,14613.216250,98.737948,606208,4096.000000,262247.936794,269554.544919,284167.761169
ambiguity,dominant_peer_ratio,0.85,6,engagement_g00_d10.0,2952,55,310380.352601,5551.965515,100.944828,225280,4096.000000,313156.335359,315932.318116,321484.283631
ambiguity,dominant_peer_ratio,0.85,6,engagement_g05_d0.0,2952,150,126705.815772,14712.095275,98.080635,614400,4096.000000,134061.863409,141417.911047,156130.006322
ambiguity,dominant_peer_ratio,0.85,6,engagement_g05_d0.25,2952,150,142068.464232,14712.095275,98.080635,614400,4096.000000,149424.511870,156780.559507,171492.654782
ambiguity,dominant_peer_ratio,0.85,6,engagement_g05_d0.5,2952,150,146247.755289,14712.095275,98.080635,614400,4096.000000,153603.802927,160959.850564,175671.945839
ambiguity,dominant_peer_ratio,0.85,6,engagement_g05_d1.0,2952,150,159466.266584,14712.095275,98.080635,614400,4096.000000,166822.314222,174178.361859,188890.457134
ambiguity,dominant_peer_ratio,0.85,6,engagement_g05_d2.0,2952,150,181849.382170,14712.095275,98.080635,614400,4096.000000,189205.429808,196561.477445,211273.572720
ambiguity,dominant_peer_ratio,0.85,6,engagement_g05_d5.0,2952,147,254038.804343,14515.908893,98.747680,602112,4096.000000,261296.758790,268554.713236,283070.622129
ambiguity,dominant_peer_ratio,0.85,6,engagement_g05_d10.0,2952,49,305120.323934,4872.565854,99.440119,200704,4096.000000,307556.606861,309992.889788,314865.455642
ambiguity,dominant_peer_ratio,0.85,6,oracle_a1,2952,648,27838.211340,17211.457686,26.560891,2654208,4096.000000,36443.940183,45049.669026,62261.126712
ambiguity,dominant_peer_ratio,0.85,6,oracle_a0.5,2952,870,18816.617418,31218.649566,35.883505,3563520,4096.000000,34425.942201,50035.266984,81253.916550
ambiguity,dominant_peer_ratio,0.85,6,oracle_a2,2952,469,36764.438999,10913.332547,23.269366,1921024,4096.000000,42221.105272,47677.771546,58591.104093
ambiguity,dominant_peer_ratio,0.85,7,static,2971,0,335846.175897,0.000000,,0,,335846.175897,335846.175897,335846.175897
ambiguity,dominant_peer_ratio,0.85,7,nearest,2971,5,314233.479406,470.237830,94.047566,20480,4096.000000,314468.598321,314703.717236,315173.955066
ambiguity,dominant_peer_ratio,0.85,7,naive_target_aware,2971,150,129616.271594,16186.812653,107.912084,614400,4096.000000,137709.677920,145803.084247,161989.896900
ambiguity,dominant_peer_ratio,0.85,7,engagement_g00_d0.0,2971,150,129616.271594,16186.812653,107.912084,614400,4096.000000,137709.677920,145803.084247,161989.896900
ambiguity,dominant_peer_ratio,0.85,7,engagement_g00_d0.25,2971,150,150166.516353,16186.812653,107.912084,614400,4096.000000,158259.922679,166353.329006,182540.141659
ambiguity,dominant_peer_ratio,0.85,7,engagement_g00_d0.5,2971,150,156532.492973,16186.812653,107.912084,614400,4096.000000,164625.899299,172719.305626,188906.118279
ambiguity,dominant_peer_ratio,0.85,7,engagement_g00_d1.0,2971,150,170561.730580,16186.812653,107.912084,614400,4096.000000,178655.136906,186748.543233,202935.355886
ambiguity,dominant_peer_ratio,0.85,7,engagement_g00_d2.0,2971,150,199202.830738,16186.812653,107.912084,614400,4096.000000,207296.237065,215389.643391,231576.456044
ambiguity,dominant_peer_ratio,0.85,7,engagement_g00_d5.0,2971,148,280723.520430,16111.134233,108.859015,606208,4096.000000,288779.087547,296834.654663,312945.788896
ambiguity,dominant_peer_ratio,0.85,7,engagement_g00_d10.0,2971,55,351988.726929,6505.017511,118.273046,225280,4096.000000,355241.235685,358493.744440,364998.761951
ambiguity,dominant_peer_ratio,0.85,7,engagement_g05_d0.0,2971,150,132739.658028,16186.812653,107.912084,614400,4096.000000,140833.064354,148926.470681,165113.283334
ambiguity,dominant_peer_ratio,0.85,7,engagement_g05_d0.25,2971,150,150358.942441,16186.812653,107.912084,614400,4096.000000,158452.348767,166545.755094,182732.567747
ambiguity,dominant_peer_ratio,0.85,7,engagement_g05_d0.5,2971,150,156693.665243,16186.812653,107.912084,614400,4096.000000,164787.071569,172880.477896,189067.290549
ambiguity,dominant_peer_ratio,0.85,7,engagement_g05_d1.0,2971,150,170595.570393,16186.812653,107.912084,614400,4096.000000,178688.976719,186782.383046,202969.195699
ambiguity,dominant_peer_ratio,0.85,7,engagement_g05_d2.0,2971,150,199202.830738,16186.812653,107.912084,614400,4096.000000,207296.237065,215389.643391,231576.456044
ambiguity,dominant_peer_ratio,0.85,7,engagement_g05_d5.0,2971,146,280077.621650,15771.398849,108.023280,598016,4096.000000,287963.321075,295849.020499,311620.419348
ambiguity,dominant_peer_ratio,0.85,7,engagement_g05_d10.0,2971,51,343699.344252,5819.927042,114.116217,208896,4096.000000,346609.307773,349519.271294,355339.198336
ambiguity,dominant_peer_ratio,0.85,7,oracle_a1,2971,554,34207.807940,20222.861299,36.503360,2269184,4096.000000,44319.238589,54430.669239,74653.530538
ambiguity,dominant_peer_ratio,0.85,7,oracle_a0.5,2971,855,21261.001843,41205.795432,48.193913,3502080,4096.000000,41863.899559,62466.797275,103672.592707
ambiguity,dominant_peer_ratio,0.85,7,oracle_a2,2971,383,44730.100069,12278.500837,32.058749,1568768,4096.000000,50869.350488,57008.600906,69287.101743
ambiguity,dominant_peer_ratio,0.85,8,static,2983,0,277894.815949,0.000000,,0,,277894.815949,277894.815949,277894.815949
ambiguity,dominant_peer_ratio,0.85,8,nearest,2983,5,289273.291395,463.236040,92.647208,20480,4096.000000,289504.909415,289736.527435,290199.763475
ambiguity,dominant_peer_ratio,0.85,8,naive_target_aware,2983,153,115908.124705,14468.700512,94.566670,626688,4096.000000,123142.474961,130376.825217,144845.525729
ambiguity,dominant_peer_ratio,0.85,8,engagement_g00_d0.0,2983,153,115908.124705,14468.700512,94.566670,626688,4096.000000,123142.474961,130376.825217,144845.525729
ambiguity,dominant_peer_ratio,0.85,8,engagement_g00_d0.25,2983,150,133912.123982,14079.832376,93.865549,614400,4096.000000,140952.040170,147991.956358,162071.788734
ambiguity,dominant_peer_ratio,0.85,8,engagement_g00_d0.5,2983,149,139870.897295,13885.179926,93.189127,610304,4096.000000,146813.487258,153756.077221,167641.257147
ambiguity,dominant_peer_ratio,0.85,8,engagement_g00_d1.0,2983,149,149996.889581,13885.179926,93.189127,610304,4096.000000,156939.479544,163882.069507,177767.249433
ambiguity,dominant_peer_ratio,0.85,8,engagement_g00_d2.0,2983,149,171902.497549,13885.179926,93.189127,610304,4096.000000,178845.087512,185787.677475,199672.857401
ambiguity,dominant_peer_ratio,0.85,8,engagement_g00_d5.0,2983,149,242611.028159,13885.179926,93.189127,610304,4096.000000,249553.618122,256496.208085,270381.388011
ambiguity,dominant_peer_ratio,0.85,8,engagement_g00_d10.0,2983,61,293371.676466,5845.689387,95.830974,249856,4096.000000,296294.521160,299217.365853,305063.055240
ambiguity,dominant_peer_ratio,0.85,8,engagement_g05_d0.0,2983,152,119847.258666,14331.600728,94.286847,622592,4096.000000,127013.059030,134178.859394,148510.460122
ambiguity,dominant_peer_ratio,0.85,8,engagement_g05_d0.25,2983,149,133781.557112,13885.179926,93.189127,610304,4096.000000,140724.147075,147666.737038,161551.916964
ambiguity,dominant_peer_ratio,0.85,8,engagement_g05_d0.5,2983,149,140053.651900,13885.179926,93.189127,610304,4096.000000,146996.241863,153938.831826,167824.011752
ambiguity,dominant_peer_ratio,0.85,8,engagement_g05_d1.0,2983,149,150020.064823,13885.179926,93.189127,610304,4096.000000,156962.654786,163905.244749,177790.424675
ambiguity,dominant_peer_ratio,0.85,8,engagement_g05_d2.0,2983,149,171925.672791,13885.179926,93.189127,610304,4096.000000,178868.262754,185810.852717,199696.032643
ambiguity,dominant_peer_ratio,0.85,8,engagement_g05_d5.0,2983,148,242810.812986,13869.932954,93.715763,606208,4096.000000,249745.779463,256680.745940,270550.678894
ambiguity,dominant_peer_ratio,0.85,8,engagement_g05_d10.0,2983,47,297676.777349,4536.934945,96.530531,192512,4096.000000,299945.244821,302213.712294,306750.647239
ambiguity,dominant_peer_ratio,0.85,8,oracle_a1,2983,557,29308.040864,17103.522122,30.706503,2281472,4096.000000,37859.801925,46411.562986,63515.085108
ambiguity,dominant_peer_ratio,0.85,8,oracle_a0.5,2983,813,19852.780390,31670.193567,38.954728,3330048,4096.000000,35687.877174,51522.973957,83193.167524
ambiguity,dominant_peer_ratio,0.85,8,oracle_a2,2983,376,38812.575143,10470.651060,27.847476,1540096,4096.000000,44047.900673,49283.226203,59753.877263
ambiguity,dominant_peer_ratio,0.85,9,static,2932,0,277477.300994,0.000000,,0,,277477.300994,277477.300994,277477.300994
ambiguity,dominant_peer_ratio,0.85,9,nearest,2932,5,316270.791448,440.799752,88.159950,20480,4096.000000,316491.191324,316711.591200,317152.390952
ambiguity,dominant_peer_ratio,0.85,9,naive_target_aware,2932,150,121756.201373,14441.497423,96.276649,614400,4096.000000,128976.950084,136197.698796,150639.196219
ambiguity,dominant_peer_ratio,0.85,9,engagement_g00_d0.0,2932,150,121756.201373,14441.497423,96.276649,614400,4096.000000,128976.950084,136197.698796,150639.196219
ambiguity,dominant_peer_ratio,0.85,9,engagement_g00_d0.25,2932,150,138881.982890,14441.497423,96.276649,614400,4096.000000,146102.731601,153323.480313,167764.977736
ambiguity,dominant_peer_ratio,0.85,9,engagement_g00_d0.5,2932,150,145704.199990,14441.497423,96.276649,614400,4096.000000,152924.948701,160145.697413,174587.194836
ambiguity,dominant_peer_ratio,0.85,9,engagement_g00_d1.0,2932,150,157835.589723,14441.497423,96.276649,614400,4096.000000,165056.338434,172277.087146,186718.584569
ambiguity,dominant_peer_ratio,0.85,9,engagement_g00_d2.0,2932,150,180567.834236,14441.497423,96.276649,614400,4096.000000,187788.582947,195009.331659,209450.829082
ambiguity,dominant_peer_ratio,0.85,9,engagement_g00_d5.0,2932,150,249025.971816,14441.497423,96.276649,614400,4096.000000,256246.720527,263467.469239,277908.966662
ambiguity,dominant_peer_ratio,0.85,9,engagement_g00_d10.0,2932,54,290413.249023,5624.197741,104.151810,221184,4096.000000,293225.347894,296037.446764,301661.644505
ambiguity,dominant_peer_ratio,0.85,9,engagement_g05_d0.0,2932,150,124780.407191,14441.497423,96.276649,614400,4096.000000,132001.155902,139221.904614,153663.402037
ambiguity,dominant_peer_ratio,0.85,9,engagement_g05_d0.25,2932,150,139700.132169,14441.497423,96.276649,614400,4096.000000,146920.880880,154141.629592,168583.127015
ambiguity,dominant_peer_ratio,0.85,9,engagement_g05_d0.5,2932,150,146449.577998,14441.497423,96.276649,614400,4096.000000,153670.326709,160891.075421,175332.572844
ambiguity,dominant_peer_ratio,0.85,9,engagement_g05_d1.0,2932,150,158283.394457,14441.497423,96.276649,614400,4096.000000,165504.143168,172724.891880,187166.389303
ambiguity,dominant_peer_ratio,0.85,9,engagement_g05_d2.0,2932,150,180683.039826,14441.497423,96.276649,614400,4096.000000,187903.788537,195124.537249,209566.034672
ambiguity,dominant_peer_ratio,0.85,9,engagement_g05_d5.0,2932,148,250319.533904,14257.040108,96.331352,606208,4096.000000,257448.053958,264576.574012,278833.614120
ambiguity,dominant_peer_ratio,0.85,9,engagement_g05_d10.0,2932,42,290484.492614,4406.284130,104.911527,172032,4096.000000,292687.634679,294890.776744,299297.060874
ambiguity,dominant_peer_ratio,0.85,9,oracle_a1,2932,539,30759.090532,17112.252216,31.748149,2207744,4096.000000,39315.216640,47871.342748,64983.594964
ambiguity,dominant_peer_ratio,0.85,9,oracle_a0.5,2932,860,19096.525042,35160.414391,40.884203,3522560,4096.000000,36676.732238,54256.939433,89417.353824
ambiguity,dominant_peer_ratio,0.85,9,oracle_a2,2932,397,37847.233337,12132.644790,30.560818,1626112,4096.000000,43913.555732,49979.878127,62112.522917
ambiguity,dominant_peer_ratio,0.85,10,static,3006,0,317962.420027,0.000000,,0,,317962.420027,317962.420027,317962.420027
ambiguity,dominant_peer_ratio,0.85,10,nearest,3006,5,258693.768545,428.686323,85.737265,20480,4096.000000,258908.111706,259122.454868,259551.141191
ambiguity,dominant_peer_ratio,0.85,10,naive_target_aware,3006,152,126838.377300,16039.932578,105.525872,622592,4096.000000,134858.343589,142878.309878,158918.242456
ambiguity,dominant_peer_ratio,0.85,10,engagement_g00_d0.0,3006,152,126838.377300,16039.932578,105.525872,622592,4096.000000,134858.343589,142878.309878,158918.242456
ambiguity,dominant_peer_ratio,0.85,10,engagement_g00_d0.25,3006,150,146699.727942,15889.375512,105.929170,614400,4096.000000,154644.415698,162589.103454,178478.478966
ambiguity,dominant_peer_ratio,0.85,10,engagement_g00_d0.5,3006,150,152101.354816,15889.375512,105.929170,614400,4096.000000,160046.042572,167990.730328,183880.105840
ambiguity,dominant_peer_ratio,0.85,10,engagement_g00_d1.0,3006,150,166921.314204,15889.375512,105.929170,614400,4096.000000,174866.001960,182810.689716,198700.065228
ambiguity,dominant_peer_ratio,0.85,10,engagement_g00_d2.0,3006,150,193829.714678,15889.375512,105.929170,614400,4096.000000,201774.402434,209719.090190,225608.465702
ambiguity,dominant_peer_ratio,0.85,10,engagement_g00_d5.0,3006,149,272127.942524,15733.056002,105.590980,610304,4096.000000,279994.470525,287860.998526,303594.054528
ambiguity,dominant_peer_ratio,0.85,10,engagement_g00_d10.0,3006,57,307698.678302,6069.028158,106.474178,233472,4096.000000,310733.192381,313767.706460,319836.734618
ambiguity,dominant_peer_ratio,0.85,10,engagement_g05_d0.0,3006,150,130690.934264,15889.375512,105.929170,614400,4096.000000,138635.622020,146580.309776,162469.685288
ambiguity,dominant_peer_ratio,0.85,10,engagement_g05_d0.25,3006,150,146858.768200,15889.375512,105.929170,614400,4096.000000,154803.455956,162748.143712,178637.519224
ambiguity,dominant_peer_ratio,0.85,10,engagement_g05_d0.5,3006,150,152260.395074,15889.375512,105.929170,614400,4096.000000,160205.082830,168149.770586,184039.146098
ambiguity,dominant_peer_ratio,0.85,10,engagement_g05_d1.0,3006,150,166966.008662,15889.375512,105.929170,614400,4096.000000,174910.696418,182855.384174,198744.759686
ambiguity,dominant_peer_ratio,0.85,10,engagement_g05_d2.0,3006,150,193829.714678,15889.375512,105.929170,614400,4096.000000,201774.402434,209719.090190,225608.465702
ambiguity,dominant_peer_ratio,0.85,10,engagement_g05_d5.0,3006,149,272127.942524,15733.056002,105.590980,610304,4096.000000,279994.470525,287860.998526,303594.054528
ambiguity,dominant_peer_ratio,0.85,10,engagement_g05_d10.0,3006,51,317022.297574,5536.723378,108.563203,208896,4096.000000,319790.659263,322559.020952,328095.744330
ambiguity,dominant_peer_ratio,0.85,10,oracle_a1,3006,545,30926.839357,18757.791654,34.417966,2232320,4096.000000,40305.735184,49684.631011,68442.422665
ambiguity,dominant_peer_ratio,0.85,10,oracle_a0.5,3006,843,20526.063003,35744.760646,42.401851,3452928,4096.000000,38398.443326,56270.823649,92015.584295
ambiguity,dominant_peer_ratio,0.85,10,oracle_a2,3006,366,40729.437324,11977.453162,32.725282,1499136,4096.000000,46718.163905,52706.890486,64684.343648
ambiguity,dominant_peer_ratio,0.85,11,static,3002,0,309483.646967,0.000000,,0,,309483.646967,309483.646967,309483.646967
ambiguity,dominant_peer_ratio,0.85,11,nearest,3002,39,305341.794010,5006.591899,128.374151,159744,4096.000000,307845.089960,310348.385909,315354.977808
ambiguity,dominant_peer_ratio,0.85,11,naive_target_aware,3002,151,134347.993627,17132.659947,113.461324,618496,4096.000000,142914.323600,151480.653574,168613.313521
ambiguity,dominant_peer_ratio,0.85,11,engagement_g00_d0.0,3002,151,134347.993627,17132.659947,113.461324,618496,4096.000000,142914.323600,151480.653574,168613.313521
ambiguity,dominant_peer_ratio,0.85,11,engagement_g00_d0.25,3002,151,154584.397696,17132.659947,113.461324,618496,4096.000000,163150.727669,171717.057643,188849.717590
ambiguity,dominant_peer_ratio,0.85,11,engagement_g00_d0.5,3002,151,160928.560123,17132.659947,113.461324,618496,4096.000000,169494.890097,178061.220070,195193.880017
ambiguity,dominant_peer_ratio,0.85,11,engagement_g00_d1.0,3002,151,174523.077867,17132.659947,113.461324,618496,4096.000000,183089.407841,191655.737814,208788.397761
ambiguity,dominant_peer_ratio,0.85,11,engagement_g00_d2.0,3002,150,203075.247667,17074.265960,113.828440,614400,4096.000000,211612.380647,220149.513627,237223.779587
ambiguity,dominant_peer_ratio,0.85,11,engagement_g00_d5.0,3002,149,286507.952857,17067.564799,114.547415,610304,4096.000000,295041.735256,303575.517656,320643.082455
ambiguity,dominant_peer_ratio,0.85,11,engagement_g00_d10.0,3002,56,304699.631470,5304.868973,94.729803,229376,4096.000000,307352.065956,310004.500443,315309.369416
ambiguity,dominant_peer_ratio,0.85,11,engagement_g05_d0.0,3002,151,137714.804209,17132.659947,113.461324,618496,4096.000000,146281.134182,154847.464156,171980.124103
ambiguity,dominant_peer_ratio,0.85,11,engagement_g05_d0.25,3002,151,155043.335756,17132.659947,113.461324,618496,4096.000000,163609.665729,172175.995703,189308.655650
ambiguity,dominant_peer_ratio,0.85,11,engagement_g05_d0.5,3002,150,161494.251245,17074.265960,113.828440,614400,4096.000000,170031.384225,178568.517205,195642.783165
ambiguity,dominant_peer_ratio,0.85,11,engagement_g05_d1.0,3002,150,174738.411965,17074.265960,113.828440,614400,4096.000000,183275.544945,191812.677925,208886.943885
ambiguity,dominant_peer_ratio,0.85,11,engagement_g05_d2.0,3002,150,203075.247667,17074.265960,113.828440,614400,4096.000000,211612.380647,220149.513627,237223.779587
ambiguity,dominant_peer_ratio,0.85,11,engagement_g05_d5.0,3002,149,286507.952857,17067.564799,114.547415,610304,4096.000000,295041.735256,303575.517656,320643.082455
ambiguity,dominant_peer_ratio,0.85,11,engagement_g05_d10.0,3002,46,302841.638890,4060.206256,88.265353,188416,4096.000000,304871.742018,306901.845146,310962.051402
ambiguity,dominant_peer_ratio,0.85,11,oracle_a1,3002,634,30578.037225,17868.023346,28.183002,2596864,4096.000000,39512.048898,48446.060571,66314.083917
ambiguity,dominant_peer_ratio,0.85,11,oracle_a0.5,3002,901,20865.417538,33565.608277,37.253727,3690496,4096.000000,37648.221677,54431.025815,87996.634092
ambiguity,dominant_peer_ratio,0.85,11,oracle_a2,3002,428,39793.354092,11368.917728,26.562892,1753088,4096.000000,45477.812956,51162.271820,62531.189548
ambiguity,dominant_peer_ratio,0.85,12,static,3026,0,299198.232478,0.000000,,0,,299198.232478,299198.232478,299198.232478
ambiguity,dominant_peer_ratio,0.85,12,nearest,3026,5,342356.576433,705.318650,141.063730,20480,4096.000000,342709.235758,343061.895083,343767.213733
ambiguity,dominant_peer_ratio,0.85,12,naive_target_aware,3026,152,127986.881096,15896.234158,104.580488,622592,4096.000000,135934.998175,143883.115254,159779.349412
ambiguity,dominant_peer_ratio,0.85,12,engagement_g00_d0.0,3026,152,127986.881096,15896.234158,104.580488,622592,4096.000000,135934.998175,143883.115254,159779.349412
ambiguity,dominant_peer_ratio,0.85,12,engagement_g00_d0.25,3026,150,147955.479839,15749.119482,104.994130,614400,4096.000000,155830.039580,163704.599321,179453.718803
ambiguity,dominant_peer_ratio,0.85,12,engagement_g00_d0.5,3026,150,154899.495725,15749.119482,104.994130,614400,4096.000000,162774.055466,170648.615207,186397.734689
ambiguity,dominant_peer_ratio,0.85,12,engagement_g00_d1.0,3026,150,168496.999059,15749.119482,104.994130,614400,4096.000000,176371.558800,184246.118541,199995.238023
ambiguity,dominant_peer_ratio,0.85,12,engagement_g00_d2.0,3026,150,197778.081952,15749.119482,104.994130,614400,4096.000000,205652.641693,213527.201434,229276.320916
ambiguity,dominant_peer_ratio,0.85,12,engagement_g00_d5.0,3026,148,275758.892414,15689.562581,106.010558,606208,4096.000000,283603.673705,291448.454995,307138.017576
ambiguity,dominant_peer_ratio,0.85,12,engagement_g00_d10.0,3026,63,289207.452621,6075.627513,96.438532,258048,4096.000000,292245.266378,295283.080134,301358.707647
ambiguity,dominant_peer_ratio,0.85,12,engagement_g05_d0.0,3026,152,130428.941019,15896.234158,104.580488,622592,4096.000000,138377.058098,146325.175177,162221.409335
ambiguity,dominant_peer_ratio,0.85,12,engagement_g05_d0.25,3026,150,148271.160273,15749.119482,104.994130,614400,4096.000000,156145.720014,164020.279755,179769.399237
ambiguity,dominant_peer_ratio,0.85,12,engagement_g05_d0.5,3026,150,155234.963107,15749.119482,104.994130,614400,4096.000000,163109.522848,170984.082589,186733.202071
ambiguity,dominant_peer_ratio,0.85,12,engagement_g05_d1.0,3026,150,168663.428441,15749.119482,104.994130,614400,4096.000000,176537.988182,184412.547923,200161.667405
ambiguity,dominant_peer_ratio,0.85,12,engagement_g05_d2.0,3026,150,197778.081952,15749.119482,104.994130,614400,4096.000000,205652.641693,213527.201434,229276.320916
ambiguity,dominant_peer_ratio,0.85,12,engagement_g05_d5.0,3026,148,275786.900548,15689.562581,106.010558,606208,4096.000000,283631.681839,291476.463129,307166.025710
ambiguity,dominant_peer_ratio,0.85,12,engagement_g05_d10.0,3026,50,285645.612315,5288.834661,105.776693,204800,4096.000000,288290.029646,290934.446976,296223.281637
ambiguity,dominant_peer_ratio,0.85,12,oracle_a1,3026,679,28716.502785,17393.110910,25.615775,2781184,4096.000000,37413.058240,46109.613695,63502.724605
ambiguity,dominant_peer_ratio,0.85,12,oracle_a0.5,3026,894,20778.334780,29443.851600,32.934957,3661824,4096.000000,35500.260580,50222.186380,79666.037980
ambiguity,dominant_peer_ratio,0.85,12,oracle_a2,3026,477,37696.010864,11240.777758,23.565572,1953792,4096.000000,43316.399743,48936.788622,60177.566380
ambiguity,dominant_peer_ratio,0.85,13,static,3014,0,288433.450866,0.000000,,0,,288433.450866,288433.450866,288433.450866
ambiguity,dominant_peer_ratio,0.85,13,nearest,3014,23,310412.377644,3206.880352,139.429581,94208,4096.000000,312015.817820,313619.257996,316826.138348
ambiguity,dominant_peer_ratio,0.85,13,naive_target_aware,3014,153,119306.807537,14357.969821,93.842940,626688,4096.000000,126485.792447,133664.777358,148022.747179
ambiguity,dominant_peer_ratio,0.85,13,engagement_g00_d0.0,3014,153,119306.807537,14357.969821,93.842940,626688,4096.000000,126485.792447,133664.777358,148022.747179
ambiguity,dominant_peer_ratio,0.85,13,engagement_g00_d0.25,3014,150,136382.464558,14049.553750,93.663692,614400,4096.000000,143407.241433,150432.018308,164481.572058
ambiguity,dominant_peer_ratio,0.85,13,engagement_g00_d0.5,3014,150,141021.973215,14049.553750,93.663692,614400,4096.000000,148046.750090,155071.526965,169121.080715
ambiguity,dominant_peer_ratio,0.85,13,engagement_g00_d1.0,3014,150,153132.124560,14049.553750,93.663692,614400,4096.000000,160156.901435,167181.678310,181231.232060
ambiguity,dominant_peer_ratio,0.85,13,engagement_g00_d2.0,3014,150,179014.340141,14049.553750,93.663692,614400,4096.000000,186039.117016,193063.893891,207113.447641
ambiguity,dominant_peer_ratio,0.85,13,engagement_g00_d5.0,3014,148,245361.077945,13640.804402,92.167597,606208,4096.000000,252181.480146,259001.882347,272642.686749
ambiguity,dominant_peer_ratio,0.85,13,engagement_g00_d10.0,3014,57,283212.462496,5191.174171,91.073231,233472,4096.000000,285808.049581,288403.636667,293594.810838
ambiguity,dominant_peer_ratio,0.85,13,engagement_g05_d0.0,3014,153,122577.708905,14357.969821,93.842940,626688,4096.000000,129756.693815,136935.678726,151293.648547
ambiguity,dominant_peer_ratio,0.85,13,engagement_g05_d0.25,3014,150,137048.990246,14049.553750,93.663692,614400,4096.000000,144073.767121,151098.543996,165148.097746
ambiguity,dominant_peer_ratio,0.85,13,engagement_g05_d0.5,3014,150,141707.998135,14049.553750,93.663692,614400,4096.000000,148732.775010,155757.551885,169807.105635
ambiguity,dominant_peer_ratio,0.85,13,engagement_g05_d1.0,3014,150,153684.613199,14049.553750,93.663692,614400,4096.000000,160709.390074,167734.166949,181783.720699
ambiguity,dominant_peer_ratio,0.85,13,engagement_g05_d2.0,3014,150,179129.739734,14049.553750,93.663692,614400,4096.000000,186154.516609,193179.293484,207228.847234
ambiguity,dominant_peer_ratio,0.85,13,engagement_g05_d5.0,3014,148,245361.077945,13640.804402,92.167597,606208,4096.000000,252181.480146,259001.882347,272642.686749
ambiguity,dominant_peer_ratio,0.85,13,engagement_g05_d10.0,3014,43,293956.647358,4355.772082,101.297025,176128,4096.000000,296134.533399,298312.419440,302668.191522
ambiguity,dominant_peer_ratio,0.85,13,oracle_a1,3014,640,29269.450278,17552.960307,27.426500,2621440,4096.000000,38045.930431,46822.410585,64375.370892
ambiguity,dominant_peer_ratio,0.85,13,oracle_a0.5,3014,909,19612.784374,33033.245854,36.340204,3723264,4096.000000,36129.407301,52646.030228,85679.276082
ambiguity,dominant_peer_ratio,0.85,13,oracle_a2,3014,438,38614.080273,11008.710012,25.134041,1794048,4096.000000,44118.435279,49622.790285,60631.500297
ambiguity,dominant_peer_ratio,0.85,14,static,3050,0,315226.995847,0.000000,,0,,315226.995847,315226.995847,315226.995847
ambiguity,dominant_peer_ratio,0.85,14,nearest,3050,5,343856.541575,534.284486,106.856897,20480,4096.000000,344123.683818,344390.826061,344925.110547
ambiguity,dominant_peer_ratio,0.85,14,naive_target_aware,3050,151,127421.604090,15116.222724,100.107435,618496,4096.000000,134979.715452,142537.826814,157654.049538
ambiguity,dominant_peer_ratio,0.85,14,engagement_g00_d0.0,3050,151,127421.604090,15116.222724,100.107435,618496,4096.000000,134979.715452,142537.826814,157654.049538
ambiguity,dominant_peer_ratio,0.85,14,engagement_g00_d0.25,3050,150,146963.498060,15248.578246,101.657188,614400,4096.000000,154587.787183,162212.076306,177460.654552
ambiguity,dominant_peer_ratio,0.85,14,engagement_g00_d0.5,3050,150,152904.188762,15248.578246,101.657188,614400,4096.000000,160528.477885,168152.767008,183401.345254
ambiguity,dominant_peer_ratio,0.85,14,engagement_g00_d1.0,3050,150,163922.016047,15248.578246,101.657188,614400,4096.000000,171546.305170,179170.594293,194419.172539
ambiguity,dominant_peer_ratio,0.85,14,engagement_g00_d2.0,3050,150,187466.823264,15248.578246,101.657188,614400,4096.000000,195091.112387,202715.401510,217963.979756
ambiguity,dominant_peer_ratio,0.85,14,engagement_g00_d5.0,3050,150,263976.041263,15248.578246,101.657188,614400,4096.000000,271600.330386,279224.619509,294473.197755
ambiguity,dominant_peer_ratio,0.85,14,engagement_g00_d10.0,3050,59,348005.900193,7007.469790,118.770674,241664,4096.000000,351509.635088,355013.369983,362020.839773
ambiguity,dominant_peer_ratio,0.85,14,engagement_g05_d0.0,3050,151,130338.311291,15116.222724,100.107435,618496,4096.000000,137896.422653,145454.534015,160570.756739
ambiguity,dominant_peer_ratio,0.85,14,engagement_g05_d0.25,3050,150,147345.782352,15248.578246,101.657188,614400,4096.000000,154970.071475,162594.360598,177842.938844
ambiguity,dominant_peer_ratio,0.85,14,engagement_g05_d0.5,3050,150,153247.071066,15248.578246,101.657188,614400,4096.000000,160871.360189,168495.649312,183744.227558
ambiguity,dominant_peer_ratio,0.85,14,engagement_g05_d1.0,3050,150,164264.898351,15248.578246,101.657188,614400,4096.000000,171889.187474,179513.476597,194762.054843
ambiguity,dominant_peer_ratio,0.85,14,engagement_g05_d2.0,3050,150,187600.045227,15248.578246,101.657188,614400,4096.000000,195224.334350,202848.623473,218097.201719
ambiguity,dominant_peer_ratio,0.85,14,engagement_g05_d5.0,3050,149,263173.759849,14988.072892,100.591093,610304,4096.000000,270667.796295,278161.832741,293149.905633
ambiguity,dominant_peer_ratio,0.85,14,engagement_g05_d10.0,3050,48,339736.034036,5573.493314,116.114444,196608,4096.000000,342522.780693,345309.527350,350883.020664
ambiguity,dominant_peer_ratio,0.85,14,oracle_a1,3050,603,32785.235173,19540.165435,32.404918,2469888,4096.000000,42555.317890,52325.400608,71865.566043
ambiguity,dominant_peer_ratio,0.85,14,oracle_a0.5,3050,860,20460.913865,38385.686128,44.634519,3522560,4096.000000,39653.756929,58846.599993,97232.286121
ambiguity,dominant_peer_ratio,0.85,14,oracle_a2,3050,443,42780.447424,12163.493860,27.457097,1814528,4096.000000,48862.194354,54943.941284,67107.435144
ambiguity,dominant_peer_ratio,0.85,15,static,3022,0,305045.541609,0.000000,,0,,305045.541609,305045.541609,305045.541609
ambiguity,dominant_peer_ratio,0.85,15,nearest,3022,4,332576.798196,590.155156,147.538789,16384,4096.000000,332871.875774,333166.953352,333757.108508
ambiguity,dominant_peer_ratio,0.85,15,naive_target_aware,3022,150,127627.157136,15620.569498,104.137130,614400,4096.000000,135437.441885,143247.726634,158868.296132
ambiguity,dominant_peer_ratio,0.85,15,engagement_g00_d0.0,3022,150,127627.157136,15620.569498,104.137130,614400,4096.000000,135437.441885,143247.726634,158868.296132
ambiguity,dominant_peer_ratio,0.85,15,engagement_g00_d0.25,3022,150,145515.223264,15620.569498,104.137130,614400,4096.000000,153325.508013,161135.792762,176756.362260
ambiguity,dominant_peer_ratio,0.85,15,engagement_g00_d0.5,3022,150,151533.247077,15620.569498,104.137130,614400,4096.000000,159343.531826,167153.816575,182774.386073
ambiguity,dominant_peer_ratio,0.85,15,engagement_g00_d1.0,3022,150,162982.441851,15620.569498,104.137130,614400,4096.000000,170792.726600,178603.011349,194223.580847
ambiguity,dominant_peer_ratio,0.85,15,engagement_g00_d2.0,3022,150,190387.734957,15620.569498,104.137130,614400,4096.000000,198198.019706,206008.304455,221628.873953
ambiguity,dominant_peer_ratio,0.85,15,engagement_g00_d5.0,3022,150,268254.712090,15620.569498,104.137130,614400,4096.000000,276064.996839,283875.281588,299495.851086
ambiguity,dominant_peer_ratio,0.85,15,engagement_g00_d10.0,3022,55,360344.595648,6460.519730,117.463995,225280,4096.000000,363574.855513,366805.115378,373265.635108
ambiguity,dominant_peer_ratio,0.85,15,engagement_g05_d0.0,3022,150,132335.410717,15620.569498,104.137130,614400,4096.000000,140145.695466,147955.980215,163576.549713
ambiguity,dominant_peer_ratio,0.85,15,engagement_g05_d0.25,3022,150,146969.661335,15620.569498,104.137130,614400,4096.000000,154779.946084,162590.230833,178210.800331
ambiguity,dominant_peer_ratio,0.85,15,engagement_g05_d0.5,3022,150,152403.490572,15620.569498,104.137130,614400,4096.000000,160213.775321,168024.060070,183644.629568
ambiguity,dominant_peer_ratio,0.85,15,engagement_g05_d1.0,3022,150,163675.814825,15620.569498,104.137130,614400,4096.000000,171486.099574,179296.384323,194916.953821
ambiguity,dominant_peer_ratio,0.85,15,engagement_g05_d2.0,3022,150,190387.734957,15620.569498,104.137130,614400,4096.000000,198198.019706,206008.304455,221628.873953
ambiguity,dominant_peer_ratio,0.85,15,engagement_g05_d5.0,3022,148,270779.885326,15516.006035,104.837879,606208,4096.000000,278537.888343,286295.891361,301811.897396
ambiguity,dominant_peer_ratio,0.85,15,engagement_g05_d10.0,3022,46,356454.922997,5237.222309,113.852659,188416,4096.000000,359073.534152,361692.145306,366929.367615
ambiguity,dominant_peer_ratio,0.85,15,oracle_a1,3022,561,32630.123913,18123.014474,32.304839,2297856,4096.000000,41691.631150,50753.138387,68876.152861
ambiguity,dominant_peer_ratio,0.85,15,oracle_a0.5,3022,873,21297.539881,35685.522454,40.876887,3575808,4096.000000,39140.301108,56983.062335,92668.584789
ambiguity,dominant_peer_ratio,0.85,15,oracle_a2,3022,428,41152.617205,12015.464102,28.073514,1753088,4096.000000,47160.349256,53168.081307,65183.545409
ambiguity,dominant_peer_ratio,0.85,16,static,3097,0,278118.601246,0.000000,,0,,278118.601246,278118.601246,278118.601246
ambiguity,dominant_peer_ratio,0.85,16,nearest,3097,5,298588.991363,504.173724,100.834745,20480,4096.000000,298841.078225,299093.165087,299597.338811
ambiguity,dominant_peer_ratio,0.85,16,naive_target_aware,3097,149,118377.739449,14062.167306,94.376962,610304,4096.000000,125408.823102,132439.906755,146502.074061
ambiguity,dominant_peer_ratio,0.85,16,engagement_g00_d0.0,3097,149,118377.739449,14062.167306,94.376962,610304,4096.000000,125408.823102,132439.906755,146502.074061
ambiguity,dominant_peer_ratio,0.85,16,engagement_g00_d0.25,3097,149,137828.985291,14062.167306,94.376962,610304,4096.000000,144860.068944,151891.152597,165953.319903
ambiguity,dominant_peer_ratio,0.85,16,engagement_g00_d0.5,3097,148,143004.612599,14002.656542,94.612544,606208,4096.000000,150005.940870,157007.269141,171009.925683
ambiguity,dominant_peer_ratio,0.85,16,engagement_g00_d1.0,3097,148,155006.638500,14002.656542,94.612544,606208,4096.000000,162007.966771,169009.295042,183011.951584
ambiguity,dominant_peer_ratio,0.85,16,engagement_g00_d2.0,3097,148,180605.109456,14002.656542,94.612544,606208,4096.000000,187606.437727,194607.765998,208610.422540
ambiguity,dominant_peer_ratio,0.85,16,engagement_g00_d5.0,3097,148,251216.645221,14002.656542,94.612544,606208,4096.000000,258217.973492,265219.301763,279221.958305
ambiguity,dominant_peer_ratio,0.85,16,engagement_g00_d10.0,3097,53,290641.025158,5228.176291,98.644836,217088,4096.000000,293255.113303,295869.201449,301097.377740
ambiguity,dominant_peer_ratio,0.85,16,engagement_g05_d0.0,3097,149,121804.075537,14062.167306,94.376962,610304,4096.000000,128835.159190,135866.242843,149928.410149
ambiguity,dominant_peer_ratio,0.85,16,engagement_g05_d0.25,3097,149,138059.326054,14062.167306,94.376962,610304,4096.000000,145090.409707,152121.493360,166183.660666
ambiguity,dominant_peer_ratio,0.85,16,engagement_g05_d0.5,3097,148,143234.953362,14002.656542,94.612544,606208,4096.000000,150236.281633,157237.609904,171240.266446
ambiguity,dominant_peer_ratio,0.85,16,engagement_g05_d1.0,3097,148,155006.638500,14002.656542,94.612544,606208,4096.000000,162007.966771,169009.295042,183011.951584
ambiguity,dominant_peer_ratio,0.85,16,engagement_g05_d2.0,3097,148,180605.109456,14002.656542,94.612544,606208,4096.000000,187606.437727,194607.765998,208610.422540
ambiguity,dominant_peer_ratio,0.85,16,engagement_g05_d5.0,3097,147,250120.702070,13893.329543,94.512446,602112,4096.000000,257067.366841,264014.031613,277907.361156
ambiguity,dominant_peer_ratio,0.85,16,engagement_g05_d10.0,3097,48,288604.254190,4467.264805,93.068017,196608,4096.000000,290837.886592,293071.518995,297538.783800
ambiguity,dominant_peer_ratio,0.85,16,oracle_a1,3097,617,28410.588789,16457.347841,26.673173,2527232,4096.000000,36639.262709,44867.936630,61325.284471
ambiguity,dominant_peer_ratio,0.85,16,oracle_a0.5,3097,883,18988.537595,31532.296136,35.710415,3616768,4096.000000,34754.685663,50520.833731,82053.129867
ambiguity,dominant_peer_ratio,0.85,16,oracle_a2,3097,419,37063.684586,10285.074812,24.546718,1716224,4096.000000,42206.221992,47348.759398,57633.834210
ambiguity,dominant_peer_ratio,0.85,17,static,2945,0,336715.411836,0.000000,,0,,336715.411836,336715.411836,336715.411836
ambiguity,dominant_peer_ratio,0.85,17,nearest,2945,4,266451.311399,392.637675,98.159419,16384,4096.000000,266647.630237,266843.949074,267236.586749
ambiguity,dominant_peer_ratio,0.85,17,naive_target_aware,2945,154,131721.647214,17828.891077,115.772020,630784,4096.000000,140636.092752,149550.538291,167379.429368
ambiguity,dominant_peer_ratio,0.85,17,engagement_g00_d0.0,2945,154,131721.647214,17828.891077,115.772020,630784,4096.000000,140636.092752,149550.538291,167379.429368
ambiguity,dominant_peer_ratio,0.85,17,engagement_g00_d0.25,2945,151,154097.940399,17650.348849,116.889727,618496,4096.000000,162923.114824,171748.289248,189398.638097
ambiguity,dominant_peer_ratio,0.85,17,engagement_g00_d0.5,2945,150,160752.896826,17423.874319,116.159162,614400,4096.000000,169464.833986,178176.771145,195600.645464
ambiguity,dominant_peer_ratio,0.85,17,engagement_g00_d1.0,2945,150,171235.699944,17423.874319,116.159162,614400,4096.000000,179947.637104,188659.574263,206083.448582
ambiguity,dominant_peer_ratio,0.85,17,engagement_g00_d2.0,2945,150,201087.717422,17423.874319,116.159162,614400,4096.000000,209799.654582,218511.591741,235935.466060
ambiguity,dominant_peer_ratio,0.85,17,engagement_g00_d5.0,2945,149,283646.032039,17321.042556,116.248608,610304,4096.000000,292306.553317,300967.074595,318288.117151
ambiguity,dominant_peer_ratio,0.85,17,engagement_g00_d10.0,2945,49,285313.678140,4662.613692,95.155381,200704,4096.000000,287644.984986,289976.291832,294638.905524
ambiguity,dominant_peer_ratio,0.85,17,engagement_g05_d0.0,2945,152,135457.833244,17692.740993,116.399612,622592,4096.000000,144304.203741,153150.574237,170843.315230
ambiguity,dominant_peer_ratio,0.85,17,engagement_g05_d0.25,2945,151,154863.877107,17650.348849,116.889727,618496,4096.000000,163689.051532,172514.225956,190164.574805
ambiguity,dominant_peer_ratio,0.85,17,engagement_g05_d0.5,2945,150,161336.359345,17423.874319,116.159162,614400,4096.000000,170048.296505,178760.233664,196184.107983
ambiguity,dominant_peer_ratio,0.85,17,engagement_g05_d1.0,2945,150,171842.301678,17423.874319,116.159162,614400,4096.000000,180554.238838,189266.175997,206690.050316
ambiguity,dominant_peer_ratio,0.85,17,engagement_g05_d2.0,2945,150,201087.717422,17423.874319,116.159162,614400,4096.000000,209799.654582,218511.591741,235935.466060
ambiguity,dominant_peer_ratio,0.85,17,engagement_g05_d5.0,2945,149,283646.032039,17321.042556,116.248608,610304,4096.000000,292306.553317,300967.074595,318288.117151
ambiguity,dominant_peer_ratio,0.85,17,engagement_g05_d10.0,2945,43,278331.797944,4123.089683,95.885807,176128,4096.000000,280393.342785,282454.887627,286577.977310
ambiguity,dominant_peer_ratio,0.85,17,oracle_a1,2945,641,28221.697229,18460.485047,28.799509,2625536,4096.000000,37451.939753,46682.182276,65142.667323
ambiguity,dominant_peer_ratio,0.85,17,oracle_a0.5,2945,864,19645.062069,32066.363498,37.113847,3538944,4096.000000,35678.243818,51711.425567,83777.789065
ambiguity,dominant_peer_ratio,0.85,17,oracle_a2,2945,451,36601.689297,12058.608085,26.737490,1847296,4096.000000,42630.993340,48660.297382,60718.905467
ambiguity,dominant_peer_ratio,0.85,18,static,3040,0,308474.183136,0.000000,,0,,308474.183136,308474.183136,308474.183136
ambiguity,dominant_peer_ratio,0.85,18,nearest,3040,40,308367.341103,6346.862802,158.671570,163840,4096.000000,311540.772504,314714.203905,321061.066707
ambiguity,dominant_peer_ratio,0.85,18,naive_target_aware,3040,150,132617.284592,17131.090577,114.207271,614400,4096.000000,141182.829880,149748.375169,166879.465746
ambiguity,dominant_peer_ratio,0.85,18,engagement_g00_d0.0,3040,150,132617.284592,17131.090577,114.207271,614400,4096.000000,141182.829880,149748.375169,166879.465746
ambiguity,dominant_peer_ratio,0.85,18,engagement_g00_d0.25,3040,149,154459.321851,16968.534775,113.882784,610304,4096.000000,162943.589239,171427.856626,188396.391401
ambiguity,dominant_peer_ratio,0.85,18,engagement_g00_d0.5,3040,149,162505.210517,16968.534775,113.882784,610304,4096.000000,170989.477905,179473.745292,196442.280067
ambiguity,dominant_peer_ratio,0.85,18,engagement_g00_d1.0,3040,149,176679.706590,16968.534775,113.882784,610304,4096.000000,185163.973977,193648.241365,210616.776140
ambiguity,dominant_peer_ratio,0.85,18,engagement_g00_d2.0,3040,149,208474.804812,16968.534775,113.882784,610304,4096.000000,216959.072200,225443.339587,242411.874362
ambiguity,dominant_peer_ratio,0.85,18,engagement_g00_d5.0,3040,145,288529.698625,16578.666936,114.335634,593920,4096.000000,296819.032093,305108.365561,321687.032497
ambiguity,dominant_peer_ratio,0.85,18,engagement_g00_d10.0,3040,56,336537.726084,6436.646697,114.940120,229376,4096.000000,339756.049432,342974.372781,349411.019478
ambiguity,dominant_peer_ratio,0.85,18,engagement_g05_d0.0,3040,150,135995.724506,17131.090577,114.207271,614400,4096.000000,144561.269794,153126.815083,170257.905660
ambiguity,dominant_peer_ratio,0.85,18,engagement_g05_d0.25,3040,149,155157.272151,16968.534775,113.882784,610304,4096.000000,163641.539539,172125.806926,189094.341701
ambiguity,dominant_peer_ratio,0.85,18,engagement_g05_d0.5,3040,149,163106.838871,16968.534775,113.882784,610304,4096.000000,171591.106259,180075.373646,197043.908421
ambiguity,dominant_peer_ratio,0.85,18,engagement_g05_d1.0,3040,149,176732.907937,16968.534775,113.882784,610304,4096.000000,185217.175324,193701.442712,210669.977487
ambiguity,dominant_peer_ratio,0.85,18,engagement_g05_d2.0,3040,149,208528.006159,16968.534775,113.882784,610304,4096.000000,217012.273547,225496.540934,242465.075709
ambiguity,dominant_peer_ratio,0.85,18,engagement_g05_d5.0,3040,145,288529.698625,16578.666936,114.335634,593920,4096.000000,296819.032093,305108.365561,321687.032497
ambiguity,dominant_peer_ratio,0.85,18,engagement_g05_d10.0,3040,47,335961.387427,5210.277798,110.856974,192512,4096.000000,338566.526326,341171.665225,346381.943023
ambiguity,dominant_peer_ratio,0.85,18,oracle_a1,3040,642,27754.983176,16746.605219,26.085055,2629632,4096.000000,36128.285785,44501.588395,61248.193614
ambiguity,dominant_peer_ratio,0.85,18,oracle_a0.5,3040,902,19640.935500,29687.043650,32.912465,3694592,4096.000000,34484.457325,49327.979150,79015.022800
ambiguity,dominant_peer_ratio,0.85,18,oracle_a2,3040,487,35162.795511,11374.248610,23.355747,1994752,4096.000000,40849.919816,46537.044121,57911.292731
ambiguity,dominant_peer_ratio,0.85,19,static,2979,0,322124.894161,0.000000,,0,,322124.894161,322124.894161,322124.894161
ambiguity,dominant_peer_ratio,0.85,19,nearest,2979,16,307580.264552,686.408051,42.900503,65536,4096.000000,307923.468577,308266.672603,308953.080654
ambiguity,dominant_peer_ratio,0.85,19,naive_target_aware,2979,150,145277.138459,19266.221207,128.441475,614400,4096.000000,154910.249062,164543.359666,183809.580873
ambiguity,dominant_peer_ratio,0.85,19,engagement_g00_d0.0,2979,150,145277.138459,19266.221207,128.441475,614400,4096.000000,154910.249062,164543.359666,183809.580873
ambiguity,dominant_peer_ratio,0.85,19,engagement_g00_d0.25,2979,149,169461.294499,19209.470699,128.922622,610304,4096.000000,179066.029848,188670.765198,207880.235897
ambiguity,dominant_peer_ratio,0.85,19,engagement_g00_d0.5,2979,149,177574.916521,19209.470699,128.922622,610304,4096.000000,187179.651870,196784.387220,215993.857919
ambiguity,dominant_peer_ratio,0.85,19,engagement_g00_d1.0,2979,149,192705.646882,19209.470699,128.922622,610304,4096.000000,202310.382231,211915.117581,231124.588280
ambiguity,dominant_peer_ratio,0.85,19,engagement_g00_d2.0,2979,149,226611.907738,19209.470699,128.922622,610304,4096.000000,236216.643087,245821.378437,265030.849136
ambiguity,dominant_peer_ratio,0.85,19,engagement_g00_d5.0,2979,148,318617.460629,19243.916315,130.026462,606208,4096.000000,328239.418786,337861.376944,357105.293259
ambiguity,dominant_peer_ratio,0.85,19,engagement_g00_d10.0,2979,61,327922.745101,6268.424100,102.761051,249856,4096.000000,331056.957151,334191.169201,340459.593301
ambiguity,dominant_peer_ratio,0.85,19,engagement_g05_d0.0,2979,150,149675.133541,19266.221207,128.441475,614400,4096.000000,159308.244144,168941.354748,188207.575955
ambiguity,dominant_peer_ratio,0.85,19,engagement_g05_d0.25,2979,149,170034.251316,19209.470699,128.922622,610304,4096.000000,179638.986665,189243.722015,208453.192714
ambiguity,dominant_peer_ratio,0.85,19,engagement_g05_d0.5,2979,149,178057.884794,19209.470699,128.922622,610304,4096.000000,187662.620143,197267.355493,216476.826192
ambiguity,dominant_peer_ratio,0.85,19,engagement_g05_d1.0,2979,149,193083.667880,19209.470699,128.922622,610304,4096.000000,202688.403229,212293.138579,231502.609278
ambiguity,dominant_peer_ratio,0.85,19,engagement_g05_d2.0,2979,149,226701.896282,19209.470699,128.922622,610304,4096.000000,236306.631631,245911.366981,265120.837680
ambiguity,dominant_peer_ratio,0.85,19,engagement_g05_d5.0,2979,148,318617.460629,19243.916315,130.026462,606208,4096.000000,328239.418786,337861.376944,357105.293259
ambiguity,dominant_peer_ratio,0.85,19,engagement_g05_d10.0,2979,51,305208.656438,5023.452881,98.499076,208896,4096.000000,307720.382878,310232.109319,315255.562200
ambiguity,dominant_peer_ratio,0.85,19,oracle_a1,2979,724,27341.853184,18782.322444,25.942434,2965504,4096.000000,36733.014406,46124.175628,64906.498072
ambiguity,dominant_peer_ratio,0.85,19,oracle_a0.5,2979,920,19984.430126,30549.642203,33.206133,3768320,4096.000000,35259.251227,50534.072329,81083.714532
ambiguity,dominant_peer_ratio,0.85,19,oracle_a2,2979,532,35931.812574,12578.976334,23.644692,2179072,4096.000000,42221.300741,48510.788908,61089.765242
ambiguity,dominant_peer_ratio,0.85,20,static,3045,0,322069.397915,0.000000,,0,,322069.397915,322069.397915,322069.397915
ambiguity,dominant_peer_ratio,0.85,20,nearest,3045,33,311631.988480,2949.911125,89.391246,135168,4096.000000,313106.944042,314581.899605,317531.810730
ambiguity,dominant_peer_ratio,0.85,20,naive_target_aware,3045,154,130916.950691,16599.196536,107.786990,630784,4096.000000,139216.548959,147516.147227,164115.343763
ambiguity,dominant_peer_ratio,0.85,20,engagement_g00_d0.0,3045,154,130916.950691,16599.196536,107.786990,630784,4096.000000,139216.548959,147516.147227,164115.343763
ambiguity,dominant_peer_ratio,0.85,20,engagement_g00_d0.25,3045,150,151258.002991,15844.393118,105.629287,614400,4096.000000,159180.199550,167102.396109,182946.789227
ambiguity,dominant_peer_ratio,0.85,20,engagement_g00_d0.5,3045,150,157567.330342,15844.393118,105.629287,614400,4096.000000,165489.526901,173411.723460,189256.116578
ambiguity,dominant_peer_ratio,0.85,20,engagement_g00_d1.0,3045,150,171521.991155,15844.393118,105.629287,614400,4096.000000,179444.187714,187366.384273,203210.777391
ambiguity,dominant_peer_ratio,0.85,20,engagement_g00_d2.0,3045,150,202206.895076,15844.393118,105.629287,614400,4096.000000,210129.091635,218051.288194,233895.681312
ambiguity,dominant_peer_ratio,0.85,20,engagement_g00_d5.0,3045,149,278176.695691,15796.214411,106.014862,610304,4096.000000,286074.802897,293972.910102,309769.124513
ambiguity,dominant_peer_ratio,0.85,20,engagement_g00_d10.0,3045,49,331427.771486,5154.218025,105.188123,200704,4096.000000,334004.880499,336581.989511,341736.207536
ambiguity,dominant_peer_ratio,0.85,20,engagement_g05_d0.0,3045,152,134324.857814,16225.611452,106.747444,622592,4096.000000,142437.663540,150550.469266,166776.080718
ambiguity,dominant_peer_ratio,0.85,20,engagement_g05_d0.25,3045,150,151819.127650,15844.393118,105.629287,614400,4096.000000,159741.324209,167663.520768,183507.913886
ambiguity,dominant_peer_ratio,0.85,20,engagement_g05_d0.5,3045,150,157980.453773,15844.393118,105.629287,614400,4096.000000,165902.650332,173824.846891,189669.240009
ambiguity,dominant_peer_ratio,0.85,20,engagement_g05_d1.0,3045,150,171603.021993,15844.393118,105.629287,614400,4096.000000,179525.218552,187447.415111,203291.808229
ambiguity,dominant_peer_ratio,0.85,20,engagement_g05_d2.0,3045,150,202343.976653,15844.393118,105.629287,614400,4096.000000,210266.173212,218188.369771,234032.762889
ambiguity,dominant_peer_ratio,0.85,20,engagement_g05_d5.0,3045,148,278745.369785,15747.297329,106.400658,606208,4096.000000,286619.018450,294492.667114,310239.964443
ambiguity,dominant_peer_ratio,0.85,20,engagement_g05_d10.0,3045,42,325073.646977,4095.480647,97.511444,172032,4096.000000,327121.387301,329169.127624,333264.608271
ambiguity,dominant_peer_ratio,0.85,20,oracle_a1,3045,601,32357.728617,20110.644243,33.461970,2461696,4096.000000,42413.050739,52468.372860,72579.017103
ambiguity,dominant_peer_ratio,0.85,20,oracle_a0.5,3045,889,20828.597171,37927.149075,42.662710,3641344,4096.000000,39792.171709,58755.746246,96682.895321
ambiguity,dominant_peer_ratio,0.85,20,oracle_a2,3045,414,41781.776495,13203.733541,31.893076,1695744,4096.000000,48383.643265,54985.510036,68189.243577
ambiguity,dominant_peer_ratio,0.85,21,static,3058,0,337742.927446,0.000000,,0,,337742.927446,337742.927446,337742.927446
ambiguity,dominant_peer_ratio,0.85,21,nearest,3058,22,298733.365953,1493.935382,67.906154,90112,4096.000000,299480.333644,300227.301335,301721.236717
ambiguity,dominant_peer_ratio,0.85,21,naive_target_aware,3058,149,139472.248596,18019.351717,120.935246,610304,4096.000000,148481.924454,157491.600313,175510.952030
ambiguity,dominant_peer_ratio,0.85,21,engagement_g00_d0.0,3058,149,139472.248596,18019.351717,120.935246,610304,4096.000000,148481.924454,157491.600313,175510.952030
ambiguity,dominant_peer_ratio,0.85,21,engagement_g00_d0.25,3058,149,161137.687678,18019.351717,120.935246,610304,4096.000000,170147.363536,179157.039395,197176.391112
ambiguity,dominant_peer_ratio,0.85,21,engagement_g00_d0.5,3058,149,169295.298525,18019.351717,120.935246,610304,4096.000000,178304.974383,187314.650242,205334.001959
ambiguity,dominant_peer_ratio,0.85,21,engagement_g00_d1.0,3058,149,185433.442279,18019.351717,120.935246,610304,4096.000000,194443.118137,203452.793996,221472.145713
ambiguity,dominant_peer_ratio,0.85,21,engagement_g00_d2.0,3058,149,215082.908776,18019.351717,120.935246,610304,4096.000000,224092.584635,233102.260493,251121.612210
ambiguity,dominant_peer_ratio,0.85,21,engagement_g00_d5.0,3058,148,309324.433040,17886.308445,120.853435,606208,4096.000000,318267.587263,327210.741485,345097.049930
ambiguity,dominant_peer_ratio,0.85,21,engagement_g00_d10.0,3058,58,345136.298417,5862.785422,101.082507,237568,4096.000000,348067.691128,350999.083839,356861.869261
ambiguity,dominant_peer_ratio,0.85,21,engagement_g05_d0.0,3058,149,142767.663886,18019.351717,120.935246,610304,4096.000000,151777.339744,160787.015603,178806.367320
ambiguity,dominant_peer_ratio,0.85,21,engagement_g05_d0.25,3058,149,161427.080356,18019.351717,120.935246,610304,4096.000000,170436.756214,179446.432073,197465.783790
ambiguity,dominant_peer_ratio,0.85,21,engagement_g05_d0.5,3058,149,169389.621160,18019.351717,120.935246,610304,4096.000000,178399.297018,187408.972877,205428.324594
ambiguity,dominant_peer_ratio,0.85,21,engagement_g05_d1.0,3058,149,185433.442279,18019.351717,120.935246,610304,4096.000000,194443.118137,203452.793996,221472.145713
ambiguity,dominant_peer_ratio,0.85,21,engagement_g05_d2.0,3058,149,215082.908776,18019.351717,120.935246,610304,4096.000000,224092.584635,233102.260493,251121.612210
ambiguity,dominant_peer_ratio,0.85,21,engagement_g05_d5.0,3058,147,308028.356169,17683.648068,120.296926,602112,4096.000000,316870.180203,325712.004237,343395.652305
ambiguity,dominant_peer_ratio,0.85,21,engagement_g05_d10.0,3058,51,336995.238386,4870.877472,95.507401,208896,4096.000000,339430.677122,341866.115858,346736.993330
ambiguity,dominant_peer_ratio,0.85,21,oracle_a1,3058,633,28926.976400,19413.325195,30.668760,2592768,4096.000000,38633.638997,48340.301595,67753.626790
ambiguity,dominant_peer_ratio,0.85,21,oracle_a0.5,3058,833,20622.049536,32249.086172,38.714389,3411968,4096.000000,36746.592622,52871.135708,85120.221880
ambiguity,dominant_peer_ratio,0.85,21,oracle_a2,3058,453,38875.809754,12312.759602,27.180485,1855488,4096.000000,45032.189555,51188.569356,63501.328958
ambiguity,dominant_peer_ratio,0.85,22,static,3009,0,298020.799009,0.000000,,0,,298020.799009,298020.799009,298020.799009
ambiguity,dominant_peer_ratio,0.85,22,nearest,3009,6,292615.637256,591.783727,98.630621,24576,4096.000000,292911.529120,293207.420983,293799.204710
ambiguity,dominant_peer_ratio,0.85,22,naive_target_aware,3009,152,127219.905165,16336.243867,107.475289,622592,4096.000000,135388.027098,143556.149032,159892.392899
ambiguity,dominant_peer_ratio,0.85,22,engagement_g00_d0.0,3009,152,127219.905165,16336.243867,107.475289,622592,4096.000000,135388.027098,143556.149032,159892.392899
ambiguity,dominant_peer_ratio,0.85,22,engagement_g00_d0.25,3009,150,148328.822955,16117.133211,107.447555,614400,4096.000000,156387.389560,164445.956166,180563.089377
ambiguity,dominant_peer_ratio,0.85,22,engagement_g00_d0.5,3009,150,156092.942880,16117.133211,107.447555,614400,4096.000000,164151.509486,172210.076091,188327.209302
ambiguity,dominant_peer_ratio,0.85,22,engagement_g00_d1.0,3009,150,170338.108156,16117.133211,107.447555,614400,4096.000000,178396.674761,186455.241367,202572.374578
ambiguity,dominant_peer_ratio,0.85,22,engagement_g00_d2.0,3009,150,199353.216497,16117.133211,107.447555,614400,4096.000000,207411.783102,215470.349708,231587.482919
ambiguity,dominant_peer_ratio,0.85,22,engagement_g00_d5.0,3009,148,275301.163273,15896.591286,107.409401,606208,4096.000000,283249.458916,291197.754559,307094.345845
ambiguity,dominant_peer_ratio,0.85,22,engagement_g00_d10.0,3009,62,307289.323271,6074.829770,97.981125,253952,4096.000000,310326.738156,313364.153041,319438.982811
ambiguity,dominant_peer_ratio,0.85,22,engagement_g05_d0.0,3009,150,130524.173778,16117.133211,107.447555,614400,4096.000000,138582.740383,146641.306989,162758.440200
ambiguity,dominant_peer_ratio,0.85,22,engagement_g05_d0.25,3009,150,149050.843710,16117.133211,107.447555,614400,4096.000000,157109.410316,165167.976921,181285.110132
ambiguity,dominant_peer_ratio,0.85,22,engagement_g05_d0.5,3009,150,156650.386076,16117.133211,107.447555,614400,4096.000000,164708.952682,172767.519287,188884.652498
ambiguity,dominant_peer_ratio,0.85,22,engagement_g05_d1.0,3009,150,170757.548649,16117.133211,107.447555,614400,4096.000000,178816.115254,186874.681860,202991.815071
ambiguity,dominant_peer_ratio,0.85,22,engagement_g05_d2.0,3009,150,199522.515853,16117.133211,107.447555,614400,4096.000000,207581.082458,215639.649064,231756.782275
ambiguity,dominant_peer_ratio,0.85,22,engagement_g05_d5.0,3009,148,275301.163273,15896.591286,107.409401,606208,4096.000000,283249.458916,291197.754559,307094.345845
ambiguity,dominant_peer_ratio,0.85,22,engagement_g05_d10.0,3009,53,322365.576063,5817.513788,109.764411,217088,4096.000000,325274.332957,328183.089851,334000.603639
ambiguity,dominant_peer_ratio,0.85,22,oracle_a1,3009,629,28058.382326,16505.152942,26.240307,2576384,4096.000000,36310.958797,44563.535268,61068.688210
ambiguity,dominant_peer_ratio,0.85,22,oracle_a0.5,3009,845,20027.384126,28963.099712,34.275858,3461120,4096.000000,34508.933982,48990.483838,77953.583550
ambiguity,dominant_peer_ratio,0.85,22,oracle_a2,3009,473,35938.889730,10986.690905,23.227676,1937408,4096.000000,41432.235182,46925.580635,57912.271540
ambiguity,dominant_peer_ratio,0.85,23,static,3060,0,312275.563763,0.000000,,0,,312275.563763,312275.563763,312275.563763
ambiguity,dominant_peer_ratio,0.85,23,nearest,3060,5,283822.989613,496.613844,99.322769,20480,4096.000000,284071.296535,284319.603457,284816.217301
ambiguity,dominant_peer_ratio,0.85,23,naive_target_aware,3060,151,126850.291677,15313.528062,101.414093,618496,4096.000000,134507.055708,142163.819739,157477.347801
ambiguity,dominant_peer_ratio,0.85,23,engagement_g00_d0.0,3060,151,126850.291677,15313.528062,101.414093,618496,4096.000000,134507.055708,142163.819739,157477.347801
ambiguity,dominant_peer_ratio,0.85,23,engagement_g00_d0.25,3060,150,145659.423724,15317.775993,102.118507,614400,4096.000000,153318.311721,160977.199717,176294.975710
ambiguity,dominant_peer_ratio,0.85,23,engagement_g00_d0.5,3060,150,153049.390439,15317.775993,102.118507,614400,4096.000000,160708.278436,168367.166432,183684.942425
ambiguity,dominant_peer_ratio,0.85,23,engagement_g00_d1.0,3060,150,165716.851394,15317.775993,102.118507,614400,4096.000000,173375.739390,181034.627387,196352.403380
ambiguity,dominant_peer_ratio,0.85,23,engagement_g00_d2.0,3060,150,191709.221248,15317.775993,102.118507,614400,4096.000000,199368.109245,207026.997241,222344.773234
ambiguity,dominant_peer_ratio,0.85,23,engagement_g00_d5.0,3060,148,265723.748164,15038.174001,101.609284,606208,4096.000000,273242.835164,280761.922165,295800.096166
ambiguity,dominant_peer_ratio,0.85,23,engagement_g00_d10.0,3060,45,330014.902292,4910.788044,109.128623,184320,4096.000000,332470.296314,334925.690336,339836.478380
ambiguity,dominant_peer_ratio,0.85,23,engagement_g05_d0.0,3060,150,131946.231737,15317.775993,102.118507,614400,4096.000000,139605.119734,147264.007730,162581.783723
ambiguity,dominant_peer_ratio,0.85,23,engagement_g05_d0.25,3060,150,146376.304411,15317.775993,102.118507,614400,4096.000000,154035.192408,161694.080404,177011.856397
ambiguity,dominant_peer_ratio,0.85,23,engagement_g05_d0.5,3060,150,153883.369146,15317.775993,102.118507,614400,4096.000000,161542.257143,169201.145139,184518.921132
ambiguity,dominant_peer_ratio,0.85,23,engagement_g05_d1.0,3060,150,166194.869807,15317.775993,102.118507,614400,4096.000000,173853.757803,181512.645800,196830.421793
ambiguity,dominant_peer_ratio,0.85,23,engagement_g05_d2.0,3060,150,191837.688180,15317.775993,102.118507,614400,4096.000000,199496.576177,207155.464173,222473.240166
ambiguity,dominant_peer_ratio,0.85,23,engagement_g05_d5.0,3060,148,265723.748164,15038.174001,101.609284,606208,4096.000000,273242.835164,280761.922165,295800.096166
ambiguity,dominant_peer_ratio,0.85,23,engagement_g05_d10.0,3060,40,322059.670017,4093.979477,102.349487,163840,4096.000000,324106.659755,326153.649494,330247.628971
ambiguity,dominant_peer_ratio,0.85,23,oracle_a1,3060,636,30827.386656,19103.115898,30.036346,2605056,4096.000000,40378.944605,49930.502554,69033.618452
ambiguity,dominant_peer_ratio,0.85,23,oracle_a0.5,3060,902,21549.122167,33773.244663,37.442622,3694592,4096.000000,38435.744499,55322.366830,89095.611493
ambiguity,dominant_peer_ratio,0.85,23,oracle_a2,3060,424,40152.420837,12369.341333,29.172975,1736704,4096.000000,46337.091504,52521.762170,64891.103503
ambiguity,dominant_peer_ratio,0.85,24,static,2894,0,285543.369968,0.000000,,0,,285543.369968,285543.369968,285543.369968
ambiguity,dominant_peer_ratio,0.85,24,nearest,2894,44,280751.493099,2513.103998,57.116000,180224,4096.000000,282008.045098,283264.597097,285777.701095
ambiguity,dominant_peer_ratio,0.85,24,naive_target_aware,2894,154,130820.639598,17049.917965,110.713753,630784,4096.000000,139345.598581,147870.557563,164920.475528
ambiguity,dominant_peer_ratio,0.85,24,engagement_g00_d0.0,2894,154,130820.639598,17049.917965,110.713753,630784,4096.000000,139345.598581,147870.557563,164920.475528
ambiguity,dominant_peer_ratio,0.85,24,engagement_g00_d0.25,2894,150,150031.601543,16590.652753,110.604352,614400,4096.000000,158326.927920,166622.254296,183212.907049
ambiguity,dominant_peer_ratio,0.85,24,engagement_g00_d0.5,2894,150,157421.490367,16590.652753,110.604352,614400,4096.000000,165716.816744,174012.143120,190602.795873
ambiguity,dominant_peer_ratio,0.85,24,engagement_g00_d1.0,2894,150,170925.664258,16590.652753,110.604352,614400,4096.000000,179220.990635,187516.317011,204106.969764
ambiguity,dominant_peer_ratio,0.85,24,engagement_g00_d2.0,2894,150,196326.741016,16590.652753,110.604352,614400,4096.000000,204622.067392,212917.393769,229508.046522
ambiguity,dominant_peer_ratio,0.85,24,engagement_g00_d5.0,2894,150,274723.018123,16590.652753,110.604352,614400,4096.000000,283018.344499,291313.670876,307904.323629
ambiguity,dominant_peer_ratio,0.85,24,engagement_g00_d10.0,2894,52,307415.214363,5121.873998,98.497577,212992,4096.000000,309976.151362,312537.088361,317658.962359
ambiguity,dominant_peer_ratio,0.85,24,engagement_g05_d0.0,2894,152,134877.022399,16771.006765,110.335571,622592,4096.000000,143262.525782,151648.029164,168419.035929
ambiguity,dominant_peer_ratio,0.85,24,engagement_g05_d0.25,2894,150,150461.312455,16590.652753,110.604352,614400,4096.000000,158756.638832,167051.965208,183642.617961
ambiguity,dominant_peer_ratio,0.85,24,engagement_g05_d0.5,2894,150,157783.424289,16590.652753,110.604352,614400,4096.000000,166078.750666,174374.077042,190964.729795
ambiguity,dominant_peer_ratio,0.85,24,engagement_g05_d1.0,2894,150,171102.419700,16590.652753,110.604352,614400,4096.000000,179397.746077,187693.072453,204283.725206
ambiguity,dominant_peer_ratio,0.85,24,engagement_g05_d2.0,2894,150,196326.741016,16590.652753,110.604352,614400,4096.000000,204622.067392,212917.393769,229508.046522
ambiguity,dominant_peer_ratio,0.85,24,engagement_g05_d5.0,2894,150,275278.553563,16590.652753,110.604352,614400,4096.000000,283573.879939,291869.206316,308459.859069
ambiguity,dominant_peer_ratio,0.85,24,engagement_g05_d10.0,2894,46,306180.302611,4341.401858,94.378301,188416,4096.000000,308351.003540,310521.704469,314863.106327
ambiguity,dominant_peer_ratio,0.85,24,oracle_a1,2894,580,31062.356531,19541.633768,33.692472,2375680,4096.000000,40833.173415,50603.990299,70145.624067
ambiguity,dominant_peer_ratio,0.85,24,oracle_a0.5,2894,878,20107.584526,37022.111516,42.166414,3596288,4096.000000,38618.640284,57129.696042,94151.807558
ambiguity,dominant_peer_ratio,0.85,24,oracle_a2,2894,413,40852.655951,12615.673910,30.546426,1691648,4096.000000,47160.492906,53468.329861,66084.003771
ambiguity,dominant_peer_ratio,0.85,25,static,2903,0,279672.939539,0.000000,,0,,279672.939539,279672.939539,279672.939539
ambiguity,dominant_peer_ratio,0.85,25,nearest,2903,5,272692.510853,444.651086,88.930217,20480,4096.000000,272914.836396,273137.161939,273581.813025
ambiguity,dominant_peer_ratio,0.85,25,naive_target_aware,2903,150,129488.505634,17371.639720,115.810931,614400,4096.000000,138174.325494,146860.145354,164231.785074
ambiguity,dominant_peer_ratio,0.85,25,engagement_g00_d0.0,2903,150,129488.505634,17371.639720,115.810931,614400,4096.000000,138174.325494,146860.145354,164231.785074
ambiguity,dominant_peer_ratio,0.85,25,engagement_g00_d0.25,2903,150,152604.840222,17371.639720,115.810931,614400,4096.000000,161290.660082,169976.479942,187348.119662
ambiguity,dominant_peer_ratio,0.85,25,engagement_g00_d0.5,2903,150,158631.156168,17371.639720,115.810931,614400,4096.000000,167316.976028,176002.795888,193374.435608
ambiguity,dominant_peer_ratio,0.85,25,engagement_g00_d1.0,2903,150,171283.898817,17371.639720,115.810931,614400,4096.000000,179969.718677,188655.538537,206027.178257
ambiguity,dominant_peer_ratio,0.85,25,engagement_g00_d2.0,2903,149,198771.533803,17173.711733,115.259810,610304,4096.000000,207358.389669,215945.245536,233118.957269
ambiguity,dominant_peer_ratio,0.85,25,engagement_g00_d5.0,2903,148,281363.137235,16971.535099,114.672534,606208,4096.000000,289848.904784,298334.672334,315306.207433
ambiguity,dominant_peer_ratio,0.85,25,engagement_g00_d10.0,2903,59,303397.556516,5811.091020,98.493068,241664,4096.000000,306303.102026,309208.647536,315019.738556
ambiguity,dominant_peer_ratio,0.85,25,engagement_g05_d0.0,2903,150,133265.553857,17371.639720,115.810931,614400,4096.000000,141951.373717,150637.193577,168008.833297
ambiguity,dominant_peer_ratio,0.85,25,engagement_g05_d0.25,2903,150,153472.208747,17371.639720,115.810931,614400,4096.000000,162158.028607,170843.848467,188215.488187
ambiguity,dominant_peer_ratio,0.85,25,engagement_g05_d0.5,2903,150,159212.590704,17371.639720,115.810931,614400,4096.000000,167898.410564,176584.230424,193955.870144
ambiguity,dominant_peer_ratio,0.85,25,engagement_g05_d1.0,2903,150,171607.200561,17371.639720,115.810931,614400,4096.000000,180293.020421,188978.840281,206350.480001
ambiguity,dominant_peer_ratio,0.85,25,engagement_g05_d2.0,2903,149,198771.533803,17173.711733,115.259810,610304,4096.000000,207358.389669,215945.245536,233118.957269
ambiguity,dominant_peer_ratio,0.85,25,engagement_g05_d5.0,2903,147,280393.925343,16773.869675,114.107957,602112,4096.000000,288780.860180,297167.795018,313941.664693
ambiguity,dominant_peer_ratio,0.85,25,engagement_g05_d10.0,2903,47,293299.024203,4677.945702,99.530760,192512,4096.000000,295637.997054,297976.969905,302654.915607
ambiguity,dominant_peer_ratio,0.85,25,oracle_a1,2903,583,28214.213743,17729.370101,30.410583,2387968,4096.000000,37078.898794,45943.583844,63672.953945
ambiguity,dominant_peer_ratio,0.85,25,oracle_a0.5,2903,814,19051.838966,32286.723025,39.664279,3334144,4096.000000,35195.200479,51338.561991,83625.285016
ambiguity,dominant_peer_ratio,0.85,25,oracle_a2,2903,417,36944.059045,11452.118896,27.463115,1708032,4096.000000,42670.118493,48396.177941,59848.296837
ambiguity,dominant_peer_ratio,0.85,26,static,3057,0,334886.188694,0.000000,,0,,334886.188694,334886.188694,334886.188694
ambiguity,dominant_peer_ratio,0.85,26,nearest,3057,4,340893.275716,430.321639,107.580410,16384,4096.000000,341108.436536,341323.597355,341753.918994
ambiguity,dominant_peer_ratio,0.85,26,naive_target_aware,3057,150,133722.372380,16105.592577,107.370617,614400,4096.000000,141775.168669,149827.964957,165933.557534
ambiguity,dominant_peer_ratio,0.85,26,engagement_g00_d0.0,3057,150,133722.372380,16105.592577,107.370617,614400,4096.000000,141775.168669,149827.964957,165933.557534
ambiguity,dominant_peer_ratio,0.85,26,engagement_g00_d0.25,3057,150,153676.323431,16105.592577,107.370617,614400,4096.000000,161729.119720,169781.916008,185887.508585
ambiguity,dominant_peer_ratio,0.85,26,engagement_g00_d0.5,3057,150,160028.107678,16105.592577,107.370617,614400,4096.000000,168080.903966,176133.700255,192239.292832
ambiguity,dominant_peer_ratio,0.85,26,engagement_g00_d1.0,3057,150,175896.448392,16105.592577,107.370617,614400,4096.000000,183949.244681,192002.040969,208107.633546
ambiguity,dominant_peer_ratio,0.85,26,engagement_g00_d2.0,3057,149,200895.707904,15881.614791,106.588019,610304,4096.000000,208836.515300,216777.322695,232658.937486
ambiguity,dominant_peer_ratio,0.85,26,engagement_g00_d5.0,3057,148,282728.406188,15822.474439,106.908611,606208,4096.000000,290639.643408,298550.880627,314373.355066
ambiguity,dominant_peer_ratio,0.85,26,engagement_g00_d10.0,3057,57,329501.105529,6058.215843,106.284488,233472,4096.000000,332530.213450,335559.321372,341617.537215
ambiguity,dominant_peer_ratio,0.85,26,engagement_g05_d0.0,3057,150,136584.254103,16105.592577,107.370617,614400,4096.000000,144637.050392,152689.846680,168795.439257
ambiguity,dominant_peer_ratio,0.85,26,engagement_g05_d0.25,3057,150,154256.450844,16105.592577,107.370617,614400,4096.000000,162309.247133,170362.043421,186467.635998
ambiguity,dominant_peer_ratio,0.85,26,engagement_g05_d0.5,3057,150,160398.189035,16105.592577,107.370617,614400,4096.000000,168450.985324,176503.781612,192609.374189
ambiguity,dominant_peer_ratio,0.85,26,engagement_g05_d1.0,3057,150,176056.565825,16105.592577,107.370617,614400,4096.000000,184109.362114,192162.158402,208267.750979
ambiguity,dominant_peer_ratio,0.85,26,engagement_g05_d2.0,3057,149,200895.707904,15881.614791,106.588019,610304,4096.000000,208836.515300,216777.322695,232658.937486
ambiguity,dominant_peer_ratio,0.85,26,engagement_g05_d5.0,3057,147,281795.474146,15686.287993,106.709442,602112,4096.000000,289638.618143,297481.762139,313168.050132
ambiguity,dominant_peer_ratio,0.85,26,engagement_g05_d10.0,3057,49,330684.319088,5260.560786,107.358383,200704,4096.000000,333314.599481,335944.879874,341205.440660
ambiguity,dominant_peer_ratio,0.85,26,oracle_a1,3057,692,31401.993656,18898.672631,27.310221,2834432,4096.000000,40851.329971,50300.666287,69199.338918
ambiguity,dominant_peer_ratio,0.85,26,oracle_a0.5,3057,921,21551.150101,34188.875018,37.121471,3772416,4096.000000,38645.587610,55740.025119,89928.900137
ambiguity,dominant_peer_ratio,0.85,26,oracle_a2,3057,462,41475.829180,11794.713057,25.529682,1892352,4096.000000,47373.185709,53270.542237,65065.255294
ambiguity,dominant_peer_ratio,0.85,27,static,2968,0,313476.836691,0.000000,,0,,313476.836691,313476.836691,313476.836691
ambiguity,dominant_peer_ratio,0.85,27,nearest,2968,18,306006.487396,1726.305104,95.905839,73728,4096.000000,306869.639948,307732.792500,309459.097604
ambiguity,dominant_peer_ratio,0.85,27,naive_target_aware,2968,153,132284.716597,16810.673496,109.873683,626688,4096.000000,140690.053345,149095.390093,165906.063589
ambiguity,dominant_peer_ratio,0.85,27,engagement_g00_d0.0,2968,153,132284.716597,16810.673496,109.873683,626688,4096.000000,140690.053345,149095.390093,165906.063589
ambiguity,dominant_peer_ratio,0.85,27,engagement_g00_d0.25,2968,150,154791.778543,16852.030977,112.346873,614400,4096.000000,163217.794032,171643.809520,188495.840497
ambiguity,dominant_peer_ratio,0.85,27,engagement_g00_d0.5,2968,150,161986.066633,16852.030977,112.346873,614400,4096.000000,170412.082122,178838.097610,195690.128587
ambiguity,dominant_peer_ratio,0.85,27,engagement_g00_d1.0,2968,150,175819.793140,16852.030977,112.346873,614400,4096.000000,184245.808629,192671.824117,209523.855094
ambiguity,dominant_peer_ratio,0.85,27,engagement_g00_d2.0,2968,150,205651.116546,16852.030977,112.346873,614400,4096.000000,214077.132035,222503.147523,239355.178500
ambiguity,dominant_peer_ratio,0.85,27,engagement_g00_d5.0,2968,146,284310.652305,16476.879808,112.855341,598016,4096.000000,292549.092209,300787.532113,317264.411921
ambiguity,dominant_peer_ratio,0.85,27,engagement_g00_d10.0,2968,55,306082.880999,5716.317040,103.933037,225280,4096.000000,308941.039519,311799.198039,317515.515079
ambiguity,dominant_peer_ratio,0.85,27,engagement_g05_d0.0,2968,153,135751.732624,16810.673496,109.873683,626688,4096.000000,144157.069372,152562.406120,169373.079616
ambiguity,dominant_peer_ratio,0.85,27,engagement_g05_d0.25,2968,150,155180.401285,16852.030977,112.346873,614400,4096.000000,163606.416774,172032.432262,188884.463239
ambiguity,dominant_peer_ratio,0.85,27,engagement_g05_d0.5,2968,150,162356.188843,16852.030977,112.346873,614400,4096.000000,170782.204332,179208.219820,196060.250797
ambiguity,dominant_peer_ratio,0.85,27,engagement_g05_d1.0,2968,150,175923.371745,16852.030977,112.346873,614400,4096.000000,184349.387234,192775.402722,209627.433699
ambiguity,dominant_peer_ratio,0.85,27,engagement_g05_d2.0,2968,150,205651.116546,16852.030977,112.346873,614400,4096.000000,214077.132035,222503.147523,239355.178500
ambiguity,dominant_peer_ratio,0.85,27,engagement_g05_d5.0,2968,146,284310.652305,16476.879808,112.855341,598016,4096.000000,292549.092209,300787.532113,317264.411921
ambiguity,dominant_peer_ratio,0.85,27,engagement_g05_d10.0,2968,48,307072.717414,4939.335689,102.902827,196608,4096.000000,309542.385259,312012.053103,316951.388792
ambiguity,dominant_peer_ratio,0.85,27,oracle_a1,2968,551,30591.721466,18294.282696,33.201965,2256896,4096.000000,39738.862814,48886.004162,67180.286858
ambiguity,dominant_peer_ratio,0.85,27,oracle_a0.5,2968,845,19728.849234,35502.148662,42.014377,3461120,4096.000000,37479.923565,55230.997896,90733.146558
ambiguity,dominant_peer_ratio,0.85,27,oracle_a2,2968,392,39350.853376,12193.686286,31.106343,1605632,4096.000000,45447.696519,51544.539662,63738.225948
ambiguity,dominant_peer_ratio,0.85,28,static,3014,0,347789.609391,0.000000,,0,,347789.609391,347789.609391,347789.609391
ambiguity,dominant_peer_ratio,0.85,28,nearest,3014,14,329756.344482,1368.413416,97.743815,57344,4096.000000,330440.551190,331124.757898,332493.171314
ambiguity,dominant_peer_ratio,0.85,28,naive_target_aware,3014,151,133150.342881,17166.971478,113.688553,618496,4096.000000,141733.828620,150317.314359,167484.285837
ambiguity,dominant_peer_ratio,0.85,28,engagement_g00_d0.0,3014,151,133150.342881,17166.971478,113.688553,618496,4096.000000,141733.828620,150317.314359,167484.285837
ambiguity,dominant_peer_ratio,0.85,28,engagement_g00_d0.25,3014,151,157279.657426,17166.971478,113.688553,618496,4096.000000,165863.143165,174446.628904,191613.600382
ambiguity,dominant_peer_ratio,0.85,28,engagement_g00_d0.5,3014,151,164346.129427,17166.971478,113.688553,618496,4096.000000,172929.615166,181513.100905,198680.072383
ambiguity,dominant_peer_ratio,0.85,28,engagement_g00_d1.0,3014,151,180169.905150,17166.971478,113.688553,618496,4096.000000,188753.390889,197336.876628,214503.848106
ambiguity,dominant_peer_ratio,0.85,28,engagement_g00_d2.0,3014,151,208720.564524,17166.971478,113.688553,618496,4096.000000,217304.050263,225887.536002,243054.507480
ambiguity,dominant_peer_ratio,0.85,28,engagement_g00_d5.0,3014,150,288026.676145,16928.280263,112.855202,614400,4096.000000,296490.816277,304954.956408,321883.236671
ambiguity,dominant_peer_ratio,0.85,28,engagement_g00_d10.0,3014,59,310048.485822,6325.071391,107.204600,241664,4096.000000,313211.021518,316373.557213,322698.628604
ambiguity,dominant_peer_ratio,0.85,28,engagement_g05_d0.0,3014,151,137257.011800,17166.971478,113.688553,618496,4096.000000,145840.497539,154423.983278,171590.954756
ambiguity,dominant_peer_ratio,0.85,28,engagement_g05_d0.25,3014,151,157484.845434,17166.971478,113.688553,618496,4096.000000,166068.331173,174651.816912,191818.788390
ambiguity,dominant_peer_ratio,0.85,28,engagement_g05_d0.5,3014,151,164522.212486,17166.971478,113.688553,618496,4096.000000,173105.698225,181689.183964,198856.155442
ambiguity,dominant_peer_ratio,0.85,28,engagement_g05_d1.0,3014,151,180169.905150,17166.971478,113.688553,618496,4096.000000,188753.390889,197336.876628,214503.848106
ambiguity,dominant_peer_ratio,0.85,28,engagement_g05_d2.0,3014,151,208720.564524,17166.971478,113.688553,618496,4096.000000,217304.050263,225887.536002,243054.507480
ambiguity,dominant_peer_ratio,0.85,28,engagement_g05_d5.0,3014,149,288999.500336,16791.317476,112.693406,610304,4096.000000,297395.159074,305790.817812,322582.135288
ambiguity,dominant_peer_ratio,0.85,28,engagement_g05_d10.0,3014,45,314263.966883,4557.553957,101.278977,184320,4096.000000,316542.743862,318821.520840,323379.074797
ambiguity,dominant_peer_ratio,0.85,28,oracle_a1,3014,640,28368.266072,16839.870944,26.312298,2621440,4096.000000,36788.201544,45208.137016,62048.007960
ambiguity,dominant_peer_ratio,0.85,28,oracle_a0.5,3014,884,19806.705328,30184.499708,34.145362,3620864,4096.000000,34898.955182,49991.205036,80175.704744
ambiguity,dominant_peer_ratio,0.85,28,oracle_a2,3014,468,36166.920195,11085.465752,23.686893,1916928,4096.000000,41709.653071,47252.385947,58337.851699
ambiguity,dominant_peer_ratio,0.85,29,static,3063,0,289828.383067,0.000000,,0,,289828.383067,289828.383067,289828.383067
ambiguity,dominant_peer_ratio,0.85,29,nearest,3063,4,285681.339640,352.543663,88.135916,16384,4096.000000,285857.611471,286033.883303,286386.426966
ambiguity,dominant_peer_ratio,0.85,29,naive_target_aware,3063,152,122585.053052,15198.048292,99.987160,622592,4096.000000,130184.077198,137783.101344,152981.149636
ambiguity,dominant_peer_ratio,0.85,29,engagement_g00_d0.0,3063,152,122585.053052,15198.048292,99.987160,622592,4096.000000,130184.077198,137783.101344,152981.149636
ambiguity,dominant_peer_ratio,0.85,29,engagement_g00_d0.25,3063,150,141564.293369,15012.310960,100.082073,614400,4096.000000,149070.448849,156576.604329,171588.915289
ambiguity,dominant_peer_ratio,0.85,29,engagement_g00_d0.5,3063,150,147722.873661,15012.310960,100.082073,614400,4096.000000,155229.029141,162735.184621,177747.495581
ambiguity,dominant_peer_ratio,0.85,29,engagement_g00_d1.0,3063,150,161726.756691,15012.310960,100.082073,614400,4096.000000,169232.912171,176739.067651,191751.378611
ambiguity,dominant_peer_ratio,0.85,29,engagement_g00_d2.0,3063,150,186316.590366,15012.310960,100.082073,614400,4096.000000,193822.745846,201328.901326,216341.212286
ambiguity,dominant_peer_ratio,0.85,29,engagement_g00_d5.0,3063,148,262838.081723,14814.924923,100.100844,606208,4096.000000,270245.544184,277653.006646,292467.931569
ambiguity,dominant_peer_ratio,0.85,29,engagement_g00_d10.0,3063,61,300270.978303,5983.963153,98.097757,249856,4096.000000,303262.959880,306254.941456,312238.904609
ambiguity,dominant_peer_ratio,0.85,29,engagement_g05_d0.0,3063,152,126172.469849,15198.048292,99.987160,622592,4096.000000,133771.493995,141370.518141,156568.566433
ambiguity,dominant_peer_ratio,0.85,29,engagement_g05_d0.25,3063,150,142012.206379,15012.310960,100.082073,614400,4096.000000,149518.361859,157024.517339,172036.828299
ambiguity,dominant_peer_ratio,0.85,29,engagement_g05_d0.5,3063,150,148170.786671,15012.310960,100.082073,614400,4096.000000,155676.942151,163183.097631,178195.408591
ambiguity,dominant_peer_ratio,0.85,29,engagement_g05_d1.0,3063,150,161726.756691,15012.310960,100.082073,614400,4096.000000,169232.912171,176739.067651,191751.378611
ambiguity,dominant_peer_ratio,0.85,29,engagement_g05_d2.0,3063,150,186316.590366,15012.310960,100.082073,614400,4096.000000,193822.745846,201328.901326,216341.212286
ambiguity,dominant_peer_ratio,0.85,29,engagement_g05_d5.0,3063,148,262838.081723,14814.924923,100.100844,606208,4096.000000,270245.544184,277653.006646,292467.931569
ambiguity,dominant_peer_ratio,0.85,29,engagement_g05_d10.0,3063,50,312943.043218,5167.111673,103.342233,204800,4096.000000,315526.599054,318110.154891,323277.266564
ambiguity,dominant_peer_ratio,0.85,29,oracle_a1,3063,603,28527.005919,16726.055738,27.738069,2469888,4096.000000,36890.033788,45253.061657,61979.117395
ambiguity,dominant_peer_ratio,0.85,29,oracle_a0.5,3063,857,19733.861664,31169.874254,36.370915,3510272,4096.000000,35318.798791,50903.735918,82073.610172
ambiguity,dominant_peer_ratio,0.85,29,oracle_a2,3063,418,36524.548229,11033.460567,26.395839,1712128,4096.000000,42041.278513,47558.008796,58591.469363
ambiguity,dominant_peer_ratio,0.85,30,static,2933,0,307746.583710,0.000000,,0,,307746.583710,307746.583710,307746.583710
ambiguity,dominant_peer_ratio,0.85,30,nearest,2933,12,287559.975434,1199.928233,99.994019,49152,4096.000000,288159.939551,288759.903667,289959.831900
ambiguity,dominant_peer_ratio,0.85,30,naive_target_aware,2933,152,140061.860292,18289.845370,120.327930,622592,4096.000000,149206.782977,158351.705662,176641.551032
ambiguity,dominant_peer_ratio,0.85,30,engagement_g00_d0.0,2933,152,140061.860292,18289.845370,120.327930,622592,4096.000000,149206.782977,158351.705662,176641.551032
ambiguity,dominant_peer_ratio,0.85,30,engagement_g00_d0.25,2933,150,162439.203261,18218.700824,121.458005,614400,4096.000000,171548.553673,180657.904085,198876.604909
ambiguity,dominant_peer_ratio,0.85,30,engagement_g00_d0.5,2933,150,170488.304642,18218.700824,121.458005,614400,4096.000000,179597.655054,188707.005466,206925.706290
ambiguity,dominant_peer_ratio,0.85,30,engagement_g00_d1.0,2933,150,184518.790133,18218.700824,121.458005,614400,4096.000000,193628.140545,202737.490957,220956.191781
ambiguity,dominant_peer_ratio,0.85,30,engagement_g00_d2.0,2933,150,210825.420425,18218.700824,121.458005,614400,4096.000000,219934.770837,229044.121249,247262.822073
ambiguity,dominant_peer_ratio,0.85,30,engagement_g00_d5.0,2933,148,304541.477137,17944.390303,121.245880,606208,4096.000000,313513.672288,322485.867440,340430.257743
ambiguity,dominant_peer_ratio,0.85,30,engagement_g00_d10.0,2933,63,354285.160222,7677.912513,121.871627,258048,4096.000000,358124.116479,361963.072735,369640.985248
ambiguity,dominant_peer_ratio,0.85,30,engagement_g05_d0.0,2933,152,143338.279522,18289.845370,120.327930,622592,4096.000000,152483.202207,161628.124892,179917.970262
ambiguity,dominant_peer_ratio,0.85,30,engagement_g05_d0.25,2933,150,162988.170490,18218.700824,121.458005,614400,4096.000000,172097.520902,181206.871314,199425.572138
ambiguity,dominant_peer_ratio,0.85,30,engagement_g05_d0.5,2933,150,170924.570385,18218.700824,121.458005,614400,4096.000000,180033.920797,189143.271209,207361.972033
ambiguity,dominant_peer_ratio,0.85,30,engagement_g05_d1.0,2933,150,184635.358568,18218.700824,121.458005,614400,4096.000000,193744.708980,202854.059392,221072.760216
ambiguity,dominant_peer_ratio,0.85,30,engagement_g05_d2.0,2933,150,210825.420425,18218.700824,121.458005,614400,4096.000000,219934.770837,229044.121249,247262.822073
ambiguity,dominant_peer_ratio,0.85,30,engagement_g05_d5.0,2933,147,303500.193943,17735.996672,120.653039,602112,4096.000000,312368.192279,321236.190615,338972.187287
ambiguity,dominant_peer_ratio,0.85,30,engagement_g05_d10.0,2933,58,355124.841660,7055.855396,121.652679,237568,4096.000000,358652.769358,362180.697056,369236.552452
ambiguity,dominant_peer_ratio,0.85,30,oracle_a1,2933,521,33733.276729,20067.909033,38.518060,2134016,4096.000000,43767.231246,53801.185762,73869.094795
ambiguity,dominant_peer_ratio,0.85,30,oracle_a0.5,2933,818,21461.449349,39521.906202,48.315289,3350528,4096.000000,41222.402450,60983.355551,100505.261753
ambiguity,dominant_peer_ratio,0.85,30,oracle_a2,2933,370,44016.218450,12625.172975,34.122089,1515520,4096.000000,50328.804938,56641.391425,69266.564400
ambiguity,dominant_peer_ratio,0.7,1,static,3072,0,286613.342342,0.000000,,0,,286613.342342,286613.342342,286613.342342
ambiguity,dominant_peer_ratio,0.7,1,nearest,3072,25,295290.952681,4199.591890,167.983676,102400,4096.000000,297390.748626,299490.544571,303690.136461
ambiguity,dominant_peer_ratio,0.7,1,naive_target_aware,3072,167,145845.652964,14551.510853,87.134796,684032,4096.000000,153121.408391,160397.163817,174948.674670
ambiguity,dominant_peer_ratio,0.7,1,engagement_g00_d0.0,3072,167,145845.652964,14551.510853,87.134796,684032,4096.000000,153121.408391,160397.163817,174948.674670
ambiguity,dominant_peer_ratio,0.7,1,engagement_g00_d0.25,3072,155,159069.814580,13445.005432,86.741971,634880,4096.000000,165792.317296,172514.820012,185959.825444
ambiguity,dominant_peer_ratio,0.7,1,engagement_g00_d0.5,3072,153,164876.262923,13377.402883,87.434006,626688,4096.000000,171564.964365,178253.665806,191631.068689
ambiguity,dominant_peer_ratio,0.7,1,engagement_g00_d1.0,3072,151,173329.675505,12965.485513,85.864142,618496,4096.000000,179812.418262,186295.161018,199260.646531
ambiguity,dominant_peer_ratio,0.7,1,engagement_g00_d2.0,3072,151,192508.120291,12965.485513,85.864142,618496,4096.000000,198990.863048,205473.605804,218439.091317
ambiguity,dominant_peer_ratio,0.7,1,engagement_g00_d5.0,3072,148,239119.403307,12370.295757,83.583079,606208,4096.000000,245304.551185,251489.699064,263859.994821
ambiguity,dominant_peer_ratio,0.7,1,engagement_g00_d10.0,3072,61,295928.262553,5514.059197,90.394413,249856,4096.000000,298685.292152,301442.321750,306956.380947
ambiguity,dominant_peer_ratio,0.7,1,engagement_g05_d0.0,3072,151,154633.131646,12654.544734,83.804932,618496,4096.000000,160960.404013,167287.676380,179942.221114
ambiguity,dominant_peer_ratio,0.7,1,engagement_g05_d0.25,3072,149,161971.731022,12549.151671,84.222494,610304,4096.000000,168246.306858,174520.882693,187070.034364
ambiguity,dominant_peer_ratio,0.7,1,engagement_g05_d0.5,3072,149,166228.638418,12549.151671,84.222494,610304,4096.000000,172503.214254,178777.790089,191326.941760
ambiguity,dominant_peer_ratio,0.7,1,engagement_g05_d1.0,3072,149,173623.052216,12549.151671,84.222494,610304,4096.000000,179897.628052,186172.203887,198721.355558
ambiguity,dominant_peer_ratio,0.7,1,engagement_g05_d2.0,3072,149,191403.793668,12549.151671,84.222494,610304,4096.000000,197678.369504,203952.945339,216502.097010
ambiguity,dominant_peer_ratio,0.7,1,engagement_g05_d5.0,3072,143,241715.794238,12115.794073,84.725833,585728,4096.000000,247773.691274,253831.588311,265947.382384
ambiguity,dominant_peer_ratio,0.7,1,engagement_g05_d10.0,3072,40,306383.685244,4253.230187,106.330755,163840,4096.000000,308510.300338,310636.915431,314890.145618
ambiguity,dominant_peer_ratio,0.7,1,oracle_a1,3072,976,46134.721276,25335.098090,25.958092,3997696,4096.000000,58802.270321,71469.819366,96804.917456
ambiguity,dominant_peer_ratio,0.7,1,oracle_a0.5,3072,1448,28706.294454,52057.951645,35.951624,5931008,4096.000000,54735.270276,80764.246099,132822.197744
ambiguity,dominant_peer_ratio,0.7,1,oracle_a2,3072,622,62273.091062,13959.198150,22.442441,2547712,4096.000000,69252.690137,76232.289212,90191.487362
ambiguity,dominant_peer_ratio,0.7,2,static,3076,0,298395.138367,0.000000,,0,,298395.138367,298395.138367,298395.138367
ambiguity,dominant_peer_ratio,0.7,2,nearest,3076,5,274751.010166,505.132572,101.026514,20480,4096.000000,275003.576452,275256.142738,275761.275310
ambiguity,dominant_peer_ratio,0.7,2,naive_target_aware,3076,168,168985.529695,19018.359438,113.204520,688128,4096.000000,178494.709414,188003.889133,207022.248571
ambiguity,dominant_peer_ratio,0.7,2,engagement_g00_d0.0,3076,168,168985.529695,19018.359438,113.204520,688128,4096.000000,178494.709414,188003.889133,207022.248571
ambiguity,dominant_peer_ratio,0.7,2,engagement_g00_d0.25,3076,157,189384.743721,18071.996478,115.108258,643072,4096.000000,198420.741960,207456.740199,225528.736677
ambiguity,dominant_peer_ratio,0.7,2,engagement_g00_d0.5,3076,157,195002.035070,18071.996478,115.108258,643072,4096.000000,204038.033309,213074.031548,231146.028026
ambiguity,dominant_peer_ratio,0.7,2,engagement_g00_d1.0,3076,154,204081.795515,17754.399728,115.288310,630784,4096.000000,212958.995379,221836.195243,239590.594971
ambiguity,dominant_peer_ratio,0.7,2,engagement_g00_d2.0,3076,150,228623.568600,17309.551485,115.397010,614400,4096.000000,237278.344343,245933.120085,263242.671570
ambiguity,dominant_peer_ratio,0.7,2,engagement_g00_d5.0,3076,146,295428.394246,17086.203501,117.028791,598016,4096.000000,303971.495996,312514.597747,329600.801248
ambiguity,dominant_peer_ratio,0.7,2,engagement_g00_d10.0,3076,59,323732.327995,6336.540157,107.398986,241664,4096.000000,326900.598074,330068.868152,336405.408309
ambiguity,dominant_peer_ratio,0.7,2,engagement_g05_d0.0,3076,151,180684.104820,17348.853951,114.893073,618496,4096.000000,189358.531796,198032.958771,215381.812722
ambiguity,dominant_peer_ratio,0.7,2,engagement_g05_d0.25,3076,151,192526.659834,17348.853951,114.893073,618496,4096.000000,201201.086810,209875.513785,227224.367736
ambiguity,dominant_peer_ratio,0.7,2,engagement_g05_d0.5,3076,150,197566.257787,17086.055979,113.907040,614400,4096.000000,206109.285777,214652.313766,231738.369745
ambiguity,dominant_peer_ratio,0.7,2,engagement_g05_d1.0,3076,149,206118.281583,17102.492401,114.781828,610304,4096.000000,214669.527784,223220.773984,240323.266385
ambiguity,dominant_peer_ratio,0.7,2,engagement_g05_d2.0,3076,148,229808.088879,17079.667467,115.403159,606208,4096.000000,238347.922613,246887.756346,263967.423813
ambiguity,dominant_peer_ratio,0.7,2,engagement_g05_d5.0,3076,141,293453.749016,16173.917651,114.708636,577536,4096.000000,301540.707841,309627.666667,325801.584318
ambiguity,dominant_peer_ratio,0.7,2,engagement_g05_d10.0,3076,31,329151.347264,3140.939515,101.320630,126976,4096.000000,330721.817022,332292.286779,335433.226294
ambiguity,dominant_peer_ratio,0.7,2,oracle_a1,3076,961,47858.422483,26758.704767,27.844646,3936256,4096.000000,61237.774867,74617.127250,101375.832017
ambiguity,dominant_peer_ratio,0.7,2,oracle_a0.5,3076,1429,29540.452526,55424.657714,38.785625,5853184,4096.000000,57252.781383,84965.110240,140389.767954
ambiguity,dominant_peer_ratio,0.7,2,oracle_a2,3076,649,63134.001846,15634.618673,24.090322,2658304,4096.000000,70951.311183,78768.620519,94403.239192
ambiguity,dominant_peer_ratio,0.7,3,static,2993,0,285612.770548,0.000000,,0,,285612.770548,285612.770548,285612.770548
ambiguity,dominant_peer_ratio,0.7,3,nearest,2993,5,272155.282061,366.621124,73.324225,20480,4096.000000,272338.592623,272521.903185,272888.524309
ambiguity,dominant_peer_ratio,0.7,3,naive_target_aware,2993,162,160681.596644,17376.952789,107.265141,663552,4096.000000,169370.073039,178058.549433,195435.502222
ambiguity,dominant_peer_ratio,0.7,3,engagement_g00_d0.0,2993,162,160681.596644,17376.952789,107.265141,663552,4096.000000,169370.073039,178058.549433,195435.502222
ambiguity,dominant_peer_ratio,0.7,3,engagement_g00_d0.25,2993,158,176385.740927,16871.341401,106.780642,647168,4096.000000,184821.411627,193257.082328,210128.423729
ambiguity,dominant_peer_ratio,0.7,3,engagement_g00_d0.5,2993,157,181624.932525,16699.919534,106.368914,643072,4096.000000,189974.892292,198324.852059,215024.771593
ambiguity,dominant_peer_ratio,0.7,3,engagement_g00_d1.0,2993,155,191202.535953,16396.235403,105.782164,634880,4096.000000,199400.653655,207598.771356,223995.006759
ambiguity,dominant_peer_ratio,0.7,3,engagement_g00_d2.0,2993,151,213298.413588,15992.840365,105.912850,618496,4096.000000,221294.833770,229291.253953,245284.094318
ambiguity,dominant_peer_ratio,0.7,3,engagement_g00_d5.0,2993,147,276363.100669,15717.639760,106.922719,602112,4096.000000,284221.920549,292080.740429,307798.380189
ambiguity,dominant_peer_ratio,0.7,3,engagement_g00_d10.0,2993,57,302457.183618,5564.002955,97.614087,233472,4096.000000,305239.185095,308021.186573,313585.189528
ambiguity,dominant_peer_ratio,0.7,3,engagement_g05_d0.0,2993,156,175847.971192,16749.238322,107.366912,638976,4096.000000,184222.590353,192597.209514,209346.447836
ambiguity,dominant_peer_ratio,0.7,3,engagement_g05_d0.25,2993,150,182524.700705,15989.618230,106.597455,614400,4096.000000,190519.509820,198514.318935,214503.937165
ambiguity,dominant_peer_ratio,0.7,3,engagement_g05_d0.5,2993,149,186158.857696,15818.196363,106.162392,610304,4096.000000,194067.955878,201977.054059,217795.250422
ambiguity,dominant_peer_ratio,0.7,3,engagement_g05_d1.0,2993,149,194695.853203,15818.196363,106.162392,610304,4096.000000,202604.951385,210514.049566,226332.245929
ambiguity,dominant_peer_ratio,0.7,3,engagement_g05_d2.0,2993,149,215823.469289,15818.196363,106.162392,610304,4096.000000,223732.567470,231641.665652,247459.862015
ambiguity,dominant_peer_ratio,0.7,3,engagement_g05_d5.0,2993,143,277725.951910,15335.624463,107.242129,585728,4096.000000,285393.764142,293061.576373,308397.200836
ambiguity,dominant_peer_ratio,0.7,3,engagement_g05_d10.0,2993,30,312789.163881,2750.991010,91.699700,122880,4096.000000,314164.659386,315540.154891,318291.145901
ambiguity,dominant_peer_ratio,0.7,3,oracle_a1,2993,899,48914.300296,26499.199933,29.476307,3682304,4096.000000,62163.900263,75413.500229,101912.700162
ambiguity,dominant_peer_ratio,0.7,3,oracle_a0.5,2993,1348,31619.833965,53211.842792,39.474661,5521408,4096.000000,58225.755361,84831.676757,138043.519549
ambiguity,dominant_peer_ratio,0.7,3,oracle_a2,2993,601,63295.851958,16307.865547,27.134552,2461696,4096.000000,71449.784732,79603.717505,95911.583052
ambiguity,dominant_peer_ratio,0.7,4,static,2947,0,300565.208901,0.000000,,0,,300565.208901,300565.208901,300565.208901
ambiguity,dominant_peer_ratio,0.7,4,nearest,2947,4,292311.271301,350.263260,87.565815,16384,4096.000000,292486.402931,292661.534561,293011.797821
ambiguity,dominant_peer_ratio,0.7,4,naive_target_aware,2947,156,159562.432523,17465.069512,111.955574,638976,4096.000000,168294.967279,177027.502035,194492.571547
ambiguity,dominant_peer_ratio,0.7,4,engagement_g00_d0.0,2947,156,159562.432523,17465.069512,111.955574,638976,4096.000000,168294.967279,177027.502035,194492.571547
ambiguity,dominant_peer_ratio,0.7,4,engagement_g00_d0.25,2947,152,174749.219336,16965.251910,111.613499,622592,4096.000000,183231.845291,191714.471246,208679.723156
ambiguity,dominant_peer_ratio,0.7,4,engagement_g00_d0.5,2947,152,179915.503478,16965.251910,111.613499,622592,4096.000000,188398.129433,196880.755388,213846.007298
ambiguity,dominant_peer_ratio,0.7,4,engagement_g00_d1.0,2947,152,188459.034661,16965.251910,111.613499,622592,4096.000000,196941.660616,205424.286571,222389.538481
ambiguity,dominant_peer_ratio,0.7,4,engagement_g00_d2.0,2947,150,211092.152525,16710.922515,111.406150,614400,4096.000000,219447.613782,227803.075040,244513.997555
ambiguity,dominant_peer_ratio,0.7,4,engagement_g00_d5.0,2947,148,278657.440612,16427.761881,110.998391,606208,4096.000000,286871.321553,295085.202493,311512.964374
ambiguity,dominant_peer_ratio,0.7,4,engagement_g00_d10.0,2947,63,326843.756536,7142.964416,113.380388,258048,4096.000000,330415.238744,333986.720952,341129.685368
ambiguity,dominant_peer_ratio,0.7,4,engagement_g05_d0.0,2947,151,174288.631897,16706.804085,110.641087,618496,4096.000000,182642.033939,190995.435982,207702.240067
ambiguity,dominant_peer_ratio,0.7,4,engagement_g05_d0.25,2947,151,181706.470682,16706.804085,110.641087,618496,4096.000000,190059.872724,198413.274767,215120.078852
ambiguity,dominant_peer_ratio,0.7,4,engagement_g05_d0.5,2947,151,185820.355790,16706.804085,110.641087,618496,4096.000000,194173.757832,202527.159875,219233.963960
ambiguity,dominant_peer_ratio,0.7,4,engagement_g05_d1.0,2947,150,192629.210709,16710.922515,111.406150,614400,4096.000000,200984.671966,209340.133224,226051.055739
ambiguity,dominant_peer_ratio,0.7,4,engagement_g05_d2.0,2947,150,212845.679764,16710.922515,111.406150,614400,4096.000000,221201.141021,229556.602279,246267.524794
ambiguity,dominant_peer_ratio,0.7,4,engagement_g05_d5.0,2947,143,279546.179687,15783.674503,110.375346,585728,4096.000000,287438.016939,295329.854190,311113.528693
ambiguity,dominant_peer_ratio,0.7,4,engagement_g05_d10.0,2947,35,308954.829061,3742.634517,106.932415,143360,4096.000000,310826.146320,312697.463578,316440.098095
ambiguity,dominant_peer_ratio,0.7,4,oracle_a1,2947,1017,43304.605198,26370.578134,25.929772,4165632,4096.000000,56489.894265,69675.183332,96045.761466
ambiguity,dominant_peer_ratio,0.7,4,oracle_a0.5,2947,1382,29711.429192,47024.461948,34.026383,5660672,4096.000000,53223.660166,76735.891140,123760.353088
ambiguity,dominant_peer_ratio,0.7,4,oracle_a2,2947,681,58425.857180,15382.469733,22.588061,2789376,4096.000000,66117.092046,73808.326913,89190.796646
ambiguity,dominant_peer_ratio,0.7,5,static,2961,0,299283.853424,0.000000,,0,,299283.853424,299283.853424,299283.853424
ambiguity,dominant_peer_ratio,0.7,5,nearest,2961,6,299229.778266,393.231552,65.538592,24576,4096.000000,299426.394042,299623.009818,300016.241370
ambiguity,dominant_peer_ratio,0.7,5,naive_target_aware,2961,169,170361.412450,19346.919469,114.478813,692224,4096.000000,180034.872184,189708.331919,209055.251388
ambiguity,dominant_peer_ratio,0.7,5,engagement_g00_d0.0,2961,169,170361.412450,19346.919469,114.478813,692224,4096.000000,180034.872184,189708.331919,209055.251388
ambiguity,dominant_peer_ratio,0.7,5,engagement_g00_d0.25,2961,152,186374.928326,17676.227947,116.290973,622592,4096.000000,195213.042299,204051.156273,221727.384220
ambiguity,dominant_peer_ratio,0.7,5,engagement_g00_d0.5,2961,150,192580.785493,17242.389910,114.949266,614400,4096.000000,201201.980448,209823.175403,227065.565313
ambiguity,dominant_peer_ratio,0.7,5,engagement_g00_d1.0,2961,150,201918.703903,17242.389910,114.949266,614400,4096.000000,210539.898858,219161.093813,236403.483723
ambiguity,dominant_peer_ratio,0.7,5,engagement_g00_d2.0,2961,149,224650.101450,17028.907593,114.287970,610304,4096.000000,233164.555246,241679.009043,258707.916636
ambiguity,dominant_peer_ratio,0.7,5,engagement_g00_d5.0,2961,148,293542.195199,16876.606128,114.031122,606208,4096.000000,301980.498263,310418.801327,327295.407455
ambiguity,dominant_peer_ratio,0.7,5,engagement_g00_d10.0,2961,59,307598.914073,6343.710529,107.520517,241664,4096.000000,310770.769338,313942.624602,320286.335131
ambiguity,dominant_peer_ratio,0.7,5,engagement_g05_d0.0,2961,151,186065.055171,17231.182369,114.113791,618496,4096.000000,194680.646355,203296.237540,220527.419909
ambiguity,dominant_peer_ratio,0.7,5,engagement_g05_d0.25,2961,148,192826.831684,16961.308947,114.603439,606208,4096.000000,201307.486157,209788.140631,226749.449578
ambiguity,dominant_peer_ratio,0.7,5,engagement_g05_d0.5,2961,148,197741.254838,16961.308947,114.603439,606208,4096.000000,206221.909311,214702.563785,231663.872732
ambiguity,dominant_peer_ratio,0.7,5,engagement_g05_d1.0,2961,148,204924.200155,16961.308947,114.603439,606208,4096.000000,213404.854628,221885.509102,238846.818049
ambiguity,dominant_peer_ratio,0.7,5,engagement_g05_d2.0,2961,146,225613.499425,16694.142645,114.343443,598016,4096.000000,233960.570747,242307.642070,259001.784715
ambiguity,dominant_peer_ratio,0.7,5,engagement_g05_d5.0,2961,141,290789.544270,15966.909100,113.240490,577536,4096.000000,298772.998820,306756.453370,322723.362470
ambiguity,dominant_peer_ratio,0.7,5,engagement_g05_d10.0,2961,28,323268.132311,3308.250521,118.151804,114688,4096.000000,324922.257571,326576.382832,329884.633353
ambiguity,dominant_peer_ratio,0.7,5,oracle_a1,2961,913,50460.687022,26969.279369,29.539189,3739648,4096.000000,63945.326706,77429.966391,104399.245760
ambiguity,dominant_peer_ratio,0.7,5,oracle_a0.5,2961,1407,32011.229916,55431.554572,39.396983,5763072,4096.000000,59727.007202,87442.784488,142874.339060
ambiguity,dominant_peer_ratio,0.7,5,oracle_a2,2961,556,67845.281481,14273.144710,25.671124,2277376,4096.000000,74981.853836,82118.426191,96391.570901
ambiguity,dominant_peer_ratio,0.7,6,static,2952,0,300748.421278,0.000000,,0,,300748.421278,300748.421278,300748.421278
ambiguity,dominant_peer_ratio,0.7,6,nearest,2952,4,315985.731505,295.281344,73.820336,16384,4096.000000,316133.372177,316281.012849,316576.294193
ambiguity,dominant_peer_ratio,0.7,6,naive_target_aware,2952,158,153425.904643,15405.367028,97.502323,647168,4096.000000,161128.588157,168831.271671,184236.638699
ambiguity,dominant_peer_ratio,0.7,6,engagement_g00_d0.0,2952,158,153425.904643,15405.367028,97.502323,647168,4096.000000,161128.588157,168831.271671,184236.638699
ambiguity,dominant_peer_ratio,0.7,6,engagement_g00_d0.25,2952,152,169162.457106,14816.761727,97.478696,622592,4096.000000,176570.837970,183979.218833,198795.980560
ambiguity,dominant_peer_ratio,0.7,6,engagement_g00_d0.5,2952,150,173409.860342,14712.095275,98.080635,614400,4096.000000,180765.907980,188121.955617,202834.050892
ambiguity,dominant_peer_ratio,0.7,6,engagement_g00_d1.0,2952,150,184820.008297,14712.095275,98.080635,614400,4096.000000,192176.055935,199532.103572,214244.198847
ambiguity,dominant_peer_ratio,0.7,6,engagement_g00_d2.0,2952,150,205713.291688,14712.095275,98.080635,614400,4096.000000,213069.339326,220425.386963,235137.482238
ambiguity,dominant_peer_ratio,0.7,6,engagement_g00_d5.0,2952,147,263574.821717,14574.900202,99.148981,602112,4096.000000,270862.271818,278149.721919,292724.622121
ambiguity,dominant_peer_ratio,0.7,6,engagement_g00_d10.0,2952,60,302376.756579,6157.783159,102.629719,245760,4096.000000,305455.648159,308534.539738,314692.322897
ambiguity,dominant_peer_ratio,0.7,6,engagement_g05_d0.0,2952,151,167458.541935,14790.592677,97.950945,618496,4096.000000,174853.838274,182249.134612,197039.727289
ambiguity,dominant_peer_ratio,0.7,6,engagement_g05_d0.25,2952,150,174526.788358,14712.095275,98.080635,614400,4096.000000,181882.835996,189238.883633,203950.978908
ambiguity,dominant_peer_ratio,0.7,6,engagement_g05_d0.5,2952,150,177060.895534,14712.095275,98.080635,614400,4096.000000,184416.943172,191772.990809,206485.086084
ambiguity,dominant_peer_ratio,0.7,6,engagement_g05_d1.0,2952,149,186395.687507,14656.791446,98.367728,610304,4096.000000,193724.083230,201052.478953,215709.270399
ambiguity,dominant_peer_ratio,0.7,6,engagement_g05_d2.0,2952,149,207102.376923,14656.791446,98.367728,610304,4096.000000,214430.772646,221759.168369,236415.959815
ambiguity,dominant_peer_ratio,0.7,6,engagement_g05_d5.0,2952,141,264731.178287,13966.061335,99.050080,577536,4096.000000,271714.208955,278697.239622,292663.300957
ambiguity,dominant_peer_ratio,0.7,6,engagement_g05_d10.0,2952,32,303128.837359,3426.953401,107.092294,131072,4096.000000,304842.314060,306555.790760,309982.744161
ambiguity,dominant_peer_ratio,0.7,6,oracle_a1,2952,918,44699.498975,24930.855763,27.157795,3760128,4096.000000,57164.926857,69630.354738,94561.210501
ambiguity,dominant_peer_ratio,0.7,6,oracle_a0.5,2952,1381,28727.064993,49303.564856,35.701350,5656576,4096.000000,53378.847421,78030.629849,127334.194705
ambiguity,dominant_peer_ratio,0.7,6,oracle_a2,2952,591,59826.188088,13781.871223,23.319579,2420736,4096.000000,66717.123700,73608.059311,87389.930534
ambiguity,dominant_peer_ratio,0.7,7,static,2971,0,333985.628899,0.000000,,0,,333985.628899,333985.628899,333985.628899
ambiguity,dominant_peer_ratio,0.7,7,nearest,2971,5,315897.931673,470.237830,94.047566,20480,4096.000000,316133.050588,316368.169503,316838.407333
ambiguity,dominant_peer_ratio,0.7,7,naive_target_aware,2971,165,167813.091400,17435.009723,105.666726,675840,4096.000000,176530.596261,185248.101123,202683.110846
ambiguity,dominant_peer_ratio,0.7,7,engagement_g00_d0.0,2971,165,167813.091400,17435.009723,105.666726,675840,4096.000000,176530.596261,185248.101123,202683.110846
ambiguity,dominant_peer_ratio,0.7,7,engagement_g00_d0.25,2971,155,182828.000739,16749.957552,108.064242,634880,4096.000000,191202.979515,199577.958291,216327.915843
ambiguity,dominant_peer_ratio,0.7,7,engagement_g00_d0.5,2971,154,188805.283122,16635.348981,108.021747,630784,4096.000000,197122.957613,205440.632103,222075.981084
ambiguity,dominant_peer_ratio,0.7,7,engagement_g00_d1.0,2971,151,199844.580884,16237.382655,107.532335,618496,4096.000000,207963.272212,216081.963539,232319.346194
ambiguity,dominant_peer_ratio,0.7,7,engagement_g00_d2.0,2971,150,225762.348645,16186.812653,107.912084,614400,4096.000000,233855.754972,241949.161298,258135.973951
ambiguity,dominant_peer_ratio,0.7,7,engagement_g00_d5.0,2971,144,289204.802138,16016.967701,111.228942,589824,4096.000000,297213.285989,305221.769839,321238.737540
ambiguity,dominant_peer_ratio,0.7,7,engagement_g00_d10.0,2971,57,351257.643320,6615.745494,116.065710,233472,4096.000000,354565.516067,357873.388814,364489.134308
ambiguity,dominant_peer_ratio,0.7,7,engagement_g05_d0.0,2971,149,181115.313663,16103.037503,108.074077,610304,4096.000000,189166.832415,197218.351166,213321.388669
ambiguity,dominant_peer_ratio,0.7,7,engagement_g05_d0.25,2971,149,187794.434242,16103.037503,108.074077,610304,4096.000000,195845.952994,203897.471745,220000.509248
ambiguity,dominant_peer_ratio,0.7,7,engagement_g05_d0.5,2971,149,192850.144939,16103.037503,108.074077,610304,4096.000000,200901.663691,208953.182442,225056.219945
ambiguity,dominant_peer_ratio,0.7,7,engagement_g05_d1.0,2971,149,202955.565024,16103.037503,108.074077,610304,4096.000000,211007.083776,219058.602527,235161.640030
ambiguity,dominant_peer_ratio,0.7,7,engagement_g05_d2.0,2971,148,228450.807746,16155.530002,109.158987,606208,4096.000000,236528.572747,244606.337748,260761.867750
ambiguity,dominant_peer_ratio,0.7,7,engagement_g05_d5.0,2971,138,290518.809438,15189.441196,110.068414,565248,4096.000000,298113.530036,305708.250634,320897.691830
ambiguity,dominant_peer_ratio,0.7,7,engagement_g05_d10.0,2971,32,331038.707798,3586.201302,112.068791,131072,4096.000000,332831.808449,334624.909100,338211.110402
ambiguity,dominant_peer_ratio,0.7,7,oracle_a1,2971,861,55164.983850,31197.003567,36.233454,3526656,4096.000000,70763.485633,86361.987417,117558.990984
ambiguity,dominant_peer_ratio,0.7,7,oracle_a0.5,2971,1359,33257.569590,65078.945025,47.887377,5566464,4096.000000,65797.042102,98336.514615,163415.459640
ambiguity,dominant_peer_ratio,0.7,7,oracle_a2,2971,489,77182.334384,14760.551007,30.185176,2002944,4096.000000,84562.609887,91942.885391,106703.436398
ambiguity,dominant_peer_ratio,0.7,8,static,2983,0,279709.764387,0.000000,,0,,279709.764387,279709.764387,279709.764387
ambiguity,dominant_peer_ratio,0.7,8,nearest,2983,5,290842.660826,463.236040,92.647208,20480,4096.000000,291074.278846,291305.896866,291769.132906
ambiguity,dominant_peer_ratio,0.7,8,naive_target_aware,2983,158,156348.805307,14836.814414,93.903889,647168,4096.000000,163767.212514,171185.619721,186022.434135
ambiguity,dominant_peer_ratio,0.7,8,engagement_g00_d0.0,2983,158,156348.805307,14836.814414,93.903889,647168,4096.000000,163767.212514,171185.619721,186022.434135
ambiguity,dominant_peer_ratio,0.7,8,engagement_g00_d0.25,2983,151,170060.197438,14034.789485,92.945626,618496,4096.000000,177077.592180,184094.986923,198129.776408
ambiguity,dominant_peer_ratio,0.7,8,engagement_g00_d0.5,2983,151,176524.334118,14034.789485,92.945626,618496,4096.000000,183541.728860,190559.123603,204593.913088
ambiguity,dominant_peer_ratio,0.7,8,engagement_g00_d1.0,2983,150,184131.810453,14039.318260,93.595455,614400,4096.000000,191151.469583,198171.128713,212210.446973
ambiguity,dominant_peer_ratio,0.7,8,engagement_g00_d2.0,2983,149,201400.149824,13885.179926,93.189127,610304,4096.000000,208342.739787,215285.329750,229170.509676
ambiguity,dominant_peer_ratio,0.7,8,engagement_g00_d5.0,2983,148,255453.244389,13841.258057,93.522014,606208,4096.000000,262373.873417,269294.502446,283135.760503
ambiguity,dominant_peer_ratio,0.7,8,engagement_g00_d10.0,2983,58,297234.984951,5622.974010,96.947828,237568,4096.000000,300046.471956,302857.958961,308480.932971
ambiguity,dominant_peer_ratio,0.7,8,engagement_g05_d0.0,2983,154,170908.531097,14268.102187,92.650014,630784,4096.000000,178042.582190,185176.633284,199444.735471
ambiguity,dominant_peer_ratio,0.7,8,engagement_g05_d0.25,2983,150,176019.464160,13880.651151,92.537674,614400,4096.000000,182959.789735,189900.115311,203780.766462
ambiguity,dominant_peer_ratio,0.7,8,engagement_g05_d0.5,2983,150,180865.437019,13880.651151,92.537674,614400,4096.000000,187805.762594,194746.088170,208626.739321
ambiguity,dominant_peer_ratio,0.7,8,engagement_g05_d1.0,2983,149,186604.511286,13885.179926,93.189127,610304,4096.000000,193547.101249,200489.691212,214374.871138
ambiguity,dominant_peer_ratio,0.7,8,engagement_g05_d2.0,2983,149,202731.150134,13885.179926,93.189127,610304,4096.000000,209673.740097,216616.330060,230501.509986
ambiguity,dominant_peer_ratio,0.7,8,engagement_g05_d5.0,2983,142,258476.874588,13333.645371,93.898911,581632,4096.000000,265143.697273,271810.519959,285144.165330
ambiguity,dominant_peer_ratio,0.7,8,engagement_g05_d10.0,2983,31,299407.106405,2815.284292,90.815622,126976,4096.000000,300814.748551,302222.390697,305037.674989
ambiguity,dominant_peer_ratio,0.7,8,oracle_a1,2983,963,47703.241469,26741.136465,27.768574,3944448,4096.000000,61073.809702,74444.377934,101185.514399
ambiguity,dominant_peer_ratio,0.7,8,oracle_a0.5,2983,1451,29443.050512,56236.489406,38.757057,5943296,4096.000000,57561.295215,85679.539918,141916.029324
ambiguity,dominant_peer_ratio,0.7,8,oracle_a2,2983,617,63611.511197,14931.009819,24.199368,2527232,4096.000000,71077.016106,78542.521016,93473.530835
ambiguity,dominant_peer_ratio,0.7,9,static,2932,0,277761.798385,0.000000,,0,,277761.798385,277761.798385,277761.798385
ambiguity,dominant_peer_ratio,0.7,9,nearest,2932,5,315763.821984,440.799752,88.159950,20480,4096.000000,315984.221860,316204.621736,316645.421488
ambiguity,dominant_peer_ratio,0.7,9,naive_target_aware,2932,159,153274.176788,15268.492060,96.028252,651264,4096.000000,160908.422818,168542.668848,183811.160908
ambiguity,dominant_peer_ratio,0.7,9,engagement_g00_d0.0,2932,159,153274.176788,15268.492060,96.028252,651264,4096.000000,160908.422818,168542.668848,183811.160908
ambiguity,dominant_peer_ratio,0.7,9,engagement_g00_d0.25,2932,152,169325.918075,14832.617885,97.583012,622592,4096.000000,176742.227017,184158.535960,198991.153845
ambiguity,dominant_peer_ratio,0.7,9,engagement_g00_d0.5,2932,152,175149.367421,14832.617885,97.583012,622592,4096.000000,182565.676363,189981.985306,204814.603191
ambiguity,dominant_peer_ratio,0.7,9,engagement_g00_d1.0,2932,151,184957.900986,14671.637036,97.163159,618496,4096.000000,192293.719504,199629.538022,214301.175058
ambiguity,dominant_peer_ratio,0.7,9,engagement_g00_d2.0,2932,150,204286.658828,14441.497423,96.276649,614400,4096.000000,211507.407539,218728.156251,233169.653674
ambiguity,dominant_peer_ratio,0.7,9,engagement_g00_d5.0,2932,148,258548.682640,14396.167515,97.271402,606208,4096.000000,265746.766397,272944.850155,287341.017670
ambiguity,dominant_peer_ratio,0.7,9,engagement_g00_d10.0,2932,57,294125.032091,5758.658492,101.029096,233472,4096.000000,297004.361337,299883.690583,305642.349075
ambiguity,dominant_peer_ratio,0.7,9,engagement_g05_d0.0,2932,152,165597.395722,14568.933161,95.848244,622592,4096.000000,172881.862302,180166.328883,194735.262044
ambiguity,dominant_peer_ratio,0.7,9,engagement_g05_d0.25,2932,149,173554.584867,14185.265186,95.203122,610304,4096.000000,180647.217460,187739.850053,201925.115239
ambiguity,dominant_peer_ratio,0.7,9,engagement_g05_d0.5,2932,149,178860.195525,14185.265186,95.203122,610304,4096.000000,185952.828118,193045.460711,207230.725897
ambiguity,dominant_peer_ratio,0.7,9,engagement_g05_d1.0,2932,149,187448.980095,14185.265186,95.203122,610304,4096.000000,194541.612688,201634.245281,215819.510467
ambiguity,dominant_peer_ratio,0.7,9,engagement_g05_d2.0,2932,149,204602.750038,14185.265186,95.203122,610304,4096.000000,211695.382631,218788.015224,232973.280410
ambiguity,dominant_peer_ratio,0.7,9,engagement_g05_d5.0,2932,144,260711.564052,14032.446205,97.447543,589824,4096.000000,267727.787154,274744.010257,288776.456462
ambiguity,dominant_peer_ratio,0.7,9,engagement_g05_d10.0,2932,30,296716.257437,3317.207252,110.573575,122880,4096.000000,298374.861063,300033.464689,303350.671941
ambiguity,dominant_peer_ratio,0.7,9,oracle_a1,2932,833,48591.846788,25549.240190,30.671357,3411968,4096.000000,61366.466883,74141.086978,99690.327168
ambiguity,dominant_peer_ratio,0.7,9,oracle_a0.5,2932,1349,30098.612836,55082.041404,40.831758,5525504,4096.000000,57639.633538,85180.654240,140262.695644
ambiguity,dominant_peer_ratio,0.7,9,oracle_a2,2932,524,63698.057983,14692.880626,28.039849,2146304,4096.000000,71044.498296,78390.938609,93083.819235
ambiguity,dominant_peer_ratio,0.7,10,static,3006,0,314195.020942,0.000000,,0,,314195.020942,314195.020942,314195.020942
ambiguity,dominant_peer_ratio,0.7,10,nearest,3006,5,256994.713021,428.686323,85.737265,20480,4096.000000,257209.056182,257423.399344,257852.085667
ambiguity,dominant_peer_ratio,0.7,10,naive_target_aware,3006,164,157834.510987,17069.435038,104.081921,671744,4096.000000,166369.228506,174903.946025,191973.381063
ambiguity,dominant_peer_ratio,0.7,10,engagement_g00_d0.0,3006,164,157834.510987,17069.435038,104.081921,671744,4096.000000,166369.228506,174903.946025,191973.381063
ambiguity,dominant_peer_ratio,0.7,10,engagement_g00_d0.25,3006,154,174930.752833,15991.803577,103.842880,630784,4096.000000,182926.654621,190922.556410,206914.359987
ambiguity,dominant_peer_ratio,0.7,10,engagement_g00_d0.5,3006,153,179686.437619,15944.264356,104.210878,626688,4096.000000,187658.569797,195630.701975,211574.966331
ambiguity,dominant_peer_ratio,0.7,10,engagement_g00_d1.0,3006,152,191955.956489,16030.521037,105.463954,622592,4096.000000,199971.217007,207986.477526,224016.998563
ambiguity,dominant_peer_ratio,0.7,10,engagement_g00_d2.0,3006,150,213202.142373,15889.375512,105.929170,614400,4096.000000,221146.830129,229091.517885,244980.893397
ambiguity,dominant_peer_ratio,0.7,10,engagement_g00_d5.0,3006,148,274467.686128,15521.443874,104.874621,606208,4096.000000,282228.408065,289989.130002,305510.573876
ambiguity,dominant_peer_ratio,0.7,10,engagement_g00_d10.0,3006,56,302036.302594,5422.338564,96.827474,229376,4096.000000,304747.471876,307458.641158,312880.979722
ambiguity,dominant_peer_ratio,0.7,10,engagement_g05_d0.0,3006,152,171563.566762,15941.396130,104.877606,622592,4096.000000,179534.264827,187504.962892,203446.359022
ambiguity,dominant_peer_ratio,0.7,10,engagement_g05_d0.25,3006,152,179423.736503,15941.396130,104.877606,622592,4096.000000,187394.434568,195365.132633,211306.528763
ambiguity,dominant_peer_ratio,0.7,10,engagement_g05_d0.5,3006,151,183660.070541,15893.856909,105.257331,618496,4096.000000,191606.998995,199553.927450,215447.784359
ambiguity,dominant_peer_ratio,0.7,10,engagement_g05_d1.0,3006,151,194677.985215,15893.856909,105.257331,618496,4096.000000,202624.913669,210571.842124,226465.699033
ambiguity,dominant_peer_ratio,0.7,10,engagement_g05_d2.0,3006,149,214547.201865,15677.763384,105.219888,610304,4096.000000,222386.083557,230224.965249,245902.728633
ambiguity,dominant_peer_ratio,0.7,10,engagement_g05_d5.0,3006,146,274271.448092,15240.530532,104.387195,598016,4096.000000,281891.713358,289511.978624,304752.509156
ambiguity,dominant_peer_ratio,0.7,10,engagement_g05_d10.0,3006,27,317464.545843,2850.726231,105.582453,110592,4096.000000,318889.908959,320315.272074,323165.998305
ambiguity,dominant_peer_ratio,0.7,10,oracle_a1,3006,783,50490.241060,26128.757792,33.370061,3207168,4096.000000,63554.619956,76618.998852,102747.756644
ambiguity,dominant_peer_ratio,0.7,10,oracle_a0.5,3006,1322,30401.268180,57344.865668,43.377357,5414912,4096.000000,59073.701014,87746.133848,145090.999516
ambiguity,dominant_peer_ratio,0.7,10,oracle_a2,3006,449,67863.855212,13565.307737,30.212267,1839104,4096.000000,74646.509081,81429.162949,94994.470686
ambiguity,dominant_peer_ratio,0.7,11,static,3002,0,314986.503832,0.000000,,0,,314986.503832,314986.503832,314986.503832
ambiguity,dominant_peer_ratio,0.7,11,nearest,3002,39,302727.537390,5006.591899,128.374151,159744,4096.000000,305230.833339,307734.129289,312740.721188
ambiguity,dominant_peer_ratio,0.7,11,naive_target_aware,3002,176,169242.379200,19400.006926,110.227312,720896,4096.000000,178942.382663,188642.386126,208042.393052
ambiguity,dominant_peer_ratio,0.7,11,engagement_g00_d0.0,3002,176,169242.379200,19400.006926,110.227312,720896,4096.000000,178942.382663,188642.386126,208042.393052
ambiguity,dominant_peer_ratio,0.7,11,engagement_g00_d0.25,3002,153,185427.644627,17447.086459,114.033245,626688,4096.000000,194151.187857,202874.731086,220321.817545
ambiguity,dominant_peer_ratio,0.7,11,engagement_g00_d0.5,3002,152,191535.506074,17256.760194,113.531317,622592,4096.000000,200163.886171,208792.266268,226049.026462
ambiguity,dominant_peer_ratio,0.7,11,engagement_g00_d1.0,3002,151,202536.119211,17259.446963,114.300973,618496,4096.000000,211165.842692,219795.566174,237055.013137
ambiguity,dominant_peer_ratio,0.7,11,engagement_g00_d2.0,3002,150,227745.675992,17074.265960,113.828440,614400,4096.000000,236282.808972,244819.941952,261894.207912
ambiguity,dominant_peer_ratio,0.7,11,engagement_g00_d5.0,3002,146,293321.467549,16676.720230,114.224111,598016,4096.000000,301659.827664,309998.187779,326674.908009
ambiguity,dominant_peer_ratio,0.7,11,engagement_g00_d10.0,3002,55,305489.828196,5535.493384,100.645334,225280,4096.000000,308257.574888,311025.321580,316560.814964
ambiguity,dominant_peer_ratio,0.7,11,engagement_g05_d0.0,3002,155,183734.947638,17391.252775,112.201631,634880,4096.000000,192430.574026,201126.200413,218517.453188
ambiguity,dominant_peer_ratio,0.7,11,engagement_g05_d0.25,3002,151,191033.907585,17264.592225,114.335048,618496,4096.000000,199666.203697,208298.499810,225563.092035
ambiguity,dominant_peer_ratio,0.7,11,engagement_g05_d0.5,3002,150,195757.850287,17074.265960,113.828440,614400,4096.000000,204294.983267,212832.116247,229906.382207
ambiguity,dominant_peer_ratio,0.7,11,engagement_g05_d1.0,3002,149,205381.067098,17067.564799,114.547415,610304,4096.000000,213914.849497,222448.631897,239516.196696
ambiguity,dominant_peer_ratio,0.7,11,engagement_g05_d2.0,3002,148,229716.281097,16846.441365,113.827307,606208,4096.000000,238139.501780,246562.722462,263409.163827
ambiguity,dominant_peer_ratio,0.7,11,engagement_g05_d5.0,3002,140,293469.285756,15959.378159,113.995558,573440,4096.000000,301448.974835,309428.663915,325388.042074
ambiguity,dominant_peer_ratio,0.7,11,engagement_g05_d10.0,3002,34,314139.202674,3700.401695,108.835344,139264,4096.000000,315989.403521,317839.604369,321540.006064
ambiguity,dominant_peer_ratio,0.7,11,oracle_a1,3002,889,49151.251228,25980.094181,29.223953,3641344,4096.000000,62141.298318,75131.345409,101111.439590
ambiguity,dominant_peer_ratio,0.7,11,oracle_a0.5,3002,1391,30412.351833,55237.848901,39.710891,5697536,4096.000000,58031.276284,85650.200734,140888.049635
ambiguity,dominant_peer_ratio,0.7,11,oracle_a2,3002,575,65268.124251,14453.199677,25.135999,2355200,4096.000000,72494.724089,79721.323928,94174.523605
ambiguity,dominant_peer_ratio,0.7,12,static,3026,0,301208.071246,0.000000,,0,,301208.071246,301208.071246,301208.071246
ambiguity,dominant_peer_ratio,0.7,12,nearest,3026,5,336336.405195,705.318650,141.063730,20480,4096.000000,336689.064520,337041.723845,337747.042495
ambiguity,dominant_peer_ratio,0.7,12,naive_target_aware,3026,165,158339.530859,16923.670717,102.567701,675840,4096.000000,166801.366218,175263.201576,192186.872293
ambiguity,dominant_peer_ratio,0.7,12,engagement_g00_d0.0,3026,165,158339.530859,16923.670717,102.567701,675840,4096.000000,166801.366218,175263.201576,192186.872293
ambiguity,dominant_peer_ratio,0.7,12,engagement_g00_d0.25,3026,153,174199.646956,15931.650007,104.128431,626688,4096.000000,182165.471960,190131.296963,206062.946970
ambiguity,dominant_peer_ratio,0.7,12,engagement_g00_d0.5,3026,152,179250.047373,15974.960582,105.098425,622592,4096.000000,187237.527664,195225.007955,211199.968537
ambiguity,dominant_peer_ratio,0.7,12,engagement_g00_d1.0,3026,150,191352.807262,15749.119482,104.994130,614400,4096.000000,199227.367003,207101.926744,222851.046226
ambiguity,dominant_peer_ratio,0.7,12,engagement_g00_d2.0,3026,150,216032.693475,15749.119482,104.994130,614400,4096.000000,223907.253216,231781.812957,247530.932439
ambiguity,dominant_peer_ratio,0.7,12,engagement_g00_d5.0,3026,147,279074.972649,15555.662637,105.820834,602112,4096.000000,286852.803968,294630.635286,310186.297923
ambiguity,dominant_peer_ratio,0.7,12,engagement_g00_d10.0,3026,55,296442.393401,4670.605789,84.920105,225280,4096.000000,298777.696295,301112.999190,305783.604979
ambiguity,dominant_peer_ratio,0.7,12,engagement_g05_d0.0,3026,152,172747.950885,15989.552119,105.194422,622592,4096.000000,180742.726945,188737.503004,204727.055123
ambiguity,dominant_peer_ratio,0.7,12,engagement_g05_d0.25,3026,150,179269.986761,15749.119482,104.994130,614400,4096.000000,187144.546502,195019.106243,210768.225725
ambiguity,dominant_peer_ratio,0.7,12,engagement_g05_d0.5,3026,150,182783.301199,15749.119482,104.994130,614400,4096.000000,190657.860940,198532.420681,214281.540163
ambiguity,dominant_peer_ratio,0.7,12,engagement_g05_d1.0,3026,150,193305.239654,15749.119482,104.994130,614400,4096.000000,201179.799395,209054.359136,224803.478618
ambiguity,dominant_peer_ratio,0.7,12,engagement_g05_d2.0,3026,150,217515.024289,15749.119482,104.994130,614400,4096.000000,225389.584030,233264.143771,249013.263253
ambiguity,dominant_peer_ratio,0.7,12,engagement_g05_d5.0,3026,147,279522.367070,15555.662637,105.820834,602112,4096.000000,287300.198389,295078.029707,310633.692344
ambiguity,dominant_peer_ratio,0.7,12,engagement_g05_d10.0,3026,25,282607.756878,2470.092953,98.803718,102400,4096.000000,283842.803355,285077.849831,287547.942784
ambiguity,dominant_peer_ratio,0.7,12,oracle_a1,3026,1006,46674.544704,24945.417941,24.796638,4120576,4096.000000,59147.253674,71619.962645,96565.380586
ambiguity,dominant_peer_ratio,0.7,12,oracle_a0.5,3026,1474,30572.029273,50014.041637,33.930829,6037504,4096.000000,55579.050091,80586.070910,130600.112547
ambiguity,dominant_peer_ratio,0.7,12,oracle_a2,3026,660,61700.504187,14051.988030,21.290891,2703360,4096.000000,68726.498202,75752.492217,89804.480247
ambiguity,dominant_peer_ratio,0.7,13,static,3014,0,287615.034274,0.000000,,0,,287615.034274,287615.034274,287615.034274
ambiguity,dominant_peer_ratio,0.7,13,nearest,3014,23,307096.238987,3206.880352,139.429581,94208,4096.000000,308699.679163,310303.119339,313509.999691
ambiguity,dominant_peer_ratio,0.7,13,naive_target_aware,3014,168,150242.538915,15867.280636,94.448099,688128,4096.000000,158176.179233,166109.819551,181977.100187
ambiguity,dominant_peer_ratio,0.7,13,engagement_g00_d0.0,3014,168,150242.538915,15867.280636,94.448099,688128,4096.000000,158176.179233,166109.819551,181977.100187
ambiguity,dominant_peer_ratio,0.7,13,engagement_g00_d0.25,3014,152,162953.311344,14172.526597,93.240307,622592,4096.000000,170039.574642,177125.837941,191298.364538
ambiguity,dominant_peer_ratio,0.7,13,engagement_g00_d0.5,3014,151,167049.398443,14002.075815,92.728979,618496,4096.000000,174050.436351,181051.474258,195053.550073
ambiguity,dominant_peer_ratio,0.7,13,engagement_g00_d1.0,3014,150,175574.741972,14049.553750,93.663692,614400,4096.000000,182599.518847,189624.295722,203673.849472
ambiguity,dominant_peer_ratio,0.7,13,engagement_g00_d2.0,3014,150,197795.244752,14049.553750,93.663692,614400,4096.000000,204820.021627,211844.798502,225894.352252
ambiguity,dominant_peer_ratio,0.7,13,engagement_g00_d5.0,3014,147,256310.981316,13705.802963,93.236755,602112,4096.000000,263163.882798,270016.784279,283722.587242
ambiguity,dominant_peer_ratio,0.7,13,engagement_g00_d10.0,3014,55,280443.082941,5298.730892,96.340562,225280,4096.000000,283092.448387,285741.813833,291040.544725
ambiguity,dominant_peer_ratio,0.7,13,engagement_g05_d0.0,3014,154,160815.742644,14408.784777,93.563538,630784,4096.000000,168020.135032,175224.527421,189633.312198
ambiguity,dominant_peer_ratio,0.7,13,engagement_g05_d0.25,3014,150,167436.777312,14049.553750,93.663692,614400,4096.000000,174461.554187,181486.331062,195535.884812
ambiguity,dominant_peer_ratio,0.7,13,engagement_g05_d0.5,3014,150,170417.060486,14049.553750,93.663692,614400,4096.000000,177441.837361,184466.614236,198516.167986
ambiguity,dominant_peer_ratio,0.7,13,engagement_g05_d1.0,3014,150,177339.371552,14049.553750,93.663692,614400,4096.000000,184364.148427,191388.925302,205438.479052
ambiguity,dominant_peer_ratio,0.7,13,engagement_g05_d2.0,3014,150,198981.770757,14049.553750,93.663692,614400,4096.000000,206006.547632,213031.324507,227080.878257
ambiguity,dominant_peer_ratio,0.7,13,engagement_g05_d5.0,3014,141,253799.858013,12974.428953,92.017227,577536,4096.000000,260287.072490,266774.286966,279748.715919
ambiguity,dominant_peer_ratio,0.7,13,engagement_g05_d10.0,3014,30,304329.794122,2946.149796,98.204993,122880,4096.000000,305802.869020,307275.943918,310222.093714
ambiguity,dominant_peer_ratio,0.7,13,oracle_a1,3014,940,46362.033991,24949.840687,26.542384,3850240,4096.000000,58836.954334,71311.874678,96261.715365
ambiguity,dominant_peer_ratio,0.7,13,oracle_a0.5,3014,1389,28913.113495,51736.890314,37.247581,5689344,4096.000000,54781.558652,80650.003809,132386.894123
ambiguity,dominant_peer_ratio,0.7,13,oracle_a2,3014,614,61620.759191,14209.402032,23.142349,2514944,4096.000000,68725.460207,75830.161223,90039.563255
ambiguity,dominant_peer_ratio,0.7,14,static,3050,0,314589.294700,0.000000,,0,,314589.294700,314589.294700,314589.294700
ambiguity,dominant_peer_ratio,0.7,14,nearest,3050,5,340208.548092,534.284486,106.856897,20480,4096.000000,340475.690335,340742.832578,341277.117064
ambiguity,dominant_peer_ratio,0.7,14,naive_target_aware,3050,160,168039.080161,16116.700963,100.729381,655360,4096.000000,176097.430642,184155.781124,200272.482087
ambiguity,dominant_peer_ratio,0.7,14,engagement_g00_d0.0,3050,160,168039.080161,16116.700963,100.729381,655360,4096.000000,176097.430642,184155.781124,200272.482087
ambiguity,dominant_peer_ratio,0.7,14,engagement_g00_d0.25,3050,152,186180.470352,15349.904291,100.986212,622592,4096.000000,193855.422497,201530.374643,216880.278934
ambiguity,dominant_peer_ratio,0.7,14,engagement_g00_d0.5,3050,150,190207.762056,15248.578246,101.657188,614400,4096.000000,197832.051179,205456.340302,220704.918548
ambiguity,dominant_peer_ratio,0.7,14,engagement_g00_d1.0,3050,150,199681.324677,15248.578246,101.657188,614400,4096.000000,207305.613800,214929.902923,230178.481169
ambiguity,dominant_peer_ratio,0.7,14,engagement_g00_d2.0,3050,150,218784.618857,15248.578246,101.657188,614400,4096.000000,226408.907980,234033.197103,249281.775349
ambiguity,dominant_peer_ratio,0.7,14,engagement_g00_d5.0,3050,148,281706.928637,14912.367983,100.759243,606208,4096.000000,289163.112628,296619.296620,311531.664603
ambiguity,dominant_peer_ratio,0.7,14,engagement_g00_d10.0,3050,58,346407.250882,6777.095495,116.846474,237568,4096.000000,349795.798629,353184.346377,359961.441872
ambiguity,dominant_peer_ratio,0.7,14,engagement_g05_d0.0,3050,153,179966.202618,15563.953430,101.725186,626688,4096.000000,187748.179333,195530.156048,211094.109478
ambiguity,dominant_peer_ratio,0.7,14,engagement_g05_d0.25,3050,150,188383.841704,15248.578246,101.657188,614400,4096.000000,196008.130827,203632.419950,218880.998196
ambiguity,dominant_peer_ratio,0.7,14,engagement_g05_d0.5,3050,150,192338.997317,15248.578246,101.657188,614400,4096.000000,199963.286440,207587.575563,222836.153809
ambiguity,dominant_peer_ratio,0.7,14,engagement_g05_d1.0,3050,150,201593.484946,15248.578246,101.657188,614400,4096.000000,209217.774069,216842.063192,232090.641438
ambiguity,dominant_peer_ratio,0.7,14,engagement_g05_d2.0,3050,150,219623.253700,15248.578246,101.657188,614400,4096.000000,227247.542823,234871.831946,250120.410192
ambiguity,dominant_peer_ratio,0.7,14,engagement_g05_d5.0,3050,147,282022.277842,14798.277893,100.668557,602112,4096.000000,289421.416788,296820.555735,311618.833628
ambiguity,dominant_peer_ratio,0.7,14,engagement_g05_d10.0,3050,28,332810.741515,3299.434757,117.836956,114688,4096.000000,334460.458893,336110.176272,339409.611029
ambiguity,dominant_peer_ratio,0.7,14,oracle_a1,3050,970,55737.984769,29907.851586,30.832837,3973120,4096.000000,70691.910562,85645.836355,115553.687941
ambiguity,dominant_peer_ratio,0.7,14,oracle_a0.5,3050,1472,32996.896721,64339.293348,43.708759,6029312,4096.000000,65166.543395,97336.190069,161675.483417
ambiguity,dominant_peer_ratio,0.7,14,oracle_a2,3050,596,75852.198878,15216.167380,25.530482,2441216,4096.000000,83460.282568,91068.366258,106284.533638
ambiguity,dominant_peer_ratio,0.7,15,static,3022,0,308772.942411,0.000000,,0,,308772.942411,308772.942411,308772.942411
ambiguity,dominant_peer_ratio,0.7,15,nearest,3022,4,330857.341954,590.155156,147.538789,16384,4096.000000,331152.419532,331447.497110,332037.652266
ambiguity,dominant_peer_ratio,0.7,15,naive_target_aware,3022,164,166664.645341,16516.026773,100.707480,671744,4096.000000,174922.658728,183180.672114,199696.698887
ambiguity,dominant_peer_ratio,0.7,15,engagement_g00_d0.0,3022,164,166664.645341,16516.026773,100.707480,671744,4096.000000,174922.658728,183180.672114,199696.698887
ambiguity,dominant_peer_ratio,0.7,15,engagement_g00_d0.25,3022,154,182674.632319,15876.823318,103.096255,630784,4096.000000,190613.043978,198551.455637,214428.278955
ambiguity,dominant_peer_ratio,0.7,15,engagement_g00_d0.5,3022,151,189440.878219,15805.991364,104.675439,618496,4096.000000,197343.873901,205246.869583,221052.860947
ambiguity,dominant_peer_ratio,0.7,15,engagement_g00_d1.0,3022,151,197667.048363,15805.991364,104.675439,618496,4096.000000,205570.044045,213473.039727,229279.031091
ambiguity,dominant_peer_ratio,0.7,15,engagement_g00_d2.0,3022,151,217836.425955,15805.991364,104.675439,618496,4096.000000,225739.421637,233642.417319,249448.408683
ambiguity,dominant_peer_ratio,0.7,15,engagement_g00_d5.0,3022,148,279554.066813,15618.330769,105.529262,606208,4096.000000,287363.232197,295172.397582,310790.728351
ambiguity,dominant_peer_ratio,0.7,15,engagement_g00_d10.0,3022,61,354475.057192,7327.194449,120.117942,249856,4096.000000,358138.654416,361802.251641,369129.446090
ambiguity,dominant_peer_ratio,0.7,15,engagement_g05_d0.0,3022,149,180345.112574,15557.363291,104.411834,610304,4096.000000,188123.794219,195902.475865,211459.839156
ambiguity,dominant_peer_ratio,0.7,15,engagement_g05_d0.25,3022,148,187994.369706,15425.631744,104.227242,606208,4096.000000,195707.185578,203420.001450,218845.633194
ambiguity,dominant_peer_ratio,0.7,15,engagement_g05_d0.5,3022,148,193260.755012,15425.631744,104.227242,606208,4096.000000,200973.570884,208686.386756,224112.018500
ambiguity,dominant_peer_ratio,0.7,15,engagement_g05_d1.0,3022,148,200510.287361,15425.631744,104.227242,606208,4096.000000,208223.103233,215935.919105,231361.550849
ambiguity,dominant_peer_ratio,0.7,15,engagement_g05_d2.0,3022,148,219301.110609,15425.631744,104.227242,606208,4096.000000,227013.926481,234726.742353,250152.374097
ambiguity,dominant_peer_ratio,0.7,15,engagement_g05_d5.0,3022,143,282505.225891,15272.270049,106.799091,585728,4096.000000,290141.360915,297777.495940,313049.765989
ambiguity,dominant_peer_ratio,0.7,15,engagement_g05_d10.0,3022,35,338169.572119,3909.382736,111.696650,143360,4096.000000,340124.263487,342078.954855,345988.337591
ambiguity,dominant_peer_ratio,0.7,15,oracle_a1,3022,912,52461.487305,27807.426350,30.490599,3735552,4096.000000,66365.200480,80268.913655,108076.340005
ambiguity,dominant_peer_ratio,0.7,15,oracle_a0.5,3022,1427,32844.184303,58536.602292,41.020744,5844992,4096.000000,62112.485449,91380.786595,149917.388887
ambiguity,dominant_peer_ratio,0.7,15,oracle_a2,3022,594,68588.578002,16169.587497,27.221528,2433024,4096.000000,76673.371751,84758.165499,100927.752996
ambiguity,dominant_peer_ratio,0.7,16,static,3097,0,277924.909798,0.000000,,0,,277924.909798,277924.909798,277924.909798
ambiguity,dominant_peer_ratio,0.7,16,nearest,3097,5,293938.193877,504.173724,100.834745,20480,4096.000000,294190.280739,294442.367601,294946.541325
ambiguity,dominant_peer_ratio,0.7,16,naive_target_aware,3097,155,149178.801124,14673.305347,94.666486,634880,4096.000000,156515.453798,163852.106471,178525.411818
ambiguity,dominant_peer_ratio,0.7,16,engagement_g00_d0.0,3097,155,149178.801124,14673.305347,94.666486,634880,4096.000000,156515.453798,163852.106471,178525.411818
ambiguity,dominant_peer_ratio,0.7,16,engagement_g00_d0.25,3097,150,164288.453165,14386.638630,95.910924,614400,4096.000000,171481.772480,178675.091795,193061.730425
ambiguity,dominant_peer_ratio,0.7,16,engagement_g00_d0.5,3097,149,169872.005019,14067.162860,94.410489,610304,4096.000000,176905.586449,183939.167879,198006.330739
ambiguity,dominant_peer_ratio,0.7,16,engagement_g00_d1.0,3097,148,180796.862296,14002.656542,94.612544,606208,4096.000000,187798.190567,194799.518838,208802.175380
ambiguity,dominant_peer_ratio,0.7,16,engagement_g00_d2.0,3097,148,203471.518495,14002.656542,94.612544,606208,4096.000000,210472.846766,217474.175037,231476.831579
ambiguity,dominant_peer_ratio,0.7,16,engagement_g00_d5.0,3097,147,262548.756481,13982.409300,95.118431,602112,4096.000000,269539.961131,276531.165781,290513.575081
ambiguity,dominant_peer_ratio,0.7,16,engagement_g00_d10.0,3097,55,285783.662935,5224.901293,94.998205,225280,4096.000000,288396.113582,291008.564228,296233.465521
ambiguity,dominant_peer_ratio,0.7,16,engagement_g05_d0.0,3097,150,160803.649913,14237.648133,94.917654,614400,4096.000000,167922.473980,175041.298046,189278.946179
ambiguity,dominant_peer_ratio,0.7,16,engagement_g05_d0.25,3097,148,167528.742639,14002.656542,94.612544,606208,4096.000000,174530.070910,181531.399181,195534.055723
ambiguity,dominant_peer_ratio,0.7,16,engagement_g05_d0.5,3097,148,172746.962180,14002.656542,94.612544,606208,4096.000000,179748.290451,186749.618722,200752.275264
ambiguity,dominant_peer_ratio,0.7,16,engagement_g05_d1.0,3097,148,182315.172883,14002.656542,94.612544,606208,4096.000000,189316.501154,196317.829425,210320.485967
ambiguity,dominant_peer_ratio,0.7,16,engagement_g05_d2.0,3097,147,203759.755768,13887.520173,94.472926,602112,4096.000000,210703.515854,217647.275941,231534.796114
ambiguity,dominant_peer_ratio,0.7,16,engagement_g05_d5.0,3097,141,261091.152168,13033.374458,92.435280,577536,4096.000000,267607.839397,274124.526626,287157.901084
ambiguity,dominant_peer_ratio,0.7,16,engagement_g05_d10.0,3097,31,304933.520585,2799.086388,90.293109,126976,4096.000000,306333.063779,307732.606973,310531.693361
ambiguity,dominant_peer_ratio,0.7,16,oracle_a1,3097,924,46780.021473,23978.352913,25.950598,3784704,4096.000000,58769.197930,70758.374386,94736.727299
ambiguity,dominant_peer_ratio,0.7,16,oracle_a0.5,3097,1385,29706.117944,50242.505351,36.276177,5672960,4096.000000,54827.370620,79948.623295,130191.128646
ambiguity,dominant_peer_ratio,0.7,16,oracle_a2,3097,534,63273.314219,12547.936574,23.498009,2187264,4096.000000,69547.282506,75821.250793,88369.187367
ambiguity,dominant_peer_ratio,0.7,17,static,2945,0,337754.953119,0.000000,,0,,337754.953119,337754.953119,337754.953119
ambiguity,dominant_peer_ratio,0.7,17,nearest,2945,4,263982.394988,392.637675,98.159419,16384,4096.000000,264178.713826,264375.032663,264767.670338
ambiguity,dominant_peer_ratio,0.7,17,naive_target_aware,2945,157,161357.281443,18171.642741,115.742947,643072,4096.000000,170443.102814,179528.924184,197700.566925
ambiguity,dominant_peer_ratio,0.7,17,engagement_g00_d0.0,2945,157,161357.281443,18171.642741,115.742947,643072,4096.000000,170443.102814,179528.924184,197700.566925
ambiguity,dominant_peer_ratio,0.7,17,engagement_g00_d0.25,2945,153,178821.122900,17697.739108,115.671497,626688,4096.000000,187669.992454,196518.862008,214216.601116
ambiguity,dominant_peer_ratio,0.7,17,engagement_g00_d0.5,2945,153,183516.902958,17697.739108,115.671497,626688,4096.000000,192365.772512,201214.642066,218912.381174
ambiguity,dominant_peer_ratio,0.7,17,engagement_g00_d1.0,2945,152,194216.047928,17610.765534,115.860300,622592,4096.000000,203021.430695,211826.813462,229437.578996
ambiguity,dominant_peer_ratio,0.7,17,engagement_g00_d2.0,2945,150,218663.944344,17423.874319,116.159162,614400,4096.000000,227375.881504,236087.818663,253511.692982
ambiguity,dominant_peer_ratio,0.7,17,engagement_g00_d5.0,2945,146,284735.095088,16928.374250,115.947769,598016,4096.000000,293199.282213,301663.469338,318591.843588
ambiguity,dominant_peer_ratio,0.7,17,engagement_g00_d10.0,2945,50,275527.716593,4307.270265,86.145405,204800,4096.000000,277681.351726,279834.986858,284142.257123
ambiguity,dominant_peer_ratio,0.7,17,engagement_g05_d0.0,2945,152,175124.498856,17573.221292,115.613298,622592,4096.000000,183911.109502,192697.720148,210270.941440
ambiguity,dominant_peer_ratio,0.7,17,engagement_g05_d0.25,2945,150,183886.693130,17423.874319,116.159162,614400,4096.000000,192598.630290,201310.567449,218734.441768
ambiguity,dominant_peer_ratio,0.7,17,engagement_g05_d0.5,2945,150,187547.799816,17423.874319,116.159162,614400,4096.000000,196259.736976,204971.674135,222395.548454
ambiguity,dominant_peer_ratio,0.7,17,engagement_g05_d1.0,2945,150,197598.462672,17423.874319,116.159162,614400,4096.000000,206310.399832,215022.336991,232446.211310
ambiguity,dominant_peer_ratio,0.7,17,engagement_g05_d2.0,2945,150,220531.033717,17423.874319,116.159162,614400,4096.000000,229242.970877,237954.908036,255378.782355
ambiguity,dominant_peer_ratio,0.7,17,engagement_g05_d5.0,2945,143,285143.226075,16423.989468,114.853073,585728,4096.000000,293355.220809,301567.215543,317991.205011
ambiguity,dominant_peer_ratio,0.7,17,engagement_g05_d10.0,2945,33,277185.707907,3270.865872,99.117148,135168,4096.000000,278821.140843,280456.573779,283727.439651
ambiguity,dominant_peer_ratio,0.7,17,oracle_a1,2945,919,47085.960433,25521.012874,27.770417,3764224,4096.000000,59846.466870,72606.973307,98127.986181
ambiguity,dominant_peer_ratio,0.7,17,oracle_a0.5,2945,1400,30350.241405,51973.287098,37.123776,5734400,4096.000000,56336.884954,82323.528503,134296.815601
ambiguity,dominant_peer_ratio,0.7,17,oracle_a2,2945,558,62402.361749,13965.408153,25.027613,2285568,4096.000000,69385.065826,76367.769902,90333.178055
ambiguity,dominant_peer_ratio,0.7,18,static,3040,0,310407.655561,0.000000,,0,,310407.655561,310407.655561,310407.655561
ambiguity,dominant_peer_ratio,0.7,18,nearest,3040,40,309318.335120,6346.862802,158.671570,163840,4096.000000,312491.766521,315665.197922,322012.060724
ambiguity,dominant_peer_ratio,0.7,18,naive_target_aware,3040,157,166994.303714,17736.833444,112.973461,643072,4096.000000,175862.720436,184731.137158,202467.970602
ambiguity,dominant_peer_ratio,0.7,18,engagement_g00_d0.0,3040,157,166994.303714,17736.833444,112.973461,643072,4096.000000,175862.720436,184731.137158,202467.970602
ambiguity,dominant_peer_ratio,0.7,18,engagement_g00_d0.25,3040,150,184903.063829,17207.928565,114.719524,614400,4096.000000,193507.028111,202110.992394,219318.920959
ambiguity,dominant_peer_ratio,0.7,18,engagement_g00_d0.5,3040,150,190355.840977,17207.928565,114.719524,614400,4096.000000,198959.805260,207563.769542,224771.698107
ambiguity,dominant_peer_ratio,0.7,18,engagement_g00_d1.0,3040,149,202251.676603,16968.534775,113.882784,610304,4096.000000,210735.943991,219220.211378,236188.746153
ambiguity,dominant_peer_ratio,0.7,18,engagement_g00_d2.0,3040,149,227920.776302,16968.534775,113.882784,610304,4096.000000,236405.043690,244889.311077,261857.845852
ambiguity,dominant_peer_ratio,0.7,18,engagement_g00_d5.0,3040,146,293920.267300,16596.508702,113.674717,598016,4096.000000,302218.521651,310516.776002,327113.284704
ambiguity,dominant_peer_ratio,0.7,18,engagement_g00_d10.0,3040,61,330301.838055,6691.076740,109.689783,249856,4096.000000,333647.376425,336992.914795,343683.991535
ambiguity,dominant_peer_ratio,0.7,18,engagement_g05_d0.0,3040,152,181121.281350,17155.139500,112.862760,622592,4096.000000,189698.851100,198276.420850,215431.560350
ambiguity,dominant_peer_ratio,0.7,18,engagement_g05_d0.25,3040,148,190472.636278,16700.757028,112.842953,606208,4096.000000,198823.014792,207173.393306,223874.150334
ambiguity,dominant_peer_ratio,0.7,18,engagement_g05_d0.5,3040,148,194929.731623,16700.757028,112.842953,606208,4096.000000,203280.110137,211630.488651,228331.245679
ambiguity,dominant_peer_ratio,0.7,18,engagement_g05_d1.0,3040,148,204771.246800,16700.757028,112.842953,606208,4096.000000,213121.625314,221472.003828,238172.760856
ambiguity,dominant_peer_ratio,0.7,18,engagement_g05_d2.0,3040,148,228197.357251,16700.757028,112.842953,606208,4096.000000,236547.735765,244898.114279,261598.871307
ambiguity,dominant_peer_ratio,0.7,18,engagement_g05_d5.0,3040,144,293337.944854,16265.086255,112.951988,589824,4096.000000,301470.487982,309603.031109,325868.117364
ambiguity,dominant_peer_ratio,0.7,18,engagement_g05_d10.0,3040,31,331578.951756,3560.576961,114.857321,126976,4096.000000,333359.240237,335139.528717,338700.105678
ambiguity,dominant_peer_ratio,0.7,18,oracle_a1,3040,982,43721.417663,24832.083478,25.287254,4022272,4096.000000,56137.459402,68553.501141,93385.584619
ambiguity,dominant_peer_ratio,0.7,18,oracle_a0.5,3040,1393,30270.882865,45357.594067,32.561087,5705728,4096.000000,52949.679899,75628.476932,120986.070999
ambiguity,dominant_peer_ratio,0.7,18,oracle_a2,3040,689,57434.041962,15168.453296,22.015172,2822144,4096.000000,65018.268610,72602.495258,87770.948554
ambiguity,dominant_peer_ratio,0.7,19,static,2979,0,325821.402796,0.000000,,0,,325821.402796,325821.402796,325821.402796
ambiguity,dominant_peer_ratio,0.7,19,nearest,2979,16,302867.980160,686.408051,42.900503,65536,4096.000000,303211.184185,303554.388211,304240.796262
ambiguity,dominant_peer_ratio,0.7,19,naive_target_aware,2979,169,173886.723092,20803.137074,123.095486,692224,4096.000000,184288.291629,194689.860166,215492.997240
ambiguity,dominant_peer_ratio,0.7,19,engagement_g00_d0.0,2979,169,173886.723092,20803.137074,123.095486,692224,4096.000000,184288.291629,194689.860166,215492.997240
ambiguity,dominant_peer_ratio,0.7,19,engagement_g00_d0.25,2979,153,194652.944066,19476.259953,127.295817,626688,4096.000000,204391.074042,214129.204019,233605.463972
ambiguity,dominant_peer_ratio,0.7,19,engagement_g00_d0.5,2979,151,201081.869922,19358.156570,128.199712,618496,4096.000000,210760.948207,220440.026492,239798.183062
ambiguity,dominant_peer_ratio,0.7,19,engagement_g00_d1.0,2979,150,214258.675342,19206.019935,128.040133,614400,4096.000000,223861.685309,233464.695277,252670.715212
ambiguity,dominant_peer_ratio,0.7,19,engagement_g00_d2.0,2979,150,243075.637726,19206.019935,128.040133,614400,4096.000000,252678.647693,262281.657661,281487.677596
ambiguity,dominant_peer_ratio,0.7,19,engagement_g00_d5.0,2979,148,317946.272952,19111.509105,129.131818,606208,4096.000000,327502.027504,337057.782057,356169.291162
ambiguity,dominant_peer_ratio,0.7,19,engagement_g00_d10.0,2979,57,314859.441762,5641.153813,98.967611,233472,4096.000000,317680.018668,320500.595575,326141.749388
ambiguity,dominant_peer_ratio,0.7,19,engagement_g05_d0.0,2979,151,192737.217454,19353.113807,128.166317,618496,4096.000000,202413.774357,212090.331261,231443.445068
ambiguity,dominant_peer_ratio,0.7,19,engagement_g05_d0.25,2979,150,200837.779616,19206.019935,128.040133,614400,4096.000000,210440.789583,220043.799551,239249.819486
ambiguity,dominant_peer_ratio,0.7,19,engagement_g05_d0.5,2979,150,205444.468241,19206.019935,128.040133,614400,4096.000000,215047.478208,224650.488176,243856.508111
ambiguity,dominant_peer_ratio,0.7,19,engagement_g05_d1.0,2979,150,216645.890042,19206.019935,128.040133,614400,4096.000000,226248.900009,235851.909977,255057.929912
ambiguity,dominant_peer_ratio,0.7,19,engagement_g05_d2.0,2979,150,244103.514550,19206.019935,128.040133,614400,4096.000000,253706.524517,263309.534485,282515.554420
ambiguity,dominant_peer_ratio,0.7,19,engagement_g05_d5.0,2979,145,318119.549375,18735.544366,129.210651,593920,4096.000000,327487.321558,336855.093741,355590.638107
ambiguity,dominant_peer_ratio,0.7,19,engagement_g05_d10.0,2979,32,316348.771803,3477.081767,108.658805,131072,4096.000000,318087.312686,319825.853570,323302.935337
ambiguity,dominant_peer_ratio,0.7,19,oracle_a1,2979,1006,44000.009472,24078.603238,23.934993,4120576,4096.000000,56039.311091,68078.612710,92157.215948
ambiguity,dominant_peer_ratio,0.7,19,oracle_a0.5,2979,1382,29880.010550,45783.496940,33.128435,5660672,4096.000000,52771.759020,75663.507490,121447.004430
ambiguity,dominant_peer_ratio,0.7,19,oracle_a2,2979,690,57592.522958,14667.881335,21.257799,2826240,4096.000000,64926.463626,72260.404293,86928.285628
ambiguity,dominant_peer_ratio,0.7,20,static,3045,0,322841.629500,0.000000,,0,,322841.629500,322841.629500,322841.629500
ambiguity,dominant_peer_ratio,0.7,20,nearest,3045,33,318682.195414,2949.911125,89.391246,135168,4096.000000,320157.150977,321632.106539,324582.017664
ambiguity,dominant_peer_ratio,0.7,20,naive_target_aware,3045,169,166728.171066,18418.045784,108.982519,692224,4096.000000,175937.193958,185146.216850,203564.262634
ambiguity,dominant_peer_ratio,0.7,20,engagement_g00_d0.0,3045,169,166728.171066,18418.045784,108.982519,692224,4096.000000,175937.193958,185146.216850,203564.262634
ambiguity,dominant_peer_ratio,0.7,20,engagement_g00_d0.25,3045,151,183140.603489,15816.506975,104.745079,618496,4096.000000,191048.856977,198957.110464,214773.617439
ambiguity,dominant_peer_ratio,0.7,20,engagement_g00_d0.5,3045,150,188257.201675,15876.078819,105.840525,614400,4096.000000,196195.241085,204133.280494,220009.359313
ambiguity,dominant_peer_ratio,0.7,20,engagement_g00_d1.0,3045,150,198434.382411,15876.078819,105.840525,614400,4096.000000,206372.421821,214310.461230,230186.540049
ambiguity,dominant_peer_ratio,0.7,20,engagement_g00_d2.0,3045,150,224313.613215,15876.078819,105.840525,614400,4096.000000,232251.652625,240189.692034,256065.770853
ambiguity,dominant_peer_ratio,0.7,20,engagement_g00_d5.0,3045,147,285056.794133,15507.638144,105.494137,602112,4096.000000,292810.613205,300564.432277,316072.070421
ambiguity,dominant_peer_ratio,0.7,20,engagement_g00_d10.0,3045,52,307499.187386,4513.522773,86.798515,212992,4096.000000,309755.948772,312012.710159,316526.232932
ambiguity,dominant_peer_ratio,0.7,20,engagement_g05_d0.0,3045,152,181203.939553,16104.047408,105.947680,622592,4096.000000,189255.963257,197307.986961,213412.034369
ambiguity,dominant_peer_ratio,0.7,20,engagement_g05_d0.25,3045,148,189567.726602,15555.816851,105.106871,606208,4096.000000,197345.635028,205123.543453,220679.360304
ambiguity,dominant_peer_ratio,0.7,20,engagement_g05_d0.5,3045,148,193477.999228,15555.816851,105.106871,606208,4096.000000,201255.907654,209033.816079,224589.632930
ambiguity,dominant_peer_ratio,0.7,20,engagement_g05_d1.0,3045,148,201488.500465,15555.816851,105.106871,606208,4096.000000,209266.408891,217044.317316,232600.134167
ambiguity,dominant_peer_ratio,0.7,20,engagement_g05_d2.0,3045,148,225859.804906,15555.816851,105.106871,606208,4096.000000,233637.713332,241415.621757,256971.438608
ambiguity,dominant_peer_ratio,0.7,20,engagement_g05_d5.0,3045,141,286113.824596,14888.882191,105.594909,577536,4096.000000,293558.265692,301002.706787,315891.588978
ambiguity,dominant_peer_ratio,0.7,20,engagement_g05_d10.0,3045,29,300940.969495,2223.463635,76.671160,118784,4096.000000,302052.701313,303164.433130,305387.896765
ambiguity,dominant_peer_ratio,0.7,20,oracle_a1,3045,855,52128.347029,27507.687378,32.172734,3502080,4096.000000,65882.190718,79636.034407,107143.721785
ambiguity,dominant_peer_ratio,0.7,20,oracle_a0.5,3045,1399,31751.908308,58831.517921,42.052550,5730304,4096.000000,61167.667268,90583.426229,149414.944150
ambiguity,dominant_peer_ratio,0.7,20,oracle_a2,3045,556,68137.568152,15917.956523,28.629418,2277376,4096.000000,76096.546413,84055.524675,99973.481198
ambiguity,dominant_peer_ratio,0.7,21,static,3058,0,339164.535886,0.000000,,0,,339164.535886,339164.535886,339164.535886
ambiguity,dominant_peer_ratio,0.7,21,nearest,3058,22,299881.745752,1493.935382,67.906154,90112,4096.000000,300628.713443,301375.681134,302869.616516
ambiguity,dominant_peer_ratio,0.7,21,naive_target_aware,3058,158,171276.591491,19439.132434,123.032484,647168,4096.000000,180996.157708,190715.723925,210154.856359
ambiguity,dominant_peer_ratio,0.7,21,engagement_g00_d0.0,3058,158,171276.591491,19439.132434,123.032484,647168,4096.000000,180996.157708,190715.723925,210154.856359
ambiguity,dominant_peer_ratio,0.7,21,engagement_g00_d0.25,3058,149,188606.054296,18019.351717,120.935246,610304,4096.000000,197615.730155,206625.406013,224644.757730
ambiguity,dominant_peer_ratio,0.7,21,engagement_g00_d0.5,3058,149,195124.399421,18019.351717,120.935246,610304,4096.000000,204134.075280,213143.751138,231163.102855
ambiguity,dominant_peer_ratio,0.7,21,engagement_g00_d1.0,3058,149,208556.388205,18019.351717,120.935246,610304,4096.000000,217566.064064,226575.739922,244595.091639
ambiguity,dominant_peer_ratio,0.7,21,engagement_g00_d2.0,3058,149,232277.685976,18019.351717,120.935246,610304,4096.000000,241287.361835,250297.037693,268316.389410
ambiguity,dominant_peer_ratio,0.7,21,engagement_g00_d5.0,3058,148,310517.683637,17886.308445,120.853435,606208,4096.000000,319460.837860,328403.992082,346290.300527
ambiguity,dominant_peer_ratio,0.7,21,engagement_g00_d10.0,3058,57,336100.238274,5583.559442,97.957183,233472,4096.000000,338892.017995,341683.797716,347267.357158
ambiguity,dominant_peer_ratio,0.7,21,engagement_g05_d0.0,3058,149,183378.932245,18019.351717,120.935246,610304,4096.000000,192388.608104,201398.283962,219417.635679
ambiguity,dominant_peer_ratio,0.7,21,engagement_g05_d0.25,3058,149,192995.054391,18019.351717,120.935246,610304,4096.000000,202004.730250,211014.406108,229033.757825
ambiguity,dominant_peer_ratio,0.7,21,engagement_g05_d0.5,3058,149,199281.434027,18019.351717,120.935246,610304,4096.000000,208291.109886,217300.785744,235320.137461
ambiguity,dominant_peer_ratio,0.7,21,engagement_g05_d1.0,3058,149,210582.996619,18019.351717,120.935246,610304,4096.000000,219592.672478,228602.348336,246621.700053
ambiguity,dominant_peer_ratio,0.7,21,engagement_g05_d2.0,3058,149,232965.192361,18019.351717,120.935246,610304,4096.000000,241974.868220,250984.544078,269003.895795
ambiguity,dominant_peer_ratio,0.7,21,engagement_g05_d5.0,3058,145,310709.275106,17493.859414,120.647306,593920,4096.000000,319456.204813,328203.134520,345696.993934
ambiguity,dominant_peer_ratio,0.7,21,engagement_g05_d10.0,3058,36,327768.113277,3456.329104,96.009142,147456,4096.000000,329496.277829,331224.442381,334680.771485
ambiguity,dominant_peer_ratio,0.7,21,oracle_a1,3058,891,48646.999827,27266.185353,30.601779,3649536,4096.000000,62280.092504,75913.185180,103179.370533
ambiguity,dominant_peer_ratio,0.7,21,oracle_a0.5,3058,1365,31232.432855,54030.718339,39.582944,5591040,4096.000000,58247.792025,85263.151194,139293.869533
ambiguity,dominant_peer_ratio,0.7,21,oracle_a2,3058,556,65906.968719,14552.800909,26.174102,2277376,4096.000000,73183.369174,80459.769628,95012.570537
ambiguity,dominant_peer_ratio,0.7,22,static,3009,0,298888.264647,0.000000,,0,,298888.264647,298888.264647,298888.264647
ambiguity,dominant_peer_ratio,0.7,22,nearest,3009,6,299120.717891,591.783727,98.630621,24576,4096.000000,299416.609755,299712.501618,300304.285345
ambiguity,dominant_peer_ratio,0.7,22,naive_target_aware,3009,161,165612.614767,17453.719251,108.408194,659456,4096.000000,174339.474393,183066.334018,200520.053269
ambiguity,dominant_peer_ratio,0.7,22,engagement_g00_d0.0,3009,161,165612.614767,17453.719251,108.408194,659456,4096.000000,174339.474393,183066.334018,200520.053269
ambiguity,dominant_peer_ratio,0.7,22,engagement_g00_d0.25,3009,152,180498.981869,16385.974144,107.802461,622592,4096.000000,188691.968941,196884.956013,213270.930157
ambiguity,dominant_peer_ratio,0.7,22,engagement_g00_d0.5,3009,152,186348.534409,16385.974144,107.802461,622592,4096.000000,194541.521481,202734.508553,219120.482697
ambiguity,dominant_peer_ratio,0.7,22,engagement_g00_d1.0,3009,151,196152.964631,16153.408598,106.976216,618496,4096.000000,204229.668930,212306.373229,228459.781827
ambiguity,dominant_peer_ratio,0.7,22,engagement_g00_d2.0,3009,150,219464.221429,16115.427387,107.436183,614400,4096.000000,227521.935122,235579.648816,251695.076203
ambiguity,dominant_peer_ratio,0.7,22,engagement_g00_d5.0,3009,146,277662.787830,15759.836219,107.944084,598016,4096.000000,285542.705939,293422.624049,309182.460268
ambiguity,dominant_peer_ratio,0.7,22,engagement_g00_d10.0,3009,63,296088.909122,5775.993823,91.682442,258048,4096.000000,298976.906034,301864.902945,307640.896768
ambiguity,dominant_peer_ratio,0.7,22,engagement_g05_d0.0,3009,149,178285.772755,16065.573227,107.822639,610304,4096.000000,186318.559368,194351.345982,210416.919209
ambiguity,dominant_peer_ratio,0.7,22,engagement_g05_d0.25,3009,149,186210.515263,16065.573227,107.822639,610304,4096.000000,194243.301876,202276.088490,218341.661717
ambiguity,dominant_peer_ratio,0.7,22,engagement_g05_d0.5,3009,149,190457.359141,16065.573227,107.822639,610304,4096.000000,198490.145754,206522.932368,222588.505595
ambiguity,dominant_peer_ratio,0.7,22,engagement_g05_d1.0,3009,149,199416.548208,16065.573227,107.822639,610304,4096.000000,207449.334821,215482.121435,231547.694662
ambiguity,dominant_peer_ratio,0.7,22,engagement_g05_d2.0,3009,148,222662.981946,15931.455736,107.644971,606208,4096.000000,230628.709814,238594.437682,254525.893418
ambiguity,dominant_peer_ratio,0.7,22,engagement_g05_d5.0,3009,142,278409.676325,15380.104194,108.310593,581632,4096.000000,286099.728422,293789.780519,309169.884713
ambiguity,dominant_peer_ratio,0.7,22,engagement_g05_d10.0,3009,37,311095.798486,4156.105445,112.327174,151552,4096.000000,313173.851209,315251.903931,319408.009376
ambiguity,dominant_peer_ratio,0.7,22,oracle_a1,3009,1061,47049.685952,26119.713856,24.618015,4345856,4096.000000,60109.542880,73169.399808,99289.113664
ambiguity,dominant_peer_ratio,0.7,22,oracle_a0.5,3009,1427,31451.709328,49746.671810,34.861017,5844992,4096.000000,56325.045233,81198.381138,130945.052948
ambiguity,dominant_peer_ratio,0.7,22,oracle_a2,3009,707,62653.885315,14884.405054,21.052907,2895872,4096.000000,70096.087842,77538.290369,92422.695423
ambiguity,dominant_peer_ratio,0.7,23,static,3060,0,315895.649904,0.000000,,0,,315895.649904,315895.649904,315895.649904
ambiguity,dominant_peer_ratio,0.7,23,nearest,3060,5,284770.467719,496.613844,99.322769,20480,4096.000000,285018.774641,285267.081563,285763.695407
ambiguity,dominant_peer_ratio,0.7,23,naive_target_aware,3060,162,159973.631907,16545.336420,102.131706,663552,4096.000000,168246.300117,176518.968327,193064.304747
ambiguity,dominant_peer_ratio,0.7,23,engagement_g00_d0.0,3060,162,159973.631907,16545.336420,102.131706,663552,4096.000000,168246.300117,176518.968327,193064.304747
ambiguity,dominant_peer_ratio,0.7,23,engagement_g00_d0.25,3060,153,176404.869417,15487.439673,101.225096,626688,4096.000000,184148.589253,191892.309090,207379.748763
ambiguity,dominant_peer_ratio,0.7,23,engagement_g00_d0.5,3060,152,181551.976726,15550.577761,102.306433,622592,4096.000000,189327.265606,197102.554487,212653.132248
ambiguity,dominant_peer_ratio,0.7,23,engagement_g00_d1.0,3060,152,194996.672153,15550.577761,102.306433,622592,4096.000000,202771.961033,210547.249914,226097.827675
ambiguity,dominant_peer_ratio,0.7,23,engagement_g00_d2.0,3060,151,214386.942455,15474.545915,102.480437,618496,4096.000000,222124.215412,229861.488370,245336.034285
ambiguity,dominant_peer_ratio,0.7,23,engagement_g00_d5.0,3060,144,275243.661171,14528.038038,100.889153,589824,4096.000000,282507.680190,289771.699209,304299.737247
ambiguity,dominant_peer_ratio,0.7,23,engagement_g00_d10.0,3060,50,319292.900787,5209.920242,104.198405,204800,4096.000000,321897.860908,324502.821029,329712.741271
ambiguity,dominant_peer_ratio,0.7,23,engagement_g05_d0.0,3060,154,176820.631109,15907.985723,103.298609,630784,4096.000000,184774.623970,192728.616832,208636.602555
ambiguity,dominant_peer_ratio,0.7,23,engagement_g05_d0.25,3060,151,182837.602983,15474.545915,102.480437,618496,4096.000000,190574.875940,198312.148898,213786.694813
ambiguity,dominant_peer_ratio,0.7,23,engagement_g05_d0.5,3060,151,187381.153298,15474.545915,102.480437,618496,4096.000000,195118.426255,202855.699213,218330.245128
ambiguity,dominant_peer_ratio,0.7,23,engagement_g05_d1.0,3060,150,198545.920752,15317.775993,102.118507,614400,4096.000000,206204.808748,213863.696745,229181.472738
ambiguity,dominant_peer_ratio,0.7,23,engagement_g05_d2.0,3060,149,216977.125232,15182.564584,101.896407,610304,4096.000000,224568.407524,232159.689816,247342.254400
ambiguity,dominant_peer_ratio,0.7,23,engagement_g05_d5.0,3060,141,278061.253348,14345.671875,101.742354,577536,4096.000000,285234.089285,292406.925223,306752.597098
ambiguity,dominant_peer_ratio,0.7,23,engagement_g05_d10.0,3060,26,319106.329191,2794.894463,107.495941,106496,4096.000000,320503.776422,321901.223654,324696.118117
ambiguity,dominant_peer_ratio,0.7,23,oracle_a1,3060,908,48115.671540,26891.726747,29.616439,3719168,4096.000000,61561.534913,75007.398287,101899.125034
ambiguity,dominant_peer_ratio,0.7,23,oracle_a0.5,3060,1389,32032.618958,51935.333126,37.390449,5689344,4096.000000,58000.285521,83967.952084,135903.285210
ambiguity,dominant_peer_ratio,0.7,23,oracle_a2,3060,564,64149.047737,15036.997995,26.661344,2310144,4096.000000,71667.546734,79186.045732,94223.043727
ambiguity,dominant_peer_ratio,0.7,24,static,2894,0,287220.063284,0.000000,,0,,287220.063284,287220.063284,287220.063284
ambiguity,dominant_peer_ratio,0.7,24,nearest,2894,44,281123.080308,2513.103998,57.116000,180224,4096.000000,282379.632307,283636.184306,286149.288304
ambiguity,dominant_peer_ratio,0.7,24,naive_target_aware,2894,162,162793.753200,17868.992926,110.302425,663552,4096.000000,171728.249663,180662.746126,198531.739052
ambiguity,dominant_peer_ratio,0.7,24,engagement_g00_d0.0,2894,162,162793.753200,17868.992926,110.302425,663552,4096.000000,171728.249663,180662.746126,198531.739052
ambiguity,dominant_peer_ratio,0.7,24,engagement_g00_d0.25,2894,152,179679.951140,16849.374418,110.851147,622592,4096.000000,188104.638349,196529.325558,213378.699976
ambiguity,dominant_peer_ratio,0.7,24,engagement_g00_d0.5,2894,152,186530.605011,16849.374418,110.851147,622592,4096.000000,194955.292220,203379.979429,220229.353847
ambiguity,dominant_peer_ratio,0.7,24,engagement_g00_d1.0,2894,150,199747.547710,16590.652753,110.604352,614400,4096.000000,208042.874086,216338.200463,232928.853216
ambiguity,dominant_peer_ratio,0.7,24,engagement_g00_d2.0,2894,150,219969.474768,16590.652753,110.604352,614400,4096.000000,228264.801144,236560.127521,253150.780274
ambiguity,dominant_peer_ratio,0.7,24,engagement_g00_d5.0,2894,148,280944.787709,16431.140703,111.021221,606208,4096.000000,289160.358060,297375.928412,313807.069115
ambiguity,dominant_peer_ratio,0.7,24,engagement_g00_d10.0,2894,49,303727.817843,4974.320907,101.516753,200704,4096.000000,306214.978297,308702.138750,313676.459657
ambiguity,dominant_peer_ratio,0.7,24,engagement_g05_d0.0,2894,151,177472.914665,16887.284156,111.836319,618496,4096.000000,185916.556743,194360.198821,211247.482977
ambiguity,dominant_peer_ratio,0.7,24,engagement_g05_d0.25,2894,148,184698.677780,16476.162372,111.325421,606208,4096.000000,192936.758966,201174.840152,217651.002524
ambiguity,dominant_peer_ratio,0.7,24,engagement_g05_d0.5,2894,148,189747.150304,16476.162372,111.325421,606208,4096.000000,197985.231490,206223.312676,222699.475048
ambiguity,dominant_peer_ratio,0.7,24,engagement_g05_d1.0,2894,148,201455.714638,16476.162372,111.325421,606208,4096.000000,209693.795824,217931.877010,234408.039382
ambiguity,dominant_peer_ratio,0.7,24,engagement_g05_d2.0,2894,148,221042.987290,16476.162372,111.325421,606208,4096.000000,229281.068476,237519.149662,253995.312034
ambiguity,dominant_peer_ratio,0.7,24,engagement_g05_d5.0,2894,141,283180.111660,15740.017691,111.631331,577536,4096.000000,291050.120505,298920.129351,314660.147042
ambiguity,dominant_peer_ratio,0.7,24,engagement_g05_d10.0,2894,29,297994.332775,2950.996419,101.758497,118784,4096.000000,299469.830985,300945.329194,303896.325613
ambiguity,dominant_peer_ratio,0.7,24,oracle_a1,2894,845,50874.205762,27259.416841,32.259665,3461120,4096.000000,64503.914182,78133.622603,105393.039444
ambiguity,dominant_peer_ratio,0.7,24,oracle_a0.5,2894,1391,29089.287452,60863.595173,43.755280,5697536,4096.000000,59521.085039,89952.882625,150816.477798
ambiguity,dominant_peer_ratio,0.7,24,oracle_a2,2894,509,68507.583302,14760.967097,28.999935,2084864,4096.000000,75888.066851,83268.550399,98029.517496
ambiguity,dominant_peer_ratio,0.7,25,static,2903,0,280451.946636,0.000000,,0,,280451.946636,280451.946636,280451.946636
ambiguity,dominant_peer_ratio,0.7,25,nearest,2903,5,273553.697059,444.651086,88.930217,20480,4096.000000,273776.022602,273998.348145,274442.999231
ambiguity,dominant_peer_ratio,0.7,25,naive_target_aware,2903,156,161334.198282,17943.931573,115.025202,638976,4096.000000,170306.164068,179278.129855,197222.061428
ambiguity,dominant_peer_ratio,0.7,25,engagement_g00_d0.0,2903,156,161334.198282,17943.931573,115.025202,638976,4096.000000,170306.164068,179278.129855,197222.061428
ambiguity,dominant_peer_ratio,0.7,25,engagement_g00_d0.25,2903,152,179679.928238,17504.967178,115.164258,622592,4096.000000,188432.411827,197184.895416,214689.862594
ambiguity,dominant_peer_ratio,0.7,25,engagement_g00_d0.5,2903,152,183017.095715,17504.967178,115.164258,622592,4096.000000,191769.579304,200522.062893,218027.030071
ambiguity,dominant_peer_ratio,0.7,25,engagement_g00_d1.0,2903,152,194454.071581,17504.967178,115.164258,622592,4096.000000,203206.555170,211959.038759,229464.005937
ambiguity,dominant_peer_ratio,0.7,25,engagement_g00_d2.0,2903,151,216411.432028,17444.292114,115.525113,618496,4096.000000,225133.578085,233855.724142,251300.016256
ambiguity,dominant_peer_ratio,0.7,25,engagement_g00_d5.0,2903,146,281228.785478,16576.204251,113.535646,598016,4096.000000,289516.887603,297804.989729,314381.193980
ambiguity,dominant_peer_ratio,0.7,25,engagement_g00_d10.0,2903,60,301101.098075,5714.034802,95.233913,245760,4096.000000,303958.115476,306815.132877,312529.167679
ambiguity,dominant_peer_ratio,0.7,25,engagement_g05_d0.0,2903,148,175226.244581,16829.199976,113.710811,606208,4096.000000,183640.844569,192055.444557,208884.644533
ambiguity,dominant_peer_ratio,0.7,25,engagement_g05_d0.25,2903,146,184138.614452,16603.351526,113.721586,598016,4096.000000,192440.290215,200741.965978,217345.317504
ambiguity,dominant_peer_ratio,0.7,25,engagement_g05_d0.5,2903,146,186759.524565,16603.351526,113.721586,598016,4096.000000,195061.200328,203362.876091,219966.227617
ambiguity,dominant_peer_ratio,0.7,25,engagement_g05_d1.0,2903,146,195443.750937,16603.351526,113.721586,598016,4096.000000,203745.426700,212047.102463,228650.453989
ambiguity,dominant_peer_ratio,0.7,25,engagement_g05_d2.0,2903,146,215820.490590,16603.351526,113.721586,598016,4096.000000,224122.166353,232423.842116,249027.193642
ambiguity,dominant_peer_ratio,0.7,25,engagement_g05_d5.0,2903,140,282922.293713,16052.655411,114.661824,573440,4096.000000,290948.621418,298974.949124,315027.604535
ambiguity,dominant_peer_ratio,0.7,25,engagement_g05_d10.0,2903,38,280116.892394,3943.655570,103.780410,155648,4096.000000,282088.720179,284060.547964,288004.203534
ambiguity,dominant_peer_ratio,0.7,25,oracle_a1,2903,895,46835.016378,26050.102716,29.106260,3665920,4096.000000,59860.067736,72885.119094,98935.221810
ambiguity,dominant_peer_ratio,0.7,25,oracle_a0.5,2903,1348,29937.862766,51793.196577,38.422253,5521408,4096.000000,55834.461054,81731.059343,133524.255920
ambiguity,dominant_peer_ratio,0.7,25,oracle_a2,2903,599,61686.587519,15158.262642,25.305948,2453504,4096.000000,69265.718840,76844.850161,92003.112803
ambiguity,dominant_peer_ratio,0.7,26,static,3057,0,332051.635222,0.000000,,0,,332051.635222,332051.635222,332051.635222
ambiguity,dominant_peer_ratio,0.7,26,nearest,3057,4,340944.166628,430.321639,107.580410,16384,4096.000000,341159.327448,341374.488267,341804.809906
ambiguity,dominant_peer_ratio,0.7,26,naive_target_aware,3057,156,168448.654868,17470.585330,111.990932,638976,4096.000000,177183.947533,185919.240198,203389.825528
ambiguity,dominant_peer_ratio,0.7,26,engagement_g00_d0.0,3057,156,168448.654868,17470.585330,111.990932,638976,4096.000000,177183.947533,185919.240198,203389.825528
ambiguity,dominant_peer_ratio,0.7,26,engagement_g00_d0.25,3057,152,184111.796166,16700.135582,109.869313,622592,4096.000000,192461.863957,200811.931748,217512.067330
ambiguity,dominant_peer_ratio,0.7,26,engagement_g00_d0.5,3057,151,190614.081338,16403.392506,108.631738,618496,4096.000000,198815.777591,207017.473844,223420.866350
ambiguity,dominant_peer_ratio,0.7,26,engagement_g00_d1.0,3057,151,202161.577153,16403.392506,108.631738,618496,4096.000000,210363.273406,218564.969659,234968.362165
ambiguity,dominant_peer_ratio,0.7,26,engagement_g00_d2.0,3057,150,221855.840097,16105.592577,107.370617,614400,4096.000000,229908.636385,237961.432674,254067.025251
ambiguity,dominant_peer_ratio,0.7,26,engagement_g00_d5.0,3057,147,288729.714879,15827.474453,107.669894,602112,4096.000000,296643.452106,304557.189332,320384.663785
ambiguity,dominant_peer_ratio,0.7,26,engagement_g00_d10.0,3057,57,334576.272973,5835.583903,102.378665,233472,4096.000000,337494.064925,340411.856876,346247.440779
ambiguity,dominant_peer_ratio,0.7,26,engagement_g05_d0.0,3057,152,178621.616746,16487.356497,108.469451,622592,4096.000000,186865.294995,195108.973243,211596.329740
ambiguity,dominant_peer_ratio,0.7,26,engagement_g05_d0.25,3057,150,186749.151246,16105.592577,107.370617,614400,4096.000000,194801.947535,202854.743823,218960.336400
ambiguity,dominant_peer_ratio,0.7,26,engagement_g05_d0.5,3057,150,192190.795038,16105.592577,107.370617,614400,4096.000000,200243.591327,208296.387615,224401.980192
ambiguity,dominant_peer_ratio,0.7,26,engagement_g05_d1.0,3057,150,202431.089045,16105.592577,107.370617,614400,4096.000000,210483.885334,218536.681622,234642.274199
ambiguity,dominant_peer_ratio,0.7,26,engagement_g05_d2.0,3057,150,223327.739956,16105.592577,107.370617,614400,4096.000000,231380.536244,239433.332533,255538.925110
ambiguity,dominant_peer_ratio,0.7,26,engagement_g05_d5.0,3057,146,288140.446991,15691.288007,107.474575,598016,4096.000000,295986.090995,303831.734998,319523.023005
ambiguity,dominant_peer_ratio,0.7,26,engagement_g05_d10.0,3057,37,342649.965333,4229.162881,114.301699,151552,4096.000000,344764.546774,346879.128214,351108.291095
ambiguity,dominant_peer_ratio,0.7,26,oracle_a1,3057,1004,48937.965845,27953.986806,27.842616,4112384,4096.000000,62914.959248,76891.952651,104845.939457
ambiguity,dominant_peer_ratio,0.7,26,oracle_a0.5,3057,1407,33789.891880,50481.025007,35.878483,5763072,4096.000000,59030.404384,84270.916887,134751.941894
ambiguity,dominant_peer_ratio,0.7,26,oracle_a2,3057,640,67017.597003,15022.513466,23.472677,2621440,4096.000000,74528.853736,82040.110469,97062.623935
ambiguity,dominant_peer_ratio,0.7,27,static,2968,0,309532.847886,0.000000,,0,,309532.847886,309532.847886,309532.847886
ambiguity,dominant_peer_ratio,0.7,27,nearest,2968,18,305408.779207,1726.305104,95.905839,73728,4096.000000,306271.931759,307135.084311,308861.389415
ambiguity,dominant_peer_ratio,0.7,27,naive_target_aware,2968,178,169284.847946,20234.971185,113.679613,729088,4096.000000,179402.333539,189519.819131,209754.790316
ambiguity,dominant_peer_ratio,0.7,27,engagement_g00_d0.0,2968,178,169284.847946,20234.971185,113.679613,729088,4096.000000,179402.333539,189519.819131,209754.790316
ambiguity,dominant_peer_ratio,0.7,27,engagement_g00_d0.25,2968,154,186405.824420,17375.927270,112.830697,630784,4096.000000,195093.788055,203781.751690,221157.678960
ambiguity,dominant_peer_ratio,0.7,27,engagement_g00_d0.5,2968,153,191306.252081,17195.091329,112.386218,626688,4096.000000,199903.797746,208501.343410,225696.434739
ambiguity,dominant_peer_ratio,0.7,27,engagement_g00_d1.0,2968,151,204007.516586,16919.721577,112.051136,618496,4096.000000,212467.377375,220927.238163,237846.959740
ambiguity,dominant_peer_ratio,0.7,27,engagement_g00_d2.0,2968,150,225552.364802,16852.030977,112.346873,614400,4096.000000,233978.380291,242404.395779,259256.426756
ambiguity,dominant_peer_ratio,0.7,27,engagement_g00_d5.0,2968,144,289122.073996,16285.841595,113.096122,589824,4096.000000,297264.994794,305407.915591,321693.757186
ambiguity,dominant_peer_ratio,0.7,27,engagement_g00_d10.0,2968,52,297338.249499,5010.806106,96.361656,212992,4096.000000,299843.652552,302349.055605,307359.861711
ambiguity,dominant_peer_ratio,0.7,27,engagement_g05_d0.0,2968,154,182991.058428,17351.256618,112.670498,630784,4096.000000,191666.686737,200342.315046,217693.571664
ambiguity,dominant_peer_ratio,0.7,27,engagement_g05_d0.25,2968,149,191724.139063,16700.929966,112.086778,610304,4096.000000,200074.604046,208425.069029,225125.998995
ambiguity,dominant_peer_ratio,0.7,27,engagement_g05_d0.5,2968,149,195361.899996,16700.929966,112.086778,610304,4096.000000,203712.364979,212062.829962,228763.759928
ambiguity,dominant_peer_ratio,0.7,27,engagement_g05_d1.0,2968,149,206230.413993,16700.929966,112.086778,610304,4096.000000,214580.878976,222931.343959,239632.273925
ambiguity,dominant_peer_ratio,0.7,27,engagement_g05_d2.0,2968,148,226285.257034,16514.677097,111.585656,606208,4096.000000,234542.595583,242799.934131,259314.611228
ambiguity,dominant_peer_ratio,0.7,27,engagement_g05_d5.0,2968,141,289419.558521,16030.707870,113.692964,577536,4096.000000,297434.912456,305450.266391,321480.974261
ambiguity,dominant_peer_ratio,0.7,27,engagement_g05_d10.0,2968,23,280596.421384,2487.905237,108.169793,94208,4096.000000,281840.374003,283084.326621,285572.231858
ambiguity,dominant_peer_ratio,0.7,27,oracle_a1,2968,908,50356.853826,27361.059099,30.133325,3719168,4096.000000,64037.383376,77717.912925,105078.972024
ambiguity,dominant_peer_ratio,0.7,27,oracle_a0.5,2968,1398,31944.184522,56288.641070,40.263692,5726208,4096.000000,60088.505057,88232.825592,144521.466662
ambiguity,dominant_peer_ratio,0.7,27,oracle_a2,2968,580,66432.240908,15817.500878,27.271553,2375680,4096.000000,74340.991347,82249.741786,98067.242664
ambiguity,dominant_peer_ratio,0.7,28,static,3014,0,344993.110052,0.000000,,0,,344993.110052,344993.110052,344993.110052
ambiguity,dominant_peer_ratio,0.7,28,nearest,3014,14,329317.381307,1368.413416,97.743815,57344,4096.000000,330001.588015,330685.794723,332054.208139
ambiguity,dominant_peer_ratio,0.7,28,naive_target_aware,3014,160,167163.595959,18077.022741,112.981392,655360,4096.000000,176202.107329,185240.618700,203317.641441
ambiguity,dominant_peer_ratio,0.7,28,engagement_g00_d0.0,3014,160,167163.595959,18077.022741,112.981392,655360,4096.000000,176202.107329,185240.618700,203317.641441
ambiguity,dominant_peer_ratio,0.7,28,engagement_g00_d0.25,3014,151,187808.972322,16975.622306,112.421340,618496,4096.000000,196296.783475,204784.594628,221760.216934
ambiguity,dominant_peer_ratio,0.7,28,engagement_g00_d0.5,3014,151,193557.849728,16975.622306,112.421340,618496,4096.000000,202045.660881,210533.472034,227509.094340
ambiguity,dominant_peer_ratio,0.7,28,engagement_g00_d1.0,3014,151,204955.550123,16975.622306,112.421340,618496,4096.000000,213443.361276,221931.172429,238906.794735
ambiguity,dominant_peer_ratio,0.7,28,engagement_g00_d2.0,3014,151,225481.875278,16975.622306,112.421340,618496,4096.000000,233969.686431,242457.497584,259433.119890
ambiguity,dominant_peer_ratio,0.7,28,engagement_g00_d5.0,3014,150,292976.479217,16928.280263,112.855202,614400,4096.000000,301440.619349,309904.759480,326833.039743
ambiguity,dominant_peer_ratio,0.7,28,engagement_g00_d10.0,3014,60,312176.772604,6052.853535,100.880892,245760,4096.000000,315203.199372,318229.626139,324282.479674
ambiguity,dominant_peer_ratio,0.7,28,engagement_g05_d0.0,3014,152,181950.036681,17077.812423,112.354029,622592,4096.000000,190488.942893,199027.849104,216105.661527
ambiguity,dominant_peer_ratio,0.7,28,engagement_g05_d0.25,3014,150,192720.621534,16838.659519,112.257730,614400,4096.000000,201139.951294,209559.281053,226397.940572
ambiguity,dominant_peer_ratio,0.7,28,engagement_g05_d0.5,3014,150,197182.863806,16838.659519,112.257730,614400,4096.000000,205602.193566,214021.523325,230860.182844
ambiguity,dominant_peer_ratio,0.7,28,engagement_g05_d1.0,3014,150,207851.143558,16838.659519,112.257730,614400,4096.000000,216270.473318,224689.803077,241528.462596
ambiguity,dominant_peer_ratio,0.7,28,engagement_g05_d2.0,3014,150,228790.285537,16838.659519,112.257730,614400,4096.000000,237209.615297,245628.945056,262467.604575
ambiguity,dominant_peer_ratio,0.7,28,engagement_g05_d5.0,3014,144,297590.954043,16491.310391,114.522989,589824,4096.000000,305836.609239,314082.264434,330573.574825
ambiguity,dominant_peer_ratio,0.7,28,engagement_g05_d10.0,3014,35,312583.942075,3451.662642,98.618933,143360,4096.000000,314309.773396,316035.604717,319487.267359
ambiguity,dominant_peer_ratio,0.7,28,oracle_a1,3014,1007,45910.951060,24863.049808,24.690218,4124672,4096.000000,58342.475964,70774.000868,95637.050676
ambiguity,dominant_peer_ratio,0.7,28,oracle_a0.5,3014,1423,29710.761358,48641.010805,34.182017,5828608,4096.000000,54031.266761,78351.772163,126992.782968
ambiguity,dominant_peer_ratio,0.7,28,oracle_a2,3014,655,60444.614360,14241.618762,21.742929,2682880,4096.000000,67565.423741,74686.233122,88927.851884
ambiguity,dominant_peer_ratio,0.7,29,static,3063,0,287292.045425,0.000000,,0,,287292.045425,287292.045425,287292.045425
ambiguity,dominant_peer_ratio,0.7,29,nearest,3063,4,286589.150728,352.543663,88.135916,16384,4096.000000,286765.422559,286941.694391,287294.238054
ambiguity,dominant_peer_ratio,0.7,29,naive_target_aware,3063,170,155041.890239,17223.083185,101.312254,696320,4096.000000,163653.431831,172264.973424,189488.056609
ambiguity,dominant_peer_ratio,0.7,29,engagement_g00_d0.0,3063,170,155041.890239,17223.083185,101.312254,696320,4096.000000,163653.431831,172264.973424,189488.056609
ambiguity,dominant_peer_ratio,0.7,29,engagement_g00_d0.25,3063,155,168798.790852,15690.814533,101.231062,634880,4096.000000,176644.198119,184489.605385,200180.419918
ambiguity,dominant_peer_ratio,0.7,29,engagement_g00_d0.5,3063,153,173872.487421,15343.679545,100.285487,626688,4096.000000,181544.327194,189216.166966,204559.846511
ambiguity,dominant_peer_ratio,0.7,29,engagement_g00_d1.0,3063,153,186828.458211,15343.679545,100.285487,626688,4096.000000,194500.297984,202172.137756,217515.817301
ambiguity,dominant_peer_ratio,0.7,29,engagement_g00_d2.0,3063,150,206816.500237,15012.310960,100.082073,614400,4096.000000,214322.655717,221828.811197,236841.122157
ambiguity,dominant_peer_ratio,0.7,29,engagement_g00_d5.0,3063,146,270004.199309,14427.525971,98.818671,598016,4096.000000,277217.962295,284431.725280,298859.251251
ambiguity,dominant_peer_ratio,0.7,29,engagement_g00_d10.0,3063,62,301237.008508,6322.707919,101.979160,253952,4096.000000,304398.362467,307559.716427,313882.424346
ambiguity,dominant_peer_ratio,0.7,29,engagement_g05_d0.0,3063,151,165411.239030,15233.368497,100.883235,618496,4096.000000,173027.923279,180644.607527,195877.976024
ambiguity,dominant_peer_ratio,0.7,29,engagement_g05_d0.25,3063,151,172645.793848,15233.368497,100.883235,618496,4096.000000,180262.478097,187879.162345,203112.530842
ambiguity,dominant_peer_ratio,0.7,29,engagement_g05_d0.5,3063,150,177307.499525,15012.310960,100.082073,614400,4096.000000,184813.655005,192319.810485,207332.121445
ambiguity,dominant_peer_ratio,0.7,29,engagement_g05_d1.0,3063,150,188822.058904,15012.310960,100.082073,614400,4096.000000,196328.214384,203834.369864,218846.680824
ambiguity,dominant_peer_ratio,0.7,29,engagement_g05_d2.0,3063,150,208052.983122,15012.310960,100.082073,614400,4096.000000,215559.138602,223065.294082,238077.605042
ambiguity,dominant_peer_ratio,0.7,29,engagement_g05_d5.0,3063,139,270882.777255,13672.935104,98.366440,569344,4096.000000,277719.244807,284555.712359,298228.647463
ambiguity,dominant_peer_ratio,0.7,29,engagement_g05_d10.0,3063,33,296931.745747,3166.043499,95.940712,135168,4096.000000,298514.767496,300097.789246,303263.832745
ambiguity,dominant_peer_ratio,0.7,29,oracle_a1,3063,896,46927.095180,22967.225409,25.633064,3670016,4096.000000,58410.707885,69894.320589,92861.545998
ambiguity,dominant_peer_ratio,0.7,29,oracle_a0.5,3063,1385,30621.815903,48336.604578,34.900076,5672960,4096.000000,54790.118192,78958.420481,127295.025059
ambiguity,dominant_peer_ratio,0.7,29,oracle_a2,3063,597,60474.241709,13363.668204,22.384704,2445312,4096.000000,67156.075811,73837.909913,87201.578117
ambiguity,dominant_peer_ratio,0.7,30,static,2933,0,302983.823176,0.000000,,0,,302983.823176,302983.823176,302983.823176
ambiguity,dominant_peer_ratio,0.7,30,nearest,2933,12,286708.364220,1199.928233,99.994019,49152,4096.000000,287308.328337,287908.292453,289108.220686
ambiguity,dominant_peer_ratio,0.7,30,naive_target_aware,2933,157,173364.352643,19059.743824,121.399642,643072,4096.000000,182894.224555,192424.096467,211483.840291
ambiguity,dominant_peer_ratio,0.7,30,engagement_g00_d0.0,2933,157,173364.352643,19059.743824,121.399642,643072,4096.000000,182894.224555,192424.096467,211483.840291
ambiguity,dominant_peer_ratio,0.7,30,engagement_g00_d0.25,2933,151,192351.828819,18240.034754,120.794932,618496,4096.000000,201471.846196,210591.863573,228831.898327
ambiguity,dominant_peer_ratio,0.7,30,engagement_g00_d0.5,2933,151,198633.360068,18240.034754,120.794932,618496,4096.000000,207753.377445,216873.394822,235113.429576
ambiguity,dominant_peer_ratio,0.7,30,engagement_g00_d1.0,2933,151,209260.522067,18240.034754,120.794932,618496,4096.000000,218380.539444,227500.556821,245740.591575
ambiguity,dominant_peer_ratio,0.7,30,engagement_g00_d2.0,2933,151,232040.957367,18240.034754,120.794932,618496,4096.000000,241160.974744,250280.992121,268521.026875
ambiguity,dominant_peer_ratio,0.7,30,engagement_g00_d5.0,2933,149,311005.865971,18077.075840,121.322657,610304,4096.000000,320044.403891,329082.941811,347160.017651
ambiguity,dominant_peer_ratio,0.7,30,engagement_g00_d10.0,2933,58,343536.794887,6738.353240,116.178504,237568,4096.000000,346905.971507,350275.148127,357013.501367
ambiguity,dominant_peer_ratio,0.7,30,engagement_g05_d0.0,2933,149,187980.214330,18335.902556,123.059749,610304,4096.000000,197148.165608,206316.116886,224652.019442
ambiguity,dominant_peer_ratio,0.7,30,engagement_g05_d0.25,2933,149,199481.308011,18335.902556,123.059749,610304,4096.000000,208649.259289,217817.210567,236153.113123
ambiguity,dominant_peer_ratio,0.7,30,engagement_g05_d0.5,2933,149,204563.138903,18335.902556,123.059749,610304,4096.000000,213731.090181,222899.041459,241234.944015
ambiguity,dominant_peer_ratio,0.7,30,engagement_g05_d1.0,2933,149,213724.900442,18335.902556,123.059749,610304,4096.000000,222892.851720,232060.802998,250396.705554
ambiguity,dominant_peer_ratio,0.7,30,engagement_g05_d2.0,2933,149,235561.937751,18335.902556,123.059749,610304,4096.000000,244729.889029,253897.840307,272233.742863
ambiguity,dominant_peer_ratio,0.7,30,engagement_g05_d5.0,2933,140,310462.698333,17017.685604,121.554897,573440,4096.000000,318971.541135,327480.383937,344498.069541
ambiguity,dominant_peer_ratio,0.7,30,engagement_g05_d10.0,2933,34,342907.358660,4201.505260,123.573684,139264,4096.000000,345008.111290,347108.863920,351310.369180
ambiguity,dominant_peer_ratio,0.7,30,oracle_a1,2933,797,54269.771674,27182.384391,34.105878,3264512,4096.000000,67860.963870,81452.156065,108634.540456
ambiguity,dominant_peer_ratio,0.7,30,oracle_a0.5,2933,1303,32749.984811,60743.124483,46.617901,5337088,4096.000000,63121.547053,93493.109294,154236.233777
ambiguity,dominant_peer_ratio,0.7,30,oracle_a2,2933,499,69828.300163,15888.924484,31.841532,2043904,4096.000000,77772.762405,85717.224647,101606.149131
ambiguity,dominant_peer_ratio,0.6,1,static,3072,0,285764.718438,0.000000,,0,,285764.718438,285764.718438,285764.718438
ambiguity,dominant_peer_ratio,0.6,1,nearest,3072,25,291398.290046,4199.591890,167.983676,102400,4096.000000,293498.085991,295597.881936,299797.473826
ambiguity,dominant_peer_ratio,0.6,1,naive_target_aware,3072,196,172091.701715,17821.149868,90.924234,802816,4096.000000,181002.276649,189912.851583,207734.001451
ambiguity,dominant_peer_ratio,0.6,1,engagement_g00_d0.0,3072,196,172091.701715,17821.149868,90.924234,802816,4096.000000,181002.276649,189912.851583,207734.001451
ambiguity,dominant_peer_ratio,0.6,1,engagement_g00_d0.25,3072,168,182312.891399,14251.222990,84.828708,688128,4096.000000,189438.502894,196564.114389,210815.337379
ambiguity,dominant_peer_ratio,0.6,1,engagement_g00_d0.5,3072,167,185788.058485,14004.688435,83.860410,684032,4096.000000,192790.402703,199792.746920,213797.435355
ambiguity,dominant_peer_ratio,0.6,1,engagement_g00_d1.0,3072,158,191153.398100,12927.338342,81.818597,647168,4096.000000,197617.067271,204080.736442,217008.074784
ambiguity,dominant_peer_ratio,0.6,1,engagement_g00_d2.0,3072,154,207225.807338,12986.743514,84.329503,630784,4096.000000,213719.179095,220212.550852,233199.294366
ambiguity,dominant_peer_ratio,0.6,1,engagement_g00_d5.0,3072,146,249158.753210,12462.508818,85.359649,598016,4096.000000,255390.007619,261621.262028,274083.770846
ambiguity,dominant_peer_ratio,0.6,1,engagement_g00_d10.0,3072,57,283844.093059,5325.623401,93.431989,233472,4096.000000,286506.904760,289169.716460,294495.339861
ambiguity,dominant_peer_ratio,0.6,1,engagement_g05_d0.0,3072,145,188338.363130,12656.024936,87.282931,593920,4096.000000,194666.375598,200994.388066,213650.413002
ambiguity,dominant_peer_ratio,0.6,1,engagement_g05_d0.25,3072,141,191029.026824,12116.953157,85.935838,577536,4096.000000,197087.503403,203145.979981,215262.933138
ambiguity,dominant_peer_ratio,0.6,1,engagement_g05_d0.5,3072,141,193248.065710,12116.953157,85.935838,577536,4096.000000,199306.542289,205365.018867,217481.972024
ambiguity,dominant_peer_ratio,0.6,1,engagement_g05_d1.0,3072,140,198543.031574,12116.343911,86.545314,573440,4096.000000,204601.203530,210659.375485,222775.719396
ambiguity,dominant_peer_ratio,0.6,1,engagement_g05_d2.0,3072,138,213477.479466,11982.337498,86.828533,565248,4096.000000,219468.648215,225459.816964,237442.154462
ambiguity,dominant_peer_ratio,0.6,1,engagement_g05_d5.0,3072,123,252020.472241,10966.010800,89.154559,503808,4096.000000,257503.477641,262986.483041,273952.493841
ambiguity,dominant_peer_ratio,0.6,1,engagement_g05_d10.0,3072,22,299709.006677,1934.414861,87.927948,90112,4096.000000,300676.214108,301643.421538,303577.836399
ambiguity,dominant_peer_ratio,0.6,1,oracle_a1,3072,1174,56063.464413,30949.711044,26.362616,4808704,4096.000000,71538.319935,87013.175457,117962.886501
ambiguity,dominant_peer_ratio,0.6,1,oracle_a0.5,3072,1727,34290.612798,64587.127532,37.398453,7073792,4096.000000,66584.176564,98877.740330,163464.867862
ambiguity,dominant_peer_ratio,0.6,1,oracle_a2,3072,723,76760.455807,15705.412487,21.722562,2961408,4096.000000,84613.162050,92465.868294,108171.280781
ambiguity,dominant_peer_ratio,0.6,2,static,3076,0,298991.030415,0.000000,,0,,298991.030415,298991.030415,298991.030415
ambiguity,dominant_peer_ratio,0.6,2,nearest,3076,5,272394.774226,505.132572,101.026514,20480,4096.000000,272647.340512,272899.906798,273405.039370
ambiguity,dominant_peer_ratio,0.6,2,naive_target_aware,3076,184,192751.561689,20572.607415,111.807649,753664,4096.000000,203037.865397,213324.169104,233896.776519
ambiguity,dominant_peer_ratio,0.6,2,engagement_g00_d0.0,3076,184,192751.561689,20572.607415,111.807649,753664,4096.000000,203037.865397,213324.169104,233896.776519
ambiguity,dominant_peer_ratio,0.6,2,engagement_g00_d0.25,3076,164,208840.232973,18786.857010,114.554006,671744,4096.000000,218233.661478,227627.089983,246413.946993
ambiguity,dominant_peer_ratio,0.6,2,engagement_g00_d0.5,3076,163,215279.278454,18547.969856,113.791226,667648,4096.000000,224553.263382,233827.248310,252375.218166
ambiguity,dominant_peer_ratio,0.6,2,engagement_g00_d1.0,3076,158,225034.598803,18077.663740,114.415593,647168,4096.000000,234073.430673,243112.262543,261189.926283
ambiguity,dominant_peer_ratio,0.6,2,engagement_g00_d2.0,3076,154,245951.918348,17741.806617,115.206536,630784,4096.000000,254822.821657,263693.724965,281435.531582
ambiguity,dominant_peer_ratio,0.6,2,engagement_g00_d5.0,3076,145,303821.254155,17122.423703,118.085681,593920,4096.000000,312382.466006,320943.677858,338066.101561
ambiguity,dominant_peer_ratio,0.6,2,engagement_g00_d10.0,3076,55,334376.984534,6262.157089,113.857402,225280,4096.000000,337508.063079,340639.141623,346901.298712
ambiguity,dominant_peer_ratio,0.6,2,engagement_g05_d0.0,3076,148,215173.374211,17058.999349,115.263509,606208,4096.000000,223702.873886,232232.373560,249291.372909
ambiguity,dominant_peer_ratio,0.6,2,engagement_g05_d0.25,3076,148,220516.969545,17058.999349,115.263509,606208,4096.000000,229046.469220,237575.968894,254634.968243
ambiguity,dominant_peer_ratio,0.6,2,engagement_g05_d0.5,3076,146,224551.837197,16690.512332,114.318578,598016,4096.000000,232897.093363,241242.349529,257932.861861
ambiguity,dominant_peer_ratio,0.6,2,engagement_g05_d1.0,3076,146,231233.267937,16690.512332,114.318578,598016,4096.000000,239578.524103,247923.780269,264614.292601
ambiguity,dominant_peer_ratio,0.6,2,engagement_g05_d2.0,3076,146,248963.433785,16690.512332,114.318578,598016,4096.000000,257308.689951,265653.946117,282344.458449
ambiguity,dominant_peer_ratio,0.6,2,engagement_g05_d5.0,3076,133,302446.493558,15178.066283,114.120799,544768,4096.000000,310035.526699,317624.559841,332802.626124
ambiguity,dominant_peer_ratio,0.6,2,engagement_g05_d10.0,3076,20,325316.135549,1870.526279,93.526314,81920,4096.000000,326251.398688,327186.661828,329057.188107
ambiguity,dominant_peer_ratio,0.6,2,oracle_a1,3076,1143,58914.192582,32419.111947,28.363178,4681728,4096.000000,75123.748556,91333.304529,123752.416476
ambiguity,dominant_peer_ratio,0.6,2,oracle_a0.5,3076,1786,36995.333702,66288.374425,37.115551,7315456,4096.000000,70139.520915,103283.708127,169572.082552
ambiguity,dominant_peer_ratio,0.6,2,oracle_a2,3076,720,79416.710234,17427.819195,24.205304,2949120,4096.000000,88130.619832,96844.529429,114272.348624
ambiguity,dominant_peer_ratio,0.6,3,static,2993,0,287626.319533,0.000000,,0,,287626.319533,287626.319533,287626.319533
ambiguity,dominant_peer_ratio,0.6,3,nearest,2993,5,271387.688190,366.621124,73.324225,20480,4096.000000,271570.998752,271754.309314,272120.930438
ambiguity,dominant_peer_ratio,0.6,3,naive_target_aware,2993,210,186062.373137,22269.572829,106.045585,860160,4096.000000,197197.159552,208331.945966,230601.518795
ambiguity,dominant_peer_ratio,0.6,3,engagement_g00_d0.0,2993,210,186062.373137,22269.572829,106.045585,860160,4096.000000,197197.159552,208331.945966,230601.518795
ambiguity,dominant_peer_ratio,0.6,3,engagement_g00_d0.25,2993,171,197988.546701,17502.179072,102.351924,700416,4096.000000,206739.636237,215490.725773,232992.904845
ambiguity,dominant_peer_ratio,0.6,3,engagement_g00_d0.5,2993,163,201350.257880,16676.249875,102.308281,667648,4096.000000,209688.382818,218026.507755,234702.757630
ambiguity,dominant_peer_ratio,0.6,3,engagement_g00_d1.0,2993,159,209631.529909,16227.673685,102.060841,651264,4096.000000,217745.366751,225859.203594,242086.877279
ambiguity,dominant_peer_ratio,0.6,3,engagement_g00_d2.0,2993,153,229873.106119,15746.097106,102.915667,626688,4096.000000,237746.154672,245619.203225,261365.300331
ambiguity,dominant_peer_ratio,0.6,3,engagement_g00_d5.0,2993,143,280758.798719,15065.473929,105.352965,585728,4096.000000,288291.535684,295824.272648,310889.746577
ambiguity,dominant_peer_ratio,0.6,3,engagement_g00_d10.0,2993,51,311993.498172,5199.253281,101.946143,208896,4096.000000,314593.124812,317192.751453,322392.004734
ambiguity,dominant_peer_ratio,0.6,3,engagement_g05_d0.0,2993,147,208260.720478,15592.034146,106.068259,602112,4096.000000,216056.737551,223852.754624,239444.788770
ambiguity,dominant_peer_ratio,0.6,3,engagement_g05_d0.25,2993,143,212321.518928,15383.355210,107.575911,585728,4096.000000,220013.196533,227704.874138,243088.229348
ambiguity,dominant_peer_ratio,0.6,3,engagement_g05_d0.5,2993,142,213896.777267,15249.403075,107.390163,581632,4096.000000,221521.478805,229146.180342,244395.583417
ambiguity,dominant_peer_ratio,0.6,3,engagement_g05_d1.0,2993,142,221736.544520,15249.403075,107.390163,581632,4096.000000,229361.246058,236985.947595,252235.350670
ambiguity,dominant_peer_ratio,0.6,3,engagement_g05_d2.0,2993,140,238256.804180,15067.791590,107.627083,573440,4096.000000,245790.699975,253324.595770,268392.387360
ambiguity,dominant_peer_ratio,0.6,3,engagement_g05_d5.0,2993,124,282524.291614,13060.554335,105.327051,507904,4096.000000,289054.568782,295584.845949,308645.400284
ambiguity,dominant_peer_ratio,0.6,3,engagement_g05_d10.0,2993,24,308868.372697,2104.001344,87.666723,98304,4096.000000,309920.373369,310972.374041,313076.375385
ambiguity,dominant_peer_ratio,0.6,3,oracle_a1,2993,1100,59639.576837,32282.499825,29.347727,4505600,4096.000000,75780.826750,91922.076662,124204.576487
ambiguity,dominant_peer_ratio,0.6,3,oracle_a0.5,2993,1696,37146.056842,67865.440294,40.015000,6946816,4096.000000,71078.776989,105011.497136,172876.937430
ambiguity,dominant_peer_ratio,0.6,3,oracle_a2,2993,723,78756.030395,18219.456572,25.199802,2961408,4096.000000,87865.758681,96975.486967,115194.943539
ambiguity,dominant_peer_ratio,0.6,4,static,2947,0,300899.269881,0.000000,,0,,300899.269881,300899.269881,300899.269881
ambiguity,dominant_peer_ratio,0.6,4,nearest,2947,4,291440.240034,350.263260,87.565815,16384,4096.000000,291615.371664,291790.503294,292140.766554
ambiguity,dominant_peer_ratio,0.6,4,naive_target_aware,2947,186,185278.179622,20939.189614,112.576288,761856,4096.000000,195747.774429,206217.369236,227156.558850
ambiguity,dominant_peer_ratio,0.6,4,engagement_g00_d0.0,2947,186,185278.179622,20939.189614,112.576288,761856,4096.000000,195747.774429,206217.369236,227156.558850
ambiguity,dominant_peer_ratio,0.6,4,engagement_g00_d0.25,2947,158,197790.968206,17481.079219,110.639742,647168,4096.000000,206531.507815,215272.047425,232753.126644
ambiguity,dominant_peer_ratio,0.6,4,engagement_g00_d0.5,2947,157,203355.195720,17438.313802,111.072062,643072,4096.000000,212074.352621,220793.509522,238231.823324
ambiguity,dominant_peer_ratio,0.6,4,engagement_g00_d1.0,2947,156,213758.251168,17305.786934,110.934532,638976,4096.000000,222411.144635,231064.038102,248369.825036
ambiguity,dominant_peer_ratio,0.6,4,engagement_g00_d2.0,2947,153,232153.740159,16841.754299,110.076825,626688,4096.000000,240574.617308,248995.494458,265837.248757
ambiguity,dominant_peer_ratio,0.6,4,engagement_g00_d5.0,2947,142,286885.283124,15638.470216,110.130072,581632,4096.000000,294704.518232,302523.753340,318162.223556
ambiguity,dominant_peer_ratio,0.6,4,engagement_g00_d10.0,2947,55,322006.275283,6120.382422,111.279680,225280,4096.000000,325066.466494,328126.657705,334247.040127
ambiguity,dominant_peer_ratio,0.6,4,engagement_g05_d0.0,2947,148,208939.118230,16446.849515,111.127362,606208,4096.000000,217162.542987,225385.967745,241832.817260
ambiguity,dominant_peer_ratio,0.6,4,engagement_g05_d0.25,2947,147,211880.450568,16383.245756,111.450651,602112,4096.000000,220072.073446,228263.696324,244646.942080
ambiguity,dominant_peer_ratio,0.6,4,engagement_g05_d0.5,2947,147,215193.553915,16383.245756,111.450651,602112,4096.000000,223385.176793,231576.799671,247960.045427
ambiguity,dominant_peer_ratio,0.6,4,engagement_g05_d1.0,2947,145,221194.107217,16247.838554,112.054059,593920,4096.000000,229318.026494,237441.945771,253689.784325
ambiguity,dominant_peer_ratio,0.6,4,engagement_g05_d2.0,2947,144,235228.122348,16024.581400,111.281815,589824,4096.000000,243240.413048,251252.703748,267277.285148
ambiguity,dominant_peer_ratio,0.6,4,engagement_g05_d5.0,2947,129,284625.146762,13916.674024,107.881194,528384,4096.000000,291583.483774,298541.820786,312458.494810
ambiguity,dominant_peer_ratio,0.6,4,engagement_g05_d10.0,2947,21,312741.454913,2357.859193,112.279009,86016,4096.000000,313920.384510,315099.314106,317457.173299
ambiguity,dominant_peer_ratio,0.6,4,oracle_a1,2947,1191,53930.112683,30332.653278,25.468223,4878336,4096.000000,69096.439322,84262.765961,114595.419239
ambiguity,dominant_peer_ratio,0.6,4,oracle_a0.5,2947,1713,35211.331347,58385.236324,34.083617,7016448,4096.000000,64403.949509,93596.567671,151981.803995
ambiguity,dominant_peer_ratio,0.6,4,oracle_a2,2947,767,72813.059614,17143.820844,22.351787,3141632,4096.000000,81384.970036,89956.880458,107100.701302
ambiguity,dominant_peer_ratio,0.6,5,static,2961,0,299605.519030,0.000000,,0,,299605.519030,299605.519030,299605.519030
ambiguity,dominant_peer_ratio,0.6,5,nearest,2961,6,302681.162841,393.231552,65.538592,24576,4096.000000,302877.778617,303074.394393,303467.625945
ambiguity,dominant_peer_ratio,0.6,5,naive_target_aware,2961,210,193081.248049,23825.060076,113.452667,860160,4096.000000,204993.778087,216906.308125,240731.368201
ambiguity,dominant_peer_ratio,0.6,5,engagement_g00_d0.0,2961,210,193081.248049,23825.060076,113.452667,860160,4096.000000,204993.778087,216906.308125,240731.368201
ambiguity,dominant_peer_ratio,0.6,5,engagement_g00_d0.25,2961,163,206683.404712,18755.906748,115.066913,667648,4096.000000,216061.358086,225439.311460,244195.218208
ambiguity,dominant_peer_ratio,0.6,5,engagement_g00_d0.5,2961,159,212126.621826,18028.996283,113.389914,651264,4096.000000,221141.119967,230155.618109,248184.614392
ambiguity,dominant_peer_ratio,0.6,5,engagement_g00_d1.0,2961,155,219055.985581,17429.798138,112.450311,634880,4096.000000,227770.884650,236485.783719,253915.581857
ambiguity,dominant_peer_ratio,0.6,5,engagement_g00_d2.0,2961,150,236638.636503,16686.548864,111.243659,614400,4096.000000,244981.910935,253325.185367,270011.734231
ambiguity,dominant_peer_ratio,0.6,5,engagement_g00_d5.0,2961,144,292999.128362,16254.292750,112.877033,589824,4096.000000,301126.274737,309253.421112,325507.713862
ambiguity,dominant_peer_ratio,0.6,5,engagement_g00_d10.0,2961,45,311698.194568,5341.568501,118.701522,184320,4096.000000,314368.978818,317039.763069,322381.331570
ambiguity,dominant_peer_ratio,0.6,5,engagement_g05_d0.0,2961,147,218957.779920,16540.634275,112.521322,602112,4096.000000,227228.097057,235498.414195,252039.048470
ambiguity,dominant_peer_ratio,0.6,5,engagement_g05_d0.25,2961,144,221468.603901,16115.714905,111.914687,589824,4096.000000,229526.461353,237584.318806,253700.033711
ambiguity,dominant_peer_ratio,0.6,5,engagement_g05_d0.5,2961,144,224781.074077,16115.714905,111.914687,589824,4096.000000,232838.931529,240896.788982,257012.503887
ambiguity,dominant_peer_ratio,0.6,5,engagement_g05_d1.0,2961,143,230947.914166,16064.033094,112.335896,585728,4096.000000,238979.930713,247011.947260,263075.980354
ambiguity,dominant_peer_ratio,0.6,5,engagement_g05_d2.0,2961,140,246323.428318,15764.640648,112.604576,573440,4096.000000,254205.748642,262088.068966,277852.709614
ambiguity,dominant_peer_ratio,0.6,5,engagement_g05_d5.0,2961,125,291836.593951,13838.838584,110.710709,512000,4096.000000,298756.013243,305675.432535,319514.271119
ambiguity,dominant_peer_ratio,0.6,5,engagement_g05_d10.0,2961,19,313444.724414,2193.476813,115.446148,77824,4096.000000,314541.462820,315638.201227,317831.678040
ambiguity,dominant_peer_ratio,0.6,5,oracle_a1,2961,1100,61061.320784,32661.602624,29.692366,4505600,4096.000000,77392.122096,93722.923408,126384.526032
ambiguity,dominant_peer_ratio,0.6,5,oracle_a0.5,2961,1708,37469.314136,68971.008799,40.381153,6995968,4096.000000,71954.818535,106440.322935,175411.331734
ambiguity,dominant_peer_ratio,0.6,5,oracle_a2,2961,721,81359.518029,18005.144054,24.972461,2953216,4096.000000,90362.090056,99364.662083,117369.806137
ambiguity,dominant_peer_ratio,0.6,6,static,2952,0,302300.226999,0.000000,,0,,302300.226999,302300.226999,302300.226999
ambiguity,dominant_peer_ratio,0.6,6,nearest,2952,4,319352.461112,295.281344,73.820336,16384,4096.000000,319500.101784,319647.742456,319943.023800
ambiguity,dominant_peer_ratio,0.6,6,naive_target_aware,2952,198,177776.348130,19284.251603,97.395210,811008,4096.000000,187418.473932,197060.599733,216344.851336
ambiguity,dominant_peer_ratio,0.6,6,engagement_g00_d0.0,2952,198,177776.348130,19284.251603,97.395210,811008,4096.000000,187418.473932,197060.599733,216344.851336
ambiguity,dominant_peer_ratio,0.6,6,engagement_g00_d0.25,2952,168,189623.036430,16071.552201,95.664001,688128,4096.000000,197658.812531,205694.588631,221766.140832
ambiguity,dominant_peer_ratio,0.6,6,engagement_g00_d0.5,2952,163,194360.562397,15815.298166,97.026369,667648,4096.000000,202268.211480,210175.860563,225991.158729
ambiguity,dominant_peer_ratio,0.6,6,engagement_g00_d1.0,2952,161,202079.246140,15363.385832,95.424757,659456,4096.000000,209760.939056,217442.631972,232806.017804
ambiguity,dominant_peer_ratio,0.6,6,engagement_g00_d2.0,2952,153,217636.421684,14685.943597,95.986559,626688,4096.000000,224979.393483,232322.365281,247008.308878
ambiguity,dominant_peer_ratio,0.6,6,engagement_g00_d5.0,2952,141,267445.840570,13899.972835,98.581368,577536,4096.000000,274395.826988,281345.813405,295245.786240
ambiguity,dominant_peer_ratio,0.6,6,engagement_g00_d10.0,2952,52,305432.846821,5382.574784,103.511054,212992,4096.000000,308124.134213,310815.421605,316197.996389
ambiguity,dominant_peer_ratio,0.6,6,engagement_g05_d0.0,2952,149,198985.235546,14763.662614,99.084984,610304,4096.000000,206367.066853,213748.898160,228512.560774
ambiguity,dominant_peer_ratio,0.6,6,engagement_g05_d0.25,2952,147,201671.493032,14412.488381,98.044139,602112,4096.000000,208877.737223,216083.981413,230496.469794
ambiguity,dominant_peer_ratio,0.6,6,engagement_g05_d0.5,2952,147,204878.703431,14412.488381,98.044139,602112,4096.000000,212084.947622,219291.191812,233703.680193
ambiguity,dominant_peer_ratio,0.6,6,engagement_g05_d1.0,2952,146,209977.766376,14357.184552,98.336880,598016,4096.000000,217156.358652,224334.950928,238692.135480
ambiguity,dominant_peer_ratio,0.6,6,engagement_g05_d2.0,2952,144,225495.435080,14050.646606,97.573935,589824,4096.000000,232520.758383,239546.081686,253596.728292
ambiguity,dominant_peer_ratio,0.6,6,engagement_g05_d5.0,2952,126,272985.719274,12366.669654,98.148172,516096,4096.000000,279169.054101,285352.388928,297719.058582
ambiguity,dominant_peer_ratio,0.6,6,engagement_g05_d10.0,2952,20,310102.721826,2507.778634,125.388932,81920,4096.000000,311356.611143,312610.500460,315118.279094
ambiguity,dominant_peer_ratio,0.6,6,oracle_a1,2952,1088,53845.651909,29724.564367,27.320372,4456448,4096.000000,68707.934093,83570.216276,113294.780643
ambiguity,dominant_peer_ratio,0.6,6,oracle_a0.5,2952,1669,33883.749753,60392.662592,36.184939,6836224,4096.000000,64080.081049,94276.412345,154669.074937
ambiguity,dominant_peer_ratio,0.6,6,oracle_a2,2952,697,72280.095379,16275.664506,23.351025,2854912,4096.000000,80417.927632,88555.759885,104831.424391
ambiguity,dominant_peer_ratio,0.6,7,static,2971,0,339555.685822,0.000000,,0,,339555.685822,339555.685822,339555.685822
ambiguity,dominant_peer_ratio,0.6,7,nearest,2971,5,316981.992446,470.237830,94.047566,20480,4096.000000,317217.111361,317452.230276,317922.468106
ambiguity,dominant_peer_ratio,0.6,7,naive_target_aware,2971,190,196130.056047,20804.801942,109.498958,778240,4096.000000,206532.457018,216934.857989,237739.659931
ambiguity,dominant_peer_ratio,0.6,7,engagement_g00_d0.0,2971,190,196130.056047,20804.801942,109.498958,778240,4096.000000,206532.457018,216934.857989,237739.659931
ambiguity,dominant_peer_ratio,0.6,7,engagement_g00_d0.25,2971,164,209112.692058,17796.095171,108.512775,671744,4096.000000,218010.739644,226908.787229,244704.882400
ambiguity,dominant_peer_ratio,0.6,7,engagement_g00_d0.5,2971,159,213634.119764,17189.935553,108.112802,651264,4096.000000,222229.087541,230824.055317,248013.990870
ambiguity,dominant_peer_ratio,0.6,7,engagement_g00_d1.0,2971,153,222171.838030,16413.178223,107.275675,626688,4096.000000,230378.427142,238585.016253,254998.194476
ambiguity,dominant_peer_ratio,0.6,7,engagement_g00_d2.0,2971,153,243552.611130,16413.178223,107.275675,626688,4096.000000,251759.200242,259965.789353,276378.967576
ambiguity,dominant_peer_ratio,0.6,7,engagement_g00_d5.0,2971,144,297100.246943,16003.604446,111.136142,589824,4096.000000,305102.049166,313103.851389,329107.455835
ambiguity,dominant_peer_ratio,0.6,7,engagement_g00_d10.0,2971,53,329648.493529,5457.940391,102.980007,217088,4096.000000,332377.463725,335106.433920,340564.374311
ambiguity,dominant_peer_ratio,0.6,7,engagement_g05_d0.0,2971,146,219234.496945,15965.381859,109.351931,598016,4096.000000,227217.187875,235199.878804,251165.260663
ambiguity,dominant_peer_ratio,0.6,7,engagement_g05_d0.25,2971,146,221263.954301,15965.381859,109.351931,598016,4096.000000,229246.645231,237229.336160,253194.718019
ambiguity,dominant_peer_ratio,0.6,7,engagement_g05_d0.5,2971,146,224000.773159,15965.381859,109.351931,598016,4096.000000,231983.464089,239966.155018,255931.536877
ambiguity,dominant_peer_ratio,0.6,7,engagement_g05_d1.0,2971,146,230098.079244,15965.381859,109.351931,598016,4096.000000,238080.770174,246063.461103,262028.842962
ambiguity,dominant_peer_ratio,0.6,7,engagement_g05_d2.0,2971,146,248700.217292,15965.381859,109.351931,598016,4096.000000,256682.908222,264665.599151,280630.981010
ambiguity,dominant_peer_ratio,0.6,7,engagement_g05_d5.0,2971,123,301575.537344,13873.031459,112.788874,503808,4096.000000,308512.053074,315448.568803,329321.600262
ambiguity,dominant_peer_ratio,0.6,7,engagement_g05_d10.0,2971,19,317234.379126,2070.445111,108.970795,77824,4096.000000,318269.601682,319304.824237,321375.269348
ambiguity,dominant_peer_ratio,0.6,7,oracle_a1,2971,1047,71527.783826,36793.526584,35.141859,4288512,4096.000000,89924.547118,108321.310410,145114.836994
ambiguity,dominant_peer_ratio,0.6,7,oracle_a0.5,2971,1675,41141.960551,83211.300725,49.678388,6860800,4096.000000,82747.610913,124353.261276,207564.562001
ambiguity,dominant_peer_ratio,0.6,7,oracle_a2,2971,613,97720.410462,17325.953430,28.264198,2510848,4096.000000,106383.387177,115046.363892,132372.317322
ambiguity,dominant_peer_ratio,0.6,8,static,2983,0,279654.394743,0.000000,,0,,279654.394743,279654.394743,279654.394743
ambiguity,dominant_peer_ratio,0.6,8,nearest,2983,5,290543.551642,463.236040,92.647208,20480,4096.000000,290775.169662,291006.787682,291470.023722
ambiguity,dominant_peer_ratio,0.6,8,naive_target_aware,2983,192,174906.734625,18586.012201,96.802147,786432,4096.000000,184199.740725,193492.746826,212078.759027
ambiguity,dominant_peer_ratio,0.6,8,engagement_g00_d0.0,2983,192,174906.734625,18586.012201,96.802147,786432,4096.000000,184199.740725,193492.746826,212078.759027
ambiguity,dominant_peer_ratio,0.6,8,engagement_g00_d0.25,2983,160,185939.975119,15071.998974,94.199994,655360,4096.000000,193475.974606,201011.974093,216083.973067
ambiguity,dominant_peer_ratio,0.6,8,engagement_g00_d0.5,2983,155,189907.801167,14801.386604,95.492817,634880,4096.000000,197308.494469,204709.187771,219510.574375
ambiguity,dominant_peer_ratio,0.6,8,engagement_g00_d1.0,2983,152,198280.097468,14448.875331,95.058390,622592,4096.000000,205504.535133,212728.972799,227177.848130
ambiguity,dominant_peer_ratio,0.6,8,engagement_g00_d2.0,2983,150,210797.056051,14097.482093,93.983214,614400,4096.000000,217845.797097,224894.538144,238992.020237
ambiguity,dominant_peer_ratio,0.6,8,engagement_g00_d5.0,2983,146,259029.686545,13617.407136,93.269912,598016,4096.000000,265838.390113,272647.093681,286264.500817
ambiguity,dominant_peer_ratio,0.6,8,engagement_g00_d10.0,2983,51,298220.597892,4944.865507,96.958147,208896,4096.000000,300693.030645,303165.463399,308110.328906
ambiguity,dominant_peer_ratio,0.6,8,engagement_g05_d0.0,2983,150,197065.269224,14521.315810,96.808772,614400,4096.000000,204325.927129,211586.585034,226107.900844
ambiguity,dominant_peer_ratio,0.6,8,engagement_g05_d0.25,2983,146,199393.835008,13785.374369,94.420372,598016,4096.000000,206286.522192,213179.209377,226964.583746
ambiguity,dominant_peer_ratio,0.6,8,engagement_g05_d0.5,2983,146,201919.227626,13785.374369,94.420372,598016,4096.000000,208811.914810,215704.601995,229489.976364
ambiguity,dominant_peer_ratio,0.6,8,engagement_g05_d1.0,2983,145,206793.009704,13553.995146,93.475829,593920,4096.000000,213570.007277,220347.004850,233900.999996
ambiguity,dominant_peer_ratio,0.6,8,engagement_g05_d2.0,2983,144,217682.476561,13408.901170,93.117369,589824,4096.000000,224386.927146,231091.377731,244500.278901
ambiguity,dominant_peer_ratio,0.6,8,engagement_g05_d5.0,2983,131,264252.031421,12180.295501,92.979355,536576,4096.000000,270342.179171,276432.326922,288612.622423
ambiguity,dominant_peer_ratio,0.6,8,engagement_g05_d10.0,2983,19,287976.766696,1869.992172,98.420641,77824,4096.000000,288911.762782,289846.758868,291716.751040
ambiguity,dominant_peer_ratio,0.6,8,oracle_a1,2983,1101,58070.915944,30130.235774,27.366245,4509696,4096.000000,73136.033831,88201.151718,118331.387492
ambiguity,dominant_peer_ratio,0.6,8,oracle_a0.5,2983,1674,36328.927952,63079.692468,37.682015,6856704,4096.000000,67868.774186,99408.620420,162488.312888
ambiguity,dominant_peer_ratio,0.6,8,oracle_a2,2983,673,78327.807875,15459.006165,22.970291,2756608,4096.000000,86057.310958,93786.814040,109245.820205
ambiguity,dominant_peer_ratio,0.6,9,static,2932,0,282356.391101,0.000000,,0,,282356.391101,282356.391101,282356.391101
ambiguity,dominant_peer_ratio,0.6,9,nearest,2932,5,316654.985746,440.799752,88.159950,20480,4096.000000,316875.385622,317095.785498,317536.585250
ambiguity,dominant_peer_ratio,0.6,9,naive_target_aware,2932,189,180019.878002,18557.254356,98.186531,774144,4096.000000,189298.505180,198577.132358,217134.386714
ambiguity,dominant_peer_ratio,0.6,9,engagement_g00_d0.0,2932,189,180019.878002,18557.254356,98.186531,774144,4096.000000,189298.505180,198577.132358,217134.386714
ambiguity,dominant_peer_ratio,0.6,9,engagement_g00_d0.25,2932,162,191047.210360,15408.295795,95.112937,663552,4096.000000,198751.358257,206455.506155,221863.801950
ambiguity,dominant_peer_ratio,0.6,9,engagement_g00_d0.5,2932,160,195866.590905,15131.728411,94.573303,655360,4096.000000,203432.455110,210998.319316,226130.047727
ambiguity,dominant_peer_ratio,0.6,9,engagement_g00_d1.0,2932,155,202573.974480,14851.535234,95.816356,634880,4096.000000,209999.742097,217425.509714,232277.044948
ambiguity,dominant_peer_ratio,0.6,9,engagement_g00_d2.0,2932,153,219985.653449,14598.490320,95.414969,626688,4096.000000,227284.898609,234584.143769,249182.634089
ambiguity,dominant_peer_ratio,0.6,9,engagement_g00_d5.0,2932,144,269138.355897,14271.630203,99.108543,589824,4096.000000,276274.170998,283409.986100,297681.616303
ambiguity,dominant_peer_ratio,0.6,9,engagement_g00_d10.0,2932,54,296924.546492,6092.277652,112.819957,221184,4096.000000,299970.685318,303016.824144,309109.101796
ambiguity,dominant_peer_ratio,0.6,9,engagement_g05_d0.0,2932,151,200351.382960,14580.307530,96.558328,618496,4096.000000,207641.536725,214931.690490,229511.998020
ambiguity,dominant_peer_ratio,0.6,9,engagement_g05_d0.25,2932,146,202673.394483,13869.523905,94.996739,598016,4096.000000,209608.156435,216542.918388,230412.442293
ambiguity,dominant_peer_ratio,0.6,9,engagement_g05_d0.5,2932,146,206183.314527,13869.523905,94.996739,598016,4096.000000,213118.076479,220052.838432,233922.362337
ambiguity,dominant_peer_ratio,0.6,9,engagement_g05_d1.0,2932,146,211336.813820,13869.523905,94.996739,598016,4096.000000,218271.575772,225206.337725,239075.861630
ambiguity,dominant_peer_ratio,0.6,9,engagement_g05_d2.0,2932,146,225792.355359,13869.523905,94.996739,598016,4096.000000,232727.117311,239661.879264,253531.403169
ambiguity,dominant_peer_ratio,0.6,9,engagement_g05_d5.0,2932,128,281011.089565,12822.670685,100.177115,524288,4096.000000,287422.424907,293833.760250,306656.430935
ambiguity,dominant_peer_ratio,0.6,9,engagement_g05_d10.0,2932,24,289920.315253,2738.878788,114.119950,98304,4096.000000,291289.754647,292659.194041,295398.072829
ambiguity,dominant_peer_ratio,0.6,9,oracle_a1,2932,1061,59313.353987,30856.074762,29.082069,4345856,4096.000000,74741.391368,90169.428749,121025.503511
ambiguity,dominant_peer_ratio,0.6,9,oracle_a0.5,2932,1660,35707.030745,68221.246597,41.097137,6799360,4096.000000,69817.654044,103928.277342,172149.523939
ambiguity,dominant_peer_ratio,0.6,9,oracle_a2,2932,662,78194.900610,17175.761402,25.945259,2711552,4096.000000,86782.781311,95370.662012,112546.423414
ambiguity,dominant_peer_ratio,0.6,10,static,3006,0,311475.968106,0.000000,,0,,311475.968106,311475.968106,311475.968106
ambiguity,dominant_peer_ratio,0.6,10,nearest,3006,5,261769.684611,428.686323,85.737265,20480,4096.000000,261984.027772,262198.370934,262627.057257
ambiguity,dominant_peer_ratio,0.6,10,naive_target_aware,3006,194,180779.378901,20082.944804,103.520334,794624,4096.000000,190820.851303,200862.323705,220945.268509
ambiguity,dominant_peer_ratio,0.6,10,engagement_g00_d0.0,3006,194,180779.378901,20082.944804,103.520334,794624,4096.000000,190820.851303,200862.323705,220945.268509
ambiguity,dominant_peer_ratio,0.6,10,engagement_g00_d0.25,3006,162,194612.403767,16741.102809,103.340141,663552,4096.000000,202982.955171,211353.506576,228094.609385
ambiguity,dominant_peer_ratio,0.6,10,engagement_g00_d0.5,3006,158,197338.019289,16365.084930,103.576487,647168,4096.000000,205520.561754,213703.104219,230068.189149
ambiguity,dominant_peer_ratio,0.6,10,engagement_g00_d1.0,3006,156,207247.927826,16124.016102,103.359078,638976,4096.000000,215309.935877,223371.943928,239495.960030
ambiguity,dominant_peer_ratio,0.6,10,engagement_g00_d2.0,3006,154,225904.950625,16015.610001,103.997468,630784,4096.000000,233912.755625,241920.560626,257936.170627
ambiguity,dominant_peer_ratio,0.6,10,engagement_g00_d5.0,3006,145,273843.342103,14925.485520,102.934383,593920,4096.000000,281306.084863,288768.827623,303694.313143
ambiguity,dominant_peer_ratio,0.6,10,engagement_g00_d10.0,3006,49,294737.932811,4963.600908,101.297978,200704,4096.000000,297219.733265,299701.533719,304665.134627
ambiguity,dominant_peer_ratio,0.6,10,engagement_g05_d0.0,3006,150,202337.122891,15764.616360,105.097442,614400,4096.000000,210219.431071,218101.739251,233866.355611
ambiguity,dominant_peer_ratio,0.6,10,engagement_g05_d0.25,3006,149,206648.677377,15492.513173,103.976598,610304,4096.000000,214394.933963,222141.190550,237633.703723
ambiguity,dominant_peer_ratio,0.6,10,engagement_g05_d0.5,3006,148,208342.460767,15448.695655,104.383079,606208,4096.000000,216066.808594,223791.156422,239239.852077
ambiguity,dominant_peer_ratio,0.6,10,engagement_g05_d1.0,3006,147,216256.859049,15348.983131,104.414851,602112,4096.000000,223931.350614,231605.842180,246954.825311
ambiguity,dominant_peer_ratio,0.6,10,engagement_g05_d2.0,3006,145,231990.608917,15304.407785,105.547640,593920,4096.000000,239642.812809,247295.016702,262599.424487
ambiguity,dominant_peer_ratio,0.6,10,engagement_g05_d5.0,3006,122,280784.472300,12914.155803,105.853736,499712,4096.000000,287241.550201,293698.628103,306612.783906
ambiguity,dominant_peer_ratio,0.6,10,engagement_g05_d10.0,3006,20,309403.333359,1819.045651,90.952283,81920,4096.000000,310312.856185,311222.379010,313041.424661
ambiguity,dominant_peer_ratio,0.6,10,oracle_a1,3006,973,61927.637520,31782.666777,32.664611,3985408,4096.000000,77818.970909,93710.304297,125492.971074
ambiguity,dominant_peer_ratio,0.6,10,oracle_a0.5,3006,1627,36971.329298,70147.789528,43.114806,6664192,4096.000000,72045.224062,107119.118826,177266.908354
ambiguity,dominant_peer_ratio,0.6,10,oracle_a2,3006,546,83715.825482,15728.106323,28.806056,2236416,4096.000000,91579.878644,99443.931805,115172.038128
ambiguity,dominant_peer_ratio,0.6,11,static,3002,0,312435.040502,0.000000,,0,,312435.040502,312435.040502,312435.040502
ambiguity,dominant_peer_ratio,0.6,11,nearest,3002,39,300797.122363,5006.591899,128.374151,159744,4096.000000,303300.418312,305803.714262,310810.306161
ambiguity,dominant_peer_ratio,0.6,11,naive_target_aware,3002,183,189756.793178,20225.114584,110.519752,749568,4096.000000,199869.350470,209981.907762,230207.022346
ambiguity,dominant_peer_ratio,0.6,11,engagement_g00_d0.0,3002,183,189756.793178,20225.114584,110.519752,749568,4096.000000,199869.350470,209981.907762,230207.022346
ambiguity,dominant_peer_ratio,0.6,11,engagement_g00_d0.25,3002,160,203334.290555,17698.238736,110.613992,655360,4096.000000,212183.409923,221032.529291,238730.768027
ambiguity,dominant_peer_ratio,0.6,11,engagement_g00_d0.5,3002,157,208121.501892,17437.956772,111.069788,643072,4096.000000,216840.480278,225559.458664,242997.415436
ambiguity,dominant_peer_ratio,0.6,11,engagement_g00_d1.0,3002,154,215318.594505,17061.084807,110.786265,630784,4096.000000,223849.136909,232379.679312,249440.764119
ambiguity,dominant_peer_ratio,0.6,11,engagement_g00_d2.0,3002,152,237006.273444,16888.788486,111.110451,622592,4096.000000,245450.667687,253895.061930,270783.850416
ambiguity,dominant_peer_ratio,0.6,11,engagement_g00_d5.0,3002,144,295679.517887,16210.723510,112.574469,589824,4096.000000,303784.879642,311890.241397,328100.964907
ambiguity,dominant_peer_ratio,0.6,11,engagement_g00_d10.0,3002,52,302868.385494,5031.514171,96.759888,212992,4096.000000,305384.142579,307899.899665,312931.413836
ambiguity,dominant_peer_ratio,0.6,11,engagement_g05_d0.0,3002,151,212810.753336,16908.347733,111.975813,618496,4096.000000,221264.927203,229719.101069,246627.448802
ambiguity,dominant_peer_ratio,0.6,11,engagement_g05_d0.25,3002,149,217093.860120,16719.263103,112.209819,610304,4096.000000,225453.491672,233813.123223,250532.386326
ambiguity,dominant_peer_ratio,0.6,11,engagement_g05_d0.5,3002,147,219469.995747,16607.054307,112.973159,602112,4096.000000,227773.522901,236077.050054,252684.104361
ambiguity,dominant_peer_ratio,0.6,11,engagement_g05_d1.0,3002,145,224264.076045,16415.950368,113.213451,593920,4096.000000,232472.051229,240680.026413,257095.976781
ambiguity,dominant_peer_ratio,0.6,11,engagement_g05_d2.0,3002,144,244049.876979,16339.558131,113.469154,589824,4096.000000,252219.656045,260389.435110,276728.993241
ambiguity,dominant_peer_ratio,0.6,11,engagement_g05_d5.0,3002,129,298157.935972,14346.715307,111.214847,528384,4096.000000,305331.293625,312504.651279,326851.366586
ambiguity,dominant_peer_ratio,0.6,11,engagement_g05_d10.0,3002,24,312393.204819,2623.455620,109.310651,98304,4096.000000,313704.932629,315016.660439,317640.116059
ambiguity,dominant_peer_ratio,0.6,11,oracle_a1,3002,1050,60647.261449,29963.475048,28.536643,4300800,4096.000000,75628.998973,90610.736497,120574.211545
ambiguity,dominant_peer_ratio,0.6,11,oracle_a0.5,3002,1696,36054.259047,67714.660319,39.926097,6946816,4096.000000,69911.589207,103768.919366,171483.579685
ambiguity,dominant_peer_ratio,0.6,11,oracle_a2,3002,696,78771.268232,17171.887570,24.672252,2850816,4096.000000,87357.212017,95943.155802,113115.043372
ambiguity,dominant_peer_ratio,0.6,12,static,3026,0,299293.923190,0.000000,,0,,299293.923190,299293.923190,299293.923190
ambiguity,dominant_peer_ratio,0.6,12,nearest,3026,5,342512.434209,705.318650,141.063730,20480,4096.000000,342865.093534,343217.752859,343923.071509
ambiguity,dominant_peer_ratio,0.6,12,naive_target_aware,3026,191,178319.545644,18395.267130,96.310299,782336,4096.000000,187517.179209,196714.812774,215110.079904
ambiguity,dominant_peer_ratio,0.6,12,engagement_g00_d0.0,3026,191,178319.545644,18395.267130,96.310299,782336,4096.000000,187517.179209,196714.812774,215110.079904
ambiguity,dominant_peer_ratio,0.6,12,engagement_g00_d0.25,3026,163,193212.142801,15996.310285,98.136873,667648,4096.000000,201210.297944,209208.453086,225204.763371
ambiguity,dominant_peer_ratio,0.6,12,engagement_g00_d0.5,3026,160,198562.712304,15920.837600,99.505235,655360,4096.000000,206523.131104,214483.549904,230404.387504
ambiguity,dominant_peer_ratio,0.6,12,engagement_g00_d1.0,3026,157,209459.083474,15848.041365,100.942939,643072,4096.000000,217383.104157,225307.124839,241155.166204
ambiguity,dominant_peer_ratio,0.6,12,engagement_g00_d2.0,3026,149,232224.688708,15723.747239,105.528505,610304,4096.000000,240086.562328,247948.435947,263672.183186
ambiguity,dominant_peer_ratio,0.6,12,engagement_g00_d5.0,3026,146,282012.892079,15349.871966,105.136109,598016,4096.000000,289687.828062,297362.764045,312712.636011
ambiguity,dominant_peer_ratio,0.6,12,engagement_g00_d10.0,3026,55,299457.371403,5584.403072,101.534601,225280,4096.000000,302249.572939,305041.774475,310626.177547
ambiguity,dominant_peer_ratio,0.6,12,engagement_g05_d0.0,3026,151,204291.950953,16169.757596,107.084487,618496,4096.000000,212376.829751,220461.708549,236631.466145
ambiguity,dominant_peer_ratio,0.6,12,engagement_g05_d0.25,3026,147,207317.264494,15717.926759,106.924672,602112,4096.000000,215176.227874,223035.191253,238753.118012
ambiguity,dominant_peer_ratio,0.6,12,engagement_g05_d0.5,3026,147,210560.974859,15717.926759,106.924672,602112,4096.000000,218419.938239,226278.901618,241996.828377
ambiguity,dominant_peer_ratio,0.6,12,engagement_g05_d1.0,3026,147,216870.654974,15717.926759,106.924672,602112,4096.000000,224729.618354,232588.581733,248306.508492
ambiguity,dominant_peer_ratio,0.6,12,engagement_g05_d2.0,3026,146,236583.373030,15501.896492,106.177373,598016,4096.000000,244334.321276,252085.269522,267587.166014
ambiguity,dominant_peer_ratio,0.6,12,engagement_g05_d5.0,3026,133,286264.712977,13976.793199,105.088671,544768,4096.000000,293253.109577,300241.506176,314218.299375
ambiguity,dominant_peer_ratio,0.6,12,engagement_g05_d10.0,3026,23,300949.950897,2436.233088,105.923178,94208,4096.000000,302168.067441,303386.183985,305822.417073
ambiguity,dominant_peer_ratio,0.6,12,oracle_a1,3026,1182,54566.957953,28176.716887,23.838170,4841472,4096.000000,68655.316396,82743.674840,110920.391727
ambiguity,dominant_peer_ratio,0.6,12,oracle_a0.5,3026,1735,35907.765208,56538.683542,32.587137,7106560,4096.000000,64177.106979,92446.448750,148985.132292
ambiguity,dominant_peer_ratio,0.6,12,oracle_a2,3026,786,72115.238534,15546.212965,19.778897,3219456,4096.000000,79888.345016,87661.451499,103207.664464
ambiguity,dominant_peer_ratio,0.6,13,static,3014,0,288837.245012,0.000000,,0,,288837.245012,288837.245012,288837.245012
ambiguity,dominant_peer_ratio,0.6,13,nearest,3014,23,307762.204490,3206.880352,139.429581,94208,4096.000000,309365.644666,310969.084842,314175.965194
ambiguity,dominant_peer_ratio,0.6,13,naive_target_aware,3014,206,178547.363990,18656.769616,90.566843,843776,4096.000000,187875.748798,197204.133606,215860.903222
ambiguity,dominant_peer_ratio,0.6,13,engagement_g00_d0.0,3014,206,178547.363990,18656.769616,90.566843,843776,4096.000000,187875.748798,197204.133606,215860.903222
ambiguity,dominant_peer_ratio,0.6,13,engagement_g00_d0.25,3014,168,191181.680199,15714.095558,93.536283,688128,4096.000000,199038.727978,206895.775757,222609.871315
ambiguity,dominant_peer_ratio,0.6,13,engagement_g00_d0.5,3014,161,194589.332784,15324.935921,95.185937,659456,4096.000000,202251.800745,209914.268705,225239.204626
ambiguity,dominant_peer_ratio,0.6,13,engagement_g00_d1.0,3014,159,203296.963729,15247.889578,95.898677,651264,4096.000000,210920.908518,218544.853307,233792.742885
ambiguity,dominant_peer_ratio,0.6,13,engagement_g00_d2.0,3014,154,219615.453639,14457.314293,93.878664,630784,4096.000000,226844.110786,234072.767932,248530.082225
ambiguity,dominant_peer_ratio,0.6,13,engagement_g00_d5.0,3014,139,262912.107661,12799.099895,92.079855,569344,4096.000000,269311.657608,275711.207556,288510.307451
ambiguity,dominant_peer_ratio,0.6,13,engagement_g00_d10.0,3014,49,304728.660796,4628.978444,94.468948,200704,4096.000000,307043.150018,309357.639240,313986.617684
ambiguity,dominant_peer_ratio,0.6,13,engagement_g05_d0.0,3014,152,195135.242884,14638.549627,96.306248,622592,4096.000000,202454.517698,209773.792511,224412.342138
ambiguity,dominant_peer_ratio,0.6,13,engagement_g05_d0.25,3014,147,197925.101955,13833.922204,94.108314,602112,4096.000000,204842.063057,211759.024159,225592.946363
ambiguity,dominant_peer_ratio,0.6,13,engagement_g05_d0.5,3014,147,199236.552200,13833.922204,94.108314,602112,4096.000000,206153.513302,213070.474404,226904.396608
ambiguity,dominant_peer_ratio,0.6,13,engagement_g05_d1.0,3014,147,205470.773730,13833.922204,94.108314,602112,4096.000000,212387.734832,219304.695934,233138.618138
ambiguity,dominant_peer_ratio,0.6,13,engagement_g05_d2.0,3014,145,221327.562222,13690.366249,94.416319,593920,4096.000000,228172.745347,235017.928471,248708.294720
ambiguity,dominant_peer_ratio,0.6,13,engagement_g05_d5.0,3014,127,262026.157483,11635.350950,91.616937,520192,4096.000000,267843.832958,273661.508433,285296.859383
ambiguity,dominant_peer_ratio,0.6,13,engagement_g05_d10.0,3014,19,309154.227201,1931.468723,101.656249,77824,4096.000000,310119.961563,311085.695924,313017.164647
ambiguity,dominant_peer_ratio,0.6,13,oracle_a1,3014,1151,54799.664364,31513.968373,27.379642,4714496,4096.000000,70556.648550,86313.632737,117827.601110
ambiguity,dominant_peer_ratio,0.6,13,oracle_a0.5,3014,1691,34639.476557,61997.563366,36.663255,6926336,4096.000000,65638.258240,96637.039923,158634.603289
ambiguity,dominant_peer_ratio,0.6,13,oracle_a2,3014,775,74958.587754,16978.421583,21.907641,3174400,4096.000000,83447.798545,91937.009337,108915.430920
ambiguity,dominant_peer_ratio,0.6,14,static,3050,0,314435.445350,0.000000,,0,,314435.445350,314435.445350,314435.445350
ambiguity,dominant_peer_ratio,0.6,14,nearest,3050,5,339402.996440,534.284486,106.856897,20480,4096.000000,339670.138683,339937.280926,340471.565412
ambiguity,dominant_peer_ratio,0.6,14,naive_target_aware,3050,176,194658.032032,18251.330805,103.700743,720896,4096.000000,203783.697434,212909.362837,231160.693642
ambiguity,dominant_peer_ratio,0.6,14,engagement_g00_d0.0,3050,176,194658.032032,18251.330805,103.700743,720896,4096.000000,203783.697434,212909.362837,231160.693642
ambiguity,dominant_peer_ratio,0.6,14,engagement_g00_d0.25,3050,157,206542.437330,16038.331079,102.154975,643072,4096.000000,214561.602869,222580.768409,238619.099488
ambiguity,dominant_peer_ratio,0.6,14,engagement_g00_d0.5,3050,154,209119.857842,15561.273768,101.047232,630784,4096.000000,216900.494726,224681.131610,240242.405378
ambiguity,dominant_peer_ratio,0.6,14,engagement_g00_d1.0,3050,152,216615.705783,15278.107090,100.513862,622592,4096.000000,224254.759328,231893.812873,247171.919963
ambiguity,dominant_peer_ratio,0.6,14,engagement_g00_d2.0,3050,151,231923.082796,15262.391893,101.075443,618496,4096.000000,239554.278742,247185.474689,262447.866582
ambiguity,dominant_peer_ratio,0.6,14,engagement_g00_d5.0,3050,148,285526.428489,14890.248507,100.609787,606208,4096.000000,292971.552742,300416.676996,315306.925503
ambiguity,dominant_peer_ratio,0.6,14,engagement_g00_d10.0,3050,53,345650.249993,6511.397485,122.856556,217088,4096.000000,348905.948736,352161.647478,358673.044963
ambiguity,dominant_peer_ratio,0.6,14,engagement_g05_d0.0,3050,150,211227.349079,14988.153548,99.921024,614400,4096.000000,218721.425853,226215.502627,241203.656175
ambiguity,dominant_peer_ratio,0.6,14,engagement_g05_d0.25,3050,149,215116.544613,14942.524839,100.285402,610304,4096.000000,222587.807032,230059.069452,245001.594291
ambiguity,dominant_peer_ratio,0.6,14,engagement_g05_d0.5,3050,149,217040.991329,14942.524839,100.285402,610304,4096.000000,224512.253748,231983.516168,246926.041007
ambiguity,dominant_peer_ratio,0.6,14,engagement_g05_d1.0,3050,147,222249.901052,14781.180037,100.552245,602112,4096.000000,229640.491070,237031.081089,251812.261126
ambiguity,dominant_peer_ratio,0.6,14,engagement_g05_d2.0,3050,147,234393.069168,14781.180037,100.552245,602112,4096.000000,241783.659186,249174.249205,263955.429242
ambiguity,dominant_peer_ratio,0.6,14,engagement_g05_d5.0,3050,132,291395.768139,13704.057063,103.818614,540672,4096.000000,298247.796670,305099.825202,318803.882265
ambiguity,dominant_peer_ratio,0.6,14,engagement_g05_d10.0,3050,15,317168.578346,1938.394477,129.226298,61440,4096.000000,318137.775585,319106.972823,321045.367300
ambiguity,dominant_peer_ratio,0.6,14,oracle_a1,3050,1172,68797.380729,34853.450753,29.738439,4800512,4096.000000,86224.106105,103650.831482,138504.282235
ambiguity,dominant_peer_ratio,0.6,14,oracle_a0.5,3050,1763,40154.201852,78308.135639,44.417547,7221248,4096.000000,79308.269671,118462.337491,196770.473130
ambiguity,dominant_peer_ratio,0.6,14,oracle_a2,3050,736,92605.404419,17667.861429,24.005247,3014656,4096.000000,101439.335133,110273.265848,127941.127277
ambiguity,dominant_peer_ratio,0.6,15,static,3022,0,303514.901539,0.000000,,0,,303514.901539,303514.901539,303514.901539
ambiguity,dominant_peer_ratio,0.6,15,nearest,3022,4,331414.494292,590.155156,147.538789,16384,4096.000000,331709.571870,332004.649448,332594.804604
ambiguity,dominant_peer_ratio,0.6,15,naive_target_aware,3022,199,190706.244917,21239.979792,106.733567,815104,4096.000000,201326.234813,211946.224709,233186.204501
ambiguity,dominant_peer_ratio,0.6,15,engagement_g00_d0.0,3022,199,190706.244917,21239.979792,106.733567,815104,4096.000000,201326.234813,211946.224709,233186.204501
ambiguity,dominant_peer_ratio,0.6,15,engagement_g00_d0.25,3022,169,202843.423767,17375.664212,102.814581,692224,4096.000000,211531.255873,220219.087979,237594.752191
ambiguity,dominant_peer_ratio,0.6,15,engagement_g00_d0.5,3022,163,207484.180054,16942.220104,103.940001,667648,4096.000000,215955.290106,224426.400158,241368.620262
ambiguity,dominant_peer_ratio,0.6,15,engagement_g00_d1.0,3022,163,216510.879829,16942.220104,103.940001,667648,4096.000000,224981.989881,233453.099933,250395.320037
ambiguity,dominant_peer_ratio,0.6,15,engagement_g00_d2.0,3022,152,237435.514912,15978.587808,105.122288,622592,4096.000000,245424.808816,253414.102720,269392.690528
ambiguity,dominant_peer_ratio,0.6,15,engagement_g00_d5.0,3022,144,295420.395201,15496.121349,107.611954,589824,4096.000000,303168.455875,310916.516550,326412.637899
ambiguity,dominant_peer_ratio,0.6,15,engagement_g00_d10.0,3022,55,350396.840168,6733.435779,122.426105,225280,4096.000000,353763.558058,357130.275947,363863.711726
ambiguity,dominant_peer_ratio,0.6,15,engagement_g05_d0.0,3022,150,213395.447276,15595.839149,103.972261,614400,4096.000000,221193.366850,228991.286425,244587.125574
ambiguity,dominant_peer_ratio,0.6,15,engagement_g05_d0.25,3022,148,217762.966190,15425.631744,104.227242,606208,4096.000000,225475.782062,233188.597934,248614.229678
ambiguity,dominant_peer_ratio,0.6,15,engagement_g05_d0.5,3022,148,219578.682244,15425.631744,104.227242,606208,4096.000000,227291.498116,235004.313988,250429.945732
ambiguity,dominant_peer_ratio,0.6,15,engagement_g05_d1.0,3022,148,225588.422392,15425.631744,104.227242,606208,4096.000000,233301.238264,241014.054136,256439.685880
ambiguity,dominant_peer_ratio,0.6,15,engagement_g05_d2.0,3022,147,241832.362835,15353.709832,104.447006,602112,4096.000000,249509.217751,257186.072667,272539.782499
ambiguity,dominant_peer_ratio,0.6,15,engagement_g05_d5.0,3022,128,306014.726401,14583.343815,113.932374,524288,4096.000000,313306.398308,320598.070216,335181.414031
ambiguity,dominant_peer_ratio,0.6,15,engagement_g05_d10.0,3022,22,319322.199094,2011.147655,91.415803,90112,4096.000000,320327.772922,321333.346749,323344.494404
ambiguity,dominant_peer_ratio,0.6,15,oracle_a1,3022,1141,60493.420630,33425.233250,29.294683,4673536,4096.000000,77206.037255,93918.653880,127343.887130
ambiguity,dominant_peer_ratio,0.6,15,oracle_a0.5,3022,1686,37897.479064,67489.148277,40.029151,6905856,4096.000000,71642.053203,105386.627341,172875.775618
ambiguity,dominant_peer_ratio,0.6,15,oracle_a2,3022,694,83507.848006,16954.524804,24.430151,2842624,4096.000000,91985.110408,100462.372810,117416.897614
ambiguity,dominant_peer_ratio,0.6,16,static,3097,0,278344.900886,0.000000,,0,,278344.900886,278344.900886,278344.900886
ambiguity,dominant_peer_ratio,0.6,16,nearest,3097,5,297812.398938,504.173724,100.834745,20480,4096.000000,298064.485800,298316.572662,298820.746386
ambiguity,dominant_peer_ratio,0.6,16,naive_target_aware,3097,182,177383.467618,17892.714021,98.311615,745472,4096.000000,186329.824628,195276.181639,213168.895660
ambiguity,dominant_peer_ratio,0.6,16,engagement_g00_d0.0,3097,182,177383.467618,17892.714021,98.311615,745472,4096.000000,186329.824628,195276.181639,213168.895660
ambiguity,dominant_peer_ratio,0.6,16,engagement_g00_d0.25,3097,160,192234.132446,15028.947063,93.930919,655360,4096.000000,199748.605977,207263.079509,222292.026572
ambiguity,dominant_peer_ratio,0.6,16,engagement_g00_d0.5,3097,157,196987.535249,14667.872931,93.425942,643072,4096.000000,204321.471714,211655.408180,226323.281111
ambiguity,dominant_peer_ratio,0.6,16,engagement_g00_d1.0,3097,152,206155.266324,14429.344560,94.929898,622592,4096.000000,213369.938604,220584.610884,235013.955444
ambiguity,dominant_peer_ratio,0.6,16,engagement_g00_d2.0,3097,148,224897.560535,14002.656542,94.612544,606208,4096.000000,231898.888806,238900.217077,252902.873619
ambiguity,dominant_peer_ratio,0.6,16,engagement_g00_d5.0,3097,144,272538.676145,13569.122768,94.230019,589824,4096.000000,279323.237529,286107.798913,299676.921681
ambiguity,dominant_peer_ratio,0.6,16,engagement_g00_d10.0,3097,53,298019.741768,5240.086970,98.869565,217088,4096.000000,300639.785253,303259.828738,308499.915708
ambiguity,dominant_peer_ratio,0.6,16,engagement_g05_d0.0,3097,152,197608.762714,14373.527490,94.562681,622592,4096.000000,204795.526459,211982.290204,226355.817694
ambiguity,dominant_peer_ratio,0.6,16,engagement_g05_d0.25,3097,146,200757.339402,13697.160942,93.816171,598016,4096.000000,207605.919873,214454.500344,228151.661286
ambiguity,dominant_peer_ratio,0.6,16,engagement_g05_d0.5,3097,146,204522.018160,13697.160942,93.816171,598016,4096.000000,211370.598631,218219.179102,231916.340044
ambiguity,dominant_peer_ratio,0.6,16,engagement_g05_d1.0,3097,146,211743.034715,13697.160942,93.816171,598016,4096.000000,218591.615186,225440.195657,239137.356599
ambiguity,dominant_peer_ratio,0.6,16,engagement_g05_d2.0,3097,143,228864.064834,13494.662357,94.368268,585728,4096.000000,235611.396012,242358.727191,255853.389548
ambiguity,dominant_peer_ratio,0.6,16,engagement_g05_d5.0,3097,127,274143.981635,11775.553354,92.720893,520192,4096.000000,280031.758312,285919.534989,297695.088343
ambiguity,dominant_peer_ratio,0.6,16,engagement_g05_d10.0,3097,24,297851.179342,2223.925473,92.663561,98304,4096.000000,298963.142078,300075.104815,302299.030288
ambiguity,dominant_peer_ratio,0.6,16,oracle_a1,3097,1142,56798.592767,29963.305371,26.237570,4677632,4096.000000,71780.245453,86761.898138,116725.203509
ambiguity,dominant_peer_ratio,0.6,16,oracle_a0.5,3097,1717,34856.429031,63646.540896,37.068457,7032832,4096.000000,66679.699479,98502.969927,162149.510823
ambiguity,dominant_peer_ratio,0.6,16,oracle_a2,3097,697,77097.697147,15427.660344,22.134376,2854912,4096.000000,84811.527319,92525.357491,107953.017835
ambiguity,dominant_peer_ratio,0.6,17,static,2945,0,332888.663518,0.000000,,0,,332888.663518,332888.663518,332888.663518
ambiguity,dominant_peer_ratio,0.6,17,nearest,2945,4,265031.204307,392.637675,98.159419,16384,4096.000000,265227.523145,265423.841982,265816.479657
ambiguity,dominant_peer_ratio,0.6,17,naive_target_aware,2945,179,181171.321752,19965.788411,111.540717,733184,4096.000000,191154.215957,201137.110163,221102.898574
ambiguity,dominant_peer_ratio,0.6,17,engagement_g00_d0.0,2945,179,181171.321752,19965.788411,111.540717,733184,4096.000000,191154.215957,201137.110163,221102.898574
ambiguity,dominant_peer_ratio,0.6,17,engagement_g00_d0.25,2945,158,195982.625280,17832.417005,112.863399,647168,4096.000000,204898.833783,213815.042285,231647.459290
ambiguity,dominant_peer_ratio,0.6,17,engagement_g00_d0.5,2945,155,200315.424581,17526.378631,113.073411,634880,4096.000000,209078.613897,217841.803212,235368.181843
ambiguity,dominant_peer_ratio,0.6,17,engagement_g00_d1.0,2945,155,211547.382557,17526.378631,113.073411,634880,4096.000000,220310.571873,229073.761188,246600.139819
ambiguity,dominant_peer_ratio,0.6,17,engagement_g00_d2.0,2945,152,228437.353084,17497.954664,115.118123,622592,4096.000000,237186.330416,245935.307748,263433.262412
ambiguity,dominant_peer_ratio,0.6,17,engagement_g00_d5.0,2945,147,285861.459248,17122.383704,116.478801,602112,4096.000000,294422.651100,302983.842952,320106.226656
ambiguity,dominant_peer_ratio,0.6,17,engagement_g00_d10.0,2945,55,282823.922590,4620.513251,84.009332,225280,4096.000000,285134.179216,287444.435841,292064.949092
ambiguity,dominant_peer_ratio,0.6,17,engagement_g05_d0.0,2945,151,203802.496894,17425.649373,115.401651,618496,4096.000000,212515.321580,221228.146267,238653.795640
ambiguity,dominant_peer_ratio,0.6,17,engagement_g05_d0.25,2945,149,208745.741608,17153.469771,115.123958,610304,4096.000000,217322.476493,225899.211379,243052.681150
ambiguity,dominant_peer_ratio,0.6,17,engagement_g05_d0.5,2945,148,211720.130898,17049.741721,115.200958,606208,4096.000000,220245.001758,228769.872619,245819.614340
ambiguity,dominant_peer_ratio,0.6,17,engagement_g05_d1.0,2945,148,220873.593645,17049.741721,115.200958,606208,4096.000000,229398.464506,237923.335366,254973.077087
ambiguity,dominant_peer_ratio,0.6,17,engagement_g05_d2.0,2945,147,234224.023549,17002.575033,115.663776,602112,4096.000000,242725.311066,251226.598582,268229.173615
ambiguity,dominant_peer_ratio,0.6,17,engagement_g05_d5.0,2945,131,282702.292681,14487.349730,110.590456,536576,4096.000000,289945.967546,297189.642411,311676.992141
ambiguity,dominant_peer_ratio,0.6,17,engagement_g05_d10.0,2945,27,290024.963403,2390.626432,88.541720,110592,4096.000000,291220.276619,292415.589835,294806.216267
ambiguity,dominant_peer_ratio,0.6,17,oracle_a1,2945,1069,56063.091547,29720.150271,27.801824,4378624,4096.000000,70923.166682,85783.241818,115503.392089
ambiguity,dominant_peer_ratio,0.6,17,oracle_a0.5,2945,1668,34777.219431,62518.960906,37.481391,6832128,4096.000000,66036.699884,97296.180337,159815.141243
ambiguity,dominant_peer_ratio,0.6,17,oracle_a2,2945,654,75135.871994,15754.058722,24.088775,2678784,4096.000000,83012.901355,90889.930716,106643.989438
ambiguity,dominant_peer_ratio,0.6,18,static,3040,0,307853.709747,0.000000,,0,,307853.709747,307853.709747,307853.709747
ambiguity,dominant_peer_ratio,0.6,18,nearest,3040,40,306494.026528,6346.862802,158.671570,163840,4096.000000,309667.457929,312840.889330,319187.752132
ambiguity,dominant_peer_ratio,0.6,18,naive_target_aware,3040,201,189959.993932,22408.329439,111.484226,823296,4096.000000,201164.158652,212368.323371,234776.652810
ambiguity,dominant_peer_ratio,0.6,18,engagement_g00_d0.0,3040,201,189959.993932,22408.329439,111.484226,823296,4096.000000,201164.158652,212368.323371,234776.652810
ambiguity,dominant_peer_ratio,0.6,18,engagement_g00_d0.25,3040,159,205093.352852,17813.384756,112.033866,651264,4096.000000,214000.045230,222906.737608,240720.122364
ambiguity,dominant_peer_ratio,0.6,18,engagement_g00_d0.5,3040,158,211271.501208,17888.603638,113.219010,647168,4096.000000,220215.803027,229160.104846,247048.708484
ambiguity,dominant_peer_ratio,0.6,18,engagement_g00_d1.0,3040,153,221073.777468,17363.849055,113.489210,626688,4096.000000,229755.701996,238437.626523,255801.475578
ambiguity,dominant_peer_ratio,0.6,18,engagement_g00_d2.0,3040,150,246031.356066,17222.187120,114.814581,614400,4096.000000,254642.449626,263253.543186,280475.730306
ambiguity,dominant_peer_ratio,0.6,18,engagement_g00_d5.0,3040,140,299190.459106,16027.006529,114.478618,573440,4096.000000,307203.962371,315217.465635,331244.472164
ambiguity,dominant_peer_ratio,0.6,18,engagement_g00_d10.0,3040,54,330136.306471,6041.264262,111.875264,221184,4096.000000,333156.938602,336177.570733,342218.834995
ambiguity,dominant_peer_ratio,0.6,18,engagement_g05_d0.0,3040,152,215965.497874,17754.929802,116.808749,622592,4096.000000,224842.962775,233720.427676,251475.357478
ambiguity,dominant_peer_ratio,0.6,18,engagement_g05_d0.25,3040,144,220203.219685,16637.398485,115.537489,589824,4096.000000,228521.918928,236840.618170,253478.016655
ambiguity,dominant_peer_ratio,0.6,18,engagement_g05_d0.5,3040,144,224401.399178,16637.398485,115.537489,589824,4096.000000,232720.098421,241038.797663,257676.196148
ambiguity,dominant_peer_ratio,0.6,18,engagement_g05_d1.0,3040,144,231646.013568,16637.398485,115.537489,589824,4096.000000,239964.712811,248283.412053,264920.810538
ambiguity,dominant_peer_ratio,0.6,18,engagement_g05_d2.0,3040,141,252053.600123,16249.707910,115.246155,577536,4096.000000,260178.454078,268303.308033,284553.015943
ambiguity,dominant_peer_ratio,0.6,18,engagement_g05_d5.0,3040,129,303793.624158,15069.397139,116.817032,528384,4096.000000,311328.322728,318863.021297,333932.418436
ambiguity,dominant_peer_ratio,0.6,18,engagement_g05_d10.0,3040,20,318402.635836,2108.154139,105.407707,81920,4096.000000,319456.712906,320510.789975,322618.944114
ambiguity,dominant_peer_ratio,0.6,18,oracle_a1,3040,1226,52251.046685,29674.958864,24.204697,5021696,4096.000000,67088.526117,81926.005549,111600.964413
ambiguity,dominant_peer_ratio,0.6,18,oracle_a0.5,3040,1715,35144.844651,56448.980049,32.914857,7024640,4096.000000,63369.334676,91593.824700,148042.804749
ambiguity,dominant_peer_ratio,0.6,18,oracle_a2,3040,805,70239.689698,16918.718736,21.017042,3297280,4096.000000,78699.049066,87158.408434,104077.127170
ambiguity,dominant_peer_ratio,0.6,19,static,2979,0,325276.591489,0.000000,,0,,325276.591489,325276.591489,325276.591489
ambiguity,dominant_peer_ratio,0.6,19,nearest,2979,16,308152.343905,686.408051,42.900503,65536,4096.000000,308495.547931,308838.751956,309525.160007
ambiguity,dominant_peer_ratio,0.6,19,naive_target_aware,2979,186,192618.199388,24140.291408,129.786513,761856,4096.000000,204688.345092,216758.490796,240898.782204
ambiguity,dominant_peer_ratio,0.6,19,engagement_g00_d0.0,2979,186,192618.199388,24140.291408,129.786513,761856,4096.000000,204688.345092,216758.490796,240898.782204
ambiguity,dominant_peer_ratio,0.6,19,engagement_g00_d0.25,2979,157,210712.307594,20110.055346,128.089524,643072,4096.000000,220767.335267,230822.362940,250932.418286
ambiguity,dominant_peer_ratio,0.6,19,engagement_g00_d0.5,2979,155,215236.180505,19870.070824,128.194005,634880,4096.000000,225171.215917,235106.251329,254976.322153
ambiguity,dominant_peer_ratio,0.6,19,engagement_g00_d1.0,2979,154,226128.302587,19769.399086,128.372721,630784,4096.000000,236013.002130,245897.701673,265667.100759
ambiguity,dominant_peer_ratio,0.6,19,engagement_g00_d2.0,2979,150,254498.857147,19496.242576,129.974951,614400,4096.000000,264246.978435,273995.099723,293491.342299
ambiguity,dominant_peer_ratio,0.6,19,engagement_g00_d5.0,2979,148,317733.895894,19111.509105,129.131818,606208,4096.000000,327289.650446,336845.404999,355956.914104
ambiguity,dominant_peer_ratio,0.6,19,engagement_g00_d10.0,2979,56,320293.708596,5769.025636,103.018315,229376,4096.000000,323178.221414,326062.734232,331831.759868
ambiguity,dominant_peer_ratio,0.6,19,engagement_g05_d0.0,2979,150,220020.689509,18940.583891,126.270559,614400,4096.000000,229490.981454,238961.273400,257901.857291
ambiguity,dominant_peer_ratio,0.6,19,engagement_g05_d0.25,2979,147,224847.237137,18844.676137,128.195076,602112,4096.000000,234269.575205,243691.913274,262536.589411
ambiguity,dominant_peer_ratio,0.6,19,engagement_g05_d0.5,2979,146,227993.951775,18728.550707,128.277745,598016,4096.000000,237358.227128,246722.502482,265451.053189
ambiguity,dominant_peer_ratio,0.6,19,engagement_g05_d1.0,2979,146,234826.414465,18728.550707,128.277745,598016,4096.000000,244190.689818,253554.965172,272283.515879
ambiguity,dominant_peer_ratio,0.6,19,engagement_g05_d2.0,2979,146,257065.961321,18728.550707,128.277745,598016,4096.000000,266430.236674,275794.512028,294523.062735
ambiguity,dominant_peer_ratio,0.6,19,engagement_g05_d5.0,2979,136,315466.214362,17025.716506,125.189092,557056,4096.000000,323979.072615,332491.930868,349517.647374
ambiguity,dominant_peer_ratio,0.6,19,engagement_g05_d10.0,2979,20,324376.733775,2062.753670,103.137684,81920,4096.000000,325408.110610,326439.487445,328502.241115
ambiguity,dominant_peer_ratio,0.6,19,oracle_a1,2979,1187,50875.699368,29492.599816,24.846335,4861952,4096.000000,65621.999276,80368.299184,109860.899000
ambiguity,dominant_peer_ratio,0.6,19,oracle_a0.5,2979,1624,35861.047376,53232.484559,32.778623,6651904,4096.000000,62477.289655,89093.531935,142326.016494
ambiguity,dominant_peer_ratio,0.6,19,oracle_a2,2979,812,67782.229152,16950.201705,20.874633,3325952,4096.000000,76257.330005,84732.430857,101682.632562
ambiguity,dominant_peer_ratio,0.6,20,static,3045,0,320070.425105,0.000000,,0,,320070.425105,320070.425105,320070.425105
ambiguity,dominant_peer_ratio,0.6,20,nearest,3045,33,316065.701718,2949.911125,89.391246,135168,4096.000000,317540.657280,319015.612843,321965.523968
ambiguity,dominant_peer_ratio,0.6,20,naive_target_aware,3045,210,188708.287180,23230.544447,110.621640,860160,4096.000000,200323.559404,211938.831627,235169.376074
ambiguity,dominant_peer_ratio,0.6,20,engagement_g00_d0.0,3045,210,188708.287180,23230.544447,110.621640,860160,4096.000000,200323.559404,211938.831627,235169.376074
ambiguity,dominant_peer_ratio,0.6,20,engagement_g00_d0.25,3045,165,202039.001656,17599.310864,106.662490,675840,4096.000000,210838.657088,219638.312520,237237.623384
ambiguity,dominant_peer_ratio,0.6,20,engagement_g00_d0.5,3045,161,206833.229057,17386.291225,107.989386,659456,4096.000000,215526.374670,224219.520282,241605.811507
ambiguity,dominant_peer_ratio,0.6,20,engagement_g00_d1.0,3045,154,215789.073645,16413.662274,106.582223,630784,4096.000000,223995.904782,232202.735919,248616.398193
ambiguity,dominant_peer_ratio,0.6,20,engagement_g00_d2.0,3045,152,236086.221321,16038.877358,105.518930,622592,4096.000000,244105.660000,252125.098679,268163.976037
ambiguity,dominant_peer_ratio,0.6,20,engagement_g00_d5.0,3045,145,289352.356497,15289.666359,105.445975,593920,4096.000000,296997.189677,304642.022856,319931.689215
ambiguity,dominant_peer_ratio,0.6,20,engagement_g00_d10.0,3045,50,320987.887182,5406.610254,108.132205,204800,4096.000000,323691.192309,326394.497436,331801.107690
ambiguity,dominant_peer_ratio,0.6,20,engagement_g05_d0.0,3045,148,210179.262219,15877.836176,107.282677,606208,4096.000000,218118.180307,226057.098395,241934.934571
ambiguity,dominant_peer_ratio,0.6,20,engagement_g05_d0.25,3045,143,214428.586897,15085.785053,105.495000,585728,4096.000000,221971.479424,229514.371950,244600.157003
ambiguity,dominant_peer_ratio,0.6,20,engagement_g05_d0.5,3045,143,217357.841857,15085.785053,105.495000,585728,4096.000000,224900.734384,232443.626910,247529.411963
ambiguity,dominant_peer_ratio,0.6,20,engagement_g05_d1.0,3045,143,223593.993530,15085.785053,105.495000,585728,4096.000000,231136.886057,238679.778583,253765.563636
ambiguity,dominant_peer_ratio,0.6,20,engagement_g05_d2.0,3045,142,242838.622250,14882.311015,104.805007,581632,4096.000000,250279.777758,257720.933265,272603.244280
ambiguity,dominant_peer_ratio,0.6,20,engagement_g05_d5.0,3045,130,294846.843558,13551.580029,104.242923,532480,4096.000000,301622.633573,308398.423587,321950.003616
ambiguity,dominant_peer_ratio,0.6,20,engagement_g05_d10.0,3045,20,306744.471837,1639.096858,81.954843,81920,4096.000000,307564.020266,308383.568695,310022.665553
ambiguity,dominant_peer_ratio,0.6,20,oracle_a1,3045,972,63337.227758,31198.726383,32.097455,3981312,4096.000000,78936.590949,94535.954141,125734.680524
ambiguity,dominant_peer_ratio,0.6,20,oracle_a0.5,3045,1678,36958.596407,71590.451762,42.664155,6873088,4096.000000,72753.822288,108549.048169,180139.499931
ambiguity,dominant_peer_ratio,0.6,20,oracle_a2,3045,647,81710.950485,17793.643772,27.501768,2650112,4096.000000,90607.772371,99504.594257,117298.238029
ambiguity,dominant_peer_ratio,0.6,21,static,3058,0,339264.446053,0.000000,,0,,339264.446053,339264.446053,339264.446053
ambiguity,dominant_peer_ratio,0.6,21,nearest,3058,22,304667.322755,1493.935382,67.906154,90112,4096.000000,305414.290446,306161.258137,307655.193519
ambiguity,dominant_peer_ratio,0.6,21,naive_target_aware,3058,186,197039.904227,21270.026987,114.354984,761856,4096.000000,207674.917721,218309.931214,239579.958201
ambiguity,dominant_peer_ratio,0.6,21,engagement_g00_d0.0,3058,186,197039.904227,21270.026987,114.354984,761856,4096.000000,207674.917721,218309.931214,239579.958201
ambiguity,dominant_peer_ratio,0.6,21,engagement_g00_d0.25,3058,157,213901.571542,18771.676340,119.564817,643072,4096.000000,223287.409712,232673.247882,251444.924222
ambiguity,dominant_peer_ratio,0.6,21,engagement_g00_d0.5,3058,153,219683.390148,18374.878112,120.097243,626688,4096.000000,228870.829204,238058.268260,256433.146372
ambiguity,dominant_peer_ratio,0.6,21,engagement_g00_d1.0,3058,149,231055.182413,18019.351717,120.935246,610304,4096.000000,240064.858272,249074.534130,267093.885847
ambiguity,dominant_peer_ratio,0.6,21,engagement_g00_d2.0,3058,149,250481.846405,18019.351717,120.935246,610304,4096.000000,259491.522264,268501.198122,286520.549839
ambiguity,dominant_peer_ratio,0.6,21,engagement_g00_d5.0,3058,144,315009.792942,17528.239800,121.723887,589824,4096.000000,323773.912842,332538.032742,350066.272542
ambiguity,dominant_peer_ratio,0.6,21,engagement_g00_d10.0,3058,47,332122.968998,5105.148259,108.620176,192512,4096.000000,334675.543127,337228.117257,342333.265516
ambiguity,dominant_peer_ratio,0.6,21,engagement_g05_d0.0,3058,147,220201.498965,17867.662517,121.548725,602112,4096.000000,229135.330224,238069.161482,255936.823999
ambiguity,dominant_peer_ratio,0.6,21,engagement_g05_d0.25,3058,147,226213.922984,17867.662517,121.548725,602112,4096.000000,235147.754243,244081.585501,261949.248018
ambiguity,dominant_peer_ratio,0.6,21,engagement_g05_d0.5,3058,147,230294.381211,17867.662517,121.548725,602112,4096.000000,239228.212470,248162.043728,266029.706245
ambiguity,dominant_peer_ratio,0.6,21,engagement_g05_d1.0,3058,147,238248.409743,17867.662517,121.548725,602112,4096.000000,247182.241002,256116.072260,273983.734777
ambiguity,dominant_peer_ratio,0.6,21,engagement_g05_d2.0,3058,147,255136.949324,17867.662517,121.548725,602112,4096.000000,264070.780583,273004.611841,290872.274358
ambiguity,dominant_peer_ratio,0.6,21,engagement_g05_d5.0,3058,130,312343.396721,15701.086478,120.777588,532480,4096.000000,320193.939960,328044.483199,343745.569677
ambiguity,dominant_peer_ratio,0.6,21,engagement_g05_d10.0,3058,21,315996.257376,1856.729631,88.415697,86016,4096.000000,316924.622191,317852.987007,319709.716638
ambiguity,dominant_peer_ratio,0.6,21,oracle_a1,3058,1072,61382.826943,31975.171887,29.827586,4390912,4096.000000,77370.412887,93357.998830,125333.170717
ambiguity,dominant_peer_ratio,0.6,21,oracle_a0.5,3058,1665,38351.977338,66895.626787,40.177554,6819840,4096.000000,71799.790732,105247.604125,172143.230912
ambiguity,dominant_peer_ratio,0.6,21,oracle_a2,3058,672,81767.701309,16851.709311,25.076948,2752512,4096.000000,90193.555965,98619.410620,115471.119931
ambiguity,dominant_peer_ratio,0.6,22,static,3009,0,303097.211178,0.000000,,0,,303097.211178,303097.211178,303097.211178
ambiguity,dominant_peer_ratio,0.6,22,nearest,3009,6,297654.879367,591.783727,98.630621,24576,4096.000000,297950.771231,298246.663094,298838.446821
ambiguity,dominant_peer_ratio,0.6,22,naive_target_aware,3009,190,191373.563000,20415.246893,107.448668,778240,4096.000000,201581.186447,211788.809893,232204.056786
ambiguity,dominant_peer_ratio,0.6,22,engagement_g00_d0.0,3009,190,191373.563000,20415.246893,107.448668,778240,4096.000000,201581.186447,211788.809893,232204.056786
ambiguity,dominant_peer_ratio,0.6,22,engagement_g00_d0.25,3009,163,204956.057907,17654.202809,108.307993,667648,4096.000000,213783.159312,222610.260716,240264.463525
ambiguity,dominant_peer_ratio,0.6,22,engagement_g00_d0.5,3009,159,210444.382924,17327.995329,108.981103,651264,4096.000000,219108.380589,227772.378253,245100.373582
ambiguity,dominant_peer_ratio,0.6,22,engagement_g00_d1.0,3009,153,220234.432090,16412.392839,107.270541,626688,4096.000000,228440.628509,236646.824929,253059.217768
ambiguity,dominant_peer_ratio,0.6,22,engagement_g00_d2.0,3009,150,239781.611698,16184.798562,107.898657,614400,4096.000000,247874.010979,255966.410260,272151.208822
ambiguity,dominant_peer_ratio,0.6,22,engagement_g00_d5.0,3009,144,288193.531627,15537.441826,107.898902,589824,4096.000000,295962.252540,303730.973453,319268.415279
ambiguity,dominant_peer_ratio,0.6,22,engagement_g00_d10.0,3009,55,301922.224419,5333.248527,96.968155,225280,4096.000000,304588.848683,307255.472946,312588.721473
ambiguity,dominant_peer_ratio,0.6,22,engagement_g05_d0.0,3009,154,213026.376115,16759.903419,108.830542,630784,4096.000000,221406.327825,229786.279534,246546.182953
ambiguity,dominant_peer_ratio,0.6,22,engagement_g05_d0.25,3009,148,215664.408826,15974.453521,107.935497,606208,4096.000000,223651.635586,231638.862347,247613.315868
ambiguity,dominant_peer_ratio,0.6,22,engagement_g05_d0.5,3009,147,219022.961127,15760.621327,107.215111,602112,4096.000000,226903.271790,234783.582454,250544.203781
ambiguity,dominant_peer_ratio,0.6,22,engagement_g05_d1.0,3009,147,227764.871984,15760.621327,107.215111,602112,4096.000000,235645.182647,243525.493311,259286.114638
ambiguity,dominant_peer_ratio,0.6,22,engagement_g05_d2.0,3009,145,244927.970158,15379.989612,106.068894,593920,4096.000000,252617.964964,260307.959770,275687.949382
ambiguity,dominant_peer_ratio,0.6,22,engagement_g05_d5.0,3009,128,287376.048836,13753.476516,107.449035,524288,4096.000000,294252.787094,301129.525352,314883.001868
ambiguity,dominant_peer_ratio,0.6,22,engagement_g05_d10.0,3009,21,310233.170276,1943.025041,92.525002,86016,4096.000000,311204.682797,312176.195317,314119.220358
ambiguity,dominant_peer_ratio,0.6,22,oracle_a1,3009,1294,58982.195745,31841.988754,24.607410,5300224,4096.000000,74903.190122,90824.184499,122666.173253
ambiguity,dominant_peer_ratio,0.6,22,oracle_a0.5,3009,1770,38067.525721,63354.657153,35.793592,7249920,4096.000000,69744.854297,101422.182874,164776.840027
ambiguity,dominant_peer_ratio,0.6,22,oracle_a2,3009,839,79588.391293,16849.848276,20.083252,3436544,4096.000000,88013.315431,96438.239569,113288.087845
ambiguity,dominant_peer_ratio,0.6,23,static,3060,0,317553.094947,0.000000,,0,,317553.094947,317553.094947,317553.094947
ambiguity,dominant_peer_ratio,0.6,23,nearest,3060,5,283708.742868,496.613844,99.322769,20480,4096.000000,283957.049790,284205.356712,284701.970556
ambiguity,dominant_peer_ratio,0.6,23,naive_target_aware,3060,195,184562.077549,19587.797745,100.450245,798720,4096.000000,194355.976422,204149.875294,223737.673039
ambiguity,dominant_peer_ratio,0.6,23,engagement_g00_d0.0,3060,195,184562.077549,19587.797745,100.450245,798720,4096.000000,194355.976422,204149.875294,223737.673039
ambiguity,dominant_peer_ratio,0.6,23,engagement_g00_d0.25,3060,167,197523.258337,16700.973581,100.005830,684032,4096.000000,205873.745128,214224.231918,230925.205499
ambiguity,dominant_peer_ratio,0.6,23,engagement_g00_d0.5,3060,160,201166.479082,16421.501721,102.634386,655360,4096.000000,209377.229943,217587.980803,234009.482524
ambiguity,dominant_peer_ratio,0.6,23,engagement_g00_d1.0,3060,154,213842.351432,15980.825342,103.771593,630784,4096.000000,221832.764103,229823.176774,245804.002116
ambiguity,dominant_peer_ratio,0.6,23,engagement_g00_d2.0,3060,151,231904.889982,15545.780926,102.952192,618496,4096.000000,239677.780445,247450.670908,262996.451834
ambiguity,dominant_peer_ratio,0.6,23,engagement_g00_d5.0,3060,142,279787.009115,14355.629854,101.095985,581632,4096.000000,286964.824042,294142.638969,308498.268823
ambiguity,dominant_peer_ratio,0.6,23,engagement_g00_d10.0,3060,49,316908.360060,4922.593018,100.461082,200704,4096.000000,319369.656569,321830.953078,326753.546096
ambiguity,dominant_peer_ratio,0.6,23,engagement_g05_d0.0,3060,150,209327.364194,15323.557573,102.157050,614400,4096.000000,216989.142980,224650.921767,239974.479340
ambiguity,dominant_peer_ratio,0.6,23,engagement_g05_d0.25,3060,147,212091.588871,15073.596043,102.541470,602112,4096.000000,219628.386892,227165.184914,242238.780957
ambiguity,dominant_peer_ratio,0.6,23,engagement_g05_d0.5,3060,146,213747.130014,14876.773266,101.895707,598016,4096.000000,221185.516647,228623.903280,243500.676546
ambiguity,dominant_peer_ratio,0.6,23,engagement_g05_d1.0,3060,145,221610.871644,14875.212750,102.587674,593920,4096.000000,229048.478019,236486.084394,251361.297144
ambiguity,dominant_peer_ratio,0.6,23,engagement_g05_d2.0,3060,143,237612.561929,14637.858995,102.362650,585728,4096.000000,244931.491426,252250.420924,266888.279919
ambiguity,dominant_peer_ratio,0.6,23,engagement_g05_d5.0,3060,130,285328.273555,13374.957552,102.884289,532480,4096.000000,292015.752331,298703.231107,312078.188659
ambiguity,dominant_peer_ratio,0.6,23,engagement_g05_d10.0,3060,23,312886.472537,2454.976484,106.738108,94208,4096.000000,314113.960779,315341.449021,317796.425505
ambiguity,dominant_peer_ratio,0.6,23,oracle_a1,3060,1092,57011.220965,31950.647166,29.258834,4472832,4096.000000,72986.544548,88961.868131,120912.515297
ambiguity,dominant_peer_ratio,0.6,23,oracle_a0.5,3060,1685,36339.569562,63861.859508,37.900213,6901760,4096.000000,68270.499316,100201.429070,164063.288578
ambiguity,dominant_peer_ratio,0.6,23,oracle_a2,3060,638,79522.802701,16023.810593,25.115691,2613248,4096.000000,87534.707998,95546.613294,111570.423887
ambiguity,dominant_peer_ratio,0.6,24,static,2894,0,286022.559142,0.000000,,0,,286022.559142,286022.559142,286022.559142
ambiguity,dominant_peer_ratio,0.6,24,nearest,2894,44,280603.106489,2513.103998,57.116000,180224,4096.000000,281859.658488,283116.210487,285629.314485
ambiguity,dominant_peer_ratio,0.6,24,naive_target_aware,2894,183,180607.975614,20822.223391,113.782641,749568,4096.000000,191019.087309,201430.199005,222252.422396
ambiguity,dominant_peer_ratio,0.6,24,engagement_g00_d0.0,2894,183,180607.975614,20822.223391,113.782641,749568,4096.000000,191019.087309,201430.199005,222252.422396
ambiguity,dominant_peer_ratio,0.6,24,engagement_g00_d0.25,2894,157,194579.213823,17557.192464,111.829251,643072,4096.000000,203357.810055,212136.406287,229693.598751
ambiguity,dominant_peer_ratio,0.6,24,engagement_g00_d0.5,2894,155,199407.187942,17311.487774,111.687018,634880,4096.000000,208062.931829,216718.675716,234030.163490
ambiguity,dominant_peer_ratio,0.6,24,engagement_g00_d1.0,2894,154,209636.623636,17315.951262,112.441242,630784,4096.000000,218294.599267,226952.574898,244268.526160
ambiguity,dominant_peer_ratio,0.6,24,engagement_g00_d2.0,2894,152,231134.768518,17027.740893,112.024611,622592,4096.000000,239648.638964,248162.509411,265190.250304
ambiguity,dominant_peer_ratio,0.6,24,engagement_g00_d5.0,2894,145,281204.995819,16239.793253,111.998574,593920,4096.000000,289324.892445,297444.789072,313684.582325
ambiguity,dominant_peer_ratio,0.6,24,engagement_g00_d10.0,2894,48,295942.256147,4641.308354,96.693924,196608,4096.000000,298262.910324,300583.564501,305224.872855
ambiguity,dominant_peer_ratio,0.6,24,engagement_g05_d0.0,2894,150,203023.545247,16488.321391,109.922143,614400,4096.000000,211267.705942,219511.866638,236000.188029
ambiguity,dominant_peer_ratio,0.6,24,engagement_g05_d0.25,2894,147,206635.806761,16276.003296,110.721111,602112,4096.000000,214773.808409,222911.810057,239187.813353
ambiguity,dominant_peer_ratio,0.6,24,engagement_g05_d0.5,2894,147,209110.296953,16276.003296,110.721111,602112,4096.000000,217248.298601,225386.300249,241662.303545
ambiguity,dominant_peer_ratio,0.6,24,engagement_g05_d1.0,2894,146,215679.923064,16185.040196,110.856440,598016,4096.000000,223772.443162,231864.963260,248050.003456
ambiguity,dominant_peer_ratio,0.6,24,engagement_g05_d2.0,2894,146,233293.027769,16185.040196,110.856440,598016,4096.000000,241385.547867,249478.067965,265663.108161
ambiguity,dominant_peer_ratio,0.6,24,engagement_g05_d5.0,2894,133,281791.991497,14862.765243,111.750115,544768,4096.000000,289223.374118,296654.756740,311517.521983
ambiguity,dominant_peer_ratio,0.6,24,engagement_g05_d10.0,2894,22,294932.501015,2238.631248,101.755966,90112,4096.000000,296051.816639,297171.132263,299409.763511
ambiguity,dominant_peer_ratio,0.6,24,oracle_a1,2894,1013,58660.659865,32041.200489,31.630010,4149248,4096.000000,74681.260110,90701.860354,122743.060843
ambiguity,dominant_peer_ratio,0.6,24,oracle_a0.5,2894,1620,33793.968085,70325.752116,43.410958,6635520,4096.000000,68956.844143,104119.720201,174445.472317
ambiguity,dominant_peer_ratio,0.6,24,oracle_a2,2894,616,78883.109842,17297.603918,28.080526,2523136,4096.000000,87531.911801,96180.713760,113478.317678
ambiguity,dominant_peer_ratio,0.6,25,static,2903,0,284219.159359,0.000000,,0,,284219.159359,284219.159359,284219.159359
ambiguity,dominant_peer_ratio,0.6,25,nearest,2903,5,271309.066042,444.651086,88.930217,20480,4096.000000,271531.391585,271753.717128,272198.368214
ambiguity,dominant_peer_ratio,0.6,25,naive_target_aware,2903,176,176375.231742,19495.755846,110.771340,720896,4096.000000,186123.109665,195870.987588,215366.743434
ambiguity,dominant_peer_ratio,0.6,25,engagement_g00_d0.0,2903,176,176375.231742,19495.755846,110.771340,720896,4096.000000,186123.109665,195870.987588,215366.743434
ambiguity,dominant_peer_ratio,0.6,25,engagement_g00_d0.25,2903,154,194088.379618,17583.744862,114.180161,630784,4096.000000,202880.252049,211672.124480,229255.869342
ambiguity,dominant_peer_ratio,0.6,25,engagement_g00_d0.5,2903,153,196942.546859,17429.179513,113.916206,626688,4096.000000,205657.136615,214371.726372,231800.905885
ambiguity,dominant_peer_ratio,0.6,25,engagement_g00_d1.0,2903,151,207369.410818,17259.266741,114.299780,618496,4096.000000,215999.044188,224628.677559,241887.944300
ambiguity,dominant_peer_ratio,0.6,25,engagement_g00_d2.0,2903,150,226431.753396,17057.090107,113.713934,614400,4096.000000,234960.298449,243488.843503,260545.933610
ambiguity,dominant_peer_ratio,0.6,25,engagement_g00_d5.0,2903,146,284644.077823,16576.204251,113.535646,598016,4096.000000,292932.179948,301220.282074,317796.486325
ambiguity,dominant_peer_ratio,0.6,25,engagement_g00_d10.0,2903,58,299360.918574,5448.314644,93.936459,237568,4096.000000,302085.075896,304809.233218,310257.547862
ambiguity,dominant_peer_ratio,0.6,25,engagement_g05_d0.0,2903,150,203164.019892,16927.554609,112.850364,614400,4096.000000,211627.797196,220091.574501,237019.129110
ambiguity,dominant_peer_ratio,0.6,25,engagement_g05_d0.25,2903,146,208298.291558,16750.482942,114.729335,598016,4096.000000,216673.533029,225048.774500,241799.257442
ambiguity,dominant_peer_ratio,0.6,25,engagement_g05_d0.5,2903,146,210816.742686,16750.482942,114.729335,598016,4096.000000,219191.984157,227567.225628,244317.708570
ambiguity,dominant_peer_ratio,0.6,25,engagement_g05_d1.0,2903,146,216883.668534,16750.482942,114.729335,598016,4096.000000,225258.910005,233634.151476,250384.634418
ambiguity,dominant_peer_ratio,0.6,25,engagement_g05_d2.0,2903,146,231823.147872,16750.482942,114.729335,598016,4096.000000,240198.389343,248573.630814,265324.113756
ambiguity,dominant_peer_ratio,0.6,25,engagement_g05_d5.0,2903,134,286515.133380,15548.009205,116.029919,548864,4096.000000,294289.137982,302063.142585,317611.151790
ambiguity,dominant_peer_ratio,0.6,25,engagement_g05_d10.0,2903,21,277347.547417,2437.644961,116.078331,86016,4096.000000,278566.369898,279785.192378,282222.837339
ambiguity,dominant_peer_ratio,0.6,25,oracle_a1,2903,1013,57366.797585,30296.035173,29.907241,4149248,4096.000000,72514.815172,87662.832758,117958.867931
ambiguity,dominant_peer_ratio,0.6,25,oracle_a0.5,2903,1607,35369.674392,64432.232629,40.094731,6582272,4096.000000,67585.790706,99801.907021,164234.139650
ambiguity,dominant_peer_ratio,0.6,25,oracle_a2,2903,628,77585.517445,15471.460773,24.636084,2572288,4096.000000,85321.247832,93056.978218,108528.438991
ambiguity,dominant_peer_ratio,0.6,26,static,3057,0,331960.585684,0.000000,,0,,331960.585684,331960.585684,331960.585684
ambiguity,dominant_peer_ratio,0.6,26,nearest,3057,4,339364.101498,430.321639,107.580410,16384,4096.000000,339579.262318,339794.423137,340224.744776
ambiguity,dominant_peer_ratio,0.6,26,naive_target_aware,3057,195,194567.248920,21630.004527,110.923100,798720,4096.000000,205382.251183,216197.253447,237827.257974
ambiguity,dominant_peer_ratio,0.6,26,engagement_g00_d0.0,3057,195,194567.248920,21630.004527,110.923100,798720,4096.000000,205382.251183,216197.253447,237827.257974
ambiguity,dominant_peer_ratio,0.6,26,engagement_g00_d0.25,3057,158,207750.345260,17594.731832,111.359062,647168,4096.000000,216547.711176,225345.077092,242939.808924
ambiguity,dominant_peer_ratio,0.6,26,engagement_g00_d0.5,3057,155,212089.435615,17103.385345,110.344422,634880,4096.000000,220641.128287,229192.820960,246296.206305
ambiguity,dominant_peer_ratio,0.6,26,engagement_g00_d1.0,3057,155,220133.659658,17103.385345,110.344422,634880,4096.000000,228685.352330,237237.045003,254340.430348
ambiguity,dominant_peer_ratio,0.6,26,engagement_g00_d2.0,3057,149,238672.018892,15881.614791,106.588019,610304,4096.000000,246612.826287,254553.633683,270435.248474
ambiguity,dominant_peer_ratio,0.6,26,engagement_g00_d5.0,3057,143,299181.959656,15365.211015,107.449028,585728,4096.000000,306864.565164,314547.170671,329912.381686
ambiguity,dominant_peer_ratio,0.6,26,engagement_g00_d10.0,3057,61,336385.700251,6653.797834,109.078653,249856,4096.000000,339712.599168,343039.498085,349693.295919
ambiguity,dominant_peer_ratio,0.6,26,engagement_g05_d0.0,3057,155,209693.715307,16594.917214,107.063982,634880,4096.000000,217991.173914,226288.632521,242883.549735
ambiguity,dominant_peer_ratio,0.6,26,engagement_g05_d0.25,3057,149,216589.668541,16016.606105,107.494001,610304,4096.000000,224597.971593,232606.274646,248622.880751
ambiguity,dominant_peer_ratio,0.6,26,engagement_g05_d0.5,3057,148,219930.337461,16008.070516,108.162639,606208,4096.000000,227934.372719,235938.407977,251946.478493
ambiguity,dominant_peer_ratio,0.6,26,engagement_g05_d1.0,3057,148,226755.864390,16008.070516,108.162639,606208,4096.000000,234759.899648,242763.934906,258772.005422
ambiguity,dominant_peer_ratio,0.6,26,engagement_g05_d2.0,3057,146,243727.101254,15682.525789,107.414560,598016,4096.000000,251568.364148,259409.627043,275092.152832
ambiguity,dominant_peer_ratio,0.6,26,engagement_g05_d5.0,3057,136,301073.103962,14613.615559,107.453056,557056,4096.000000,308379.911742,315686.719521,330300.335080
ambiguity,dominant_peer_ratio,0.6,26,engagement_g05_d10.0,3057,28,320403.042878,3049.990997,108.928250,114688,4096.000000,321928.038376,323453.033875,326503.024872
ambiguity,dominant_peer_ratio,0.6,26,oracle_a1,3057,1170,60319.782409,32020.603602,27.368037,4792320,4096.000000,76330.084210,92340.386011,124360.989613
ambiguity,dominant_peer_ratio,0.6,26,oracle_a0.5,3057,1711,38626.818175,64651.747714,37.785943,7008256,4096.000000,70952.692032,103278.565889,167930.313603
ambiguity,dominant_peer_ratio,0.6,26,oracle_a2,3057,744,80508.551653,17465.796842,23.475533,3047424,4096.000000,89241.450074,97974.348495,115440.145337
ambiguity,dominant_peer_ratio,0.6,27,static,2968,0,308547.469579,0.000000,,0,,308547.469579,308547.469579,308547.469579
ambiguity,dominant_peer_ratio,0.6,27,nearest,2968,18,307374.021845,1726.305104,95.905839,73728,4096.000000,308237.174397,309100.326949,310826.632053
ambiguity,dominant_peer_ratio,0.6,27,naive_target_aware,2968,197,190780.643220,21513.978512,109.208013,806912,4096.000000,201537.632476,212294.621732,233808.600244
ambiguity,dominant_peer_ratio,0.6,27,engagement_g00_d0.0,2968,197,190780.643220,21513.978512,109.208013,806912,4096.000000,201537.632476,212294.621732,233808.600244
ambiguity,dominant_peer_ratio,0.6,27,engagement_g00_d0.25,2968,167,205166.081365,18150.218833,108.683945,684032,4096.000000,214241.190781,223316.300198,241466.519031
ambiguity,dominant_peer_ratio,0.6,27,engagement_g00_d0.5,2968,163,210656.406117,18054.948498,110.766555,667648,4096.000000,219683.880366,228711.354615,246766.303113
ambiguity,dominant_peer_ratio,0.6,27,engagement_g00_d1.0,2968,158,221724.203199,17728.367924,112.204860,647168,4096.000000,230588.387161,239452.571123,257180.939047
ambiguity,dominant_peer_ratio,0.6,27,engagement_g00_d2.0,2968,151,241142.322886,17037.102936,112.828496,618496,4096.000000,249660.874354,258179.425822,275216.528758
ambiguity,dominant_peer_ratio,0.6,27,engagement_g00_d5.0,2968,144,293452.097581,16435.391873,114.134666,589824,4096.000000,301669.793518,309887.489454,326322.881327
ambiguity,dominant_peer_ratio,0.6,27,engagement_g00_d10.0,2968,47,297111.140797,4567.099158,97.172323,192512,4096.000000,299394.690376,301678.239955,306245.339113
ambiguity,dominant_peer_ratio,0.6,27,engagement_g05_d0.0,2968,146,212533.912706,16141.437626,110.557792,598016,4096.000000,220604.631519,228675.350332,244816.787958
ambiguity,dominant_peer_ratio,0.6,27,engagement_g05_d0.25,2968,142,215456.598151,15842.533766,111.567139,581632,4096.000000,223377.865034,231299.131917,247141.665683
ambiguity,dominant_peer_ratio,0.6,27,engagement_g05_d0.5,2968,142,218450.105164,15842.533766,111.567139,581632,4096.000000,226371.372047,234292.638930,250135.172696
ambiguity,dominant_peer_ratio,0.6,27,engagement_g05_d1.0,2968,142,225652.431964,15842.533766,111.567139,581632,4096.000000,233573.698847,241494.965730,257337.499496
ambiguity,dominant_peer_ratio,0.6,27,engagement_g05_d2.0,2968,142,244122.908839,15842.533766,111.567139,581632,4096.000000,252044.175722,259965.442605,275807.976371
ambiguity,dominant_peer_ratio,0.6,27,engagement_g05_d5.0,2968,122,295670.373299,13608.815564,111.547669,499712,4096.000000,302474.781081,309279.188863,322888.004427
ambiguity,dominant_peer_ratio,0.6,27,engagement_g05_d10.0,2968,16,288713.284913,1937.661134,121.103821,65536,4096.000000,289682.115480,290650.946047,292588.607181
ambiguity,dominant_peer_ratio,0.6,27,oracle_a1,2968,1079,61988.842849,31980.637898,29.639145,4419584,4096.000000,77979.161798,93969.480747,125950.118645
ambiguity,dominant_peer_ratio,0.6,27,oracle_a0.5,2968,1712,37359.618257,70440.803773,41.145329,7012352,4096.000000,72580.020144,107800.422030,178241.225803
ambiguity,dominant_peer_ratio,0.6,27,oracle_a2,2968,664,82379.458394,16796.583054,25.296059,2719744,4096.000000,90777.749921,99176.041448,115972.624502
ambiguity,dominant_peer_ratio,0.6,28,static,3014,0,348738.420950,0.000000,,0,,348738.420950,348738.420950,348738.420950
ambiguity,dominant_peer_ratio,0.6,28,nearest,3014,14,333064.141424,1368.413416,97.743815,57344,4096.000000,333748.348132,334432.554840,335800.968256
ambiguity,dominant_peer_ratio,0.6,28,naive_target_aware,3014,186,188152.463329,20832.632546,112.003401,761856,4096.000000,198568.779602,208985.095875,229817.728421
ambiguity,dominant_peer_ratio,0.6,28,engagement_g00_d0.0,3014,186,188152.463329,20832.632546,112.003401,761856,4096.000000,198568.779602,208985.095875,229817.728421
ambiguity,dominant_peer_ratio,0.6,28,engagement_g00_d0.25,3014,159,203279.031048,17881.892762,112.464734,651264,4096.000000,212219.977429,221160.923810,239042.816572
ambiguity,dominant_peer_ratio,0.6,28,engagement_g00_d0.5,3014,158,210102.869479,17881.484569,113.173953,647168,4096.000000,219043.611764,227984.354048,245865.838617
ambiguity,dominant_peer_ratio,0.6,28,engagement_g00_d1.0,3014,153,219485.022858,17214.399821,112.512417,626688,4096.000000,228092.222769,236699.422679,253913.822500
ambiguity,dominant_peer_ratio,0.6,28,engagement_g00_d2.0,3014,150,240186.917644,16928.280263,112.855202,614400,4096.000000,248651.057776,257115.197907,274043.478170
ambiguity,dominant_peer_ratio,0.6,28,engagement_g00_d5.0,3014,147,293699.025593,16424.778095,111.733184,602112,4096.000000,301911.414641,310123.803688,326548.581783
ambiguity,dominant_peer_ratio,0.6,28,engagement_g00_d10.0,3014,56,318448.470200,5649.376526,100.881724,229376,4096.000000,321273.158463,324097.846726,329747.223252
ambiguity,dominant_peer_ratio,0.6,28,engagement_g05_d0.0,3014,149,213417.239288,16528.875080,110.932048,610304,4096.000000,221681.676828,229946.114368,246474.989448
ambiguity,dominant_peer_ratio,0.6,28,engagement_g05_d0.25,3014,146,217398.407649,16242.457720,111.249710,598016,4096.000000,225519.636509,233640.865369,249883.323089
ambiguity,dominant_peer_ratio,0.6,28,engagement_g05_d0.5,3014,146,221601.126294,16242.457720,111.249710,598016,4096.000000,229722.355154,237843.584014,254086.041734
ambiguity,dominant_peer_ratio,0.6,28,engagement_g05_d1.0,3014,146,228246.797843,16242.457720,111.249710,598016,4096.000000,236368.026703,244489.255563,260731.713283
ambiguity,dominant_peer_ratio,0.6,28,engagement_g05_d2.0,3014,146,245882.268673,16242.457720,111.249710,598016,4096.000000,254003.497533,262124.726393,278367.184113
ambiguity,dominant_peer_ratio,0.6,28,engagement_g05_d5.0,3014,131,298255.182885,14783.247894,112.849221,536576,4096.000000,305646.806832,313038.430779,327821.678673
ambiguity,dominant_peer_ratio,0.6,28,engagement_g05_d10.0,3014,17,309667.851289,1580.536897,92.972759,69632,4096.000000,310458.119737,311248.388186,312828.925083
ambiguity,dominant_peer_ratio,0.6,28,oracle_a1,3014,1157,54936.658960,28243.142259,24.410667,4739072,4096.000000,69058.230089,83179.801219,111422.943478
ambiguity,dominant_peer_ratio,0.6,28,oracle_a0.5,3014,1691,35818.903652,57575.628185,34.048272,6926336,4096.000000,64606.717744,93394.531837,150970.160022
ambiguity,dominant_peer_ratio,0.6,28,oracle_a2,3014,723,73219.497056,14895.493670,20.602343,2961408,4096.000000,80667.243891,88114.990726,103010.484396
ambiguity,dominant_peer_ratio,0.6,29,static,3063,0,292498.102930,0.000000,,0,,292498.102930,292498.102930,292498.102930
ambiguity,dominant_peer_ratio,0.6,29,nearest,3063,4,286476.173322,352.543663,88.135916,16384,4096.000000,286652.445153,286828.716985,287181.260648
ambiguity,dominant_peer_ratio,0.6,29,naive_target_aware,3063,192,180247.720863,19722.783176,102.722829,786432,4096.000000,190109.112451,199970.504039,219693.287215
ambiguity,dominant_peer_ratio,0.6,29,engagement_g00_d0.0,3063,192,180247.720863,19722.783176,102.722829,786432,4096.000000,190109.112451,199970.504039,219693.287215
ambiguity,dominant_peer_ratio,0.6,29,engagement_g00_d0.25,3063,165,192557.792169,16573.621609,100.446192,675840,4096.000000,200844.602974,209131.413778,225705.035387
ambiguity,dominant_peer_ratio,0.6,29,engagement_g00_d0.5,3063,163,197601.522732,16287.201635,99.921482,667648,4096.000000,205745.123550,213888.724367,230175.926002
ambiguity,dominant_peer_ratio,0.6,29,engagement_g00_d1.0,3063,159,208066.543709,15996.072024,100.604227,651264,4096.000000,216064.579721,224062.615733,240058.687757
ambiguity,dominant_peer_ratio,0.6,29,engagement_g00_d2.0,3063,152,225519.650240,15323.118869,100.809993,622592,4096.000000,233181.209675,240842.769109,256165.887978
ambiguity,dominant_peer_ratio,0.6,29,engagement_g00_d5.0,3063,143,277954.861926,14247.158648,99.630480,585728,4096.000000,285078.441250,292202.020574,306449.179222
ambiguity,dominant_peer_ratio,0.6,29,engagement_g00_d10.0,3063,54,294540.797343,5156.454195,95.489893,221184,4096.000000,297119.024440,299697.251538,304853.705733
ambiguity,dominant_peer_ratio,0.6,29,engagement_g05_d0.0,3063,149,199953.245344,14987.477903,100.587100,610304,4096.000000,207446.984296,214940.723247,229928.201150
ambiguity,dominant_peer_ratio,0.6,29,engagement_g05_d0.25,3063,149,202940.117434,14987.477903,100.587100,610304,4096.000000,210433.856386,217927.595337,232915.073240
ambiguity,dominant_peer_ratio,0.6,29,engagement_g05_d0.5,3063,148,205294.362774,14868.704391,100.464219,606208,4096.000000,212728.714970,220163.067165,235031.771556
ambiguity,dominant_peer_ratio,0.6,29,engagement_g05_d1.0,3063,148,212204.177284,14868.704391,100.464219,606208,4096.000000,219638.529480,227072.881675,241941.586066
ambiguity,dominant_peer_ratio,0.6,29,engagement_g05_d2.0,3063,146,230792.163236,14500.022358,99.315222,598016,4096.000000,238042.174415,245292.185594,259792.207952
ambiguity,dominant_peer_ratio,0.6,29,engagement_g05_d5.0,3063,130,277610.606530,12601.171515,96.932089,532480,4096.000000,283911.192288,290211.778045,302812.949560
ambiguity,dominant_peer_ratio,0.6,29,engagement_g05_d10.0,3063,16,297211.440538,1254.906288,78.431643,65536,4096.000000,297838.893682,298466.346826,299721.253114
ambiguity,dominant_peer_ratio,0.6,29,oracle_a1,3063,1133,58078.650800,27757.116155,24.498779,4640768,4096.000000,71957.208878,85835.766955,113592.883110
ambiguity,dominant_peer_ratio,0.6,29,oracle_a0.5,3063,1757,35536.924908,63106.586647,35.917238,7196672,4096.000000,67090.218232,98643.511555,161750.098202
ambiguity,dominant_peer_ratio,0.6,29,oracle_a2,3063,804,74362.898288,15752.807389,19.593044,3293184,4096.000000,82239.301983,90115.705677,105868.513066
ambiguity,dominant_peer_ratio,0.6,30,static,2933,0,304075.589734,0.000000,,0,,304075.589734,304075.589734,304075.589734
ambiguity,dominant_peer_ratio,0.6,30,nearest,2933,12,288316.542671,1199.928233,99.994019,49152,4096.000000,288916.506788,289516.470904,290716.399137
ambiguity,dominant_peer_ratio,0.6,30,naive_target_aware,2933,197,195238.047169,23135.167415,117.437398,806912,4096.000000,206805.630877,218373.214584,241508.381999
ambiguity,dominant_peer_ratio,0.6,30,engagement_g00_d0.0,2933,197,195238.047169,23135.167415,117.437398,806912,4096.000000,206805.630877,218373.214584,241508.381999
ambiguity,dominant_peer_ratio,0.6,30,engagement_g00_d0.25,2933,162,213527.209949,19535.467984,120.589309,663552,4096.000000,223294.943941,233062.677933,252598.145917
ambiguity,dominant_peer_ratio,0.6,30,engagement_g00_d0.5,2933,160,218398.390200,19334.152567,120.838454,655360,4096.000000,228065.466483,237732.542767,257066.695334
ambiguity,dominant_peer_ratio,0.6,30,engagement_g00_d1.0,2933,157,228462.224479,19256.161975,122.650713,643072,4096.000000,238090.305467,247718.386454,266974.548429
ambiguity,dominant_peer_ratio,0.6,30,engagement_g00_d2.0,2933,154,247995.200975,18635.777435,121.011542,630784,4096.000000,257313.089692,266630.978410,285266.755845
ambiguity,dominant_peer_ratio,0.6,30,engagement_g00_d5.0,2933,144,311353.746342,17308.442430,120.197517,589824,4096.000000,320007.967557,328662.188772,345970.631202
ambiguity,dominant_peer_ratio,0.6,30,engagement_g00_d10.0,2933,49,337920.332179,5636.718241,115.035066,200704,4096.000000,340738.691299,343557.050420,349193.768661
ambiguity,dominant_peer_ratio,0.6,30,engagement_g05_d0.0,2933,149,220542.413338,18492.038171,124.107639,610304,4096.000000,229788.432423,239034.451509,257526.489680
ambiguity,dominant_peer_ratio,0.6,30,engagement_g05_d0.25,2933,149,225169.263829,18492.038171,124.107639,610304,4096.000000,234415.282915,243661.302000,262153.340171
ambiguity,dominant_peer_ratio,0.6,30,engagement_g05_d0.5,2933,149,229092.896789,18492.038171,124.107639,610304,4096.000000,238338.915875,247584.934960,266076.973131
ambiguity,dominant_peer_ratio,0.6,30,engagement_g05_d1.0,2933,149,235390.271211,18492.038171,124.107639,610304,4096.000000,244636.290297,253882.309382,272374.347553
ambiguity,dominant_peer_ratio,0.6,30,engagement_g05_d2.0,2933,147,252958.571039,18111.577183,123.208008,602112,4096.000000,262014.359630,271070.148222,289181.725405
ambiguity,dominant_peer_ratio,0.6,30,engagement_g05_d5.0,2933,124,308402.381095,14844.107040,119.710541,507904,4096.000000,315824.434615,323246.488135,338090.595175
ambiguity,dominant_peer_ratio,0.6,30,engagement_g05_d10.0,2933,24,324505.099276,3252.994890,135.541454,98304,4096.000000,326131.596721,327758.094166,331011.089056
ambiguity,dominant_peer_ratio,0.6,30,oracle_a1,2933,985,66173.383450,34360.493539,34.883750,4034560,4096.000000,83353.630220,100533.876989,134894.370528
ambiguity,dominant_peer_ratio,0.6,30,oracle_a0.5,2933,1609,39758.401445,74424.415213,46.255075,6590464,4096.000000,76970.609052,114182.816658,188607.231871
ambiguity,dominant_peer_ratio,0.6,30,oracle_a2,2933,547,90858.926393,16975.342210,31.033532,2240512,4096.000000,99346.597498,107834.268603,124809.610813
ambiguity,dominant_peer_ratio,0.5,1,static,3072,0,286786.872985,0.000000,,0,,286786.872985,286786.872985,286786.872985
ambiguity,dominant_peer_ratio,0.5,1,nearest,3072,25,295636.612238,4199.591890,167.983676,102400,4096.000000,297736.408183,299836.204128,304035.796018
ambiguity,dominant_peer_ratio,0.5,1,naive_target_aware,3072,251,196470.351859,24257.773716,96.644517,1028096,4096.000000,208599.238717,220728.125575,244985.899291
ambiguity,dominant_peer_ratio,0.5,1,engagement_g00_d0.0,3072,251,196470.351859,24257.773716,96.644517,1028096,4096.000000,208599.238717,220728.125575,244985.899291
ambiguity,dominant_peer_ratio,0.5,1,engagement_g00_d0.25,3072,184,205524.454762,16318.030122,88.684946,753664,4096.000000,213683.469823,221842.484884,238160.515006
ambiguity,dominant_peer_ratio,0.5,1,engagement_g00_d0.5,3072,180,209641.527677,15894.561260,88.303118,737280,4096.000000,217588.808307,225536.088937,241430.650197
ambiguity,dominant_peer_ratio,0.5,1,engagement_g00_d1.0,3072,166,212986.294123,14310.614392,86.208520,679936,4096.000000,220141.601319,227296.908515,241607.522907
ambiguity,dominant_peer_ratio,0.5,1,engagement_g00_d2.0,3072,158,227500.065242,13789.065127,87.272564,647168,4096.000000,234394.597805,241289.130369,255078.195496
ambiguity,dominant_peer_ratio,0.5,1,engagement_g00_d5.0,3072,137,258488.091839,12337.510743,90.054823,561152,4096.000000,264656.847210,270825.602582,283163.113325
ambiguity,dominant_peer_ratio,0.5,1,engagement_g00_d10.0,3072,53,291242.027317,5342.711390,100.805875,217088,4096.000000,293913.383012,296584.738707,301927.450097
ambiguity,dominant_peer_ratio,0.5,1,engagement_g05_d0.0,3072,133,217595.667244,12122.738641,91.148411,544768,4096.000000,223657.036565,229718.405885,241841.144526
ambiguity,dominant_peer_ratio,0.5,1,engagement_g05_d0.25,3072,130,218756.531992,11632.750715,89.482698,532480,4096.000000,224572.907350,230389.282707,242022.033422
ambiguity,dominant_peer_ratio,0.5,1,engagement_g05_d0.5,3072,129,220439.709554,11558.394653,89.599959,528384,4096.000000,226218.906881,231998.104207,243556.498860
ambiguity,dominant_peer_ratio,0.5,1,engagement_g05_d1.0,3072,129,223938.357396,11558.394653,89.599959,528384,4096.000000,229717.554723,235496.752049,247055.146702
ambiguity,dominant_peer_ratio,0.5,1,engagement_g05_d2.0,3072,124,232187.885499,10739.323038,86.607444,507904,4096.000000,237557.547018,242927.208537,253666.531575
ambiguity,dominant_peer_ratio,0.5,1,engagement_g05_d5.0,3072,96,263399.378709,8204.267532,85.461120,393216,4096.000000,267501.512475,271603.646241,279807.913773
ambiguity,dominant_peer_ratio,0.5,1,engagement_g05_d10.0,3072,11,277873.406776,798.958721,72.632611,45056,4096.000000,278272.886137,278672.365497,279471.324218
ambiguity,dominant_peer_ratio,0.5,1,oracle_a1,3072,1370,63993.042771,34403.592367,25.112111,5611520,4096.000000,81194.838954,98396.635138,132800.227505
ambiguity,dominant_peer_ratio,0.5,1,oracle_a0.5,3072,1966,39032.191142,71924.829421,36.584349,8052736,4096.000000,74994.605852,110957.020563,182881.849984
ambiguity,dominant_peer_ratio,0.5,1,oracle_a2,3072,854,87279.861152,17342.242271,20.307075,3497984,4096.000000,95950.982288,104622.103423,121964.345694
ambiguity,dominant_peer_ratio,0.5,2,static,3076,0,297269.383177,0.000000,,0,,297269.383177,297269.383177,297269.383177
ambiguity,dominant_peer_ratio,0.5,2,nearest,3076,5,276557.520639,505.132572,101.026514,20480,4096.000000,276810.086925,277062.653211,277567.785783
ambiguity,dominant_peer_ratio,0.5,2,naive_target_aware,3076,251,219369.211279,28927.251417,115.248014,1028096,4096.000000,233832.836988,248296.462696,277223.714113
ambiguity,dominant_peer_ratio,0.5,2,engagement_g00_d0.0,3076,251,219369.211279,28927.251417,115.248014,1028096,4096.000000,233832.836988,248296.462696,277223.714113
ambiguity,dominant_peer_ratio,0.5,2,engagement_g00_d0.25,3076,181,228637.266272,20053.031549,110.790230,741376,4096.000000,238663.782047,248690.297821,268743.329370
ambiguity,dominant_peer_ratio,0.5,2,engagement_g00_d0.5,3076,176,233002.131302,19701.843233,111.942291,720896,4096.000000,242853.052919,252703.974535,272405.817768
ambiguity,dominant_peer_ratio,0.5,2,engagement_g00_d1.0,3076,161,241964.417241,18234.550557,113.258078,659456,4096.000000,251081.692520,260198.967798,278433.518355
ambiguity,dominant_peer_ratio,0.5,2,engagement_g00_d2.0,3076,154,257068.260746,17281.909540,112.220192,630784,4096.000000,265709.215516,274350.170286,291632.079826
ambiguity,dominant_peer_ratio,0.5,2,engagement_g00_d5.0,3076,135,302090.666594,15602.669454,115.575329,552960,4096.000000,309892.001321,317693.336048,333296.005502
ambiguity,dominant_peer_ratio,0.5,2,engagement_g00_d10.0,3076,48,328289.314767,5197.699460,108.285405,196608,4096.000000,330888.164497,333487.014227,338684.713687
ambiguity,dominant_peer_ratio,0.5,2,engagement_g05_d0.0,3076,142,251079.875457,16325.210952,114.966274,581632,4096.000000,259242.480933,267405.086409,283730.297361
ambiguity,dominant_peer_ratio,0.5,2,engagement_g05_d0.25,3076,140,253634.020345,16290.273574,116.359097,573440,4096.000000,261779.157132,269924.293919,286214.567493
ambiguity,dominant_peer_ratio,0.5,2,engagement_g05_d0.5,3076,138,256245.236854,16159.655626,117.098954,565248,4096.000000,264325.064667,272404.892480,288564.548106
ambiguity,dominant_peer_ratio,0.5,2,engagement_g05_d1.0,3076,137,259643.645874,15876.368398,115.885901,561152,4096.000000,267581.830073,275520.014272,291396.382670
ambiguity,dominant_peer_ratio,0.5,2,engagement_g05_d2.0,3076,137,274057.040847,15876.368398,115.885901,561152,4096.000000,281995.225046,289933.409245,305809.777643
ambiguity,dominant_peer_ratio,0.5,2,engagement_g05_d5.0,3076,116,314583.149757,13994.761134,120.644493,475136,4096.000000,321580.530324,328577.910891,342572.672025
ambiguity,dominant_peer_ratio,0.5,2,engagement_g05_d10.0,3076,11,304322.389691,1247.079461,113.370860,45056,4096.000000,304945.929422,305569.469152,306816.548613
ambiguity,dominant_peer_ratio,0.5,2,oracle_a1,3076,1341,68795.391362,36396.856626,27.141578,5492736,4096.000000,86993.819675,105192.247988,141589.104614
ambiguity,dominant_peer_ratio,0.5,2,oracle_a0.5,3076,1993,42318.389598,77269.626727,38.770510,8163328,4096.000000,80953.202962,119588.016325,196857.643052
ambiguity,dominant_peer_ratio,0.5,2,oracle_a2,3076,839,91849.735170,19444.373764,23.175654,3436544,4096.000000,101571.922052,111294.108934,130738.482698
ambiguity,dominant_peer_ratio,0.5,3,static,2993,0,284690.880077,0.000000,,0,,284690.880077,284690.880077,284690.880077
ambiguity,dominant_peer_ratio,0.5,3,nearest,2993,5,268502.690818,366.621124,73.324225,20480,4096.000000,268686.001380,268869.311942,269235.933066
ambiguity,dominant_peer_ratio,0.5,3,naive_target_aware,2993,285,211933.827706,29455.072743,103.351132,1167360,4096.000000,226661.364077,241388.900449,270843.973192
ambiguity,dominant_peer_ratio,0.5,3,engagement_g00_d0.0,2993,285,211933.827706,29455.072743,103.351132,1167360,4096.000000,226661.364077,241388.900449,270843.973192
ambiguity,dominant_peer_ratio,0.5,3,engagement_g00_d0.25,2993,200,221528.268812,21272.231131,106.361156,819200,4096.000000,232164.384377,242800.499943,264072.731074
ambiguity,dominant_peer_ratio,0.5,3,engagement_g00_d0.5,2993,190,225768.561168,19962.442858,105.065489,778240,4096.000000,235749.782597,245731.004026,265693.446884
ambiguity,dominant_peer_ratio,0.5,3,engagement_g00_d1.0,2993,176,231068.262928,18682.161798,106.148647,720896,4096.000000,240409.343827,249750.424726,268432.586524
ambiguity,dominant_peer_ratio,0.5,3,engagement_g00_d2.0,2993,159,245411.297757,16774.153520,105.497821,651264,4096.000000,253798.374517,262185.451277,278959.604797
ambiguity,dominant_peer_ratio,0.5,3,engagement_g00_d5.0,2993,132,280466.993345,13868.122616,105.061535,540672,4096.000000,287401.054653,294335.115961,308203.238577
ambiguity,dominant_peer_ratio,0.5,3,engagement_g00_d10.0,2993,38,306720.893035,4053.327035,106.666501,155648,4096.000000,308747.556552,310774.220070,314827.547105
ambiguity,dominant_peer_ratio,0.5,3,engagement_g05_d0.0,2993,139,246010.633589,15549.756173,111.868749,569344,4096.000000,253785.511675,261560.389762,277110.145935
ambiguity,dominant_peer_ratio,0.5,3,engagement_g05_d0.25,2993,133,248713.259028,14985.220419,112.670830,544768,4096.000000,256205.869237,263698.479447,278683.699866
ambiguity,dominant_peer_ratio,0.5,3,engagement_g05_d0.5,2993,133,249217.981856,14985.220419,112.670830,544768,4096.000000,256710.592065,264203.202275,279188.422694
ambiguity,dominant_peer_ratio,0.5,3,engagement_g05_d1.0,2993,132,250920.786553,14845.163857,112.463363,540672,4096.000000,258343.368481,265765.950410,280611.114267
ambiguity,dominant_peer_ratio,0.5,3,engagement_g05_d2.0,2993,126,257743.882242,13713.150043,108.834524,516096,4096.000000,264600.457263,271457.032285,285170.182328
ambiguity,dominant_peer_ratio,0.5,3,engagement_g05_d5.0,2993,94,290175.974434,10567.040070,112.415320,385024,4096.000000,295459.494469,300743.014504,311310.054574
ambiguity,dominant_peer_ratio,0.5,3,engagement_g05_d10.0,2993,13,294818.589020,1228.703735,94.515672,53248,4096.000000,295432.940887,296047.292755,297275.996490
ambiguity,dominant_peer_ratio,0.5,3,oracle_a1,2993,1266,69460.386950,35745.717869,28.235164,5185536,4096.000000,87333.245885,105206.104819,140951.822688
ambiguity,dominant_peer_ratio,0.5,3,oracle_a0.5,2993,1918,42128.102280,77755.992747,40.540142,7856128,4096.000000,81006.098654,119884.095027,197640.087774
ambiguity,dominant_peer_ratio,0.5,3,oracle_a2,2993,813,91857.198457,19665.637280,24.188976,3330048,4096.000000,101690.017097,111522.835737,131188.473017
ambiguity,dominant_peer_ratio,0.5,4,static,2947,0,302125.443395,0.000000,,0,,302125.443395,302125.443395,302125.443395
ambiguity,dominant_peer_ratio,0.5,4,nearest,2947,4,291609.168897,350.263260,87.565815,16384,4096.000000,291784.300527,291959.432157,292309.695417
ambiguity,dominant_peer_ratio,0.5,4,naive_target_aware,2947,238,204893.194896,24881.418873,104.543777,974848,4096.000000,217333.904332,229774.613769,254656.032642
ambiguity,dominant_peer_ratio,0.5,4,engagement_g00_d0.0,2947,238,204893.194896,24881.418873,104.543777,974848,4096.000000,217333.904332,229774.613769,254656.032642
ambiguity,dominant_peer_ratio,0.5,4,engagement_g00_d0.25,2947,186,215839.008761,19752.618555,106.196874,761856,4096.000000,225715.318038,235591.627316,255344.245871
ambiguity,dominant_peer_ratio,0.5,4,engagement_g00_d0.5,2947,171,218598.265308,18452.450773,107.909069,700416,4096.000000,227824.490694,237050.716081,255503.166854
ambiguity,dominant_peer_ratio,0.5,4,engagement_g00_d1.0,2947,164,226831.697327,17761.556189,108.302172,671744,4096.000000,235712.475421,244593.253516,262354.809705
ambiguity,dominant_peer_ratio,0.5,4,engagement_g00_d2.0,2947,154,243027.075634,16960.978706,110.136225,630784,4096.000000,251507.564987,259988.054340,276949.033046
ambiguity,dominant_peer_ratio,0.5,4,engagement_g00_d5.0,2947,137,281550.969570,15045.183593,109.818858,561152,4096.000000,289073.561367,296596.153163,311641.336756
ambiguity,dominant_peer_ratio,0.5,4,engagement_g00_d10.0,2947,50,312391.502187,5268.759032,105.375181,204800,4096.000000,315025.881703,317660.261219,322929.020251
ambiguity,dominant_peer_ratio,0.5,4,engagement_g05_d0.0,2947,134,235958.440148,14692.321619,109.644191,548864,4096.000000,243304.600957,250650.761767,265343.083386
ambiguity,dominant_peer_ratio,0.5,4,engagement_g05_d0.25,2947,133,237961.462068,14620.694556,109.930034,544768,4096.000000,245271.809346,252582.156624,267202.851180
ambiguity,dominant_peer_ratio,0.5,4,engagement_g05_d0.5,2947,133,238906.932012,14620.694556,109.930034,544768,4096.000000,246217.279290,253527.626568,268148.321124
ambiguity,dominant_peer_ratio,0.5,4,engagement_g05_d1.0,2947,132,243591.961307,14598.020392,110.591064,540672,4096.000000,250890.971503,258189.981699,272788.002091
ambiguity,dominant_peer_ratio,0.5,4,engagement_g05_d2.0,2947,132,253861.210246,14598.020392,110.591064,540672,4096.000000,261160.220442,268459.230638,283057.251030
ambiguity,dominant_peer_ratio,0.5,4,engagement_g05_d5.0,2947,103,282414.488509,10739.811644,104.270016,421888,4096.000000,287784.394331,293154.300153,303894.111797
ambiguity,dominant_peer_ratio,0.5,4,engagement_g05_d10.0,2947,10,312857.419942,1178.376637,117.837664,40960,4096.000000,313446.608261,314035.796579,315214.173216
ambiguity,dominant_peer_ratio,0.5,4,oracle_a1,2947,1384,60713.787685,34749.330419,25.107898,5668864,4096.000000,78088.452895,95463.118104,130212.448523
ambiguity,dominant_peer_ratio,0.5,4,oracle_a0.5,2947,1915,39550.765880,66475.493538,34.713051,7843840,4096.000000,72788.512649,106026.259418,172501.752956
ambiguity,dominant_peer_ratio,0.5,4,oracle_a2,2947,906,82266.173536,19553.353292,21.582068,3710976,4096.000000,92042.850182,101819.526828,121372.880120
ambiguity,dominant_peer_ratio,0.5,5,static,2961,0,296220.481928,0.000000,,0,,296220.481928,296220.481928,296220.481928
ambiguity,dominant_peer_ratio,0.5,5,nearest,2961,6,297607.768949,393.231552,65.538592,24576,4096.000000,297804.384725,298001.000501,298394.232053
ambiguity,dominant_peer_ratio,0.5,5,naive_target_aware,2961,283,214310.689896,30272.232279,106.969019,1159168,4096.000000,229446.806035,244582.922175,274855.154454
ambiguity,dominant_peer_ratio,0.5,5,engagement_g00_d0.0,2961,283,214310.689896,30272.232279,106.969019,1159168,4096.000000,229446.806035,244582.922175,274855.154454
ambiguity,dominant_peer_ratio,0.5,5,engagement_g00_d0.25,2961,203,224689.876358,22379.433567,110.243515,831488,4096.000000,235879.593141,247069.309925,269448.743492
ambiguity,dominant_peer_ratio,0.5,5,engagement_g00_d0.5,2961,196,229277.225343,21479.510503,109.589339,802816,4096.000000,240016.980594,250756.735846,272236.246349
ambiguity,dominant_peer_ratio,0.5,5,engagement_g00_d1.0,2961,175,234426.555377,19566.965126,111.811229,716800,4096.000000,244210.037940,253993.520503,273560.485629
ambiguity,dominant_peer_ratio,0.5,5,engagement_g00_d2.0,2961,161,252778.129903,18364.376611,114.064451,659456,4096.000000,261960.318208,271142.506514,289506.883125
ambiguity,dominant_peer_ratio,0.5,5,engagement_g00_d5.0,2961,131,296900.477186,14839.007735,113.274868,536576,4096.000000,304319.981053,311739.484921,326578.492656
ambiguity,dominant_peer_ratio,0.5,5,engagement_g00_d10.0,2961,41,302788.176575,4296.663216,104.796664,167936,4096.000000,304936.508183,307084.839791,311381.503007
ambiguity,dominant_peer_ratio,0.5,5,engagement_g05_d0.0,2961,129,246329.745369,13928.284591,107.971198,528384,4096.000000,253293.887664,260258.029960,274186.314551
ambiguity,dominant_peer_ratio,0.5,5,engagement_g05_d0.25,2961,124,245797.470051,13255.205840,106.896821,507904,4096.000000,252425.072971,259052.675891,272307.881731
ambiguity,dominant_peer_ratio,0.5,5,engagement_g05_d0.5,2961,124,246771.868261,13255.205840,106.896821,507904,4096.000000,253399.471181,260027.074101,273282.279941
ambiguity,dominant_peer_ratio,0.5,5,engagement_g05_d1.0,2961,124,251066.149501,13255.205840,106.896821,507904,4096.000000,257693.752421,264321.355341,277576.561181
ambiguity,dominant_peer_ratio,0.5,5,engagement_g05_d2.0,2961,122,262995.245503,13219.157589,108.353751,499712,4096.000000,269604.824298,276214.403092,289433.560681
ambiguity,dominant_peer_ratio,0.5,5,engagement_g05_d5.0,2961,96,292982.840085,10189.160382,106.137087,393216,4096.000000,298077.420276,303172.000467,313361.160849
ambiguity,dominant_peer_ratio,0.5,5,engagement_g05_d10.0,2961,16,315108.694796,1721.435343,107.589709,65536,4096.000000,315969.412468,316830.130139,318551.565482
ambiguity,dominant_peer_ratio,0.5,5,oracle_a1,2961,1215,67815.045787,35031.432608,28.832455,4976640,4096.000000,85330.762091,102846.478395,137877.911003
ambiguity,dominant_peer_ratio,0.5,5,oracle_a0.5,2961,1904,41563.540663,75157.689746,39.473577,7798784,4096.000000,79142.385536,116721.230409,191878.920155
ambiguity,dominant_peer_ratio,0.5,5,oracle_a2,2961,786,90039.248311,19220.721625,24.453844,3219456,4096.000000,99649.609123,109259.969936,128480.691561
ambiguity,dominant_peer_ratio,0.5,6,static,2952,0,300478.145917,0.000000,,0,,300478.145917,300478.145917,300478.145917
ambiguity,dominant_peer_ratio,0.5,6,nearest,2952,4,317595.312577,295.281344,73.820336,16384,4096.000000,317742.953249,317890.593921,318185.875265
ambiguity,dominant_peer_ratio,0.5,6,naive_target_aware,2952,275,203034.712259,26822.817107,97.537517,1126400,4096.000000,216446.120813,229857.529366,256680.346473
ambiguity,dominant_peer_ratio,0.5,6,engagement_g00_d0.0,2952,275,203034.712259,26822.817107,97.537517,1126400,4096.000000,216446.120813,229857.529366,256680.346473
ambiguity,dominant_peer_ratio,0.5,6,engagement_g00_d0.25,2952,190,213647.371961,19298.386560,101.570456,778240,4096.000000,223296.565241,232945.758521,252244.145081
ambiguity,dominant_peer_ratio,0.5,6,engagement_g00_d0.5,2952,183,216650.125172,18468.524489,100.920899,749568,4096.000000,225884.387417,235118.649661,253587.174150
ambiguity,dominant_peer_ratio,0.5,6,engagement_g00_d1.0,2952,176,224492.284523,17440.949477,99.096304,720896,4096.000000,233212.759262,241933.234000,259374.183477
ambiguity,dominant_peer_ratio,0.5,6,engagement_g00_d2.0,2952,159,237259.128564,15658.287272,98.479794,651264,4096.000000,245088.272200,252917.415836,268575.703108
ambiguity,dominant_peer_ratio,0.5,6,engagement_g00_d5.0,2952,130,273783.526433,12600.844519,96.929573,532480,4096.000000,280083.948693,286384.370952,298985.215471
ambiguity,dominant_peer_ratio,0.5,6,engagement_g00_d10.0,2952,44,296575.812008,4506.009299,102.409302,180224,4096.000000,298828.816658,301081.821307,305587.830606
ambiguity,dominant_peer_ratio,0.5,6,engagement_g05_d0.0,2952,142,232340.905900,14231.052560,100.218680,581632,4096.000000,239456.432180,246571.958460,260803.011020
ambiguity,dominant_peer_ratio,0.5,6,engagement_g05_d0.25,2952,134,233719.922092,13148.785834,98.125267,548864,4096.000000,240294.315009,246868.707926,260017.493760
ambiguity,dominant_peer_ratio,0.5,6,engagement_g05_d0.5,2952,132,232821.696358,12843.838983,97.301810,540672,4096.000000,239243.615850,245665.535341,258509.374324
ambiguity,dominant_peer_ratio,0.5,6,engagement_g05_d1.0,2952,131,235510.126427,12788.535154,97.622406,536576,4096.000000,241904.394004,248298.661581,261087.196735
ambiguity,dominant_peer_ratio,0.5,6,engagement_g05_d2.0,2952,130,243567.844149,12580.895660,96.776120,532480,4096.000000,249858.291979,256148.739809,268729.635469
ambiguity,dominant_peer_ratio,0.5,6,engagement_g05_d5.0,2952,99,272872.802389,8822.766533,89.118854,405504,4096.000000,277284.185656,281695.568922,290518.335455
ambiguity,dominant_peer_ratio,0.5,6,engagement_g05_d10.0,2952,10,308161.856090,1176.728324,117.672832,40960,4096.000000,308750.220252,309338.584414,310515.312738
ambiguity,dominant_peer_ratio,0.5,6,oracle_a1,2952,1211,61696.860074,32965.445386,27.221672,4960256,4096.000000,78179.582767,94662.305460,127627.750846
ambiguity,dominant_peer_ratio,0.5,6,oracle_a0.5,2952,1900,37113.420241,70953.691120,37.344048,7782400,4096.000000,72590.265801,108067.111361,179020.802481
ambiguity,dominant_peer_ratio,0.5,6,oracle_a2,2952,757,82621.891982,17374.683285,22.952025,3100672,4096.000000,91309.233624,99996.575267,117371.258552
ambiguity,dominant_peer_ratio,0.5,7,static,2971,0,337795.683310,0.000000,,0,,337795.683310,337795.683310,337795.683310
ambiguity,dominant_peer_ratio,0.5,7,nearest,2971,5,319085.632762,470.237830,94.047566,20480,4096.000000,319320.751677,319555.870592,320026.108422
ambiguity,dominant_peer_ratio,0.5,7,naive_target_aware,2971,257,219229.673280,26815.942473,104.342189,1052672,4096.000000,232637.644517,246045.615753,272861.558226
ambiguity,dominant_peer_ratio,0.5,7,engagement_g00_d0.0,2971,257,219229.673280,26815.942473,104.342189,1052672,4096.000000,232637.644517,246045.615753,272861.558226
ambiguity,dominant_peer_ratio,0.5,7,engagement_g00_d0.25,2971,192,230133.039943,21089.422039,109.840740,786432,4096.000000,240677.750963,251222.461982,272311.884021
ambiguity,dominant_peer_ratio,0.5,7,engagement_g00_d0.5,2971,185,233892.350919,20265.072984,109.540935,757760,4096.000000,244024.887411,254157.423903,274422.496887
ambiguity,dominant_peer_ratio,0.5,7,engagement_g00_d1.0,2971,177,239652.732475,19156.538908,108.229033,724992,4096.000000,249231.001929,258809.271383,277965.810291
ambiguity,dominant_peer_ratio,0.5,7,engagement_g00_d2.0,2971,161,253420.578167,16935.454720,105.189160,659456,4096.000000,261888.305527,270356.032887,287291.487607
ambiguity,dominant_peer_ratio,0.5,7,engagement_g00_d5.0,2971,136,300009.273689,14760.146342,108.530488,557056,4096.000000,307389.346860,314769.420031,329529.566373
ambiguity,dominant_peer_ratio,0.5,7,engagement_g00_d10.0,2971,42,324932.771092,4873.320987,116.031452,172032,4096.000000,327369.431586,329806.092079,334679.413066
ambiguity,dominant_peer_ratio,0.5,7,engagement_g05_d0.0,2971,141,252355.496766,16039.694644,113.756700,577536,4096.000000,260375.344088,268395.191410,284434.886054
ambiguity,dominant_peer_ratio,0.5,7,engagement_g05_d0.25,2971,136,253053.831350,14974.796813,110.108800,557056,4096.000000,260541.229757,268028.628163,283003.424976
ambiguity,dominant_peer_ratio,0.5,7,engagement_g05_d0.5,2971,136,254008.838177,14974.796813,110.108800,557056,4096.000000,261496.236584,268983.634990,283958.431803
ambiguity,dominant_peer_ratio,0.5,7,engagement_g05_d1.0,2971,135,257459.460153,14796.027554,109.600204,552960,4096.000000,264857.473930,272255.487707,287051.515261
ambiguity,dominant_peer_ratio,0.5,7,engagement_g05_d2.0,2971,133,268931.837776,14509.074267,109.090784,544768,4096.000000,276186.374910,283440.912043,297949.986310
ambiguity,dominant_peer_ratio,0.5,7,engagement_g05_d5.0,2971,94,308366.912295,10404.112971,110.682053,385024,4096.000000,313568.968781,318771.025266,329175.138237
ambiguity,dominant_peer_ratio,0.5,7,engagement_g05_d10.0,2971,11,325959.502139,1237.564612,112.505874,45056,4096.000000,326578.284445,327197.066751,328434.631363
ambiguity,dominant_peer_ratio,0.5,7,oracle_a1,2971,1180,80945.405053,40437.526998,34.269091,4833280,4096.000000,101164.168552,121382.932051,161820.459049
ambiguity,dominant_peer_ratio,0.5,7,oracle_a0.5,2971,1941,44253.429041,96328.899207,49.628490,7950336,4096.000000,92417.878644,140582.328248,236911.227455
ambiguity,dominant_peer_ratio,0.5,7,oracle_a2,2971,688,110327.432917,19087.935710,27.744093,2818048,4096.000000,119871.400772,129415.368627,148503.304337
ambiguity,dominant_peer_ratio,0.5,8,static,2983,0,279578.147540,0.000000,,0,,279578.147540,279578.147540,279578.147540
ambiguity,dominant_peer_ratio,0.5,8,nearest,2983,5,289490.767306,463.236040,92.647208,20480,4096.000000,289722.385326,289954.003346,290417.239386
ambiguity,dominant_peer_ratio,0.5,8,naive_target_aware,2983,255,198173.880767,23558.340871,92.385650,1044480,4096.000000,209953.051202,221732.221638,245290.562509
ambiguity,dominant_peer_ratio,0.5,8,engagement_g00_d0.0,2983,255,198173.880767,23558.340871,92.385650,1044480,4096.000000,209953.051202,221732.221638,245290.562509
ambiguity,dominant_peer_ratio,0.5,8,engagement_g00_d0.25,2983,186,208549.969588,17338.524045,93.217871,761856,4096.000000,217219.231610,225888.493633,243227.017678
ambiguity,dominant_peer_ratio,0.5,8,engagement_g00_d0.5,2983,174,210223.864349,16548.662002,95.107253,712704,4096.000000,218498.195350,226772.526351,243321.188353
ambiguity,dominant_peer_ratio,0.5,8,engagement_g00_d1.0,2983,163,215855.532445,15398.596556,94.469918,667648,4096.000000,223554.830723,231254.129001,246652.725557
ambiguity,dominant_peer_ratio,0.5,8,engagement_g00_d2.0,2983,155,228809.372792,14765.673754,95.262411,634880,4096.000000,236192.209669,243575.046546,258340.720300
ambiguity,dominant_peer_ratio,0.5,8,engagement_g00_d5.0,2983,137,272651.573019,12994.708219,94.851885,561152,4096.000000,279148.927128,285646.281238,298640.989457
ambiguity,dominant_peer_ratio,0.5,8,engagement_g00_d10.0,2983,44,293524.658564,4144.775965,94.199454,180224,4096.000000,295597.046546,297669.434529,301814.210494
ambiguity,dominant_peer_ratio,0.5,8,engagement_g05_d0.0,2983,139,226952.216617,13042.190889,93.828711,569344,4096.000000,233473.312061,239994.407506,253036.598395
ambiguity,dominant_peer_ratio,0.5,8,engagement_g05_d0.25,2983,136,228749.999838,12878.336145,94.693648,557056,4096.000000,235189.167910,241628.335983,254506.672128
ambiguity,dominant_peer_ratio,0.5,8,engagement_g05_d0.5,2983,136,229486.899618,12878.336145,94.693648,557056,4096.000000,235926.067690,242365.235763,255243.571908
ambiguity,dominant_peer_ratio,0.5,8,engagement_g05_d1.0,2983,135,231957.735326,12898.616902,95.545310,552960,4096.000000,238407.043777,244856.352228,257754.969130
ambiguity,dominant_peer_ratio,0.5,8,engagement_g05_d2.0,2983,131,241730.105523,12528.292498,95.635821,536576,4096.000000,247994.251772,254258.398021,266786.690519
ambiguity,dominant_peer_ratio,0.5,8,engagement_g05_d5.0,2983,102,273499.042253,9687.972537,94.980123,417792,4096.000000,278343.028522,283187.014790,292874.987327
ambiguity,dominant_peer_ratio,0.5,8,engagement_g05_d10.0,2983,12,307759.368871,1568.590819,130.715902,49152,4096.000000,308543.664280,309327.959690,310896.550509
ambiguity,dominant_peer_ratio,0.5,8,oracle_a1,2983,1251,65849.776556,33551.662209,26.819874,5124096,4096.000000,82625.607661,99401.438765,132953.100974
ambiguity,dominant_peer_ratio,0.5,8,oracle_a0.5,2983,1896,40913.280682,71309.646983,37.610573,7766016,4096.000000,76568.104174,112222.927665,183532.574648
ambiguity,dominant_peer_ratio,0.5,8,oracle_a2,2983,784,87894.076875,17385.129524,22.174910,3211264,4096.000000,96586.641637,105279.206399,122664.335923
ambiguity,dominant_peer_ratio,0.5,9,static,2932,0,277598.411733,0.000000,,0,,277598.411733,277598.411733,277598.411733
ambiguity,dominant_peer_ratio,0.5,9,nearest,2932,5,317269.146042,440.799752,88.159950,20480,4096.000000,317489.545918,317709.945794,318150.745546
ambiguity,dominant_peer_ratio,0.5,9,naive_target_aware,2932,248,200698.377323,26643.570495,107.433752,1015808,4096.000000,214020.162570,227341.947818,253985.518313
ambiguity,dominant_peer_ratio,0.5,9,engagement_g00_d0.0,2932,248,200698.377323,26643.570495,107.433752,1015808,4096.000000,214020.162570,227341.947818,253985.518313
ambiguity,dominant_peer_ratio,0.5,9,engagement_g00_d0.25,2932,187,208404.935748,18301.757320,97.870360,765952,4096.000000,217555.814408,226706.693068,245008.450388
ambiguity,dominant_peer_ratio,0.5,9,engagement_g00_d0.5,2932,176,210251.987831,16718.374968,94.990767,720896,4096.000000,218611.175315,226970.362799,243688.737767
ambiguity,dominant_peer_ratio,0.5,9,engagement_g00_d1.0,2932,169,215504.423421,16076.963315,95.129960,692224,4096.000000,223542.905078,231581.386736,247658.350051
ambiguity,dominant_peer_ratio,0.5,9,engagement_g00_d2.0,2932,158,225923.048496,14709.174914,93.096044,647168,4096.000000,233277.635953,240632.223410,255341.398324
ambiguity,dominant_peer_ratio,0.5,9,engagement_g00_d5.0,2932,138,268358.072705,13671.770900,99.070804,565248,4096.000000,275193.958155,282029.843605,295701.614505
ambiguity,dominant_peer_ratio,0.5,9,engagement_g00_d10.0,2932,51,290759.022456,4764.577930,93.423097,208896,4096.000000,293141.311421,295523.600386,300288.178316
ambiguity,dominant_peer_ratio,0.5,9,engagement_g05_d0.0,2932,137,226940.901138,13278.592299,96.924031,561152,4096.000000,233580.197287,240219.493437,253498.085736
ambiguity,dominant_peer_ratio,0.5,9,engagement_g05_d0.25,2932,131,227703.983567,12755.181864,97.367800,536576,4096.000000,234081.574499,240459.165431,253214.347295
ambiguity,dominant_peer_ratio,0.5,9,engagement_g05_d0.5,2932,131,228829.638373,12755.181864,97.367800,536576,4096.000000,235207.229305,241584.820237,254340.002101
ambiguity,dominant_peer_ratio,0.5,9,engagement_g05_d1.0,2932,130,231915.080193,12689.780341,97.613695,532480,4096.000000,238259.970363,244604.860534,257294.640875
ambiguity,dominant_peer_ratio,0.5,9,engagement_g05_d2.0,2932,130,239570.035788,12689.780341,97.613695,532480,4096.000000,245914.925958,252259.816129,264949.596470
ambiguity,dominant_peer_ratio,0.5,9,engagement_g05_d5.0,2932,103,284691.093696,11064.320583,107.420588,421888,4096.000000,290223.253987,295755.414279,306819.734862
ambiguity,dominant_peer_ratio,0.5,9,engagement_g05_d10.0,2932,13,279223.717184,1080.374969,83.105767,53248,4096.000000,279763.904668,280304.092153,281384.467122
ambiguity,dominant_peer_ratio,0.5,9,oracle_a1,2932,1214,66953.865679,34706.257942,28.588351,4972544,4096.000000,84306.994650,101660.123621,136366.381563
ambiguity,dominant_peer_ratio,0.5,9,oracle_a0.5,2932,1898,38457.296549,79213.105263,41.735040,7774208,4096.000000,78063.849181,117670.401812,196883.507075
ambiguity,dominant_peer_ratio,0.5,9,oracle_a2,2932,740,89760.338171,17982.449525,24.300607,3031040,4096.000000,98751.562933,107742.787696,125725.237221
ambiguity,dominant_peer_ratio,0.5,10,static,3006,0,313162.807218,0.000000,,0,,313162.807218,313162.807218,313162.807218
ambiguity,dominant_peer_ratio,0.5,10,nearest,3006,5,262367.037261,428.686323,85.737265,20480,4096.000000,262581.380422,262795.723584,263224.409907
ambiguity,dominant_peer_ratio,0.5,10,naive_target_aware,3006,268,205979.608400,27449.035688,102.421775,1097728,4096.000000,219704.126244,233428.644088,260877.679776
ambiguity,dominant_peer_ratio,0.5,10,engagement_g00_d0.0,3006,268,205979.608400,27449.035688,102.421775,1097728,4096.000000,219704.126244,233428.644088,260877.679776
ambiguity,dominant_peer_ratio,0.5,10,engagement_g00_d0.25,3006,186,217705.425153,18833.764786,101.256800,761856,4096.000000,227122.307546,236539.189939,255372.954725
ambiguity,dominant_peer_ratio,0.5,10,engagement_g00_d0.5,3006,176,222013.390252,18269.675876,103.804977,720896,4096.000000,231148.228190,240283.066128,258552.742004
ambiguity,dominant_peer_ratio,0.5,10,engagement_g00_d1.0,3006,166,229530.366492,17112.348499,103.086437,679936,4096.000000,238086.540741,246642.714991,263755.063490
ambiguity,dominant_peer_ratio,0.5,10,engagement_g00_d2.0,3006,155,244378.097489,15896.101343,102.555493,634880,4096.000000,252326.148160,260274.198832,276170.300175
ambiguity,dominant_peer_ratio,0.5,10,engagement_g00_d5.0,3006,136,286176.967474,14429.738589,106.101019,557056,4096.000000,293391.836768,300606.706063,315036.444652
ambiguity,dominant_peer_ratio,0.5,10,engagement_g00_d10.0,3006,44,307742.248025,4880.501667,110.920492,180224,4096.000000,310182.498858,312622.749692,317503.251359
ambiguity,dominant_peer_ratio,0.5,10,engagement_g05_d0.0,3006,138,241239.637315,14306.416860,103.669687,565248,4096.000000,248392.845745,255546.054175,269852.471035
ambiguity,dominant_peer_ratio,0.5,10,engagement_g05_d0.25,3006,134,242242.736991,14010.592495,104.556660,548864,4096.000000,249248.033238,256253.329486,270263.921981
ambiguity,dominant_peer_ratio,0.5,10,engagement_g05_d0.5,3006,133,243671.358178,14058.556356,105.703431,544768,4096.000000,250700.636356,257729.914534,271788.470890
ambiguity,dominant_peer_ratio,0.5,10,engagement_g05_d1.0,3006,132,247953.407500,13827.309435,104.752344,540672,4096.000000,254867.062217,261780.716935,275608.026370
ambiguity,dominant_peer_ratio,0.5,10,engagement_g05_d2.0,3006,128,259921.327686,13802.855178,107.834806,524288,4096.000000,266822.755275,273724.182864,287527.038042
ambiguity,dominant_peer_ratio,0.5,10,engagement_g05_d5.0,3006,102,295457.891241,10897.353810,106.836802,417792,4096.000000,300906.568146,306355.245051,317252.598861
ambiguity,dominant_peer_ratio,0.5,10,engagement_g05_d10.0,3006,14,309844.132527,1402.606224,100.186159,57344,4096.000000,310545.435639,311246.738751,312649.344975
ambiguity,dominant_peer_ratio,0.5,10,oracle_a1,3006,1064,72987.829345,34365.274275,32.298190,4358144,4096.000000,90170.466483,107353.103620,141718.377895
ambiguity,dominant_peer_ratio,0.5,10,oracle_a0.5,3006,1889,41568.705736,82601.078029,43.727410,7737344,4096.000000,82869.244751,124169.783765,206770.861794
ambiguity,dominant_peer_ratio,0.5,10,oracle_a2,3006,620,95803.009537,17316.453829,27.929764,2539520,4096.000000,104461.236452,113119.463366,130435.917195
ambiguity,dominant_peer_ratio,0.5,11,static,3002,0,311581.143032,0.000000,,0,,311581.143032,311581.143032,311581.143032
ambiguity,dominant_peer_ratio,0.5,11,nearest,3002,39,304632.238891,5006.591899,128.374151,159744,4096.000000,307135.534840,309638.830790,314645.422689
ambiguity,dominant_peer_ratio,0.5,11,naive_target_aware,3002,273,215056.829919,30463.697550,111.588636,1118208,4096.000000,230288.678694,245520.527469,275984.225019
ambiguity,dominant_peer_ratio,0.5,11,engagement_g00_d0.0,3002,273,215056.829919,30463.697550,111.588636,1118208,4096.000000,230288.678694,245520.527469,275984.225019
ambiguity,dominant_peer_ratio,0.5,11,engagement_g00_d0.25,3002,196,225292.830125,22637.360944,115.496740,802816,4096.000000,236611.510597,247930.191069,270567.552013
ambiguity,dominant_peer_ratio,0.5,11,engagement_g00_d0.5,3002,186,228973.500684,21110.707711,113.498429,761856,4096.000000,239528.854540,250084.208395,271194.916106
ambiguity,dominant_peer_ratio,0.5,11,engagement_g00_d1.0,3002,170,236769.969785,19400.343506,114.119668,696320,4096.000000,246470.141538,256170.313291,275570.656797
ambiguity,dominant_peer_ratio,0.5,11,engagement_g00_d2.0,3002,156,252514.168196,17517.280283,112.290258,638976,4096.000000,261272.808338,270031.448479,287548.728762
ambiguity,dominant_peer_ratio,0.5,11,engagement_g00_d5.0,3002,137,300087.859839,15437.921194,112.685556,561152,4096.000000,307806.820436,315525.781033,330963.702227
ambiguity,dominant_peer_ratio,0.5,11,engagement_g00_d10.0,3002,41,300855.764996,3564.137762,86.930189,167936,4096.000000,302637.833877,304419.902758,307984.040520
ambiguity,dominant_peer_ratio,0.5,11,engagement_g05_d0.0,3002,138,244601.980209,15628.990428,113.253554,565248,4096.000000,252416.475423,260230.970637,275859.961065
ambiguity,dominant_peer_ratio,0.5,11,engagement_g05_d0.25,3002,134,246646.202710,15227.527455,113.638265,548864,4096.000000,254259.966437,261873.730165,277101.257620
ambiguity,dominant_peer_ratio,0.5,11,engagement_g05_d0.5,3002,131,247839.778779,14614.661886,111.562304,536576,4096.000000,255147.109722,262454.440665,277069.102551
ambiguity,dominant_peer_ratio,0.5,11,engagement_g05_d1.0,3002,130,252698.293434,14492.844441,111.483419,532480,4096.000000,259944.715655,267191.137875,281683.982316
ambiguity,dominant_peer_ratio,0.5,11,engagement_g05_d2.0,3002,128,264674.097832,14111.779155,110.248275,524288,4096.000000,271729.987410,278785.876987,292897.656142
ambiguity,dominant_peer_ratio,0.5,11,engagement_g05_d5.0,3002,103,300398.083472,10824.188850,105.089212,421888,4096.000000,305810.177897,311222.272322,322046.461172
ambiguity,dominant_peer_ratio,0.5,11,engagement_g05_d10.0,3002,13,295898.782642,1253.860029,96.450771,53248,4096.000000,296525.712656,297152.642671,298406.502700
ambiguity,dominant_peer_ratio,0.5,11,oracle_a1,3002,1260,65307.031069,37100.704617,29.445004,5160960,4096.000000,83857.383377,102407.735686,139508.440303
ambiguity,dominant_peer_ratio,0.5,11,oracle_a0.5,3002,1903,39687.865997,75980.075569,39.926472,7794688,4096.000000,77677.903781,115667.941566,191648.017135
ambiguity,dominant_peer_ratio,0.5,11,oracle_a2,3002,768,90129.717082,19114.252890,24.888350,3145728,4096.000000,99686.843527,109243.969972,128358.222862
ambiguity,dominant_peer_ratio,0.5,12,static,3026,0,297870.097945,0.000000,,0,,297870.097945,297870.097945,297870.097945
ambiguity,dominant_peer_ratio,0.5,12,nearest,3026,5,339213.417737,705.318650,141.063730,20480,4096.000000,339566.077062,339918.736387,340624.055037
ambiguity,dominant_peer_ratio,0.5,12,naive_target_aware,3026,245,208112.768361,25949.753506,105.917361,1003520,4096.000000,221087.645114,234062.521867,260012.275373
ambiguity,dominant_peer_ratio,0.5,12,engagement_g00_d0.0,3026,245,208112.768361,25949.753506,105.917361,1003520,4096.000000,221087.645114,234062.521867,260012.275373
ambiguity,dominant_peer_ratio,0.5,12,engagement_g00_d0.25,3026,189,220377.030649,19726.296735,104.371940,774144,4096.000000,230240.179017,240103.327384,259829.624119
ambiguity,dominant_peer_ratio,0.5,12,engagement_g00_d0.5,3026,181,223307.276260,18536.371850,102.410894,741376,4096.000000,232575.462185,241843.648110,260380.019960
ambiguity,dominant_peer_ratio,0.5,12,engagement_g00_d1.0,3026,170,231507.117516,17354.473551,102.085139,696320,4096.000000,240184.354292,248861.591067,266216.064618
ambiguity,dominant_peer_ratio,0.5,12,engagement_g00_d2.0,3026,156,249045.938692,16096.259584,103.181151,638976,4096.000000,257094.068484,265142.198276,281238.457860
ambiguity,dominant_peer_ratio,0.5,12,engagement_g00_d5.0,3026,139,279622.593941,13796.762199,99.257282,569344,4096.000000,286520.975041,293419.356140,307216.118339
ambiguity,dominant_peer_ratio,0.5,12,engagement_g00_d10.0,3026,48,292842.946831,4425.303196,92.193817,196608,4096.000000,295055.598429,297268.250027,301693.553223
ambiguity,dominant_peer_ratio,0.5,12,engagement_g05_d0.0,3026,139,240026.998195,14232.819330,102.394384,569344,4096.000000,247143.407860,254259.817525,268492.636855
ambiguity,dominant_peer_ratio,0.5,12,engagement_g05_d0.25,3026,136,241287.186870,13944.884595,102.535916,557056,4096.000000,248259.629168,255232.071465,269176.956060
ambiguity,dominant_peer_ratio,0.5,12,engagement_g05_d0.5,3026,136,242740.802151,13944.884595,102.535916,557056,4096.000000,249713.244449,256685.686746,270630.571341
ambiguity,dominant_peer_ratio,0.5,12,engagement_g05_d1.0,3026,135,244671.311387,13707.819506,101.539404,552960,4096.000000,251525.221140,258379.130893,272086.950399
ambiguity,dominant_peer_ratio,0.5,12,engagement_g05_d2.0,3026,133,256164.147329,13303.105508,100.023350,544768,4096.000000,262815.700083,269467.252837,282770.358345
ambiguity,dominant_peer_ratio,0.5,12,engagement_g05_d5.0,3026,105,287856.316621,10861.713296,103.444889,430080,4096.000000,293287.173269,298718.029917,309579.743213
ambiguity,dominant_peer_ratio,0.5,12,engagement_g05_d10.0,3026,10,309221.162879,912.175734,91.217573,40960,4096.000000,309677.250746,310133.338613,311045.514347
ambiguity,dominant_peer_ratio,0.5,12,oracle_a1,3026,1332,63716.218114,31961.782030,23.995332,5455872,4096.000000,79697.109129,95678.000144,127639.782174
ambiguity,dominant_peer_ratio,0.5,12,oracle_a0.5,3026,1979,41184.402392,65997.916720,33.349124,8105984,4096.000000,74183.360752,107182.319112,173180.235832
ambiguity,dominant_peer_ratio,0.5,12,oracle_a2,3026,884,84187.266294,17141.124472,19.390412,3620864,4096.000000,92757.828530,101328.390766,118469.515238
ambiguity,dominant_peer_ratio,0.5,13,static,3014,0,292267.525752,0.000000,,0,,292267.525752,292267.525752,292267.525752
ambiguity,dominant_peer_ratio,0.5,13,nearest,3014,23,304634.743030,3206.880352,139.429581,94208,4096.000000,306238.183206,307841.623382,311048.503734
ambiguity,dominant_peer_ratio,0.5,13,naive_target_aware,3014,271,204337.154666,27592.238274,101.816377,1110016,4096.000000,218133.273803,231929.392940,259521.631214
ambiguity,dominant_peer_ratio,0.5,13,engagement_g00_d0.0,3014,271,204337.154666,27592.238274,101.816377,1110016,4096.000000,218133.273803,231929.392940,259521.631214
ambiguity,dominant_peer_ratio,0.5,13,engagement_g00_d0.25,3014,188,214103.242423,18870.554935,100.375292,770048,4096.000000,223538.519891,232973.797358,251844.352293
ambiguity,dominant_peer_ratio,0.5,13,engagement_g00_d0.5,3014,181,218001.313647,17980.879472,99.341876,741376,4096.000000,226991.753383,235982.193119,253963.072591
ambiguity,dominant_peer_ratio,0.5,13,engagement_g00_d1.0,3014,171,223459.444019,16815.440471,98.335909,700416,4096.000000,231867.164255,240274.884490,257090.324961
ambiguity,dominant_peer_ratio,0.5,13,engagement_g00_d2.0,3014,158,237009.415769,15057.278950,95.299234,647168,4096.000000,244538.055244,252066.694719,267123.973669
ambiguity,dominant_peer_ratio,0.5,13,engagement_g00_d5.0,3014,135,270781.130652,12369.493745,91.625880,552960,4096.000000,276965.877525,283150.624397,295520.118142
ambiguity,dominant_peer_ratio,0.5,13,engagement_g00_d10.0,3014,42,288473.599171,4130.967875,98.356378,172032,4096.000000,290539.083109,292604.567046,296735.534921
ambiguity,dominant_peer_ratio,0.5,13,engagement_g05_d0.0,3014,142,225457.792107,13461.937168,94.802374,581632,4096.000000,232188.760691,238919.729275,252381.666443
ambiguity,dominant_peer_ratio,0.5,13,engagement_g05_d0.25,3014,135,227214.293615,12770.937672,94.599538,552960,4096.000000,233599.762451,239985.231287,252756.168959
ambiguity,dominant_peer_ratio,0.5,13,engagement_g05_d0.5,3014,135,227678.477762,12770.937672,94.599538,552960,4096.000000,234063.946598,240449.415434,253220.353106
ambiguity,dominant_peer_ratio,0.5,13,engagement_g05_d1.0,3014,134,230971.997161,12805.128019,95.560657,548864,4096.000000,237374.561171,243777.125180,256582.253199
ambiguity,dominant_peer_ratio,0.5,13,engagement_g05_d2.0,3014,131,242940.495942,12797.769436,97.692896,536576,4096.000000,249339.380660,255738.265378,268536.034814
ambiguity,dominant_peer_ratio,0.5,13,engagement_g05_d5.0,3014,99,278731.545704,9749.737258,98.482195,405504,4096.000000,283606.414333,288481.282962,298231.020220
ambiguity,dominant_peer_ratio,0.5,13,engagement_g05_d10.0,3014,11,317886.040804,1330.066209,120.915110,45056,4096.000000,318551.073909,319216.107013,320546.173222
ambiguity,dominant_peer_ratio,0.5,13,oracle_a1,3014,1297,63889.379694,34401.303355,26.523750,5312512,4096.000000,81090.031371,98290.683049,132691.986404
ambiguity,dominant_peer_ratio,0.5,13,oracle_a0.5,3014,1900,40478.384132,69824.711860,36.749848,7782400,4096.000000,75390.740062,110303.095992,180127.807852
ambiguity,dominant_peer_ratio,0.5,13,oracle_a2,3014,846,86386.140094,17912.130078,21.172731,3465216,4096.000000,95342.205133,104298.270172,122210.400250
ambiguity,dominant_peer_ratio,0.5,14,static,3050,0,318208.891978,0.000000,,0,,318208.891978,318208.891978,318208.891978
ambiguity,dominant_peer_ratio,0.5,14,nearest,3050,5,336797.898667,534.284486,106.856897,20480,4096.000000,337065.040910,337332.183153,337866.467639
ambiguity,dominant_peer_ratio,0.5,14,naive_target_aware,3050,250,228104.772310,28605.932764,114.423731,1024000,4096.000000,242407.738692,256710.705074,285316.637838
ambiguity,dominant_peer_ratio,0.5,14,engagement_g00_d0.0,3050,250,228104.772310,28605.932764,114.423731,1024000,4096.000000,242407.738692,256710.705074,285316.637838
ambiguity,dominant_peer_ratio,0.5,14,engagement_g00_d0.25,3050,189,237154.868817,20385.712366,107.860912,774144,4096.000000,247347.725000,257540.581183,277926.293549
ambiguity,dominant_peer_ratio,0.5,14,engagement_g00_d0.5,3050,180,239212.723298,19284.534683,107.136304,737280,4096.000000,248854.990639,258497.257981,277781.792664
ambiguity,dominant_peer_ratio,0.5,14,engagement_g00_d1.0,3050,165,246045.715971,17412.912460,105.532803,675840,4096.000000,254752.172201,263458.628431,280871.540891
ambiguity,dominant_peer_ratio,0.5,14,engagement_g00_d2.0,3050,153,255848.722330,15519.911138,101.437328,626688,4096.000000,263608.677899,271368.633468,286888.544606
ambiguity,dominant_peer_ratio,0.5,14,engagement_g00_d5.0,3050,146,300065.484686,14706.189392,100.727325,598016,4096.000000,307418.579382,314771.674078,329477.863470
ambiguity,dominant_peer_ratio,0.5,14,engagement_g00_d10.0,3050,39,332901.155067,4335.233789,111.159841,159744,4096.000000,335068.771962,337236.388856,341571.622645
ambiguity,dominant_peer_ratio,0.5,14,engagement_g05_d0.0,3050,143,254467.033839,14634.756823,102.340957,585728,4096.000000,261784.412250,269101.790662,283736.547485
ambiguity,dominant_peer_ratio,0.5,14,engagement_g05_d0.25,3050,142,255776.274481,14574.973998,102.640662,581632,4096.000000,263063.761480,270351.248479,284926.222477
ambiguity,dominant_peer_ratio,0.5,14,engagement_g05_d0.5,3050,141,257527.627525,14441.096334,102.419123,577536,4096.000000,264748.175692,271968.723859,286409.820193
ambiguity,dominant_peer_ratio,0.5,14,engagement_g05_d1.0,3050,138,259330.436039,14020.179272,101.595502,565248,4096.000000,266340.525675,273350.615311,287370.794583
ambiguity,dominant_peer_ratio,0.5,14,engagement_g05_d2.0,3050,135,268749.478053,14187.462022,105.092311,552960,4096.000000,275843.209064,282936.940075,297124.402097
ambiguity,dominant_peer_ratio,0.5,14,engagement_g05_d5.0,3050,105,308907.826061,11421.012476,108.771547,430080,4096.000000,314618.332299,320328.838537,331749.851013
ambiguity,dominant_peer_ratio,0.5,14,engagement_g05_d10.0,3050,6,319498.671324,572.843250,95.473875,24576,4096.000000,319785.092949,320071.514574,320644.357824
ambiguity,dominant_peer_ratio,0.5,14,oracle_a1,3050,1392,77660.009720,42701.677162,30.676492,5701632,4096.000000,99010.848301,120361.686882,163063.364044
ambiguity,dominant_peer_ratio,0.5,14,oracle_a0.5,3050,2042,45726.059684,89996.515712,44.072731,8364032,4096.000000,90724.317540,135722.575396,225719.091108
ambiguity,dominant_peer_ratio,0.5,14,oracle_a2,3050,849,107254.908454,21253.372168,25.033418,3477504,4096.000000,117881.594538,128508.280622,149761.652790
ambiguity,dominant_peer_ratio,0.5,15,static,3022,0,308985.709130,0.000000,,0,,308985.709130,308985.709130,308985.709130
ambiguity,dominant_peer_ratio,0.5,15,nearest,3022,4,334684.866213,590.155156,147.538789,16384,4096.000000,334979.943791,335275.021369,335865.176525
ambiguity,dominant_peer_ratio,0.5,15,naive_target_aware,3022,296,219673.254212,32023.899156,108.188848,1212416,4096.000000,235685.203790,251697.153368,283721.052524
ambiguity,dominant_peer_ratio,0.5,15,engagement_g00_d0.0,3022,296,219673.254212,32023.899156,108.188848,1212416,4096.000000,235685.203790,251697.153368,283721.052524
ambiguity,dominant_peer_ratio,0.5,15,engagement_g00_d0.25,3022,207,229641.968598,21515.426317,103.939258,847872,4096.000000,240399.681756,251157.394915,272672.821232
ambiguity,dominant_peer_ratio,0.5,15,engagement_g00_d0.5,3022,199,233379.187405,20280.406620,101.911591,815104,4096.000000,243519.390715,253659.594025,273940.000645
ambiguity,dominant_peer_ratio,0.5,15,engagement_g00_d1.0,3022,179,239646.657894,18053.247163,100.856129,733184,4096.000000,248673.281475,257699.905057,275753.152220
ambiguity,dominant_peer_ratio,0.5,15,engagement_g00_d2.0,3022,159,254255.529310,16472.785110,103.602422,651264,4096.000000,262491.921865,270728.314420,287201.099530
ambiguity,dominant_peer_ratio,0.5,15,engagement_g00_d5.0,3022,133,307975.623736,14864.940698,111.766471,544768,4096.000000,315408.094085,322840.564434,337705.505132
ambiguity,dominant_peer_ratio,0.5,15,engagement_g00_d10.0,3022,39,339178.661768,5066.521160,129.910799,159744,4096.000000,341711.922348,344245.182928,349311.704088
ambiguity,dominant_peer_ratio,0.5,15,engagement_g05_d0.0,3022,141,251965.174755,14828.224952,105.164716,577536,4096.000000,259379.287231,266793.399707,281621.624659
ambiguity,dominant_peer_ratio,0.5,15,engagement_g05_d0.25,3022,135,254211.461222,14509.836511,107.480270,552960,4096.000000,261466.379477,268721.297733,283231.134244
ambiguity,dominant_peer_ratio,0.5,15,engagement_g05_d0.5,3022,135,255687.964037,14509.836511,107.480270,552960,4096.000000,262942.882292,270197.800548,284707.637059
ambiguity,dominant_peer_ratio,0.5,15,engagement_g05_d1.0,3022,134,259295.400848,14544.748143,108.542897,548864,4096.000000,266567.774919,273840.148991,288384.897134
ambiguity,dominant_peer_ratio,0.5,15,engagement_g05_d2.0,3022,131,273976.653669,14317.814867,109.296297,536576,4096.000000,281135.561102,288294.468536,302612.283403
ambiguity,dominant_peer_ratio,0.5,15,engagement_g05_d5.0,3022,97,314611.919746,10572.626778,108.996152,397312,4096.000000,319898.233135,325184.546524,335757.173302
ambiguity,dominant_peer_ratio,0.5,15,engagement_g05_d10.0,3022,8,302410.545411,1092.833566,136.604196,32768,4096.000000,302956.962194,303503.378977,304596.212543
ambiguity,dominant_peer_ratio,0.5,15,oracle_a1,3022,1226,72079.729224,35893.835526,29.277190,5021696,4096.000000,90026.646987,107973.564750,143867.400276
ambiguity,dominant_peer_ratio,0.5,15,oracle_a0.5,3022,1926,43594.310832,78935.150293,40.983982,7888896,4096.000000,83061.885979,122529.461125,201464.611418
ambiguity,dominant_peer_ratio,0.5,15,oracle_a2,3022,783,94527.443986,19358.503411,24.723504,3207168,4096.000000,104206.695692,113885.947397,133244.450808
ambiguity,dominant_peer_ratio,0.5,16,static,3097,0,281015.481245,0.000000,,0,,281015.481245,281015.481245,281015.481245
ambiguity,dominant_peer_ratio,0.5,16,nearest,3097,5,301197.521231,504.173724,100.834745,20480,4096.000000,301449.608093,301701.694955,302205.868679
ambiguity,dominant_peer_ratio,0.5,16,naive_target_aware,3097,236,202609.988804,23246.617274,98.502616,966656,4096.000000,214233.297441,225856.606078,249103.223352
ambiguity,dominant_peer_ratio,0.5,16,engagement_g00_d0.0,3097,236,202609.988804,23246.617274,98.502616,966656,4096.000000,214233.297441,225856.606078,249103.223352
ambiguity,dominant_peer_ratio,0.5,16,engagement_g00_d0.25,3097,172,213935.171767,16930.176587,98.431259,704512,4096.000000,222400.260060,230865.348354,247795.524941
ambiguity,dominant_peer_ratio,0.5,16,engagement_g00_d0.5,3097,167,216217.094323,16058.898856,96.161071,684032,4096.000000,224246.543751,232275.993179,248334.892035
ambiguity,dominant_peer_ratio,0.5,16,engagement_g00_d1.0,3097,159,223527.681750,15051.888243,94.665964,651264,4096.000000,231053.625871,238579.569993,253631.458236
ambiguity,dominant_peer_ratio,0.5,16,engagement_g00_d2.0,3097,152,241723.096187,14341.446133,94.351619,622592,4096.000000,248893.819253,256064.542320,270405.988453
ambiguity,dominant_peer_ratio,0.5,16,engagement_g00_d5.0,3097,138,277726.509843,13123.896676,95.100701,565248,4096.000000,284288.458181,290850.406519,303974.303195
ambiguity,dominant_peer_ratio,0.5,16,engagement_g00_d10.0,3097,48,283510.770767,4471.230426,93.150634,196608,4096.000000,285746.385980,287982.001193,292453.231619
ambiguity,dominant_peer_ratio,0.5,16,engagement_g05_d0.0,3097,141,227041.092666,13093.208658,92.859636,577536,4096.000000,233587.696995,240134.301324,253227.509982
ambiguity,dominant_peer_ratio,0.5,16,engagement_g05_d0.25,3097,137,228052.501574,12907.651568,94.216435,561152,4096.000000,234506.327358,240960.153142,253867.804710
ambiguity,dominant_peer_ratio,0.5,16,engagement_g05_d0.5,3097,137,228738.356911,12907.651568,94.216435,561152,4096.000000,235192.182695,241646.008479,254553.660047
ambiguity,dominant_peer_ratio,0.5,16,engagement_g05_d1.0,3097,137,232798.666323,12907.651568,94.216435,561152,4096.000000,239252.492107,245706.317891,258613.969459
ambiguity,dominant_peer_ratio,0.5,16,engagement_g05_d2.0,3097,134,244156.654253,12664.618013,94.512075,548864,4096.000000,250488.963259,256821.272266,269485.890279
ambiguity,dominant_peer_ratio,0.5,16,engagement_g05_d5.0,3097,105,276429.840217,10105.456364,96.242442,430080,4096.000000,281482.568399,286535.296581,296640.752945
ambiguity,dominant_peer_ratio,0.5,16,engagement_g05_d10.0,3097,18,308605.340638,1959.779819,108.876657,73728,4096.000000,309585.230547,310565.120457,312524.900276
ambiguity,dominant_peer_ratio,0.5,16,oracle_a1,3097,1289,63541.398265,34688.084488,26.910849,5279744,4096.000000,80885.440509,98229.482753,132917.567241
ambiguity,dominant_peer_ratio,0.5,16,oracle_a0.5,3097,1965,38730.490939,72397.037335,36.843276,8048640,4096.000000,74929.009606,111127.528274,183524.565609
ambiguity,dominant_peer_ratio,0.5,16,oracle_a2,3097,844,86038.588239,18529.412892,21.954281,3457024,4096.000000,95303.294685,104568.001131,123097.414023
ambiguity,dominant_peer_ratio,0.5,17,static,2945,0,334767.727862,0.000000,,0,,334767.727862,334767.727862,334767.727862
ambiguity,dominant_peer_ratio,0.5,17,nearest,2945,4,267908.578033,392.637675,98.159419,16384,4096.000000,268104.896871,268301.215708,268693.853383
ambiguity,dominant_peer_ratio,0.5,17,naive_target_aware,2945,263,202117.252551,27123.495080,103.131160,1077248,4096.000000,215679.000091,229240.747631,256364.242711
ambiguity,dominant_peer_ratio,0.5,17,engagement_g00_d0.0,2945,263,202117.252551,27123.495080,103.131160,1077248,4096.000000,215679.000091,229240.747631,256364.242711
ambiguity,dominant_peer_ratio,0.5,17,engagement_g00_d0.25,2945,188,213728.501814,21026.936572,111.845407,770048,4096.000000,224241.970100,234755.438386,255782.374958
ambiguity,dominant_peer_ratio,0.5,17,engagement_g00_d0.5,2945,172,216699.717952,19332.505950,112.398290,704512,4096.000000,226365.970927,236032.223902,255364.729852
ambiguity,dominant_peer_ratio,0.5,17,engagement_g00_d1.0,2945,161,222840.902017,18294.418353,113.629928,659456,4096.000000,231988.111193,241135.320370,259429.738723
ambiguity,dominant_peer_ratio,0.5,17,engagement_g00_d2.0,2945,155,240893.243340,17786.432803,114.751179,634880,4096.000000,249786.459742,258679.676143,276466.108946
ambiguity,dominant_peer_ratio,0.5,17,engagement_g00_d5.0,2945,136,287590.084820,15376.940286,113.065737,557056,4096.000000,295278.554963,302967.025106,318343.965392
ambiguity,dominant_peer_ratio,0.5,17,engagement_g00_d10.0,2945,44,291129.731021,4055.223411,92.164168,180224,4096.000000,293157.342727,295184.954432,299240.177843
ambiguity,dominant_peer_ratio,0.5,17,engagement_g05_d0.0,2945,134,231284.502657,14951.427958,111.577821,548864,4096.000000,238760.216636,246235.930615,261187.358573
ambiguity,dominant_peer_ratio,0.5,17,engagement_g05_d0.25,2945,132,233321.628797,14777.429186,111.950221,540672,4096.000000,240710.343390,248099.057983,262876.487169
ambiguity,dominant_peer_ratio,0.5,17,engagement_g05_d0.5,2945,131,234594.905154,14649.265941,111.826458,536576,4096.000000,241919.538124,249244.171095,263893.437036
ambiguity,dominant_peer_ratio,0.5,17,engagement_g05_d1.0,2945,131,240156.963673,14649.265941,111.826458,536576,4096.000000,247481.596643,254806.229614,269455.495555
ambiguity,dominant_peer_ratio,0.5,17,engagement_g05_d2.0,2945,129,249497.422477,14263.432324,110.569243,528384,4096.000000,256629.138639,263760.854801,278024.287125
ambiguity,dominant_peer_ratio,0.5,17,engagement_g05_d5.0,2945,102,286300.335860,10570.101299,103.628444,417792,4096.000000,291585.386510,296870.437159,307440.538458
ambiguity,dominant_peer_ratio,0.5,17,engagement_g05_d10.0,2945,16,312719.757795,1328.170454,83.010653,65536,4096.000000,313383.843022,314047.928249,315376.098703
ambiguity,dominant_peer_ratio,0.5,17,oracle_a1,2945,1218,64753.860070,31725.692729,26.047367,4988928,4096.000000,80616.706434,96479.552799,128205.245528
ambiguity,dominant_peer_ratio,0.5,17,oracle_a0.5,2945,1899,38855.477435,72344.118225,38.095902,7778304,4096.000000,75027.536547,111199.595660,183543.713885
ambiguity,dominant_peer_ratio,0.5,17,oracle_a2,2945,765,85322.533152,16633.402546,21.743010,3133440,4096.000000,93639.234425,101955.935698,118589.338244
ambiguity,dominant_peer_ratio,0.5,18,static,3040,0,311997.327679,0.000000,,0,,311997.327679,311997.327679,311997.327679
ambiguity,dominant_peer_ratio,0.5,18,nearest,3040,40,308657.858674,6346.862802,158.671570,163840,4096.000000,311831.290075,315004.721476,321351.584278
ambiguity,dominant_peer_ratio,0.5,18,naive_target_aware,3040,262,216597.908211,29726.221555,113.458861,1073152,4096.000000,231461.018989,246324.129766,276050.351321
ambiguity,dominant_peer_ratio,0.5,18,engagement_g00_d0.0,3040,262,216597.908211,29726.221555,113.458861,1073152,4096.000000,231461.018989,246324.129766,276050.351321
ambiguity,dominant_peer_ratio,0.5,18,engagement_g00_d0.25,3040,193,229912.495225,21998.916828,113.984025,790528,4096.000000,240911.953639,251911.412053,273910.328881
ambiguity,dominant_peer_ratio,0.5,18,engagement_g00_d0.5,3040,188,235023.285072,21257.815218,113.073485,770048,4096.000000,245652.192681,256281.100290,277538.915508
ambiguity,dominant_peer_ratio,0.5,18,engagement_g00_d1.0,3040,170,242852.133854,19365.191193,113.912889,696320,4096.000000,252534.729451,262217.325047,281582.516240
ambiguity,dominant_peer_ratio,0.5,18,engagement_g00_d2.0,3040,154,259457.343562,17326.170702,112.507602,630784,4096.000000,268120.428913,276783.514264,294109.684966
ambiguity,dominant_peer_ratio,0.5,18,engagement_g00_d5.0,3040,132,304537.840574,15114.243274,114.501843,540672,4096.000000,312094.962211,319652.083848,334766.327122
ambiguity,dominant_peer_ratio,0.5,18,engagement_g00_d10.0,3040,39,332749.688750,4477.070094,114.796669,159744,4096.000000,334988.223797,337226.758844,341703.828938
ambiguity,dominant_peer_ratio,0.5,18,engagement_g05_d0.0,3040,139,252578.457524,16270.543985,117.054273,569344,4096.000000,260713.729517,268849.001509,285119.545494
ambiguity,dominant_peer_ratio,0.5,18,engagement_g05_d0.25,3040,133,253449.876700,15347.209700,115.392554,544768,4096.000000,261123.481550,268797.086400,284144.296100
ambiguity,dominant_peer_ratio,0.5,18,engagement_g05_d0.5,3040,132,255087.663622,15166.280881,114.896067,540672,4096.000000,262670.804063,270253.944503,285420.225384
ambiguity,dominant_peer_ratio,0.5,18,engagement_g05_d1.0,3040,131,259454.100974,15073.266879,115.063106,536576,4096.000000,266990.734414,274527.367853,289600.634732
ambiguity,dominant_peer_ratio,0.5,18,engagement_g05_d2.0,3040,127,271476.488975,14700.972983,115.755693,520192,4096.000000,278826.975467,286177.461958,300878.434941
ambiguity,dominant_peer_ratio,0.5,18,engagement_g05_d5.0,3040,110,311718.982468,12871.427500,117.012977,450560,4096.000000,318154.696218,324590.409968,337461.837468
ambiguity,dominant_peer_ratio,0.5,18,engagement_g05_d10.0,3040,10,312306.738556,1053.071478,105.307148,40960,4096.000000,312833.274295,313359.810034,314412.881512
ambiguity,dominant_peer_ratio,0.5,18,oracle_a1,3040,1351,62019.827539,33341.727544,24.679295,5533696,4096.000000,78690.691311,95361.555083,128703.282627
ambiguity,dominant_peer_ratio,0.5,18,oracle_a0.5,3040,1962,39460.767331,67464.353504,34.385501,8036352,4096.000000,73192.944083,106925.120835,174389.474339
ambiguity,dominant_peer_ratio,0.5,18,oracle_a2,3040,904,82775.582291,18674.794945,20.657959,3702784,4096.000000,92112.979763,101450.377236,120125.172181
ambiguity,dominant_peer_ratio,0.5,19,static,2979,0,324733.144968,0.000000,,0,,324733.144968,324733.144968,324733.144968
ambiguity,dominant_peer_ratio,0.5,19,nearest,2979,16,305999.838051,686.408051,42.900503,65536,4096.000000,306343.042076,306686.246102,307372.654153
ambiguity,dominant_peer_ratio,0.5,19,naive_target_aware,2979,222,217556.706987,25923.256005,116.771423,909312,4096.000000,230518.334989,243479.962992,269403.218997
ambiguity,dominant_peer_ratio,0.5,19,engagement_g00_d0.0,2979,222,217556.706987,25923.256005,116.771423,909312,4096.000000,230518.334989,243479.962992,269403.218997
ambiguity,dominant_peer_ratio,0.5,19,engagement_g00_d0.25,2979,180,231581.301714,21946.186912,121.923261,737280,4096.000000,242554.395170,253527.488626,275473.675538
ambiguity,dominant_peer_ratio,0.5,19,engagement_g00_d0.5,2979,174,235518.669375,21431.019292,123.166778,712704,4096.000000,246234.179021,256949.688667,278380.707959
ambiguity,dominant_peer_ratio,0.5,19,engagement_g00_d1.0,2979,164,244710.904988,20662.727249,125.992239,671744,4096.000000,255042.268612,265373.632237,286036.359486
ambiguity,dominant_peer_ratio,0.5,19,engagement_g00_d2.0,2979,155,270785.520260,19876.917734,128.238179,634880,4096.000000,280723.979127,290662.437994,310539.355728
ambiguity,dominant_peer_ratio,0.5,19,engagement_g00_d5.0,2979,140,325219.065439,17752.585029,126.804179,573440,4096.000000,334095.357953,342971.650468,360724.235497
ambiguity,dominant_peer_ratio,0.5,19,engagement_g00_d10.0,2979,45,323063.087677,4979.820179,110.662671,184320,4096.000000,325552.997766,328042.907856,333022.728035
ambiguity,dominant_peer_ratio,0.5,19,engagement_g05_d0.0,2979,142,256882.817671,17802.732919,125.371359,581632,4096.000000,265784.184130,274685.550590,292488.283509
ambiguity,dominant_peer_ratio,0.5,19,engagement_g05_d0.25,2979,139,258983.242832,17654.453213,127.010455,569344,4096.000000,267810.469438,276637.696045,294292.149258
ambiguity,dominant_peer_ratio,0.5,19,engagement_g05_d0.5,2979,138,261088.289112,17538.327783,127.089332,565248,4096.000000,269857.453003,278626.616895,296164.944678
ambiguity,dominant_peer_ratio,0.5,19,engagement_g05_d1.0,2979,138,266102.075071,17538.327783,127.089332,565248,4096.000000,274871.238962,283640.402854,301178.730637
ambiguity,dominant_peer_ratio,0.5,19,engagement_g05_d2.0,2979,134,280587.173840,16984.302540,126.748526,548864,4096.000000,289079.325110,297571.476380,314555.778920
ambiguity,dominant_peer_ratio,0.5,19,engagement_g05_d5.0,2979,112,327312.470959,13907.205470,124.171477,458752,4096.000000,334266.073694,341219.676429,355126.881899
ambiguity,dominant_peer_ratio,0.5,19,engagement_g05_d10.0,2979,9,313320.375198,729.538685,81.059854,36864,4096.000000,313685.144540,314049.913883,314779.452568
ambiguity,dominant_peer_ratio,0.5,19,oracle_a1,2979,1349,61777.345685,30867.017248,22.881406,5525504,4096.000000,77210.854309,92644.362933,123511.380181
ambiguity,dominant_peer_ratio,0.5,19,oracle_a0.5,2979,1927,39066.117137,65553.114021,34.018222,7892992,4096.000000,71842.674148,104619.231158,170172.345179
ambiguity,dominant_peer_ratio,0.5,19,oracle_a2,2979,961,78926.075963,18610.608199,19.365877,3936256,4096.000000,88231.380063,97536.684162,116147.292361
ambiguity,dominant_peer_ratio,0.5,20,static,3045,0,320124.767265,0.000000,,0,,320124.767265,320124.767265,320124.767265
ambiguity,dominant_peer_ratio,0.5,20,nearest,3045,33,315463.918494,2949.911125,89.391246,135168,4096.000000,316938.874057,318413.829619,321363.740744
ambiguity,dominant_peer_ratio,0.5,20,naive_target_aware,3045,264,216757.122424,27720.444349,105.001683,1081344,4096.000000,230617.344599,244477.566773,272198.011122
ambiguity,dominant_peer_ratio,0.5,20,engagement_g00_d0.0,3045,264,216757.122424,27720.444349,105.001683,1081344,4096.000000,230617.344599,244477.566773,272198.011122
ambiguity,dominant_peer_ratio,0.5,20,engagement_g00_d0.25,3045,181,226311.869999,19259.881531,106.408185,741376,4096.000000,235941.810765,245571.751530,264831.633061
ambiguity,dominant_peer_ratio,0.5,20,engagement_g00_d0.5,3045,178,230887.290406,19086.829804,107.229381,729088,4096.000000,240430.705308,249974.120210,269060.950014
ambiguity,dominant_peer_ratio,0.5,20,engagement_g00_d1.0,3045,172,238633.115341,18230.832218,105.993211,704512,4096.000000,247748.531450,256863.947559,275094.779777
ambiguity,dominant_peer_ratio,0.5,20,engagement_g00_d2.0,3045,157,254013.457434,16653.558673,106.073622,643072,4096.000000,262340.236771,270667.016107,287320.574780
ambiguity,dominant_peer_ratio,0.5,20,engagement_g00_d5.0,3045,138,298766.249016,14494.597758,105.033317,565248,4096.000000,306013.547895,313260.846774,327755.444532
ambiguity,dominant_peer_ratio,0.5,20,engagement_g00_d10.0,3045,44,318266.951368,4382.098193,99.593141,180224,4096.000000,320458.000464,322649.049561,327031.147754
ambiguity,dominant_peer_ratio,0.5,20,engagement_g05_d0.0,3045,143,248560.117055,15087.692630,105.508340,585728,4096.000000,256103.963370,263647.809685,278735.502315
ambiguity,dominant_peer_ratio,0.5,20,engagement_g05_d0.25,3045,136,251112.825933,14409.575316,105.952760,557056,4096.000000,258317.613591,265522.401249,279931.976565
ambiguity,dominant_peer_ratio,0.5,20,engagement_g05_d0.5,3045,136,252591.486764,14409.575316,105.952760,557056,4096.000000,259796.274422,267001.062080,281410.637396
ambiguity,dominant_peer_ratio,0.5,20,engagement_g05_d1.0,3045,136,254997.546075,14409.575316,105.952760,557056,4096.000000,262202.333733,269407.121391,283816.696707
ambiguity,dominant_peer_ratio,0.5,20,engagement_g05_d2.0,3045,136,267789.462801,14409.575316,105.952760,557056,4096.000000,274994.250459,282199.038117,296608.613433
ambiguity,dominant_peer_ratio,0.5,20,engagement_g05_d5.0,3045,102,308483.667597,11179.478643,109.602732,417792,4096.000000,314073.406919,319663.146240,330842.624883
ambiguity,dominant_peer_ratio,0.5,20,engagement_g05_d10.0,3045,15,339725.898803,1892.420886,126.161392,61440,4096.000000,340672.109246,341618.319689,343510.740575
ambiguity,dominant_peer_ratio,0.5,20,oracle_a1,3045,1222,70637.352337,38461.124374,31.473915,5005312,4096.000000,89867.914524,109098.476711,147559.601085
ambiguity,dominant_peer_ratio,0.5,20,oracle_a0.5,3045,1910,42612.505333,80677.745190,42.239657,7823360,4096.000000,82951.377928,123290.250523,203967.995713
ambiguity,dominant_peer_ratio,0.5,20,oracle_a2,3045,722,97378.327137,19087.261395,26.436650,2957312,4096.000000,106921.957834,116465.588532,135552.849927
ambiguity,dominant_peer_ratio,0.5,21,static,3058,0,339434.384723,0.000000,,0,,339434.384723,339434.384723,339434.384723
ambiguity,dominant_peer_ratio,0.5,21,nearest,3058,22,302260.274504,1493.935382,67.906154,90112,4096.000000,303007.242195,303754.209886,305248.145268
ambiguity,dominant_peer_ratio,0.5,21,naive_target_aware,3058,265,220754.902329,29117.766360,109.878364,1085440,4096.000000,235313.785509,249872.668689,278990.435049
ambiguity,dominant_peer_ratio,0.5,21,engagement_g00_d0.0,3058,265,220754.902329,29117.766360,109.878364,1085440,4096.000000,235313.785509,249872.668689,278990.435049
ambiguity,dominant_peer_ratio,0.5,21,engagement_g00_d0.25,3058,201,234412.145900,22844.843938,113.655940,823296,4096.000000,245834.567869,257256.989838,280101.833776
ambiguity,dominant_peer_ratio,0.5,21,engagement_g00_d0.5,3058,189,240060.989727,21336.278454,112.890362,774144,4096.000000,250729.128954,261397.268181,282733.546635
ambiguity,dominant_peer_ratio,0.5,21,engagement_g00_d1.0,3058,180,248958.356538,20334.901169,112.971673,737280,4096.000000,259125.807123,269293.257707,289628.158876
ambiguity,dominant_peer_ratio,0.5,21,engagement_g00_d2.0,3058,156,270881.303066,18579.097782,119.096781,638976,4096.000000,280170.851957,289460.400848,308039.498630
ambiguity,dominant_peer_ratio,0.5,21,engagement_g00_d5.0,3058,137,321239.419811,16771.646248,122.420776,561152,4096.000000,329625.242935,338011.066059,354782.712307
ambiguity,dominant_peer_ratio,0.5,21,engagement_g00_d10.0,3058,40,331954.631642,4576.632514,114.415813,163840,4096.000000,334242.947899,336531.264156,341107.896670
ambiguity,dominant_peer_ratio,0.5,21,engagement_g05_d0.0,3058,140,255556.614993,16935.418076,120.967272,573440,4096.000000,264024.324031,272492.033069,289427.451145
ambiguity,dominant_peer_ratio,0.5,21,engagement_g05_d0.25,3058,138,256727.866648,16646.552508,120.627192,565248,4096.000000,265051.142902,273374.419156,290020.971664
ambiguity,dominant_peer_ratio,0.5,21,engagement_g05_d0.5,3058,137,258707.990638,16570.748185,120.954366,561152,4096.000000,266993.364731,275278.738823,291849.487008
ambiguity,dominant_peer_ratio,0.5,21,engagement_g05_d1.0,3058,136,263377.842067,16593.732658,122.012740,557056,4096.000000,271674.708396,279971.574725,296565.307383
ambiguity,dominant_peer_ratio,0.5,21,engagement_g05_d2.0,3058,132,277298.013291,15981.507115,121.072024,540672,4096.000000,285288.766849,293279.520406,309261.027521
ambiguity,dominant_peer_ratio,0.5,21,engagement_g05_d5.0,3058,107,323066.092566,12988.971722,121.392259,438272,4096.000000,329560.578427,336055.064288,349044.036010
ambiguity,dominant_peer_ratio,0.5,21,engagement_g05_d10.0,3058,12,313315.814167,1238.822372,103.235198,49152,4096.000000,313935.225353,314554.636539,315793.458911
ambiguity,dominant_peer_ratio,0.5,21,oracle_a1,3058,1240,69963.534943,36200.016649,29.193562,5079040,4096.000000,88063.543268,106163.551592,142363.568241
ambiguity,dominant_peer_ratio,0.5,21,oracle_a0.5,3058,1901,43627.764099,75915.523988,39.934521,7786496,4096.000000,81585.526093,119543.288087,195458.812075
ambiguity,dominant_peer_ratio,0.5,21,oracle_a2,3058,754,92597.989015,19364.366223,25.682183,3088384,4096.000000,102280.172127,111962.355238,131326.721461
ambiguity,dominant_peer_ratio,0.5,22,static,3009,0,296677.407885,0.000000,,0,,296677.407885,296677.407885,296677.407885
ambiguity,dominant_peer_ratio,0.5,22,nearest,3009,6,293844.975476,591.783727,98.630621,24576,4096.000000,294140.867340,294436.759203,295028.542930
ambiguity,dominant_peer_ratio,0.5,22,naive_target_aware,3009,273,217960.341796,30232.259967,110.740879,1118208,4096.000000,233076.471780,248192.601763,278424.861730
ambiguity,dominant_peer_ratio,0.5,22,engagement_g00_d0.0,3009,273,217960.341796,30232.259967,110.740879,1118208,4096.000000,233076.471780,248192.601763,278424.861730
ambiguity,dominant_peer_ratio,0.5,22,engagement_g00_d0.25,3009,203,229708.181596,21591.706801,106.363088,831488,4096.000000,240504.034997,251299.888397,272891.595198
ambiguity,dominant_peer_ratio,0.5,22,engagement_g00_d0.5,3009,187,232450.138839,19869.478531,106.253896,765952,4096.000000,242384.878105,252319.617370,272189.095901
ambiguity,dominant_peer_ratio,0.5,22,engagement_g00_d1.0,3009,172,239217.349844,18181.453805,105.706127,704512,4096.000000,248308.076747,257398.803649,275580.257454
ambiguity,dominant_peer_ratio,0.5,22,engagement_g00_d2.0,3009,155,254614.858561,16695.120873,107.710457,634880,4096.000000,262962.418998,271309.979434,288005.100307
ambiguity,dominant_peer_ratio,0.5,22,engagement_g00_d5.0,3009,135,296224.171114,14392.539338,106.611403,552960,4096.000000,303420.440783,310616.710452,325009.249790
ambiguity,dominant_peer_ratio,0.5,22,engagement_g00_d10.0,3009,44,306639.451232,3998.889238,90.883846,180224,4096.000000,308638.895851,310638.340470,314637.229708
ambiguity,dominant_peer_ratio,0.5,22,engagement_g05_d0.0,3009,142,245934.893066,15664.617401,110.314207,581632,4096.000000,253767.201767,261599.510467,277264.127868
ambiguity,dominant_peer_ratio,0.5,22,engagement_g05_d0.25,3009,137,246011.892845,14836.269522,108.293938,561152,4096.000000,253430.027606,260848.162367,275684.431889
ambiguity,dominant_peer_ratio,0.5,22,engagement_g05_d0.5,3009,134,246515.494949,14194.192020,105.926806,548864,4096.000000,253612.590959,260709.686969,274903.878989
ambiguity,dominant_peer_ratio,0.5,22,engagement_g05_d1.0,3009,133,250633.112816,14023.357611,105.438779,544768,4096.000000,257644.791622,264656.470427,278679.828038
ambiguity,dominant_peer_ratio,0.5,22,engagement_g05_d2.0,3009,129,265918.552747,13996.436053,108.499504,528384,4096.000000,272916.770774,279914.988800,293911.424853
ambiguity,dominant_peer_ratio,0.5,22,engagement_g05_d5.0,3009,107,297122.556326,11380.994246,106.364432,438272,4096.000000,302813.053449,308503.550572,319884.544818
ambiguity,dominant_peer_ratio,0.5,22,engagement_g05_d10.0,3009,11,294679.790208,907.083665,82.462151,45056,4096.000000,295133.332041,295586.873873,296493.957538
ambiguity,dominant_peer_ratio,0.5,22,oracle_a1,3009,1432,64372.585004,36178.378589,25.264231,5865472,4096.000000,82461.774298,100550.963593,136729.342182
ambiguity,dominant_peer_ratio,0.5,22,oracle_a0.5,3009,1954,42762.931829,68350.358765,34.979713,8003584,4096.000000,76938.111211,111113.290594,179463.649359
ambiguity,dominant_peer_ratio,0.5,22,oracle_a2,3009,939,87872.702910,19272.373261,20.524359,3846144,4096.000000,97508.889541,107145.076171,126417.449432
ambiguity,dominant_peer_ratio,0.5,23,static,3060,0,313516.499495,0.000000,,0,,313516.499495,313516.499495,313516.499495
ambiguity,dominant_peer_ratio,0.5,23,nearest,3060,5,286491.757800,496.613844,99.322769,20480,4096.000000,286740.064722,286988.371644,287484.985488
ambiguity,dominant_peer_ratio,0.5,23,naive_target_aware,3060,240,207947.296211,24198.659745,100.827749,983040,4096.000000,220046.626083,232145.955956,256344.615701
ambiguity,dominant_peer_ratio,0.5,23,engagement_g00_d0.0,3060,240,207947.296211,24198.659745,100.827749,983040,4096.000000,220046.626083,232145.955956,256344.615701
ambiguity,dominant_peer_ratio,0.5,23,engagement_g00_d0.25,3060,181,216955.943055,18656.899096,103.076791,741376,4096.000000,226284.392603,235612.842151,254269.741247
ambiguity,dominant_peer_ratio,0.5,23,engagement_g00_d0.5,3060,172,219018.952627,17513.667838,101.823650,704512,4096.000000,227775.786546,236532.620465,254046.288303
ambiguity,dominant_peer_ratio,0.5,23,engagement_g00_d1.0,3060,162,226572.851165,16345.301120,100.896920,663552,4096.000000,234745.501725,242918.152285,259263.453405
ambiguity,dominant_peer_ratio,0.5,23,engagement_g00_d2.0,3060,153,240963.664577,15396.556150,100.631086,626688,4096.000000,248661.942652,256360.220727,271756.776877
ambiguity,dominant_peer_ratio,0.5,23,engagement_g00_d5.0,3060,137,284554.460474,13714.536537,100.106106,561152,4096.000000,291411.728743,298268.997011,311983.533548
ambiguity,dominant_peer_ratio,0.5,23,engagement_g00_d10.0,3060,44,317704.924127,4642.610084,105.513866,180224,4096.000000,320026.229169,322347.534211,326990.144295
ambiguity,dominant_peer_ratio,0.5,23,engagement_g05_d0.0,3060,139,240222.317191,14464.876910,104.063863,569344,4096.000000,247454.755646,254687.194101,269152.071011
ambiguity,dominant_peer_ratio,0.5,23,engagement_g05_d0.25,3060,137,241169.995660,14203.620302,103.676061,561152,4096.000000,248271.805811,255373.615962,269577.236264
ambiguity,dominant_peer_ratio,0.5,23,engagement_g05_d0.5,3060,136,242468.343064,13982.222654,102.810461,557056,4096.000000,249459.454391,256450.565718,270432.788372
ambiguity,dominant_peer_ratio,0.5,23,engagement_g05_d1.0,3060,133,247177.091506,13414.406211,100.860197,544768,4096.000000,253884.294611,260591.497717,274005.903928
ambiguity,dominant_peer_ratio,0.5,23,engagement_g05_d2.0,3060,127,254650.488731,12567.035300,98.953034,520192,4096.000000,260934.006381,267217.524031,279784.559331
ambiguity,dominant_peer_ratio,0.5,23,engagement_g05_d5.0,3060,107,291937.658131,10636.932147,99.410581,438272,4096.000000,297256.124204,302574.590278,313211.522425
ambiguity,dominant_peer_ratio,0.5,23,engagement_g05_d10.0,3060,12,321939.087092,1399.700714,116.641726,49152,4096.000000,322638.937449,323338.787806,324738.488520
ambiguity,dominant_peer_ratio,0.5,23,oracle_a1,3060,1232,66770.351951,36215.373745,29.395596,5046272,4096.000000,84878.038823,102985.725696,139201.099441
ambiguity,dominant_peer_ratio,0.5,23,oracle_a0.5,3060,1915,41743.551506,73997.007397,38.640735,7843840,4096.000000,78742.055205,115740.558903,189737.566300
ambiguity,dominant_peer_ratio,0.5,23,oracle_a2,3060,717,91962.995151,18343.447110,25.583608,2936832,4096.000000,101134.718706,110306.442261,128649.889371
ambiguity,dominant_peer_ratio,0.5,24,static,2894,0,287696.676844,0.000000,,0,,287696.676844,287696.676844,287696.676844
ambiguity,dominant_peer_ratio,0.5,24,nearest,2894,44,278631.919868,2513.103998,57.116000,180224,4096.000000,279888.471867,281145.023866,283658.127864
ambiguity,dominant_peer_ratio,0.5,24,naive_target_aware,2894,227,201901.744566,24430.896788,107.625096,929792,4096.000000,214117.192960,226332.641354,250763.538142
ambiguity,dominant_peer_ratio,0.5,24,engagement_g00_d0.0,2894,227,201901.744566,24430.896788,107.625096,929792,4096.000000,214117.192960,226332.641354,250763.538142
ambiguity,dominant_peer_ratio,0.5,24,engagement_g00_d0.25,2894,184,214604.706148,20126.831981,109.384956,753664,4096.000000,224668.122138,234731.538129,254858.370110
ambiguity,dominant_peer_ratio,0.5,24,engagement_g00_d0.5,2894,178,217000.376939,19251.843956,108.156427,729088,4096.000000,226626.298917,236252.220895,255504.064851
ambiguity,dominant_peer_ratio,0.5,24,engagement_g00_d1.0,2894,163,224810.856507,17784.601047,109.107982,667648,4096.000000,233703.157030,242595.457554,260380.058601
ambiguity,dominant_peer_ratio,0.5,24,engagement_g00_d2.0,2894,155,239277.956453,16979.698248,109.546440,634880,4096.000000,247767.805577,256257.654701,273237.352949
ambiguity,dominant_peer_ratio,0.5,24,engagement_g00_d5.0,2894,141,283005.519609,15826.537177,112.244945,577536,4096.000000,290918.788197,298832.056786,314658.593963
ambiguity,dominant_peer_ratio,0.5,24,engagement_g00_d10.0,2894,42,290650.894765,4307.166001,102.551571,172032,4096.000000,292804.477766,294958.060766,299265.226767
ambiguity,dominant_peer_ratio,0.5,24,engagement_g05_d0.0,2894,136,231491.166848,14944.898869,109.888962,557056,4096.000000,238963.616282,246436.065717,261380.964586
ambiguity,dominant_peer_ratio,0.5,24,engagement_g05_d0.25,2894,133,232822.295724,14834.172463,111.535131,544768,4096.000000,240239.381955,247656.468187,262490.640650
ambiguity,dominant_peer_ratio,0.5,24,engagement_g05_d0.5,2894,133,234135.836614,14834.172463,111.535131,544768,4096.000000,241552.922845,248970.009077,263804.181540
ambiguity,dominant_peer_ratio,0.5,24,engagement_g05_d1.0,2894,133,238887.528966,14834.172463,111.535131,544768,4096.000000,246304.615197,253721.701429,268555.873892
ambiguity,dominant_peer_ratio,0.5,24,engagement_g05_d2.0,2894,132,248240.322721,14597.272965,110.585401,540672,4096.000000,255538.959203,262837.595686,277434.868651
ambiguity,dominant_peer_ratio,0.5,24,engagement_g05_d5.0,2894,109,279584.557975,11772.201370,108.001847,446464,4096.000000,285470.658660,291356.759345,303128.960715
ambiguity,dominant_peer_ratio,0.5,24,engagement_g05_d10.0,2894,16,300169.385473,1985.368369,124.085523,65536,4096.000000,301162.069657,302154.753842,304140.122211
ambiguity,dominant_peer_ratio,0.5,24,oracle_a1,2894,1125,69157.955308,35916.595898,31.925863,4608000,4096.000000,87116.253257,105074.551206,140991.147104
ambiguity,dominant_peer_ratio,0.5,24,oracle_a0.5,2894,1899,37476.389649,83966.634743,44.216237,7778304,4096.000000,79459.707021,121443.024392,205409.659135
ambiguity,dominant_peer_ratio,0.5,24,oracle_a2,2894,676,92357.494679,18908.424671,27.971042,2768896,4096.000000,101811.707015,111265.919350,130174.344021
ambiguity,dominant_peer_ratio,0.5,25,static,2903,0,286674.577438,0.000000,,0,,286674.577438,286674.577438,286674.577438
ambiguity,dominant_peer_ratio,0.5,25,nearest,2903,5,267397.180406,444.651086,88.930217,20480,4096.000000,267619.505949,267841.831492,268286.482578
ambiguity,dominant_peer_ratio,0.5,25,naive_target_aware,2903,260,205049.505483,27605.908327,106.176570,1064960,4096.000000,218852.459646,232655.413810,260261.322137
ambiguity,dominant_peer_ratio,0.5,25,engagement_g00_d0.0,2903,260,205049.505483,27605.908327,106.176570,1064960,4096.000000,218852.459646,232655.413810,260261.322137
ambiguity,dominant_peer_ratio,0.5,25,engagement_g00_d0.25,2903,185,214049.968697,20333.838144,109.912639,757760,4096.000000,224216.887769,234383.806841,254717.644985
ambiguity,dominant_peer_ratio,0.5,25,engagement_g00_d0.5,2903,180,216985.194505,19984.899164,111.027218,737280,4096.000000,226977.644087,236970.093669,256954.992833
ambiguity,dominant_peer_ratio,0.5,25,engagement_g00_d1.0,2903,167,226127.647438,18485.228799,110.689993,684032,4096.000000,235370.261837,244612.876237,263098.105036
ambiguity,dominant_peer_ratio,0.5,25,engagement_g00_d2.0,2903,155,240817.764542,17728.140514,114.375100,634880,4096.000000,249681.834799,258545.905056,276274.045570
ambiguity,dominant_peer_ratio,0.5,25,engagement_g00_d5.0,2903,133,286845.201309,15258.368122,114.724572,544768,4096.000000,294474.385370,302103.569431,317361.937553
ambiguity,dominant_peer_ratio,0.5,25,engagement_g00_d10.0,2903,46,306339.985558,4691.688664,101.993232,188416,4096.000000,308685.829890,311031.674222,315723.362886
ambiguity,dominant_peer_ratio,0.5,25,engagement_g05_d0.0,2903,134,241930.691029,15459.402418,115.368675,548864,4096.000000,249660.392238,257390.093447,272849.495865
ambiguity,dominant_peer_ratio,0.5,25,engagement_g05_d0.25,2903,129,243070.055593,15045.237661,116.629749,528384,4096.000000,250592.674423,258115.293254,273160.530915
ambiguity,dominant_peer_ratio,0.5,25,engagement_g05_d0.5,2903,128,243514.383720,14956.101432,116.844542,524288,4096.000000,250992.434436,258470.485152,273426.586584
ambiguity,dominant_peer_ratio,0.5,25,engagement_g05_d1.0,2903,128,246462.583693,14956.101432,116.844542,524288,4096.000000,253940.634409,261418.685125,276374.786557
ambiguity,dominant_peer_ratio,0.5,25,engagement_g05_d2.0,2903,127,254408.895664,14942.906620,117.660682,520192,4096.000000,261880.348974,269351.802284,284294.708904
ambiguity,dominant_peer_ratio,0.5,25,engagement_g05_d5.0,2903,101,291966.534231,11546.789629,114.324650,413696,4096.000000,297739.929045,303513.323860,315060.113489
ambiguity,dominant_peer_ratio,0.5,25,engagement_g05_d10.0,2903,12,295107.193239,1175.018416,97.918201,49152,4096.000000,295694.702447,296282.211655,297457.230071
ambiguity,dominant_peer_ratio,0.5,25,oracle_a1,2903,1205,64105.694373,36007.130060,29.881436,4935680,4096.000000,82109.259403,100112.824433,136119.954493
ambiguity,dominant_peer_ratio,0.5,25,oracle_a0.5,2903,1844,39049.927342,73551.409232,39.886881,7553024,4096.000000,75825.631958,112601.336574,186152.745806
ambiguity,dominant_peer_ratio,0.5,25,oracle_a2,2903,797,88040.423648,18684.664572,23.443745,3264512,4096.000000,97382.755934,106725.088220,125409.752792
ambiguity,dominant_peer_ratio,0.5,26,static,3057,0,332440.518025,0.000000,,0,,332440.518025,332440.518025,332440.518025
ambiguity,dominant_peer_ratio,0.5,26,nearest,3057,4,341755.823271,430.321639,107.580410,16384,4096.000000,341970.984090,342186.144910,342616.466549
ambiguity,dominant_peer_ratio,0.5,26,naive_target_aware,3057,274,227041.062966,30653.832869,111.875302,1122304,4096.000000,242367.979400,257694.895835,288348.728704
ambiguity,dominant_peer_ratio,0.5,26,engagement_g00_d0.0,3057,274,227041.062966,30653.832869,111.875302,1122304,4096.000000,242367.979400,257694.895835,288348.728704
ambiguity,dominant_peer_ratio,0.5,26,engagement_g00_d0.25,3057,189,238829.979791,20256.072886,107.174989,774144,4096.000000,248958.016234,259086.052677,279342.125563
ambiguity,dominant_peer_ratio,0.5,26,engagement_g00_d0.5,3057,182,243154.949860,19243.455218,105.733270,745472,4096.000000,252776.677469,262398.405078,281641.860296
ambiguity,dominant_peer_ratio,0.5,26,engagement_g00_d1.0,3057,171,250228.366444,17781.682264,103.986446,700416,4096.000000,259119.207576,268010.048708,285791.730972
ambiguity,dominant_peer_ratio,0.5,26,engagement_g00_d2.0,3057,158,266141.442515,16754.273478,106.039706,647168,4096.000000,274518.579254,282895.715993,299649.989471
ambiguity,dominant_peer_ratio,0.5,26,engagement_g00_d5.0,3057,138,305958.810157,14788.897540,107.165924,565248,4096.000000,313353.258927,320747.707697,335536.605237
ambiguity,dominant_peer_ratio,0.5,26,engagement_g00_d10.0,3057,45,329891.813790,4613.340795,102.518684,184320,4096.000000,332198.484188,334505.154585,339118.495380
ambiguity,dominant_peer_ratio,0.5,26,engagement_g05_d0.0,3057,145,251848.842318,15459.270800,106.615661,593920,4096.000000,259578.477718,267308.113118,282767.383918
ambiguity,dominant_peer_ratio,0.5,26,engagement_g05_d0.25,3057,139,257517.195924,14781.365657,106.340760,569344,4096.000000,264907.878752,272298.561581,287079.927238
ambiguity,dominant_peer_ratio,0.5,26,engagement_g05_d0.5,3057,139,260171.050320,14781.365657,106.340760,569344,4096.000000,267561.733148,274952.415977,289733.781634
ambiguity,dominant_peer_ratio,0.5,26,engagement_g05_d1.0,3057,136,267002.912335,14903.605275,109.585333,557056,4096.000000,274454.714972,281906.517610,296810.122885
ambiguity,dominant_peer_ratio,0.5,26,engagement_g05_d2.0,3057,133,278749.943176,14579.971824,109.623848,544768,4096.000000,286039.929088,293329.915000,307909.886824
ambiguity,dominant_peer_ratio,0.5,26,engagement_g05_d5.0,3057,102,314688.526235,11048.849919,108.322058,417792,4096.000000,320212.951195,325737.376154,336786.226073
ambiguity,dominant_peer_ratio,0.5,26,engagement_g05_d10.0,3057,11,312928.265495,1212.466945,110.224268,45056,4096.000000,313534.498967,314140.732440,315353.199385
ambiguity,dominant_peer_ratio,0.5,26,oracle_a1,3057,1363,70415.124834,36338.722859,26.660838,5582848,4096.000000,88584.486263,106753.847693,143092.570552
ambiguity,dominant_peer_ratio,0.5,26,oracle_a0.5,3057,1970,45239.568855,73983.737199,37.555197,8069120,4096.000000,82231.437455,119223.306054,193207.043253
ambiguity,dominant_peer_ratio,0.5,26,oracle_a2,3057,866,94917.878919,19277.219182,22.260068,3547136,4096.000000,104556.488510,114195.098101,133472.317283
ambiguity,dominant_peer_ratio,0.5,27,static,2968,0,305712.693374,0.000000,,0,,305712.693374,305712.693374,305712.693374
ambiguity,dominant_peer_ratio,0.5,27,nearest,2968,18,303676.193062,1726.305104,95.905839,73728,4096.000000,304539.345614,305402.498166,307128.803270
ambiguity,dominant_peer_ratio,0.5,27,naive_target_aware,2968,277,214648.614922,28638.886332,103.389481,1134592,4096.000000,228968.058088,243287.501254,271926.387586
ambiguity,dominant_peer_ratio,0.5,27,engagement_g00_d0.0,2968,277,214648.614922,28638.886332,103.389481,1134592,4096.000000,228968.058088,243287.501254,271926.387586
ambiguity,dominant_peer_ratio,0.5,27,engagement_g00_d0.25,2968,194,226078.607735,21588.460153,111.280722,794624,4096.000000,236872.837812,247667.067888,269255.528041
ambiguity,dominant_peer_ratio,0.5,27,engagement_g00_d0.5,2968,186,229992.935396,20769.207886,111.662408,761856,4096.000000,240377.539339,250762.143282,271531.351168
ambiguity,dominant_peer_ratio,0.5,27,engagement_g00_d1.0,2968,171,238823.776207,19190.072569,112.222647,700416,4096.000000,248418.812492,258013.848776,277203.921345
ambiguity,dominant_peer_ratio,0.5,27,engagement_g00_d2.0,2968,155,255986.780580,17575.904015,113.392929,634880,4096.000000,264774.732587,273562.684595,291138.588610
ambiguity,dominant_peer_ratio,0.5,27,engagement_g00_d5.0,2968,134,299817.683103,15303.365329,114.204219,548864,4096.000000,307469.365768,315121.048432,330424.413761
ambiguity,dominant_peer_ratio,0.5,27,engagement_g00_d10.0,2968,45,309232.967101,4982.911757,110.731372,184320,4096.000000,311724.422980,314215.878858,319198.790615
ambiguity,dominant_peer_ratio,0.5,27,engagement_g05_d0.0,2968,132,238522.542727,14145.231186,107.160842,540672,4096.000000,245595.158320,252667.773913,266813.005099
ambiguity,dominant_peer_ratio,0.5,27,engagement_g05_d0.25,2968,128,240200.057378,13819.759261,107.966869,524288,4096.000000,247109.937009,254019.816639,267839.575900
ambiguity,dominant_peer_ratio,0.5,27,engagement_g05_d0.5,2968,128,240694.429644,13819.759261,107.966869,524288,4096.000000,247604.309275,254514.188905,268333.948166
ambiguity,dominant_peer_ratio,0.5,27,engagement_g05_d1.0,2968,127,246274.389641,13753.431526,108.294736,520192,4096.000000,253151.105404,260027.821167,273781.252693
ambiguity,dominant_peer_ratio,0.5,27,engagement_g05_d2.0,2968,124,262941.772457,13466.975243,108.604639,507904,4096.000000,269675.260078,276408.747700,289875.722943
ambiguity,dominant_peer_ratio,0.5,27,engagement_g05_d5.0,2968,100,294916.227844,10739.183328,107.391833,409600,4096.000000,300285.819508,305655.411172,316394.594500
ambiguity,dominant_peer_ratio,0.5,27,engagement_g05_d10.0,2968,9,317718.879749,1194.297145,132.699683,36864,4096.000000,318316.028322,318913.176894,320107.474039
ambiguity,dominant_peer_ratio,0.5,27,oracle_a1,2968,1244,68832.191105,35724.376261,28.717344,5095424,4096.000000,86694.379236,104556.567366,140280.943627
ambiguity,dominant_peer_ratio,0.5,27,oracle_a0.5,2968,1923,42505.102650,76242.134264,39.647496,7876608,4096.000000,80626.169782,118747.236914,194989.371178
ambiguity,dominant_peer_ratio,0.5,27,oracle_a2,2968,751,92242.257758,18591.039189,24.755046,3076096,4096.000000,101537.777352,110833.296947,129424.336136
ambiguity,dominant_peer_ratio,0.5,28,static,3014,0,344233.665616,0.000000,,0,,344233.665616,344233.665616,344233.665616
ambiguity,dominant_peer_ratio,0.5,28,nearest,3014,14,332134.032782,1368.413416,97.743815,57344,4096.000000,332818.239490,333502.446198,334870.859614
ambiguity,dominant_peer_ratio,0.5,28,naive_target_aware,3014,241,215453.376811,26805.936205,111.227951,987136,4096.000000,228856.344914,242259.313016,269065.249221
ambiguity,dominant_peer_ratio,0.5,28,engagement_g00_d0.0,3014,241,215453.376811,26805.936205,111.227951,987136,4096.000000,228856.344914,242259.313016,269065.249221
ambiguity,dominant_peer_ratio,0.5,28,engagement_g00_d0.25,3014,183,225814.234743,20549.683210,112.293351,749568,4096.000000,236089.076348,246363.917953,266913.601163
ambiguity,dominant_peer_ratio,0.5,28,engagement_g00_d0.5,3014,180,228428.556910,20207.719698,112.265109,737280,4096.000000,238532.416759,248636.276608,268843.996306
ambiguity,dominant_peer_ratio,0.5,28,engagement_g00_d1.0,3014,168,239211.044176,18802.272556,111.918289,688128,4096.000000,248612.180454,258013.316732,276815.589288
ambiguity,dominant_peer_ratio,0.5,28,engagement_g00_d2.0,3014,159,257395.219316,17900.926324,112.584442,651264,4096.000000,266345.682478,275296.145640,293197.071964
ambiguity,dominant_peer_ratio,0.5,28,engagement_g00_d5.0,3014,141,300414.622550,15563.057494,110.376294,577536,4096.000000,308196.151297,315977.680044,331540.737538
ambiguity,dominant_peer_ratio,0.5,28,engagement_g00_d10.0,3014,49,321884.558474,5075.445492,103.580520,200704,4096.000000,324422.281220,326960.003966,332035.449458
ambiguity,dominant_peer_ratio,0.5,28,engagement_g05_d0.0,3014,142,250797.845463,16394.322817,115.452978,581632,4096.000000,258995.006872,267192.168280,283586.491097
ambiguity,dominant_peer_ratio,0.5,28,engagement_g05_d0.25,3014,137,252863.150759,15830.346504,115.549974,561152,4096.000000,260778.324011,268693.497263,284523.843767
ambiguity,dominant_peer_ratio,0.5,28,engagement_g05_d0.5,3014,136,253865.593238,15650.572305,115.077738,557056,4096.000000,261690.879391,269516.165543,285166.737848
ambiguity,dominant_peer_ratio,0.5,28,engagement_g05_d1.0,3014,135,258414.042061,15598.478362,115.544284,552960,4096.000000,266213.281242,274012.520423,289610.998785
ambiguity,dominant_peer_ratio,0.5,28,engagement_g05_d2.0,3014,130,271607.184873,14773.367370,113.641287,532480,4096.000000,278993.868558,286380.552243,301153.919613
ambiguity,dominant_peer_ratio,0.5,28,engagement_g05_d5.0,3014,104,314252.571018,11927.397218,114.686512,425984,4096.000000,320216.269627,326179.968236,338107.365454
ambiguity,dominant_peer_ratio,0.5,28,engagement_g05_d10.0,3014,10,336551.901062,1111.349849,111.134985,40960,4096.000000,337107.575986,337663.250911,338774.600760
ambiguity,dominant_peer_ratio,0.5,28,oracle_a1,3014,1354,62881.731260,34003.218433,25.113160,5545984,4096.000000,79883.340476,96884.949693,130888.168126
ambiguity,dominant_peer_ratio,0.5,28,oracle_a0.5,3014,1958,40561.362333,67662.040144,34.556711,8019968,4096.000000,74392.382405,108223.402477,175885.442621
ambiguity,dominant_peer_ratio,0.5,28,oracle_a2,3014,821,87425.465434,16082.928475,19.589438,3362816,4096.000000,95466.929671,103508.393909,119591.322384
ambiguity,dominant_peer_ratio,0.5,29,static,3063,0,291427.886314,0.000000,,0,,291427.886314,291427.886314,291427.886314
ambiguity,dominant_peer_ratio,0.5,29,nearest,3063,4,286739.087083,352.543663,88.135916,16384,4096.000000,286915.358914,287091.630746,287444.174409
ambiguity,dominant_peer_ratio,0.5,29,naive_target_aware,3063,241,205880.722106,24623.125304,102.170644,987136,4096.000000,218192.284758,230503.847410,255126.972714
ambiguity,dominant_peer_ratio,0.5,29,engagement_g00_d0.0,3063,241,205880.722106,24623.125304,102.170644,987136,4096.000000,218192.284758,230503.847410,255126.972714
ambiguity,dominant_peer_ratio,0.5,29,engagement_g00_d0.25,3063,177,215101.089991,18520.354839,104.634773,724992,4096.000000,224361.267410,233621.444830,252141.799669
ambiguity,dominant_peer_ratio,0.5,29,engagement_g00_d0.5,3063,169,219150.978676,17668.069077,104.544787,692224,4096.000000,227985.013214,236819.047753,254487.116830
ambiguity,dominant_peer_ratio,0.5,29,engagement_g00_d1.0,3063,158,226420.285474,16173.951627,102.366782,647168,4096.000000,234507.261287,242594.237101,258768.188728
ambiguity,dominant_peer_ratio,0.5,29,engagement_g00_d2.0,3063,154,240771.740665,15471.767244,100.466021,630784,4096.000000,248507.624287,256243.507909,271715.275153
ambiguity,dominant_peer_ratio,0.5,29,engagement_g00_d5.0,3063,141,283005.056940,14053.552612,99.670586,577536,4096.000000,290031.833246,297058.609552,311112.162164
ambiguity,dominant_peer_ratio,0.5,29,engagement_g00_d10.0,3063,52,295691.738236,5094.890506,97.978664,212992,4096.000000,298239.183489,300786.628742,305881.519248
ambiguity,dominant_peer_ratio,0.5,29,engagement_g05_d0.0,3063,143,233447.589683,14033.062438,98.133304,585728,4096.000000,240464.120902,247480.652121,261513.714559
ambiguity,dominant_peer_ratio,0.5,29,engagement_g05_d0.25,3063,142,234125.226433,13872.952698,97.696850,581632,4096.000000,241061.702782,247998.179131,261871.131829
ambiguity,dominant_peer_ratio,0.5,29,engagement_g05_d0.5,3063,141,235456.357100,13807.606588,97.926288,577536,4096.000000,242360.160394,249263.963688,263071.570276
ambiguity,dominant_peer_ratio,0.5,29,engagement_g05_d1.0,3063,141,239583.744699,13807.606588,97.926288,577536,4096.000000,246487.547993,253391.351287,267198.957875
ambiguity,dominant_peer_ratio,0.5,29,engagement_g05_d2.0,3063,138,249126.124056,13455.308416,97.502235,565248,4096.000000,255853.778264,262581.432472,276036.740888
ambiguity,dominant_peer_ratio,0.5,29,engagement_g05_d5.0,3063,111,282641.470485,11075.327463,99.777725,454656,4096.000000,288179.134217,293716.797948,304792.125411
ambiguity,dominant_peer_ratio,0.5,29,engagement_g05_d10.0,3063,14,304649.456475,1332.748368,95.196312,57344,4096.000000,305315.830659,305982.204843,307314.953211
ambiguity,dominant_peer_ratio,0.5,29,oracle_a1,3063,1271,63718.736754,30390.233373,23.910490,5206016,4096.000000,78913.853441,94108.970127,124499.203500
ambiguity,dominant_peer_ratio,0.5,29,oracle_a0.5,3063,1873,41211.691396,64977.282792,34.691555,7671808,4096.000000,73700.332792,106188.974188,171166.256980
ambiguity,dominant_peer_ratio,0.5,29,oracle_a2,3063,845,83132.142686,16263.508914,19.246756,3461120,4096.000000,91263.897143,99395.651600,115659.160514
ambiguity,dominant_peer_ratio,0.5,30,static,2933,0,303846.563458,0.000000,,0,,303846.563458,303846.563458,303846.563458
ambiguity,dominant_peer_ratio,0.5,30,nearest,2933,12,288456.484463,1199.928233,99.994019,49152,4096.000000,289056.448580,289656.412696,290856.340929
ambiguity,dominant_peer_ratio,0.5,30,naive_target_aware,2933,247,222449.589130,29282.104962,118.551032,1011712,4096.000000,237090.641611,251731.694092,281013.799054
ambiguity,dominant_peer_ratio,0.5,30,engagement_g00_d0.0,2933,247,222449.589130,29282.104962,118.551032,1011712,4096.000000,237090.641611,251731.694092,281013.799054
ambiguity,dominant_peer_ratio,0.5,30,engagement_g00_d0.25,2933,185,235095.855131,22529.974833,121.783648,757760,4096.000000,246360.842548,257625.829964,280155.804797
ambiguity,dominant_peer_ratio,0.5,30,engagement_g00_d0.5,2933,175,237560.078256,21103.143141,120.589389,716800,4096.000000,248111.649827,258663.221397,279766.364538
ambiguity,dominant_peer_ratio,0.5,30,engagement_g00_d1.0,2933,172,243123.859534,20751.287330,120.647019,704512,4096.000000,253499.503199,263875.146864,284626.434194
ambiguity,dominant_peer_ratio,0.5,30,engagement_g00_d2.0,2933,159,257108.102781,19377.026885,121.868094,651264,4096.000000,266796.616223,276485.129666,295862.156551
ambiguity,dominant_peer_ratio,0.5,30,engagement_g00_d5.0,2933,142,305549.230459,16820.162004,118.451845,581632,4096.000000,313959.311461,322369.392463,339189.554467
ambiguity,dominant_peer_ratio,0.5,30,engagement_g00_d10.0,2933,44,338119.174362,5346.938773,121.521336,180224,4096.000000,340792.643748,343466.113135,348813.051908
ambiguity,dominant_peer_ratio,0.5,30,engagement_g05_d0.0,2933,136,249535.671444,16182.544485,118.989298,557056,4096.000000,257626.943686,265718.215929,281900.760414
ambiguity,dominant_peer_ratio,0.5,30,engagement_g05_d0.25,2933,136,252770.047172,16182.544485,118.989298,557056,4096.000000,260861.319414,268952.591657,285135.136142
ambiguity,dominant_peer_ratio,0.5,30,engagement_g05_d0.5,2933,136,254163.003061,16182.544485,118.989298,557056,4096.000000,262254.275303,270345.547546,286528.092031
ambiguity,dominant_peer_ratio,0.5,30,engagement_g05_d1.0,2933,135,257244.103532,15974.150854,118.327043,552960,4096.000000,265231.178959,273218.254386,289192.405240
ambiguity,dominant_peer_ratio,0.5,30,engagement_g05_d2.0,2933,126,261965.910384,14696.576620,116.639497,516096,4096.000000,269314.198694,276662.487004,291359.063624
ambiguity,dominant_peer_ratio,0.5,30,engagement_g05_d5.0,2933,103,315043.083961,12378.984053,120.184311,421888,4096.000000,321232.575987,327422.068014,339801.052067
ambiguity,dominant_peer_ratio,0.5,30,engagement_g05_d10.0,2933,10,316336.254259,1287.449814,128.744981,40960,4096.000000,316979.979166,317623.704073,318911.153887
ambiguity,dominant_peer_ratio,0.5,30,oracle_a1,2933,1145,78069.662591,38805.312958,33.891103,4689920,4096.000000,97472.319070,116874.975549,155680.288507
ambiguity,dominant_peer_ratio,0.5,30,oracle_a0.5,2933,1840,46288.266476,86154.590212,46.823147,7536640,4096.000000,89365.561582,132442.856688,218597.446900
ambiguity,dominant_peer_ratio,0.5,30,oracle_a2,2933,645,104968.142224,19358.302322,30.012872,2641920,4096.000000,114647.293385,124326.444546,143684.746868
ambiguity,dominant_peer_ratio,0.4,1,static,3072,0,287870.061215,0.000000,,0,,287870.061215,287870.061215,287870.061215
ambiguity,dominant_peer_ratio,0.4,1,nearest,3072,25,292455.365939,4199.591890,167.983676,102400,4096.000000,294555.161884,296654.957829,300854.549719
ambiguity,dominant_peer_ratio,0.4,1,naive_target_aware,3072,372,216436.663798,34431.307737,92.557279,1523712,4096.000000,233652.317667,250867.971535,285299.279272
ambiguity,dominant_peer_ratio,0.4,1,engagement_g00_d0.0,3072,372,216436.663798,34431.307737,92.557279,1523712,4096.000000,233652.317667,250867.971535,285299.279272
ambiguity,dominant_peer_ratio,0.4,1,engagement_g00_d0.25,3072,225,223696.925354,20814.920023,92.510756,921600,4096.000000,234104.385366,244511.845377,265326.765400
ambiguity,dominant_peer_ratio,0.4,1,engagement_g00_d0.5,3072,213,225943.788195,19413.479495,91.143096,872448,4096.000000,235650.527943,245357.267690,264770.747185
ambiguity,dominant_peer_ratio,0.4,1,engagement_g00_d1.0,3072,190,229507.486301,16974.890541,89.341529,778240,4096.000000,237994.931572,246482.376842,263457.267383
ambiguity,dominant_peer_ratio,0.4,1,engagement_g00_d2.0,3072,169,239093.008154,14701.251017,86.989651,692224,4096.000000,246443.633663,253794.259171,268495.510188
ambiguity,dominant_peer_ratio,0.4,1,engagement_g00_d5.0,3072,121,263519.161130,9685.219283,80.043135,495616,4096.000000,268361.770772,273204.380413,282889.599696
ambiguity,dominant_peer_ratio,0.4,1,engagement_g00_d10.0,3072,39,298460.373319,4192.049788,107.488456,159744,4096.000000,300556.398213,302652.423107,306844.472895
ambiguity,dominant_peer_ratio,0.4,1,engagement_g05_d0.0,3072,109,244873.856595,9669.871844,88.714421,446464,4096.000000,249708.792517,254543.728439,264213.600283
ambiguity,dominant_peer_ratio,0.4,1,engagement_g05_d0.25,3072,102,244654.549349,9006.526614,88.299281,417792,4096.000000,249157.812656,253661.075963,262667.602577
ambiguity,dominant_peer_ratio,0.4,1,engagement_g05_d0.5,3072,102,245415.417933,9006.526614,88.299281,417792,4096.000000,249918.681240,254421.944547,263428.471161
ambiguity,dominant_peer_ratio,0.4,1,engagement_g05_d1.0,3072,99,248104.690157,8792.350935,88.811626,405504,4096.000000,252500.865625,256897.041092,265689.392027
ambiguity,dominant_peer_ratio,0.4,1,engagement_g05_d2.0,3072,94,252544.429071,8370.746327,89.050493,385024,4096.000000,256729.802235,260915.175398,269285.921725
ambiguity,dominant_peer_ratio,0.4,1,engagement_g05_d5.0,3072,61,277958.525896,5609.642954,91.961360,249856,4096.000000,280763.347373,283568.168850,289177.811804
ambiguity,dominant_peer_ratio,0.4,1,engagement_g05_d10.0,3072,4,285507.077483,479.218830,119.804708,16384,4096.000000,285746.686898,285986.296313,286465.515143
ambiguity,dominant_peer_ratio,0.4,1,oracle_a1,3072,1419,70809.401080,35799.697763,25.228822,5812224,4096.000000,88709.249961,106609.098843,142408.796606
ambiguity,dominant_peer_ratio,0.4,1,oracle_a0.5,3072,2193,42745.498292,78944.859388,35.998568,8982528,4096.000000,82217.927986,121690.357680,200635.217068
ambiguity,dominant_peer_ratio,0.4,1,oracle_a2,3072,881,95145.823082,18359.140738,20.838979,3608576,4096.000000,104325.393451,113504.963820,131864.104558
ambiguity,dominant_peer_ratio,0.4,2,static,3076,0,298089.161914,0.000000,,0,,298089.161914,298089.161914,298089.161914
ambiguity,dominant_peer_ratio,0.4,2,nearest,3076,5,274815.602022,505.132572,101.026514,20480,4096.000000,275068.168308,275320.734594,275825.867166
ambiguity,dominant_peer_ratio,0.4,2,naive_target_aware,3076,364,240698.578097,39042.336931,107.259167,1490944,4096.000000,260219.746563,279740.915028,318783.251959
ambiguity,dominant_peer_ratio,0.4,2,engagement_g00_d0.0,3076,364,240698.578097,39042.336931,107.259167,1490944,4096.000000,260219.746563,279740.915028,318783.251959
ambiguity,dominant_peer_ratio,0.4,2,engagement_g00_d0.25,3076,226,251595.114445,25169.803755,111.370813,925696,4096.000000,264180.016323,276764.918200,301934.721955
ambiguity,dominant_peer_ratio,0.4,2,engagement_g00_d0.5,3076,212,254274.149675,23374.971301,110.259299,868352,4096.000000,265961.635326,277649.120976,301024.092277
ambiguity,dominant_peer_ratio,0.4,2,engagement_g00_d1.0,3076,189,262308.650398,21006.756014,111.146857,774144,4096.000000,272812.028405,283315.406412,304322.162426
ambiguity,dominant_peer_ratio,0.4,2,engagement_g00_d2.0,3076,158,273697.511863,17504.214779,110.786169,647168,4096.000000,282449.619253,291201.726642,308705.941421
ambiguity,dominant_peer_ratio,0.4,2,engagement_g00_d5.0,3076,129,307667.969401,14463.458815,112.119836,528384,4096.000000,314899.698809,322131.428216,336594.887031
ambiguity,dominant_peer_ratio,0.4,2,engagement_g00_d10.0,3076,26,326749.595953,3080.238212,118.470700,106496,4096.000000,328289.715059,329829.834165,332910.072377
ambiguity,dominant_peer_ratio,0.4,2,engagement_g05_d0.0,3076,116,281046.206253,13291.785753,114.584360,475136,4096.000000,287692.099130,294337.992006,307629.777759
ambiguity,dominant_peer_ratio,0.4,2,engagement_g05_d0.25,3076,114,281159.251776,13102.888441,114.937618,466944,4096.000000,287710.695997,294262.140217,307365.028658
ambiguity,dominant_peer_ratio,0.4,2,engagement_g05_d0.5,3076,112,279203.986363,12755.265313,113.886297,458752,4096.000000,285581.619020,291959.251676,304714.516989
ambiguity,dominant_peer_ratio,0.4,2,engagement_g05_d1.0,3076,109,280081.196397,12234.626588,112.244281,446464,4096.000000,286198.509691,292315.822985,304550.449573
ambiguity,dominant_peer_ratio,0.4,2,engagement_g05_d2.0,3076,106,287993.825670,11876.176235,112.039398,434176,4096.000000,293931.913788,299870.001905,311746.178140
ambiguity,dominant_peer_ratio,0.4,2,engagement_g05_d5.0,3076,70,318129.496923,8323.800226,118.911432,286720,4096.000000,322291.397036,326453.297149,334777.097375
ambiguity,dominant_peer_ratio,0.4,2,engagement_g05_d10.0,3076,3,300002.767104,371.925457,123.975152,12288,4096.000000,300188.729832,300374.692561,300746.618018
ambiguity,dominant_peer_ratio,0.4,2,oracle_a1,3076,1385,77946.332208,36604.637346,26.429341,5672960,4096.000000,96248.650881,114550.969554,151155.606900
ambiguity,dominant_peer_ratio,0.4,2,oracle_a0.5,3076,2195,45531.987703,86399.241282,39.361841,8990720,4096.000000,88731.608344,131931.228985,218330.470267
ambiguity,dominant_peer_ratio,0.4,2,oracle_a2,3076,922,100222.365001,20753.532862,22.509255,3776512,4096.000000,110599.131432,120975.897863,141729.430725
ambiguity,dominant_peer_ratio,0.4,3,static,2993,0,289208.748659,0.000000,,0,,289208.748659,289208.748659,289208.748659
ambiguity,dominant_peer_ratio,0.4,3,nearest,2993,5,272577.578068,366.621124,73.324225,20480,4096.000000,272760.888630,272944.199192,273310.820316
ambiguity,dominant_peer_ratio,0.4,3,naive_target_aware,2993,404,233005.534039,41844.244347,103.574862,1654784,4096.000000,253927.656212,274849.778386,316694.022733
ambiguity,dominant_peer_ratio,0.4,3,engagement_g00_d0.0,2993,404,233005.534039,41844.244347,103.574862,1654784,4096.000000,253927.656212,274849.778386,316694.022733
ambiguity,dominant_peer_ratio,0.4,3,engagement_g00_d0.25,2993,260,238953.688746,26976.021177,103.753928,1064960,4096.000000,252441.699334,265929.709923,292905.731100
ambiguity,dominant_peer_ratio,0.4,3,engagement_g00_d0.5,2993,236,239968.061400,24838.006786,105.245791,966656,4096.000000,252387.064793,264806.068186,289644.074972
ambiguity,dominant_peer_ratio,0.4,3,engagement_g00_d1.0,2993,204,244969.422306,20902.653706,102.463989,835584,4096.000000,255420.749159,265872.076012,286774.729718
ambiguity,dominant_peer_ratio,0.4,3,engagement_g00_d2.0,2993,171,261356.844391,17581.839591,102.817775,700416,4096.000000,270147.764186,278938.683982,296520.523573
ambiguity,dominant_peer_ratio,0.4,3,engagement_g00_d5.0,2993,109,290429.785401,11488.838058,105.402184,446464,4096.000000,296174.204430,301918.623459,313407.461517
ambiguity,dominant_peer_ratio,0.4,3,engagement_g00_d10.0,2993,26,290530.364898,2585.068036,99.425694,106496,4096.000000,291822.898916,293115.432934,295700.500970
ambiguity,dominant_peer_ratio,0.4,3,engagement_g05_d0.0,2993,107,270193.854479,11616.049069,108.561206,438272,4096.000000,276001.879014,281809.903548,293425.952617
ambiguity,dominant_peer_ratio,0.4,3,engagement_g05_d0.25,2993,103,271338.500101,11246.209091,109.186496,421888,4096.000000,276961.604647,282584.709192,293830.918283
ambiguity,dominant_peer_ratio,0.4,3,engagement_g05_d0.5,2993,103,271781.785455,11246.209091,109.186496,421888,4096.000000,277404.890001,283027.994546,294274.203637
ambiguity,dominant_peer_ratio,0.4,3,engagement_g05_d1.0,2993,99,274196.010991,11077.968872,111.898675,405504,4096.000000,279734.995427,285273.979863,296351.948735
ambiguity,dominant_peer_ratio,0.4,3,engagement_g05_d2.0,2993,93,279912.548274,10395.638058,111.781054,380928,4096.000000,285110.367303,290308.186332,300703.824390
ambiguity,dominant_peer_ratio,0.4,3,engagement_g05_d5.0,2993,66,295474.491613,7272.927369,110.195869,270336,4096.000000,299110.955297,302747.418982,310020.346351
ambiguity,dominant_peer_ratio,0.4,3,engagement_g05_d10.0,2993,2,280251.421923,221.643002,110.821501,8192,4096.000000,280362.243424,280473.064925,280694.707927
ambiguity,dominant_peer_ratio,0.4,3,oracle_a1,2993,1350,77220.723348,37483.870498,27.765830,5529600,4096.000000,95962.658597,114704.593846,152188.464344
ambiguity,dominant_peer_ratio,0.4,3,oracle_a0.5,2993,2122,45640.579937,85797.681308,40.432461,8691712,4096.000000,88539.420591,131438.261245,217235.942553
ambiguity,dominant_peer_ratio,0.4,3,oracle_a2,2993,887,100318.304834,20611.260716,23.237047,3633152,4096.000000,110623.935192,120929.565550,141540.826266
ambiguity,dominant_peer_ratio,0.4,4,static,2947,0,300349.003125,0.000000,,0,,300349.003125,300349.003125,300349.003125
ambiguity,dominant_peer_ratio,0.4,4,nearest,2947,4,290154.940671,350.263260,87.565815,16384,4096.000000,290330.072301,290505.203931,290855.467191
ambiguity,dominant_peer_ratio,0.4,4,naive_target_aware,2947,379,236914.598240,38539.549039,101.687464,1552384,4096.000000,256184.372759,275454.147279,313993.696318
ambiguity,dominant_peer_ratio,0.4,4,engagement_g00_d0.0,2947,379,236914.598240,38539.549039,101.687464,1552384,4096.000000,256184.372759,275454.147279,313993.696318
ambiguity,dominant_peer_ratio,0.4,4,engagement_g00_d0.25,2947,238,246937.139820,24474.487069,102.833979,974848,4096.000000,259174.383354,271411.626889,295886.113958
ambiguity,dominant_peer_ratio,0.4,4,engagement_g00_d0.5,2947,225,248834.220055,23899.239613,106.218843,921600,4096.000000,260783.839861,272733.459668,296632.699281
ambiguity,dominant_peer_ratio,0.4,4,engagement_g00_d1.0,2947,196,254047.526419,20587.839179,105.039996,802816,4096.000000,264341.446008,274635.365598,295223.204777
ambiguity,dominant_peer_ratio,0.4,4,engagement_g00_d2.0,2947,167,263408.753702,17649.400347,105.685032,684032,4096.000000,272233.453875,281058.154049,298707.554396
ambiguity,dominant_peer_ratio,0.4,4,engagement_g00_d5.0,2947,121,298222.443025,13429.868915,110.990652,495616,4096.000000,304937.377483,311652.311940,325082.180855
ambiguity,dominant_peer_ratio,0.4,4,engagement_g00_d10.0,2947,29,313848.710194,3045.846973,105.029206,118784,4096.000000,315371.633681,316894.557167,319940.404140
ambiguity,dominant_peer_ratio,0.4,4,engagement_g05_d0.0,2947,111,276349.955020,12364.443943,111.391387,454656,4096.000000,282532.176992,288714.398963,301078.842906
ambiguity,dominant_peer_ratio,0.4,4,engagement_g05_d0.25,2947,107,277613.571040,12192.345162,113.947151,438272,4096.000000,283709.743621,289805.916202,301998.261364
ambiguity,dominant_peer_ratio,0.4,4,engagement_g05_d0.5,2947,107,278651.578444,12192.345162,113.947151,438272,4096.000000,284747.751025,290843.923606,303036.268768
ambiguity,dominant_peer_ratio,0.4,4,engagement_g05_d1.0,2947,107,280318.342244,12192.345162,113.947151,438272,4096.000000,286414.514825,292510.687406,304703.032568
ambiguity,dominant_peer_ratio,0.4,4,engagement_g05_d2.0,2947,104,285462.634593,11906.404111,114.484655,425984,4096.000000,291415.836649,297369.038704,309275.442815
ambiguity,dominant_peer_ratio,0.4,4,engagement_g05_d5.0,2947,62,299449.376987,6963.643230,112.316826,253952,4096.000000,302931.198602,306413.020217,313376.663447
ambiguity,dominant_peer_ratio,0.4,4,engagement_g05_d10.0,2947,2,305399.998264,249.475315,124.737658,8192,4096.000000,305524.735922,305649.473579,305898.948894
ambiguity,dominant_peer_ratio,0.4,4,oracle_a1,2947,1535,65720.180514,39882.290333,25.981948,6287360,4096.000000,85661.325680,105602.470847,145484.761180
ambiguity,dominant_peer_ratio,0.4,4,oracle_a0.5,2947,2090,42240.352138,75156.577838,35.960085,8560640,4096.000000,79818.641057,117396.929976,192553.507814
ambiguity,dominant_peer_ratio,0.4,4,oracle_a2,2947,1013,91880.108741,21303.808380,21.030413,4149248,4096.000000,102532.012931,113183.917121,134487.725501
ambiguity,dominant_peer_ratio,0.4,5,static,2961,0,302543.667534,0.000000,,0,,302543.667534,302543.667534,302543.667534
ambiguity,dominant_peer_ratio,0.4,5,nearest,2961,6,297212.205866,393.231552,65.538592,24576,4096.000000,297408.821642,297605.437418,297998.668970
ambiguity,dominant_peer_ratio,0.4,5,naive_target_aware,2961,397,236193.974879,43296.567197,109.059363,1626112,4096.000000,257842.258477,279490.542076,322787.109273
ambiguity,dominant_peer_ratio,0.4,5,engagement_g00_d0.0,2961,397,236193.974879,43296.567197,109.059363,1626112,4096.000000,257842.258477,279490.542076,322787.109273
ambiguity,dominant_peer_ratio,0.4,5,engagement_g00_d0.25,2961,247,241213.011034,26388.183026,106.834749,1011712,4096.000000,254407.102547,267601.194060,293989.377086
ambiguity,dominant_peer_ratio,0.4,5,engagement_g00_d0.5,2961,229,244691.289803,24464.327396,106.831124,937984,4096.000000,256923.453501,269155.617199,293619.944595
ambiguity,dominant_peer_ratio,0.4,5,engagement_g00_d1.0,2961,191,250336.239607,20053.392151,104.991582,782336,4096.000000,260362.935682,270389.631758,290443.023909
ambiguity,dominant_peer_ratio,0.4,5,engagement_g00_d2.0,2961,167,260003.247645,17943.954607,107.448830,684032,4096.000000,268975.224948,277947.202252,295891.156859
ambiguity,dominant_peer_ratio,0.4,5,engagement_g00_d5.0,2961,115,291359.821454,12501.915229,108.712306,471040,4096.000000,297610.779068,303861.736683,316363.651912
ambiguity,dominant_peer_ratio,0.4,5,engagement_g00_d10.0,2961,27,296870.947641,2983.978497,110.517722,110592,4096.000000,298362.936890,299854.926138,302838.904635
ambiguity,dominant_peer_ratio,0.4,5,engagement_g05_d0.0,2961,105,260198.013361,10832.656740,103.168159,430080,4096.000000,265614.341731,271030.670101,281863.326841
ambiguity,dominant_peer_ratio,0.4,5,engagement_g05_d0.25,2961,101,260725.498716,10352.807947,102.503049,413696,4096.000000,265901.902690,271078.306663,281431.114610
ambiguity,dominant_peer_ratio,0.4,5,engagement_g05_d0.5,2961,101,261403.885152,10352.807947,102.503049,413696,4096.000000,266580.289126,271756.693099,282109.501046
ambiguity,dominant_peer_ratio,0.4,5,engagement_g05_d1.0,2961,100,263289.661087,10232.591847,102.325918,409600,4096.000000,268405.957011,273522.252934,283754.844781
ambiguity,dominant_peer_ratio,0.4,5,engagement_g05_d2.0,2961,97,270781.055678,10103.581357,104.160633,397312,4096.000000,275832.846356,280884.637035,290988.218392
ambiguity,dominant_peer_ratio,0.4,5,engagement_g05_d5.0,2961,64,293683.284990,7039.937595,109.999025,262144,4096.000000,297203.253788,300723.222585,307763.160180
ambiguity,dominant_peer_ratio,0.4,5,engagement_g05_d10.0,2961,3,297832.834161,319.035812,106.345271,12288,4096.000000,297992.352067,298151.869973,298470.905785
ambiguity,dominant_peer_ratio,0.4,5,oracle_a1,2961,1392,73550.262194,40848.338659,29.345071,5701632,4096.000000,93974.431523,114398.600853,155246.939512
ambiguity,dominant_peer_ratio,0.4,5,oracle_a0.5,2961,2079,47098.513863,80954.543876,38.939175,8515584,4096.000000,87575.785801,128053.057739,209007.601615
ambiguity,dominant_peer_ratio,0.4,5,oracle_a2,2961,867,100795.823852,21274.414979,24.537964,3551232,4096.000000,111433.031341,122070.238831,143344.653810
ambiguity,dominant_peer_ratio,0.4,6,static,2952,0,305124.708509,0.000000,,0,,305124.708509,305124.708509,305124.708509
ambiguity,dominant_peer_ratio,0.4,6,nearest,2952,4,321091.297796,295.281344,73.820336,16384,4096.000000,321238.938468,321386.579140,321681.860484
ambiguity,dominant_peer_ratio,0.4,6,naive_target_aware,2952,397,229324.576716,40512.846376,102.047472,1626112,4096.000000,249580.999904,269837.423092,310350.269468
ambiguity,dominant_peer_ratio,0.4,6,engagement_g00_d0.0,2952,397,229324.576716,40512.846376,102.047472,1626112,4096.000000,249580.999904,269837.423092,310350.269468
ambiguity,dominant_peer_ratio,0.4,6,engagement_g00_d0.25,2952,237,231670.637132,23793.489327,100.394470,970752,4096.000000,243567.381796,255464.126459,279257.615786
ambiguity,dominant_peer_ratio,0.4,6,engagement_g00_d0.5,2952,214,233384.289636,21390.525674,99.955727,876544,4096.000000,244079.552473,254774.815310,276165.340984
ambiguity,dominant_peer_ratio,0.4,6,engagement_g00_d1.0,2952,194,238798.242345,19740.423569,101.754761,794624,4096.000000,248668.454130,258538.665914,278279.089483
ambiguity,dominant_peer_ratio,0.4,6,engagement_g00_d2.0,2952,170,246360.347555,16788.453386,98.755608,696320,4096.000000,254754.574248,263148.800941,279937.254327
ambiguity,dominant_peer_ratio,0.4,6,engagement_g00_d5.0,2952,116,282283.587703,11062.128555,95.363177,475136,4096.000000,287814.651981,293345.716258,304407.844813
ambiguity,dominant_peer_ratio,0.4,6,engagement_g00_d10.0,2952,28,293259.004966,2868.145029,102.433751,114688,4096.000000,294693.077481,296127.149995,298995.295024
ambiguity,dominant_peer_ratio,0.4,6,engagement_g05_d0.0,2952,114,252581.888818,11341.581165,99.487554,466944,4096.000000,258252.679401,263923.469983,275265.051148
ambiguity,dominant_peer_ratio,0.4,6,engagement_g05_d0.25,2952,110,253264.976003,10833.016941,98.481972,450560,4096.000000,258681.484474,264097.992944,274931.009885
ambiguity,dominant_peer_ratio,0.4,6,engagement_g05_d0.5,2952,110,253868.447435,10833.016941,98.481972,450560,4096.000000,259284.955906,264701.464376,275534.481317
ambiguity,dominant_peer_ratio,0.4,6,engagement_g05_d1.0,2952,106,256074.135828,10310.638428,97.270174,434176,4096.000000,261229.455042,266384.774256,276695.412684
ambiguity,dominant_peer_ratio,0.4,6,engagement_g05_d2.0,2952,104,261427.545515,9940.175714,95.578613,425984,4096.000000,266397.633372,271367.721229,281307.896943
ambiguity,dominant_peer_ratio,0.4,6,engagement_g05_d5.0,2952,68,279043.764818,6241.075371,91.780520,278528,4096.000000,282164.302504,285284.840189,291525.915560
ambiguity,dominant_peer_ratio,0.4,6,engagement_g05_d10.0,2952,5,306672.284098,525.844752,105.168950,20480,4096.000000,306935.206474,307198.128850,307723.973602
ambiguity,dominant_peer_ratio,0.4,6,oracle_a1,2952,1331,68882.043276,35099.950013,26.371112,5451776,4096.000000,86432.018283,103981.993289,139081.943302
ambiguity,dominant_peer_ratio,0.4,6,oracle_a0.5,2952,2079,41429.189741,76967.643512,37.021474,8515584,4096.000000,79913.011497,118396.833253,195364.476765
ambiguity,dominant_peer_ratio,0.4,6,oracle_a2,2952,877,90502.921226,19699.083566,22.461897,3592192,4096.000000,100352.463009,110202.004792,129901.088358
ambiguity,dominant_peer_ratio,0.4,7,static,2971,0,345189.039493,0.000000,,0,,345189.039493,345189.039493,345189.039493
ambiguity,dominant_peer_ratio,0.4,7,nearest,2971,5,320637.894990,470.237830,94.047566,20480,4096.000000,320873.013905,321108.132820,321578.370650
ambiguity,dominant_peer_ratio,0.4,7,naive_target_aware,2971,397,249760.052328,42068.613221,105.966280,1626112,4096.000000,270794.358939,291828.665549,333897.278770
ambiguity,dominant_peer_ratio,0.4,7,engagement_g00_d0.0,2971,397,249760.052328,42068.613221,105.966280,1626112,4096.000000,270794.358939,291828.665549,333897.278770
ambiguity,dominant_peer_ratio,0.4,7,engagement_g00_d0.25,2971,250,257842.671548,27104.332104,108.417328,1024000,4096.000000,271394.837600,284947.003652,312051.335756
ambiguity,dominant_peer_ratio,0.4,7,engagement_g00_d0.5,2971,228,260891.493739,24948.931197,109.425137,933888,4096.000000,273365.959338,285840.424936,310789.356133
ambiguity,dominant_peer_ratio,0.4,7,engagement_g00_d1.0,2971,206,266385.756488,22255.999582,108.038833,843776,4096.000000,277513.756279,288641.756070,310897.755652
ambiguity,dominant_peer_ratio,0.4,7,engagement_g00_d2.0,2971,172,277702.162958,18417.222019,107.076872,704512,4096.000000,286910.773968,296119.384977,314536.606996
ambiguity,dominant_peer_ratio,0.4,7,engagement_g00_d5.0,2971,113,307537.108118,12236.241126,108.285320,462848,4096.000000,313655.228681,319773.349244,332009.590370
ambiguity,dominant_peer_ratio,0.4,7,engagement_g00_d10.0,2971,33,336616.762381,3810.848560,115.480259,135168,4096.000000,338522.186661,340427.610941,344238.459501
ambiguity,dominant_peer_ratio,0.4,7,engagement_g05_d0.0,2971,109,287607.332470,12415.035411,113.899407,446464,4096.000000,293814.850176,300022.367881,312437.403292
ambiguity,dominant_peer_ratio,0.4,7,engagement_g05_d0.25,2971,107,288753.800589,12169.308496,113.731855,438272,4096.000000,294838.454837,300923.109085,313092.417581
ambiguity,dominant_peer_ratio,0.4,7,engagement_g05_d0.5,2971,106,289111.793274,12062.637780,113.798470,434176,4096.000000,295143.112164,301174.431054,313237.068834
ambiguity,dominant_peer_ratio,0.4,7,engagement_g05_d1.0,2971,103,292084.123774,11841.636548,114.967345,421888,4096.000000,298004.942048,303925.760322,315767.396870
ambiguity,dominant_peer_ratio,0.4,7,engagement_g05_d2.0,2971,93,298578.811398,10516.962443,113.085618,380928,4096.000000,303837.292620,309095.773841,319612.736284
ambiguity,dominant_peer_ratio,0.4,7,engagement_g05_d5.0,2971,52,325865.396120,6019.859926,115.766537,212992,4096.000000,328875.326083,331885.256046,337905.115972
ambiguity,dominant_peer_ratio,0.4,7,engagement_g05_d10.0,2971,3,339935.675564,277.472652,92.490884,12288,4096.000000,340074.411890,340213.148216,340490.620868
ambiguity,dominant_peer_ratio,0.4,7,oracle_a1,2971,1352,87621.382898,46774.468703,34.596501,5537792,4096.000000,111008.617249,134395.851601,181170.320304
ambiguity,dominant_peer_ratio,0.4,7,oracle_a0.5,2971,2135,46376.719967,109188.152712,51.141992,8744960,4096.000000,100970.796323,155564.872679,264753.025391
ambiguity,dominant_peer_ratio,0.4,7,oracle_a2,2971,775,122102.995329,21712.324642,28.015903,3174400,4096.000000,132959.157650,143815.319971,165527.644613
ambiguity,dominant_peer_ratio,0.4,8,static,2983,0,278358.454617,0.000000,,0,,278358.454617,278358.454617,278358.454617
ambiguity,dominant_peer_ratio,0.4,8,nearest,2983,5,286354.065477,463.236040,92.647208,20480,4096.000000,286585.683497,286817.301517,287280.537557
ambiguity,dominant_peer_ratio,0.4,8,naive_target_aware,2983,383,224622.090119,36140.724594,94.362205,1568768,4096.000000,242692.452416,260762.814713,296903.539307
ambiguity,dominant_peer_ratio,0.4,8,engagement_g00_d0.0,2983,383,224622.090119,36140.724594,94.362205,1568768,4096.000000,242692.452416,260762.814713,296903.539307
ambiguity,dominant_peer_ratio,0.4,8,engagement_g00_d0.25,2983,240,230257.467331,22603.953063,94.183138,983040,4096.000000,241559.443862,252861.420394,275465.373457
ambiguity,dominant_peer_ratio,0.4,8,engagement_g00_d0.5,2983,217,231879.645661,20529.566344,94.606297,888832,4096.000000,242144.428833,252409.212005,272938.778349
ambiguity,dominant_peer_ratio,0.4,8,engagement_g00_d1.0,2983,192,235357.485104,17749.542720,92.445535,786432,4096.000000,244232.256464,253107.027824,270856.570544
ambiguity,dominant_peer_ratio,0.4,8,engagement_g00_d2.0,2983,162,247998.866379,15062.627940,92.979185,663552,4096.000000,255530.180349,263061.494319,278124.122259
ambiguity,dominant_peer_ratio,0.4,8,engagement_g00_d5.0,2983,116,278202.044107,10875.629690,93.755428,475136,4096.000000,283639.858952,289077.673797,299953.303487
ambiguity,dominant_peer_ratio,0.4,8,engagement_g00_d10.0,2983,32,282166.039801,2680.790876,83.774715,131072,4096.000000,283506.435239,284846.830677,287527.621553
ambiguity,dominant_peer_ratio,0.4,8,engagement_g05_d0.0,2983,107,258375.172438,9868.610493,92.230005,438272,4096.000000,263309.477684,268243.782931,278112.393424
ambiguity,dominant_peer_ratio,0.4,8,engagement_g05_d0.25,2983,104,258898.784773,9618.331152,92.483953,425984,4096.000000,263707.950349,268517.115925,278135.447077
ambiguity,dominant_peer_ratio,0.4,8,engagement_g05_d0.5,2983,103,258839.832751,9531.678920,92.540572,421888,4096.000000,263605.672211,268371.511671,277903.190591
ambiguity,dominant_peer_ratio,0.4,8,engagement_g05_d1.0,2983,100,258586.426744,9193.275056,91.932751,409600,4096.000000,263183.064272,267779.701800,276972.976856
ambiguity,dominant_peer_ratio,0.4,8,engagement_g05_d2.0,2983,96,261969.687030,8853.771161,92.226783,393216,4096.000000,266396.572610,270823.458191,279677.229352
ambiguity,dominant_peer_ratio,0.4,8,engagement_g05_d5.0,2983,62,279560.655178,5789.590659,93.380494,253952,4096.000000,282455.450508,285350.245837,291139.836496
ambiguity,dominant_peer_ratio,0.4,8,engagement_g05_d10.0,2983,6,284359.875966,529.987254,88.331209,24576,4096.000000,284624.869593,284889.863220,285419.850474
ambiguity,dominant_peer_ratio,0.4,8,oracle_a1,2983,1375,72796.474863,35224.949516,25.618145,5632000,4096.000000,90408.949621,108021.424379,143246.373895
ambiguity,dominant_peer_ratio,0.4,8,oracle_a0.5,2983,2072,44108.576914,78978.961036,38.117259,8486912,4096.000000,83598.057432,123087.537950,202066.498986
ambiguity,dominant_peer_ratio,0.4,8,oracle_a2,2983,917,95144.671394,18985.768955,20.704219,3756032,4096.000000,104637.555871,114130.440349,133116.209304
ambiguity,dominant_peer_ratio,0.4,9,static,2932,0,275873.041145,0.000000,,0,,275873.041145,275873.041145,275873.041145
ambiguity,dominant_peer_ratio,0.4,9,nearest,2932,5,309948.398523,440.799752,88.159950,20480,4096.000000,310168.798399,310389.198275,310829.998027
ambiguity,dominant_peer_ratio,0.4,9,naive_target_aware,2932,373,227423.723723,39443.837535,105.747554,1527808,4096.000000,247145.642490,266867.561258,306311.398793
ambiguity,dominant_peer_ratio,0.4,9,engagement_g00_d0.0,2932,373,227423.723723,39443.837535,105.747554,1527808,4096.000000,247145.642490,266867.561258,306311.398793
ambiguity,dominant_peer_ratio,0.4,9,engagement_g00_d0.25,2932,234,237421.300149,24357.088724,104.090123,958464,4096.000000,249599.844511,261778.388873,286135.477597
ambiguity,dominant_peer_ratio,0.4,9,engagement_g00_d0.5,2932,215,239822.030840,22383.969597,104.111486,880640,4096.000000,251014.015638,262206.000437,284589.970034
ambiguity,dominant_peer_ratio,0.4,9,engagement_g00_d1.0,2932,193,245377.776747,20123.817017,104.268482,790528,4096.000000,255439.685255,265501.593764,285625.410781
ambiguity,dominant_peer_ratio,0.4,9,engagement_g00_d2.0,2932,170,251734.136659,16890.424934,99.355441,696320,4096.000000,260179.349126,268624.561593,285514.986527
ambiguity,dominant_peer_ratio,0.4,9,engagement_g00_d5.0,2932,115,279472.733187,11663.381042,101.420705,471040,4096.000000,285304.423708,291136.114229,302799.495271
ambiguity,dominant_peer_ratio,0.4,9,engagement_g00_d10.0,2932,38,289365.042246,3793.660674,99.833176,155648,4096.000000,291261.872583,293158.702920,296952.363594
ambiguity,dominant_peer_ratio,0.4,9,engagement_g05_d0.0,2932,109,259004.509600,11074.476692,101.600704,446464,4096.000000,264541.747946,270078.986292,281153.462984
ambiguity,dominant_peer_ratio,0.4,9,engagement_g05_d0.25,2932,104,260192.822379,10788.240966,103.733086,425984,4096.000000,265586.942862,270981.063345,281769.304311
ambiguity,dominant_peer_ratio,0.4,9,engagement_g05_d0.5,2932,104,261427.933890,10788.240966,103.733086,425984,4096.000000,266822.054373,272216.174856,283004.415822
ambiguity,dominant_peer_ratio,0.4,9,engagement_g05_d1.0,2932,102,261018.124444,10360.715310,101.575640,417792,4096.000000,266198.482099,271378.839754,281739.555064
ambiguity,dominant_peer_ratio,0.4,9,engagement_g05_d2.0,2932,101,265419.285271,10266.266387,101.646202,413696,4096.000000,270552.418464,275685.551658,285951.818045
ambiguity,dominant_peer_ratio,0.4,9,engagement_g05_d5.0,2932,62,298887.471888,7410.491870,119.524062,253952,4096.000000,302592.717823,306297.963758,313708.455628
ambiguity,dominant_peer_ratio,0.4,9,engagement_g05_d10.0,2932,8,281346.624343,808.436261,101.054533,32768,4096.000000,281750.842473,282155.060604,282963.496865
ambiguity,dominant_peer_ratio,0.4,9,oracle_a1,2932,1345,73293.611719,37446.814578,27.841498,5509120,4096.000000,92017.019008,110740.426297,148187.240875
ambiguity,dominant_peer_ratio,0.4,9,oracle_a0.5,2932,2069,42274.322357,85003.474815,41.084328,8474624,4096.000000,84776.059764,127277.797172,212281.271987
ambiguity,dominant_peer_ratio,0.4,9,oracle_a2,2932,842,97595.370975,20194.539743,23.984014,3448832,4096.000000,107692.640847,117789.910718,137984.450461
ambiguity,dominant_peer_ratio,0.4,10,static,3006,0,310918.646863,0.000000,,0,,310918.646863,310918.646863,310918.646863
ambiguity,dominant_peer_ratio,0.4,10,nearest,3006,5,264525.554129,428.686323,85.737265,20480,4096.000000,264739.897290,264954.240452,265382.926775
ambiguity,dominant_peer_ratio,0.4,10,naive_target_aware,3006,378,233881.026396,38189.910456,101.031509,1548288,4096.000000,252975.981624,272070.936852,310260.847308
ambiguity,dominant_peer_ratio,0.4,10,engagement_g00_d0.0,3006,378,233881.026396,38189.910456,101.031509,1548288,4096.000000,252975.981624,272070.936852,310260.847308
ambiguity,dominant_peer_ratio,0.4,10,engagement_g00_d0.25,3006,233,243963.061395,23392.397391,100.396555,954368,4096.000000,255659.260090,267355.458786,290747.856177
ambiguity,dominant_peer_ratio,0.4,10,engagement_g00_d0.5,3006,214,248742.938137,22716.812200,106.153328,876544,4096.000000,260101.344237,271459.750337,294176.562537
ambiguity,dominant_peer_ratio,0.4,10,engagement_g00_d1.0,3006,194,252949.383324,20589.603928,106.131979,794624,4096.000000,263244.185288,273538.987252,294128.591180
ambiguity,dominant_peer_ratio,0.4,10,engagement_g00_d2.0,3006,165,264370.963351,17661.050030,107.036667,675840,4096.000000,273201.488366,282032.013381,299693.063411
ambiguity,dominant_peer_ratio,0.4,10,engagement_g00_d5.0,3006,110,294908.439033,12305.354142,111.866856,450560,4096.000000,301061.116104,307213.793175,319519.147317
ambiguity,dominant_peer_ratio,0.4,10,engagement_g00_d10.0,3006,32,308241.307860,3420.296242,106.884258,131072,4096.000000,309951.455981,311661.604102,315081.900344
ambiguity,dominant_peer_ratio,0.4,10,engagement_g05_d0.0,3006,109,272685.438942,12280.666921,112.666669,446464,4096.000000,278825.772402,284966.105863,297246.772784
ambiguity,dominant_peer_ratio,0.4,10,engagement_g05_d0.25,3006,106,273403.205487,11916.490007,112.419717,434176,4096.000000,279361.450490,285319.695494,297236.185501
ambiguity,dominant_peer_ratio,0.4,10,engagement_g05_d0.5,3006,105,274461.791667,11823.268980,112.602562,430080,4096.000000,280373.426157,286285.060647,298108.329627
ambiguity,dominant_peer_ratio,0.4,10,engagement_g05_d1.0,3006,104,274116.073086,11625.376252,111.782464,425984,4096.000000,279928.761212,285741.449338,297366.825590
ambiguity,dominant_peer_ratio,0.4,10,engagement_g05_d2.0,3006,93,286111.081007,10593.342404,113.906908,380928,4096.000000,291407.752209,296704.423411,307297.765815
ambiguity,dominant_peer_ratio,0.4,10,engagement_g05_d5.0,3006,61,314706.596240,7253.467787,118.909308,249856,4096.000000,318333.330133,321960.064027,329213.531814
ambiguity,dominant_peer_ratio,0.4,10,engagement_g05_d10.0,3006,6,313059.531877,620.909722,103.484954,24576,4096.000000,313369.986738,313680.441599,314301.351321
ambiguity,dominant_peer_ratio,0.4,10,oracle_a1,3006,1202,78180.723074,40018.792544,33.293505,4923392,4096.000000,98190.119346,118199.515618,158218.308162
ambiguity,dominant_peer_ratio,0.4,10,oracle_a0.5,3006,2073,44622.103511,91323.049276,44.053569,8491008,4096.000000,90283.628149,135945.152787,227268.202063
ambiguity,dominant_peer_ratio,0.4,10,oracle_a2,3006,670,107701.145340,18503.593427,27.617304,2744320,4096.000000,116952.942054,126204.738767,144708.332194
ambiguity,dominant_peer_ratio,0.4,11,static,3002,0,308869.230632,0.000000,,0,,308869.230632,308869.230632,308869.230632
ambiguity,dominant_peer_ratio,0.4,11,nearest,3002,39,297714.858449,5006.591899,128.374151,159744,4096.000000,300218.154398,302721.450348,307728.042247
ambiguity,dominant_peer_ratio,0.4,11,naive_target_aware,3002,395,240045.180305,41667.925554,105.488419,1617920,4096.000000,260879.143082,281713.105859,323381.031413
ambiguity,dominant_peer_ratio,0.4,11,engagement_g00_d0.0,3002,395,240045.180305,41667.925554,105.488419,1617920,4096.000000,260879.143082,281713.105859,323381.031413
ambiguity,dominant_peer_ratio,0.4,11,engagement_g00_d0.25,3002,230,245671.246100,26055.365186,113.284196,942080,4096.000000,258698.928693,271726.611286,297781.976472
ambiguity,dominant_peer_ratio,0.4,11,engagement_g00_d0.5,3002,214,248682.577829,24221.403132,113.184127,876544,4096.000000,260793.279395,272903.980961,297125.384093
ambiguity,dominant_peer_ratio,0.4,11,engagement_g00_d1.0,3002,189,252356.346183,21227.917839,112.317026,774144,4096.000000,262970.305103,273584.264022,294812.181861
ambiguity,dominant_peer_ratio,0.4,11,engagement_g00_d2.0,3002,163,266973.028207,18143.363016,111.308976,667648,4096.000000,276044.709715,285116.391223,303259.754239
ambiguity,dominant_peer_ratio,0.4,11,engagement_g00_d5.0,3002,117,308291.299842,13480.541850,115.218306,479232,4096.000000,315031.570767,321771.841692,335252.383542
ambiguity,dominant_peer_ratio,0.4,11,engagement_g00_d10.0,3002,32,302520.868934,2985.594823,93.299838,131072,4096.000000,304013.666345,305506.463757,308492.058580
ambiguity,dominant_peer_ratio,0.4,11,engagement_g05_d0.0,3002,119,272346.061365,12760.933976,107.234739,487424,4096.000000,278726.528353,285106.995341,297867.929317
ambiguity,dominant_peer_ratio,0.4,11,engagement_g05_d0.25,3002,117,273722.284649,12484.083932,106.701572,479232,4096.000000,279964.326615,286206.368581,298690.452513
ambiguity,dominant_peer_ratio,0.4,11,engagement_g05_d0.5,3002,115,273072.382615,11960.833055,104.007244,471040,4096.000000,279052.799142,285033.215670,296994.048725
ambiguity,dominant_peer_ratio,0.4,11,engagement_g05_d1.0,3002,113,274544.091500,11799.084368,104.416676,462848,4096.000000,280443.633684,286343.175868,298142.260236
ambiguity,dominant_peer_ratio,0.4,11,engagement_g05_d2.0,3002,103,281930.266110,10560.551058,102.529622,421888,4096.000000,287210.541639,292490.817168,303051.368226
ambiguity,dominant_peer_ratio,0.4,11,engagement_g05_d5.0,3002,70,296314.695098,6865.853380,98.083620,286720,4096.000000,299747.621788,303180.548478,310046.401858
ambiguity,dominant_peer_ratio,0.4,11,engagement_g05_d10.0,3002,7,304150.883153,737.393703,105.341958,28672,4096.000000,304519.580005,304888.276856,305625.670559
ambiguity,dominant_peer_ratio,0.4,11,oracle_a1,3002,1362,72162.782919,40456.136063,29.703477,5578752,4096.000000,92390.850950,112618.918982,153075.055045
ambiguity,dominant_peer_ratio,0.4,11,oracle_a0.5,3002,2102,44001.972408,83107.986218,39.537577,8609792,4096.000000,85555.965517,127109.958626,210217.944844
ambiguity,dominant_peer_ratio,0.4,11,oracle_a2,3002,889,96693.928493,22565.556291,25.383078,3641344,4096.000000,107976.706638,119259.484784,141825.041075
ambiguity,dominant_peer_ratio,0.4,12,static,3026,0,299367.632395,0.000000,,0,,299367.632395,299367.632395,299367.632395
ambiguity,dominant_peer_ratio,0.4,12,nearest,3026,5,336004.428174,705.318650,141.063730,20480,4096.000000,336357.087499,336709.746824,337415.065474
ambiguity,dominant_peer_ratio,0.4,12,naive_target_aware,3026,400,236340.219613,39342.832155,98.357080,1638400,4096.000000,256011.635691,275683.051768,315025.883923
ambiguity,dominant_peer_ratio,0.4,12,engagement_g00_d0.0,3026,400,236340.219613,39342.832155,98.357080,1638400,4096.000000,256011.635691,275683.051768,315025.883923
ambiguity,dominant_peer_ratio,0.4,12,engagement_g00_d0.25,3026,243,242927.938805,25419.811068,104.608276,995328,4096.000000,255637.844339,268347.749873,293767.560941
ambiguity,dominant_peer_ratio,0.4,12,engagement_g00_d0.5,3026,221,244398.381020,22763.158125,103.000715,905216,4096.000000,255779.960083,267161.539145,289924.697270
ambiguity,dominant_peer_ratio,0.4,12,engagement_g00_d1.0,3026,193,247381.757980,19814.639009,102.666523,790528,4096.000000,257289.077485,267196.396989,287011.035998
ambiguity,dominant_peer_ratio,0.4,12,engagement_g00_d2.0,3026,161,260115.682758,17147.495587,106.506184,659456,4096.000000,268689.430552,277263.178345,294410.673932
ambiguity,dominant_peer_ratio,0.4,12,engagement_g00_d5.0,3026,123,282097.042459,12166.808101,98.917139,503808,4096.000000,288180.446510,294263.850560,306430.658661
ambiguity,dominant_peer_ratio,0.4,12,engagement_g00_d10.0,3026,28,294169.093875,2515.733570,89.847627,114688,4096.000000,295426.960660,296684.827445,299200.561015
ambiguity,dominant_peer_ratio,0.4,12,engagement_g05_d0.0,3026,107,261826.196991,10353.623819,96.762839,438272,4096.000000,267003.008901,272179.820810,282533.444629
ambiguity,dominant_peer_ratio,0.4,12,engagement_g05_d0.25,3026,104,263264.758786,9957.261284,95.742897,425984,4096.000000,268243.389428,273222.020070,283179.281354
ambiguity,dominant_peer_ratio,0.4,12,engagement_g05_d0.5,3026,104,263640.225435,9957.261284,95.742897,425984,4096.000000,268618.856077,273597.486719,283554.748003
ambiguity,dominant_peer_ratio,0.4,12,engagement_g05_d1.0,3026,102,268165.920326,9844.907742,96.518703,417792,4096.000000,273088.374197,278010.828068,287855.735810
ambiguity,dominant_peer_ratio,0.4,12,engagement_g05_d2.0,3026,92,274731.460557,8839.316970,96.079532,376832,4096.000000,279151.119042,283570.777527,292410.094497
ambiguity,dominant_peer_ratio,0.4,12,engagement_g05_d5.0,3026,60,286517.259218,5577.870026,92.964500,245760,4096.000000,289306.194231,292095.129244,297672.999270
ambiguity,dominant_peer_ratio,0.4,12,engagement_g05_d10.0,3026,4,305225.463997,489.999445,122.499861,16384,4096.000000,305470.463720,305715.463442,306205.462887
ambiguity,dominant_peer_ratio,0.4,12,oracle_a1,3026,1543,70090.354773,35357.038354,22.914477,6320128,4096.000000,87768.873950,105447.393127,140804.431481
ambiguity,dominant_peer_ratio,0.4,12,oracle_a0.5,3026,2150,45114.247365,72954.568292,33.932357,8806400,4096.000000,81591.531511,118068.815657,191023.383949
ambiguity,dominant_peer_ratio,0.4,12,oracle_a2,3026,1034,92192.969453,19390.236404,18.752646,4235264,4096.000000,101888.087655,111583.205857,130973.442261
ambiguity,dominant_peer_ratio,0.4,13,static,3014,0,288269.939131,0.000000,,0,,288269.939131,288269.939131,288269.939131
ambiguity,dominant_peer_ratio,0.4,13,nearest,3014,23,305733.421667,3206.880352,139.429581,94208,4096.000000,307336.861843,308940.302019,312147.182371
ambiguity,dominant_peer_ratio,0.4,13,naive_target_aware,3014,374,228051.233477,35518.157846,94.968336,1531904,4096.000000,245810.312400,263569.391323,299087.549169
ambiguity,dominant_peer_ratio,0.4,13,engagement_g00_d0.0,3014,374,228051.233477,35518.157846,94.968336,1531904,4096.000000,245810.312400,263569.391323,299087.549169
ambiguity,dominant_peer_ratio,0.4,13,engagement_g00_d0.25,3014,252,235487.417729,24451.831498,97.031077,1032192,4096.000000,247713.333478,259939.249227,284391.080725
ambiguity,dominant_peer_ratio,0.4,13,engagement_g00_d0.5,3014,232,238380.819251,22299.048860,96.116590,950272,4096.000000,249530.343681,260679.868111,282978.916971
ambiguity,dominant_peer_ratio,0.4,13,engagement_g00_d1.0,3014,201,243200.292939,19717.506811,98.097049,823296,4096.000000,253059.046344,262917.799750,282635.306561
ambiguity,dominant_peer_ratio,0.4,13,engagement_g00_d2.0,3014,164,253775.071124,15461.126191,94.275160,671744,4096.000000,261505.634220,269236.197315,284697.323506
ambiguity,dominant_peer_ratio,0.4,13,engagement_g00_d5.0,3014,118,277457.403792,11311.232634,95.857904,483328,4096.000000,283113.020109,288768.636426,300079.869060
ambiguity,dominant_peer_ratio,0.4,13,engagement_g00_d10.0,3014,24,302444.361033,2537.936957,105.747373,98304,4096.000000,303713.329512,304982.297990,307520.234947
ambiguity,dominant_peer_ratio,0.4,13,engagement_g05_d0.0,3014,115,254348.567339,11226.416473,97.621013,471040,4096.000000,259961.775575,265574.983812,276801.400285
ambiguity,dominant_peer_ratio,0.4,13,engagement_g05_d0.25,3014,109,254846.071875,10768.617262,98.794654,446464,4096.000000,260230.380506,265614.689137,276383.306399
ambiguity,dominant_peer_ratio,0.4,13,engagement_g05_d0.5,3014,109,255725.657402,10768.617262,98.794654,446464,4096.000000,261109.966033,266494.274664,277262.891926
ambiguity,dominant_peer_ratio,0.4,13,engagement_g05_d1.0,3014,107,258314.586974,10877.800727,101.661689,438272,4096.000000,263753.487337,269192.387701,280070.188428
ambiguity,dominant_peer_ratio,0.4,13,engagement_g05_d2.0,3014,105,262389.416176,10565.517166,100.623973,430080,4096.000000,267672.174759,272954.933342,283520.450508
ambiguity,dominant_peer_ratio,0.4,13,engagement_g05_d5.0,3014,62,287103.595671,6495.058410,104.759007,253952,4096.000000,290351.124876,293598.654081,300093.712491
ambiguity,dominant_peer_ratio,0.4,13,engagement_g05_d10.0,3014,6,295839.984611,501.580667,83.596778,24576,4096.000000,296090.774944,296341.565278,296843.145945
ambiguity,dominant_peer_ratio,0.4,13,oracle_a1,3014,1404,72882.270822,36541.835625,26.026948,5750784,4096.000000,91153.188634,109424.106447,145965.942072
ambiguity,dominant_peer_ratio,0.4,13,oracle_a0.5,3014,2165,42999.476787,81373.657333,37.585985,8867840,4096.000000,83686.305453,124373.134120,205746.791453
ambiguity,dominant_peer_ratio,0.4,13,oracle_a2,3014,945,96716.661455,19155.837115,20.270727,3870720,4096.000000,106294.580012,115872.498570,135028.335685
ambiguity,dominant_peer_ratio,0.4,14,static,3050,0,313039.913398,0.000000,,0,,313039.913398,313039.913398,313039.913398
ambiguity,dominant_peer_ratio,0.4,14,nearest,3050,5,336961.487681,534.284486,106.856897,20480,4096.000000,337228.629924,337495.772167,338030.056653
ambiguity,dominant_peer_ratio,0.4,14,naive_target_aware,3050,386,247215.853171,39820.827379,103.162765,1581056,4096.000000,267126.266860,287036.680550,326857.507929
ambiguity,dominant_peer_ratio,0.4,14,engagement_g00_d0.0,3050,386,247215.853171,39820.827379,103.162765,1581056,4096.000000,267126.266860,287036.680550,326857.507929
ambiguity,dominant_peer_ratio,0.4,14,engagement_g00_d0.25,3050,246,253989.031206,25059.299047,101.867069,1007616,4096.000000,266518.680730,279048.330253,304107.629300
ambiguity,dominant_peer_ratio,0.4,14,engagement_g00_d0.5,3050,222,256735.014742,22227.593312,100.124294,909312,4096.000000,267848.811398,278962.608054,301190.201366
ambiguity,dominant_peer_ratio,0.4,14,engagement_g00_d1.0,3050,194,261702.131644,19007.012009,97.974289,794624,4096.000000,271205.637648,280709.143653,299716.155662
ambiguity,dominant_peer_ratio,0.4,14,engagement_g00_d2.0,3050,167,271012.609461,15914.869179,95.298618,684032,4096.000000,278970.044050,286927.478640,302842.347819
ambiguity,dominant_peer_ratio,0.4,14,engagement_g00_d5.0,3050,122,311234.258534,12626.790816,103.498285,499712,4096.000000,317547.653942,323861.049350,336487.840166
ambiguity,dominant_peer_ratio,0.4,14,engagement_g00_d10.0,3050,23,322482.537249,2257.367805,98.146426,94208,4096.000000,323611.221151,324739.905054,326997.272859
ambiguity,dominant_peer_ratio,0.4,14,engagement_g05_d0.0,3050,114,287050.394588,12252.394438,107.477144,466944,4096.000000,293176.591807,299302.789026,311555.183464
ambiguity,dominant_peer_ratio,0.4,14,engagement_g05_d0.25,3050,113,287360.440967,12101.557291,107.093427,462848,4096.000000,293411.219612,299461.998258,311563.555549
ambiguity,dominant_peer_ratio,0.4,14,engagement_g05_d0.5,3050,113,287723.475049,12101.557291,107.093427,462848,4096.000000,293774.253694,299825.032340,311926.589631
ambiguity,dominant_peer_ratio,0.4,14,engagement_g05_d1.0,3050,111,289630.743073,11912.411865,107.319026,454656,4096.000000,295586.949005,301543.154938,313455.566803
ambiguity,dominant_peer_ratio,0.4,14,engagement_g05_d2.0,3050,107,290952.938779,11396.016642,106.504828,438272,4096.000000,296650.947100,302348.955421,313744.972063
ambiguity,dominant_peer_ratio,0.4,14,engagement_g05_d5.0,3050,62,313860.920825,6947.694444,112.059588,253952,4096.000000,317334.768047,320808.615269,327756.309713
ambiguity,dominant_peer_ratio,0.4,14,engagement_g05_d10.0,3050,3,324399.194763,297.622682,99.207561,12288,4096.000000,324548.006104,324696.817445,324994.440127
ambiguity,dominant_peer_ratio,0.4,14,oracle_a1,3050,1511,83641.846519,46288.381069,30.634269,6189056,4096.000000,106786.037053,129930.227588,176218.608657
ambiguity,dominant_peer_ratio,0.4,14,oracle_a0.5,3050,2179,49022.917014,97215.081560,44.614539,8925184,4096.000000,97630.457794,146237.998574,243453.080134
ambiguity,dominant_peer_ratio,0.4,14,oracle_a2,3050,985,115556.000850,23336.364523,23.691741,4034560,4096.000000,127224.183111,138892.365373,162228.729896
ambiguity,dominant_peer_ratio,0.4,15,static,3022,0,308572.658064,0.000000,,0,,308572.658064,308572.658064,308572.658064
ambiguity,dominant_peer_ratio,0.4,15,nearest,3022,4,332181.708313,590.155156,147.538789,16384,4096.000000,332476.785891,332771.863469,333362.018625
ambiguity,dominant_peer_ratio,0.4,15,naive_target_aware,3022,406,248157.537193,45799.308712,112.806179,1662976,4096.000000,271057.191549,293956.845905,339756.154617
ambiguity,dominant_peer_ratio,0.4,15,engagement_g00_d0.0,3022,406,248157.537193,45799.308712,112.806179,1662976,4096.000000,271057.191549,293956.845905,339756.154617
ambiguity,dominant_peer_ratio,0.4,15,engagement_g00_d0.25,3022,253,252329.196434,27914.713920,110.334838,1036288,4096.000000,266286.553394,280243.910354,308158.624274
ambiguity,dominant_peer_ratio,0.4,15,engagement_g00_d0.5,3022,237,257811.490135,26419.597092,111.475093,970752,4096.000000,271021.288681,284231.087227,310650.684319
ambiguity,dominant_peer_ratio,0.4,15,engagement_g00_d1.0,3022,213,261639.944186,23487.549124,110.270184,872448,4096.000000,273383.718748,285127.493310,308615.042434
ambiguity,dominant_peer_ratio,0.4,15,engagement_g00_d2.0,3022,176,274040.332315,19195.361699,109.064555,720896,4096.000000,283638.013164,293235.694014,312431.055713
ambiguity,dominant_peer_ratio,0.4,15,engagement_g00_d5.0,3022,116,320238.709721,13619.971546,117.413548,475136,4096.000000,327048.695494,333858.681267,347478.652813
ambiguity,dominant_peer_ratio,0.4,15,engagement_g00_d10.0,3022,27,323503.055242,3125.293901,115.751626,110592,4096.000000,325065.702193,326628.349143,329753.643044
ambiguity,dominant_peer_ratio,0.4,15,engagement_g05_d0.0,3022,113,290014.037025,13570.981144,120.097178,462848,4096.000000,296799.527597,303585.018169,317155.999313
ambiguity,dominant_peer_ratio,0.4,15,engagement_g05_d0.25,3022,104,290898.362366,12232.721389,117.622321,425984,4096.000000,297014.723060,303131.083755,315363.805144
ambiguity,dominant_peer_ratio,0.4,15,engagement_g05_d0.5,3022,103,292021.221108,12210.028444,118.543965,421888,4096.000000,298126.235330,304231.249552,316441.277996
ambiguity,dominant_peer_ratio,0.4,15,engagement_g05_d1.0,3022,102,293094.320163,12142.615342,119.045248,417792,4096.000000,299165.627834,305236.935505,317379.550847
ambiguity,dominant_peer_ratio,0.4,15,engagement_g05_d2.0,3022,94,302158.179489,11611.567612,123.527315,385024,4096.000000,307963.963295,313769.747101,325381.314713
ambiguity,dominant_peer_ratio,0.4,15,engagement_g05_d5.0,3022,65,322210.778791,7549.703308,116.149282,266240,4096.000000,325985.630445,329760.482099,337310.185407
ambiguity,dominant_peer_ratio,0.4,15,engagement_g05_d10.0,3022,3,306217.602071,368.689103,122.896368,12288,4096.000000,306401.946623,306586.291174,306954.980277
ambiguity,dominant_peer_ratio,0.4,15,oracle_a1,3022,1357,78154.415110,38119.535687,28.091036,5558272,4096.000000,97214.182954,116273.950797,154393.486484
ambiguity,dominant_peer_ratio,0.4,15,oracle_a0.5,3022,2097,47453.712209,84407.149587,40.251383,8589312,4096.000000,89657.287003,131860.861796,216268.011383
ambiguity,dominant_peer_ratio,0.4,15,oracle_a2,3022,859,103716.977052,19524.936527,22.729845,3518464,4096.000000,113479.445316,123241.913579,142766.850106
ambiguity,dominant_peer_ratio,0.4,16,static,3097,0,279230.953163,0.000000,,0,,279230.953163,279230.953163,279230.953163
ambiguity,dominant_peer_ratio,0.4,16,nearest,3097,5,298303.294298,504.173724,100.834745,20480,4096.000000,298555.381160,298807.468022,299311.641746
ambiguity,dominant_peer_ratio,0.4,16,naive_target_aware,3097,378,233165.717329,37979.381775,100.474555,1548288,4096.000000,252155.408216,271145.099104,309124.480879
ambiguity,dominant_peer_ratio,0.4,16,engagement_g00_d0.0,3097,378,233165.717329,37979.381775,100.474555,1548288,4096.000000,252155.408216,271145.099104,309124.480879
ambiguity,dominant_peer_ratio,0.4,16,engagement_g00_d0.25,3097,232,240127.854416,23378.381175,100.768884,950272,4096.000000,251817.045003,263506.235591,286884.616766
ambiguity,dominant_peer_ratio,0.4,16,engagement_g00_d0.5,3097,208,241328.623924,20831.686496,100.152339,851968,4096.000000,251744.467172,262160.310420,282991.996916
ambiguity,dominant_peer_ratio,0.4,16,engagement_g00_d1.0,3097,180,245603.441535,17706.301863,98.368344,737280,4096.000000,254456.592466,263309.743398,281016.045261
ambiguity,dominant_peer_ratio,0.4,16,engagement_g00_d2.0,3097,157,258919.908096,15010.326837,95.607177,643072,4096.000000,266425.071514,273930.234933,288940.561770
ambiguity,dominant_peer_ratio,0.4,16,engagement_g00_d5.0,3097,116,284641.355633,10511.423940,90.615724,475136,4096.000000,289897.067603,295152.779573,305664.203513
ambiguity,dominant_peer_ratio,0.4,16,engagement_g00_d10.0,3097,35,291516.259236,3851.357279,110.038779,143360,4096.000000,293441.937875,295367.616515,299218.973794
ambiguity,dominant_peer_ratio,0.4,16,engagement_g05_d0.0,3097,123,256584.493025,11420.505334,92.849637,503808,4096.000000,262294.745692,268004.998359,279425.503693
ambiguity,dominant_peer_ratio,0.4,16,engagement_g05_d0.25,3097,116,258479.980279,11087.854117,95.584949,475136,4096.000000,264023.907337,269567.834396,280655.688513
ambiguity,dominant_peer_ratio,0.4,16,engagement_g05_d0.5,3097,116,259207.636668,11087.854117,95.584949,475136,4096.000000,264751.563726,270295.490785,281383.344902
ambiguity,dominant_peer_ratio,0.4,16,engagement_g05_d1.0,3097,116,260355.949781,11087.854117,95.584949,475136,4096.000000,265899.876839,271443.803898,282531.658015
ambiguity,dominant_peer_ratio,0.4,16,engagement_g05_d2.0,3097,109,268533.445720,10472.488774,96.077879,446464,4096.000000,273769.690107,279005.934494,289478.423268
ambiguity,dominant_peer_ratio,0.4,16,engagement_g05_d5.0,3097,76,287346.912800,7132.799227,93.852621,311296,4096.000000,290913.312413,294479.712027,301612.511254
ambiguity,dominant_peer_ratio,0.4,16,engagement_g05_d10.0,3097,10,289446.152289,1113.635005,111.363500,40960,4096.000000,290002.969791,290559.787294,291673.422299
ambiguity,dominant_peer_ratio,0.4,16,oracle_a1,3097,1462,70880.879392,40238.867757,27.523165,5988352,4096.000000,91000.313271,111119.747149,151358.614906
ambiguity,dominant_peer_ratio,0.4,16,oracle_a0.5,3097,2186,41757.388282,84067.217803,38.457099,8953856,4096.000000,83790.997183,125824.606085,209891.823888
ambiguity,dominant_peer_ratio,0.4,16,oracle_a2,3097,956,98302.229424,20629.151915,21.578611,3915776,4096.000000,108616.805381,118931.381339,139560.533254
ambiguity,dominant_peer_ratio,0.4,17,static,2945,0,332261.342266,0.000000,,0,,332261.342266,332261.342266,332261.342266
ambiguity,dominant_peer_ratio,0.4,17,nearest,2945,4,268149.400601,392.637675,98.159419,16384,4096.000000,268345.719439,268542.038276,268934.675951
ambiguity,dominant_peer_ratio,0.4,17,naive_target_aware,2945,398,225071.059721,39732.699196,99.830903,1630208,4096.000000,244937.409319,264803.758917,304536.458113
ambiguity,dominant_peer_ratio,0.4,17,engagement_g00_d0.0,2945,398,225071.059721,39732.699196,99.830903,1630208,4096.000000,244937.409319,264803.758917,304536.458113
ambiguity,dominant_peer_ratio,0.4,17,engagement_g00_d0.25,2945,238,229858.582212,24308.063969,102.134723,974848,4096.000000,242012.614197,254166.646181,278474.710150
ambiguity,dominant_peer_ratio,0.4,17,engagement_g00_d0.5,2945,214,232870.652028,22464.191216,104.972856,876544,4096.000000,244102.747636,255334.843244,277799.034460
ambiguity,dominant_peer_ratio,0.4,17,engagement_g00_d1.0,2945,188,239873.649563,20449.267416,108.772699,770048,4096.000000,250098.283271,260322.916979,280772.184395
ambiguity,dominant_peer_ratio,0.4,17,engagement_g00_d2.0,2945,162,252228.564131,18022.502010,111.250012,663552,4096.000000,261239.815136,270251.066141,288273.568151
ambiguity,dominant_peer_ratio,0.4,17,engagement_g00_d5.0,2945,119,284210.300361,13230.118461,111.177466,487424,4096.000000,290825.359592,297440.418822,310670.537283
ambiguity,dominant_peer_ratio,0.4,17,engagement_g00_d10.0,2945,29,290209.662895,2423.287410,83.561635,118784,4096.000000,291421.306600,292632.950305,295056.237715
ambiguity,dominant_peer_ratio,0.4,17,engagement_g05_d0.0,2945,114,258537.691361,12270.847080,107.639009,466944,4096.000000,264673.114901,270808.538441,283079.385521
ambiguity,dominant_peer_ratio,0.4,17,engagement_g05_d0.25,2945,111,259945.280612,11998.797873,108.097278,454656,4096.000000,265944.679549,271944.078485,283942.876358
ambiguity,dominant_peer_ratio,0.4,17,engagement_g05_d0.5,2945,110,261043.971367,11913.365143,108.303319,450560,4096.000000,267000.653939,272957.336510,284870.701653
ambiguity,dominant_peer_ratio,0.4,17,engagement_g05_d1.0,2945,107,263151.932815,11584.884202,108.269946,438272,4096.000000,268944.374916,274736.817017,286321.701219
ambiguity,dominant_peer_ratio,0.4,17,engagement_g05_d2.0,2945,100,264870.873179,10842.247248,108.422472,409600,4096.000000,270291.996803,275713.120427,286555.367675
ambiguity,dominant_peer_ratio,0.4,17,engagement_g05_d5.0,2945,67,289826.908374,7033.556016,104.978448,274432,4096.000000,293343.686382,296860.464390,303894.020406
ambiguity,dominant_peer_ratio,0.4,17,engagement_g05_d10.0,2945,5,308942.333512,631.687621,126.337524,20480,4096.000000,309258.177323,309574.021133,310205.708754
ambiguity,dominant_peer_ratio,0.4,17,oracle_a1,2945,1307,72282.538126,33123.097480,25.342844,5353472,4096.000000,88844.086866,105405.635606,138528.733086
ambiguity,dominant_peer_ratio,0.4,17,oracle_a0.5,2945,2052,43085.781973,78125.543607,38.072877,8404992,4096.000000,82148.553776,121211.325580,199336.869187
ambiguity,dominant_peer_ratio,0.4,17,oracle_a2,2945,855,93677.358972,17140.448410,20.047308,3502080,4096.000000,102247.583177,110817.807382,127958.255792
ambiguity,dominant_peer_ratio,0.4,18,static,3040,0,311408.458602,0.000000,,0,,311408.458602,311408.458602,311408.458602
ambiguity,dominant_peer_ratio,0.4,18,nearest,3040,40,307752.223125,6346.862802,158.671570,163840,4096.000000,310925.654526,314099.085927,320445.948729
ambiguity,dominant_peer_ratio,0.4,18,naive_target_aware,3040,374,236089.281402,38449.937873,102.807321,1531904,4096.000000,255314.250339,274539.219275,312989.157148
ambiguity,dominant_peer_ratio,0.4,18,engagement_g00_d0.0,3040,374,236089.281402,38449.937873,102.807321,1531904,4096.000000,255314.250339,274539.219275,312989.157148
ambiguity,dominant_peer_ratio,0.4,18,engagement_g00_d0.25,3040,243,246772.974586,26441.076368,108.811014,995328,4096.000000,259993.512770,273214.050954,299655.127322
ambiguity,dominant_peer_ratio,0.4,18,engagement_g00_d0.5,3040,222,250006.399003,23796.140596,107.189823,909312,4096.000000,261904.469301,273802.539599,297598.680195
ambiguity,dominant_peer_ratio,0.4,18,engagement_g00_d1.0,3040,198,256989.099995,21025.960714,106.191721,811008,4096.000000,267502.080352,278015.060709,299041.021423
ambiguity,dominant_peer_ratio,0.4,18,engagement_g00_d2.0,3040,166,270283.900540,18640.400807,112.291571,679936,4096.000000,279604.100943,288924.301347,307564.702154
ambiguity,dominant_peer_ratio,0.4,18,engagement_g00_d5.0,3040,118,302622.139532,13686.051168,115.983484,483328,4096.000000,309465.165116,316308.190700,329994.241868
ambiguity,dominant_peer_ratio,0.4,18,engagement_g00_d10.0,3040,23,319487.539209,2552.817911,110.992083,94208,4096.000000,320763.948164,322040.357120,324593.175031
ambiguity,dominant_peer_ratio,0.4,18,engagement_g05_d0.0,3040,117,278942.447632,12953.343868,110.712341,479232,4096.000000,285419.119566,291895.791500,304849.135368
ambiguity,dominant_peer_ratio,0.4,18,engagement_g05_d0.25,3040,112,279154.785058,12382.299662,110.556247,458752,4096.000000,285345.934889,291537.084720,303919.384382
ambiguity,dominant_peer_ratio,0.4,18,engagement_g05_d0.5,3040,110,279623.334213,12475.420484,113.412913,450560,4096.000000,285861.044455,292098.754697,304574.175181
ambiguity,dominant_peer_ratio,0.4,18,engagement_g05_d1.0,3040,109,281155.111417,12307.500379,112.912848,446464,4096.000000,287308.861606,293462.611796,305770.112175
ambiguity,dominant_peer_ratio,0.4,18,engagement_g05_d2.0,3040,104,282729.584917,11368.296572,109.310544,425984,4096.000000,288413.733203,294097.881489,305466.178061
ambiguity,dominant_peer_ratio,0.4,18,engagement_g05_d5.0,3040,69,304333.139651,8041.532359,116.543947,282624,4096.000000,308353.905831,312374.672010,320416.204369
ambiguity,dominant_peer_ratio,0.4,18,engagement_g05_d10.0,3040,5,314828.579102,637.564734,127.512947,20480,4096.000000,315147.361469,315466.143836,316103.708570
ambiguity,dominant_peer_ratio,0.4,18,oracle_a1,3040,1488,67824.850754,36002.325030,24.195111,6094848,4096.000000,85826.013269,103827.175784,139829.500814
ambiguity,dominant_peer_ratio,0.4,18,oracle_a0.5,3040,2157,44073.486653,71927.941008,33.346287,8835072,4096.000000,80037.457157,116001.427661,187929.368669
ambiguity,dominant_peer_ratio,0.4,18,oracle_a2,3040,1040,88192.015989,21198.860189,20.383519,4259840,4096.000000,98791.446083,109390.876178,130589.736367
ambiguity,dominant_peer_ratio,0.4,19,static,2979,0,319737.584896,0.000000,,0,,319737.584896,319737.584896,319737.584896
ambiguity,dominant_peer_ratio,0.4,19,nearest,2979,16,304410.723191,686.408051,42.900503,65536,4096.000000,304753.927216,305097.131242,305783.539293
ambiguity,dominant_peer_ratio,0.4,19,naive_target_aware,2979,344,244217.768437,38552.131556,112.070150,1409024,4096.000000,263493.834215,282769.899993,321322.031549
ambiguity,dominant_peer_ratio,0.4,19,engagement_g00_d0.0,2979,344,244217.768437,38552.131556,112.070150,1409024,4096.000000,263493.834215,282769.899993,321322.031549
ambiguity,dominant_peer_ratio,0.4,19,engagement_g00_d0.25,2979,224,254807.194654,26721.746062,119.293509,917504,4096.000000,268168.067685,281528.940716,308250.686778
ambiguity,dominant_peer_ratio,0.4,19,engagement_g00_d0.5,2979,213,256881.335185,25822.845274,121.234015,872448,4096.000000,269792.757822,282704.180459,308527.025733
ambiguity,dominant_peer_ratio,0.4,19,engagement_g00_d1.0,2979,191,265169.077386,23075.910212,120.816284,782336,4096.000000,276707.032492,288244.987598,311320.897810
ambiguity,dominant_peer_ratio,0.4,19,engagement_g00_d2.0,2979,162,279756.827627,20451.168414,126.241780,663552,4096.000000,289982.411834,300207.996041,320659.164455
ambiguity,dominant_peer_ratio,0.4,19,engagement_g00_d5.0,2979,126,315932.813267,15761.397687,125.090458,516096,4096.000000,323813.512110,331694.210954,347455.608641
ambiguity,dominant_peer_ratio,0.4,19,engagement_g00_d10.0,2979,36,316926.664065,3809.136618,105.809351,147456,4096.000000,318831.232374,320735.800683,324544.937301
ambiguity,dominant_peer_ratio,0.4,19,engagement_g05_d0.0,2979,109,277380.002689,12935.706563,118.676207,446464,4096.000000,283847.855970,290315.709252,303251.415815
ambiguity,dominant_peer_ratio,0.4,19,engagement_g05_d0.25,2979,106,278069.724724,12566.856359,118.555249,434176,4096.000000,284353.152903,290636.581083,303203.437442
ambiguity,dominant_peer_ratio,0.4,19,engagement_g05_d0.5,2979,105,277688.064572,12545.586814,119.481779,430080,4096.000000,283960.857979,290233.651386,302779.238200
ambiguity,dominant_peer_ratio,0.4,19,engagement_g05_d1.0,2979,104,281082.397122,12352.644616,118.775429,425984,4096.000000,287258.719430,293435.041738,305787.686354
ambiguity,dominant_peer_ratio,0.4,19,engagement_g05_d2.0,2979,104,288000.205175,12352.644616,118.775429,425984,4096.000000,294176.527483,300352.849791,312705.494407
ambiguity,dominant_peer_ratio,0.4,19,engagement_g05_d5.0,2979,72,309545.571907,8534.014390,118.527978,294912,4096.000000,313812.579102,318079.586297,326613.600687
ambiguity,dominant_peer_ratio,0.4,19,engagement_g05_d10.0,2979,4,309090.274675,493.517469,123.379367,16384,4096.000000,309337.033410,309583.792144,310077.309613
ambiguity,dominant_peer_ratio,0.4,19,oracle_a1,2979,1528,68717.537455,34569.864754,22.624257,6258688,4096.000000,86002.469832,103287.402209,137857.266963
ambiguity,dominant_peer_ratio,0.4,19,oracle_a0.5,2979,2135,44738.378467,71313.069844,33.401906,8744960,4096.000000,80394.913389,116051.448311,187364.518155
ambiguity,dominant_peer_ratio,0.4,19,oracle_a2,2979,1111,88030.656093,20571.392601,18.516105,4550656,4096.000000,98316.352394,108602.048694,129173.441295
ambiguity,dominant_peer_ratio,0.4,20,static,3045,0,321391.710069,0.000000,,0,,321391.710069,321391.710069,321391.710069
ambiguity,dominant_peer_ratio,0.4,20,nearest,3045,33,316587.511627,2949.911125,89.391246,135168,4096.000000,318062.467190,319537.422752,322487.333877
ambiguity,dominant_peer_ratio,0.4,20,naive_target_aware,3045,400,238880.468630,39627.828070,99.069570,1638400,4096.000000,258694.382665,278508.296700,318136.124770
ambiguity,dominant_peer_ratio,0.4,20,engagement_g00_d0.0,3045,400,238880.468630,39627.828070,99.069570,1638400,4096.000000,258694.382665,278508.296700,318136.124770
ambiguity,dominant_peer_ratio,0.4,20,engagement_g00_d0.25,3045,238,247784.490003,23323.810415,97.999203,974848,4096.000000,259446.395211,271108.300418,294432.110833
ambiguity,dominant_peer_ratio,0.4,20,engagement_g00_d0.5,3045,219,250023.806313,21865.190651,99.841053,897024,4096.000000,260956.401639,271888.996964,293754.187615
ambiguity,dominant_peer_ratio,0.4,20,engagement_g00_d1.0,3045,196,255160.110755,19944.009640,101.755151,802816,4096.000000,265132.115575,275104.120395,295048.130035
ambiguity,dominant_peer_ratio,0.4,20,engagement_g00_d2.0,3045,162,269234.374681,16631.702649,102.664831,663552,4096.000000,277550.226006,285866.077330,302497.779979
ambiguity,dominant_peer_ratio,0.4,20,engagement_g00_d5.0,3045,124,304770.940740,13054.669924,105.279596,507904,4096.000000,311298.275702,317825.610664,330880.280588
ambiguity,dominant_peer_ratio,0.4,20,engagement_g00_d10.0,3045,28,323252.113914,3328.841619,118.887201,114688,4096.000000,324916.534724,326580.955533,329909.797152
ambiguity,dominant_peer_ratio,0.4,20,engagement_g05_d0.0,3045,121,272970.032341,12807.827255,105.849812,495616,4096.000000,279373.945969,285777.859596,298585.686851
ambiguity,dominant_peer_ratio,0.4,20,engagement_g05_d0.25,3045,115,273410.931720,12196.358267,106.055289,471040,4096.000000,279509.110854,285607.289987,297803.648254
ambiguity,dominant_peer_ratio,0.4,20,engagement_g05_d0.5,3045,115,273851.843665,12196.358267,106.055289,471040,4096.000000,279950.022799,286048.201932,298244.560199
ambiguity,dominant_peer_ratio,0.4,20,engagement_g05_d1.0,3045,115,275457.845506,12196.358267,106.055289,471040,4096.000000,281556.024640,287654.203773,299850.562040
ambiguity,dominant_peer_ratio,0.4,20,engagement_g05_d2.0,3045,110,283816.943395,11632.611881,105.751017,450560,4096.000000,289633.249336,295449.555276,307082.167157
ambiguity,dominant_peer_ratio,0.4,20,engagement_g05_d5.0,3045,70,311860.886465,7512.495477,107.321364,286720,4096.000000,315617.134204,319373.381942,326885.877419
ambiguity,dominant_peer_ratio,0.4,20,engagement_g05_d10.0,3045,4,313580.384878,481.844795,120.461199,16384,4096.000000,313821.307276,314062.229673,314544.074468
ambiguity,dominant_peer_ratio,0.4,20,oracle_a1,3045,1359,79615.672715,41758.722639,30.727537,5566464,4096.000000,100495.034034,121374.395354,163133.117993
ambiguity,dominant_peer_ratio,0.4,20,oracle_a0.5,3045,2161,45654.374009,92469.268706,42.790036,8851456,4096.000000,91889.008362,138123.642715,230592.911421
ambiguity,dominant_peer_ratio,0.4,20,oracle_a2,3045,822,108141.983583,20906.533621,25.433739,3366912,4096.000000,118595.250393,129048.517204,149955.050825
ambiguity,dominant_peer_ratio,0.4,21,static,3058,0,336004.410062,0.000000,,0,,336004.410062,336004.410062,336004.410062
ambiguity,dominant_peer_ratio,0.4,21,nearest,3058,22,303371.289619,1493.935382,67.906154,90112,4096.000000,304118.257310,304865.225001,306359.160383
ambiguity,dominant_peer_ratio,0.4,21,naive_target_aware,3058,402,246664.694260,42748.826163,106.340364,1646592,4096.000000,268039.107342,289413.520423,332162.346586
ambiguity,dominant_peer_ratio,0.4,21,engagement_g00_d0.0,3058,402,246664.694260,42748.826163,106.340364,1646592,4096.000000,268039.107342,289413.520423,332162.346586
ambiguity,dominant_peer_ratio,0.4,21,engagement_g00_d0.25,3058,240,263456.650942,27480.057324,114.500239,983040,4096.000000,277196.679604,290936.708266,318416.765590
ambiguity,dominant_peer_ratio,0.4,21,engagement_g00_d0.5,3058,216,266839.795418,24470.480152,113.289260,884736,4096.000000,279075.035494,291310.275570,315780.755722
ambiguity,dominant_peer_ratio,0.4,21,engagement_g00_d1.0,3058,201,272112.934065,23031.764047,114.585891,823296,4096.000000,283628.816089,295144.698112,318176.462159
ambiguity,dominant_peer_ratio,0.4,21,engagement_g00_d2.0,3058,167,287090.998490,20273.018644,121.395321,684032,4096.000000,297227.507812,307364.017134,327637.035778
ambiguity,dominant_peer_ratio,0.4,21,engagement_g00_d5.0,3058,122,319419.518223,14156.306108,116.035296,499712,4096.000000,326497.671277,333575.824331,347732.130439
ambiguity,dominant_peer_ratio,0.4,21,engagement_g00_d10.0,3058,29,308198.217122,2821.148471,97.280982,118784,4096.000000,309608.791357,311019.365593,313840.514064
ambiguity,dominant_peer_ratio,0.4,21,engagement_g05_d0.0,3058,118,291468.280836,14150.949665,119.923302,483328,4096.000000,298543.755668,305619.230501,319770.180166
ambiguity,dominant_peer_ratio,0.4,21,engagement_g05_d0.25,3058,112,291969.864024,13499.609772,120.532230,458752,4096.000000,298719.668910,305469.473796,318969.083568
ambiguity,dominant_peer_ratio,0.4,21,engagement_g05_d0.5,3058,110,294693.689565,13481.367635,122.557888,450560,4096.000000,301434.373382,308175.057200,321656.424835
ambiguity,dominant_peer_ratio,0.4,21,engagement_g05_d1.0,3058,106,295629.651196,12847.671866,121.204452,434176,4096.000000,302053.487129,308477.323062,321324.994928
ambiguity,dominant_peer_ratio,0.4,21,engagement_g05_d2.0,3058,100,305276.293844,11956.456748,119.564567,409600,4096.000000,311254.522218,317232.750592,329189.207340
ambiguity,dominant_peer_ratio,0.4,21,engagement_g05_d5.0,3058,68,325005.795522,7573.561396,111.375903,278528,4096.000000,328792.576220,332579.356918,340152.918314
ambiguity,dominant_peer_ratio,0.4,21,engagement_g05_d10.0,3058,5,332877.339143,446.050596,89.210119,20480,4096.000000,333100.364441,333323.389739,333769.440335
ambiguity,dominant_peer_ratio,0.4,21,oracle_a1,3058,1397,76181.344243,40149.392088,28.739722,5722112,4096.000000,96256.040287,116330.736331,156480.128419
ambiguity,dominant_peer_ratio,0.4,21,oracle_a0.5,3058,2105,46502.961367,84851.898424,40.309690,8622080,4096.000000,88928.910579,131354.859791,216206.758215
ambiguity,dominant_peer_ratio,0.4,21,oracle_a2,3058,836,104026.298445,20172.382495,24.129644,3424256,4096.000000,114112.489693,124198.680940,144371.063435
ambiguity,dominant_peer_ratio,0.4,22,static,3009,0,295027.179808,0.000000,,0,,295027.179808,295027.179808,295027.179808
ambiguity,dominant_peer_ratio,0.4,22,nearest,3009,6,290469.152887,591.783727,98.630621,24576,4096.000000,290765.044751,291060.936614,291652.720341
ambiguity,dominant_peer_ratio,0.4,22,naive_target_aware,3009,394,240351.695120,41935.746906,106.435906,1613824,4096.000000,261319.568573,282287.442026,324223.188932
ambiguity,dominant_peer_ratio,0.4,22,engagement_g00_d0.0,3009,394,240351.695120,41935.746906,106.435906,1613824,4096.000000,261319.568573,282287.442026,324223.188932
ambiguity,dominant_peer_ratio,0.4,22,engagement_g00_d0.25,3009,237,248983.326507,25467.912847,107.459548,970752,4096.000000,261717.282931,274451.239354,299919.152201
ambiguity,dominant_peer_ratio,0.4,22,engagement_g00_d0.5,3009,213,252262.879796,22640.401741,106.292966,872448,4096.000000,263583.080667,274903.281537,297543.683278
ambiguity,dominant_peer_ratio,0.4,22,engagement_g00_d1.0,3009,190,260866.407324,20598.738760,108.414415,778240,4096.000000,271165.776704,281465.146084,302063.884844
ambiguity,dominant_peer_ratio,0.4,22,engagement_g00_d2.0,3009,161,270685.168429,17024.246281,105.740660,659456,4096.000000,279197.291570,287709.414710,304733.660991
ambiguity,dominant_peer_ratio,0.4,22,engagement_g00_d5.0,3009,120,299872.784762,12673.781253,105.614844,491520,4096.000000,306209.675389,312546.566015,325220.347268
ambiguity,dominant_peer_ratio,0.4,22,engagement_g00_d10.0,3009,30,317817.051040,2915.658926,97.188631,122880,4096.000000,319274.880503,320732.709966,323648.368892
ambiguity,dominant_peer_ratio,0.4,22,engagement_g05_d0.0,3009,122,270545.010289,13367.418009,109.569000,499712,4096.000000,277228.719294,283912.428298,297279.846307
ambiguity,dominant_peer_ratio,0.4,22,engagement_g05_d0.25,3009,117,270563.193294,12649.062225,108.111643,479232,4096.000000,276887.724407,283212.255519,295861.317744
ambiguity,dominant_peer_ratio,0.4,22,engagement_g05_d0.5,3009,115,271736.722390,12407.547155,107.891714,471040,4096.000000,277940.495968,284144.269545,296551.816700
ambiguity,dominant_peer_ratio,0.4,22,engagement_g05_d1.0,3009,113,272575.563503,12039.132855,106.540999,462848,4096.000000,278595.129931,284614.696358,296653.829213
ambiguity,dominant_peer_ratio,0.4,22,engagement_g05_d2.0,3009,108,278592.462289,11398.426434,105.540985,442368,4096.000000,284291.675506,289990.888723,301389.315157
ambiguity,dominant_peer_ratio,0.4,22,engagement_g05_d5.0,3009,72,294979.747628,7582.531014,105.312931,294912,4096.000000,298771.013135,302562.278642,310144.809656
ambiguity,dominant_peer_ratio,0.4,22,engagement_g05_d10.0,3009,3,309309.952342,302.076539,100.692180,12288,4096.000000,309460.990611,309612.028881,309914.105420
ambiguity,dominant_peer_ratio,0.4,22,oracle_a1,3009,1546,72104.420202,38832.252578,25.117887,6332416,4096.000000,91520.546491,110936.672780,149768.925358
ambiguity,dominant_peer_ratio,0.4,22,oracle_a0.5,3009,2153,44610.701368,80527.885255,37.402641,8818688,4096.000000,84874.643995,125138.586623,205666.471878
ambiguity,dominant_peer_ratio,0.4,22,oracle_a2,3009,1039,96453.544650,20973.627888,20.186360,4255744,4096.000000,106940.358594,117427.172538,138400.800426
ambiguity,dominant_peer_ratio,0.4,23,static,3060,0,312789.849872,0.000000,,0,,312789.849872,312789.849872,312789.849872
ambiguity,dominant_peer_ratio,0.4,23,nearest,3060,5,287138.371921,496.613844,99.322769,20480,4096.000000,287386.678843,287634.985765,288131.599609
ambiguity,dominant_peer_ratio,0.4,23,naive_target_aware,3060,370,241443.854948,39838.330050,107.671162,1515520,4096.000000,261363.019973,281282.184998,321120.515048
ambiguity,dominant_peer_ratio,0.4,23,engagement_g00_d0.0,3060,370,241443.854948,39838.330050,107.671162,1515520,4096.000000,261363.019973,281282.184998,321120.515048
ambiguity,dominant_peer_ratio,0.4,23,engagement_g00_d0.25,3060,234,249563.408016,26254.149829,112.197221,958464,4096.000000,262690.482930,275817.557845,302071.707674
ambiguity,dominant_peer_ratio,0.4,23,engagement_g00_d0.5,3060,213,253052.265551,23952.461959,112.452873,872448,4096.000000,265028.496530,277004.727510,300957.189469
ambiguity,dominant_peer_ratio,0.4,23,engagement_g00_d1.0,3060,187,255620.809609,20576.503223,110.034777,765952,4096.000000,265909.061220,276197.312832,296773.816055
ambiguity,dominant_peer_ratio,0.4,23,engagement_g00_d2.0,3060,159,267788.302701,17273.864601,108.640658,651264,4096.000000,276425.235001,285062.167302,302336.031903
ambiguity,dominant_peer_ratio,0.4,23,engagement_g00_d5.0,3060,122,295043.019857,12496.051275,102.426650,499712,4096.000000,301291.045494,307539.071132,320035.122407
ambiguity,dominant_peer_ratio,0.4,23,engagement_g00_d10.0,3060,34,312360.741010,3401.711231,100.050330,139264,4096.000000,314061.596625,315762.452241,319164.163472
ambiguity,dominant_peer_ratio,0.4,23,engagement_g05_d0.0,3060,112,276500.372972,11201.209796,100.010802,458752,4096.000000,282100.977870,287701.582768,298902.792564
ambiguity,dominant_peer_ratio,0.4,23,engagement_g05_d0.25,3060,109,277075.979738,10930.500491,100.279821,446464,4096.000000,282541.229983,288006.480229,298936.980720
ambiguity,dominant_peer_ratio,0.4,23,engagement_g05_d0.5,3060,109,277977.998675,10930.500491,100.279821,446464,4096.000000,283443.248920,288908.499166,299838.999657
ambiguity,dominant_peer_ratio,0.4,23,engagement_g05_d1.0,3060,107,278133.451949,10676.402114,99.779459,438272,4096.000000,283471.653006,288809.854063,299486.256177
ambiguity,dominant_peer_ratio,0.4,23,engagement_g05_d2.0,3060,103,281956.358636,10505.650552,101.996607,421888,4096.000000,287209.183912,292462.009188,302967.659740
ambiguity,dominant_peer_ratio,0.4,23,engagement_g05_d5.0,3060,74,297817.915110,7304.594815,98.710741,303104,4096.000000,301470.212517,305122.509925,312427.104740
ambiguity,dominant_peer_ratio,0.4,23,engagement_g05_d10.0,3060,7,326624.158159,751.410088,107.344298,28672,4096.000000,326999.863203,327375.568247,328126.978335
ambiguity,dominant_peer_ratio,0.4,23,oracle_a1,3060,1355,73694.191056,39409.829462,29.084745,5550080,4096.000000,93399.105787,113104.020518,152513.849980
ambiguity,dominant_peer_ratio,0.4,23,oracle_a0.5,3060,2108,44476.949487,83356.279763,39.542827,8634368,4096.000000,86155.089368,127833.229250,211189.509013
ambiguity,dominant_peer_ratio,0.4,23,oracle_a2,3060,797,100655.873222,20104.857487,25.225668,3264512,4096.000000,110708.301965,120760.730709,140865.588196
ambiguity,dominant_peer_ratio,0.4,24,static,2894,0,283791.615725,0.000000,,0,,283791.615725,283791.615725,283791.615725
ambiguity,dominant_peer_ratio,0.4,24,nearest,2894,44,283227.237581,2513.103998,57.116000,180224,4096.000000,284483.789580,285740.341579,288253.445577
ambiguity,dominant_peer_ratio,0.4,24,naive_target_aware,2894,357,230018.658204,37047.526633,103.774584,1462272,4096.000000,248542.421520,267066.184837,304113.711470
ambiguity,dominant_peer_ratio,0.4,24,engagement_g00_d0.0,2894,357,230018.658204,37047.526633,103.774584,1462272,4096.000000,248542.421520,267066.184837,304113.711470
ambiguity,dominant_peer_ratio,0.4,24,engagement_g00_d0.25,2894,227,235821.679572,23910.137946,105.331004,929792,4096.000000,247776.748545,259731.817518,283641.955464
ambiguity,dominant_peer_ratio,0.4,24,engagement_g00_d0.5,2894,212,238711.222037,22409.493490,105.705158,868352,4096.000000,249915.968782,261120.715527,283530.209017
ambiguity,dominant_peer_ratio,0.4,24,engagement_g00_d1.0,2894,188,244135.802997,20584.894300,109.494119,770048,4096.000000,254428.250147,264720.697297,285305.591597
ambiguity,dominant_peer_ratio,0.4,24,engagement_g00_d2.0,2894,161,258105.198357,17611.746441,109.389729,659456,4096.000000,266911.071577,275716.944798,293328.691239
ambiguity,dominant_peer_ratio,0.4,24,engagement_g00_d5.0,2894,124,283093.041086,13931.338630,112.349505,507904,4096.000000,290058.710401,297024.379716,310955.718346
ambiguity,dominant_peer_ratio,0.4,24,engagement_g00_d10.0,2894,33,284258.883712,3260.187038,98.793547,135168,4096.000000,285888.977231,287519.070750,290779.257788
ambiguity,dominant_peer_ratio,0.4,24,engagement_g05_d0.0,2894,117,263491.958236,12932.681018,110.535735,479232,4096.000000,269958.298745,276424.639254,289357.320272
ambiguity,dominant_peer_ratio,0.4,24,engagement_g05_d0.25,2894,114,263445.928734,12638.280111,110.862106,466944,4096.000000,269765.068789,276084.208845,288722.488956
ambiguity,dominant_peer_ratio,0.4,24,engagement_g05_d0.5,2894,114,264259.942376,12638.280111,110.862106,466944,4096.000000,270579.082431,276898.222487,289536.502598
ambiguity,dominant_peer_ratio,0.4,24,engagement_g05_d1.0,2894,114,265755.893605,12638.280111,110.862106,466944,4096.000000,272075.033660,278394.173716,291032.453827
ambiguity,dominant_peer_ratio,0.4,24,engagement_g05_d2.0,2894,105,269893.602685,11618.060285,110.648193,430080,4096.000000,275702.632827,281511.662970,293129.723255
ambiguity,dominant_peer_ratio,0.4,24,engagement_g05_d5.0,2894,64,274470.087689,6740.396539,105.318696,262144,4096.000000,277840.285958,281210.484228,287950.880767
ambiguity,dominant_peer_ratio,0.4,24,engagement_g05_d10.0,2894,5,289321.952396,499.284957,99.856991,20480,4096.000000,289571.594874,289821.237353,290320.522310
ambiguity,dominant_peer_ratio,0.4,24,oracle_a1,2894,1303,76187.841497,40964.202303,31.438375,5337088,4096.000000,96669.942648,117152.043800,158116.246103
ambiguity,dominant_peer_ratio,0.4,24,oracle_a0.5,2894,2089,42005.700386,91537.176961,43.818658,8556544,4096.000000,87774.288867,133542.877347,225080.054308
ambiguity,dominant_peer_ratio,0.4,24,oracle_a2,2894,759,104711.479750,20537.622291,27.058791,3108864,4096.000000,114980.290895,125249.102041,145786.724332
ambiguity,dominant_peer_ratio,0.4,25,static,2903,0,286187.887923,0.000000,,0,,286187.887923,286187.887923,286187.887923
ambiguity,dominant_peer_ratio,0.4,25,nearest,2903,5,275766.872079,444.651086,88.930217,20480,4096.000000,275989.197622,276211.523165,276656.174251
ambiguity,dominant_peer_ratio,0.4,25,naive_target_aware,2903,383,232608.647229,40654.452278,106.147395,1568768,4096.000000,252935.873368,273263.099507,313917.551785
ambiguity,dominant_peer_ratio,0.4,25,engagement_g00_d0.0,2903,383,232608.647229,40654.452278,106.147395,1568768,4096.000000,252935.873368,273263.099507,313917.551785
ambiguity,dominant_peer_ratio,0.4,25,engagement_g00_d0.25,2903,247,244398.880506,27260.296223,110.365572,1011712,4096.000000,258029.028618,271659.176729,298919.472952
ambiguity,dominant_peer_ratio,0.4,25,engagement_g00_d0.5,2903,233,245558.271007,25708.308154,110.336086,954368,4096.000000,258412.425084,271266.579161,296974.887315
ambiguity,dominant_peer_ratio,0.4,25,engagement_g00_d1.0,2903,212,250307.502441,23595.872922,111.301287,868352,4096.000000,262105.438902,273903.375363,297499.248285
ambiguity,dominant_peer_ratio,0.4,25,engagement_g00_d2.0,2903,175,266144.247723,20036.233823,114.492765,716800,4096.000000,276162.364635,286180.481546,306216.715369
ambiguity,dominant_peer_ratio,0.4,25,engagement_g00_d5.0,2903,118,289216.678521,13217.876557,112.015903,483328,4096.000000,295825.616800,302434.555078,315652.431635
ambiguity,dominant_peer_ratio,0.4,25,engagement_g00_d10.0,2903,33,301196.760823,4059.837707,123.025385,135168,4096.000000,303226.679677,305256.598530,309316.436237
ambiguity,dominant_peer_ratio,0.4,25,engagement_g05_d0.0,2903,108,274127.543319,11988.339155,111.003140,442368,4096.000000,280121.712897,286115.882474,298104.221629
ambiguity,dominant_peer_ratio,0.4,25,engagement_g05_d0.25,2903,104,275032.321590,11889.365992,114.320827,425984,4096.000000,280977.004586,286921.687582,298811.053574
ambiguity,dominant_peer_ratio,0.4,25,engagement_g05_d0.5,2903,104,275441.696236,11889.365992,114.320827,425984,4096.000000,281386.379232,287331.062228,299220.428220
ambiguity,dominant_peer_ratio,0.4,25,engagement_g05_d1.0,2903,103,278216.597357,11803.131039,114.593505,421888,4096.000000,284118.162877,290019.728396,301822.859435
ambiguity,dominant_peer_ratio,0.4,25,engagement_g05_d2.0,2903,96,286699.157519,11198.153177,116.647429,393216,4096.000000,292298.234108,297897.310696,309095.463873
ambiguity,dominant_peer_ratio,0.4,25,engagement_g05_d5.0,2903,69,316235.133091,8444.312495,122.381341,282624,4096.000000,320457.289339,324679.445586,333123.758081
ambiguity,dominant_peer_ratio,0.4,25,engagement_g05_d10.0,2903,5,284553.184449,402.474778,80.494956,20480,4096.000000,284754.421838,284955.659227,285358.134005
ambiguity,dominant_peer_ratio,0.4,25,oracle_a1,2903,1307,73105.897148,38527.448130,29.477772,5353472,4096.000000,92369.621213,111633.345278,150160.793408
ambiguity,dominant_peer_ratio,0.4,25,oracle_a0.5,2903,2074,42265.767824,84482.720492,40.734195,8495104,4096.000000,84507.128070,126748.488316,211231.208808
ambiguity,dominant_peer_ratio,0.4,25,oracle_a2,2903,859,99340.642485,19735.229661,22.974656,3518464,4096.000000,109208.257316,119075.872146,138811.101807
ambiguity,dominant_peer_ratio,0.4,26,static,3057,0,330741.691371,0.000000,,0,,330741.691371,330741.691371,330741.691371
ambiguity,dominant_peer_ratio,0.4,26,nearest,3057,4,341033.628068,430.321639,107.580410,16384,4096.000000,341248.788888,341463.949707,341894.271346
ambiguity,dominant_peer_ratio,0.4,26,naive_target_aware,3057,371,255748.973775,40260.998221,108.520211,1519616,4096.000000,275879.472885,296009.971996,336270.970217
ambiguity,dominant_peer_ratio,0.4,26,engagement_g00_d0.0,3057,371,255748.973775,40260.998221,108.520211,1519616,4096.000000,275879.472885,296009.971996,336270.970217
ambiguity,dominant_peer_ratio,0.4,26,engagement_g00_d0.25,3057,240,264045.124201,25950.724823,108.128020,983040,4096.000000,277020.486612,289995.849024,315946.573847
ambiguity,dominant_peer_ratio,0.4,26,engagement_g00_d0.5,3057,225,265557.180051,24180.904853,107.470688,921600,4096.000000,277647.632477,289738.084904,313918.989757
ambiguity,dominant_peer_ratio,0.4,26,engagement_g00_d1.0,3057,199,268719.163254,20619.097504,103.613555,815104,4096.000000,279028.712006,289338.260758,309957.358262
ambiguity,dominant_peer_ratio,0.4,26,engagement_g00_d2.0,3057,167,283206.679610,18725.541043,112.128988,684032,4096.000000,292569.450132,301932.220653,320657.761696
ambiguity,dominant_peer_ratio,0.4,26,engagement_g00_d5.0,3057,118,315634.754540,12844.310982,108.850093,483328,4096.000000,322056.910031,328479.065522,341323.376504
ambiguity,dominant_peer_ratio,0.4,26,engagement_g00_d10.0,3057,33,315887.492180,2949.186722,89.369295,135168,4096.000000,317362.085541,318836.678902,321785.865624
ambiguity,dominant_peer_ratio,0.4,26,engagement_g05_d0.0,3057,109,284772.169312,11522.622020,105.712129,446464,4096.000000,290533.480322,296294.791332,307817.413352
ambiguity,dominant_peer_ratio,0.4,26,engagement_g05_d0.25,3057,104,286204.792452,11270.018241,108.365560,425984,4096.000000,291839.801572,297474.810693,308744.828934
ambiguity,dominant_peer_ratio,0.4,26,engagement_g05_d0.5,3057,104,286795.573792,11270.018241,108.365560,425984,4096.000000,292430.582912,298065.592033,309335.610274
ambiguity,dominant_peer_ratio,0.4,26,engagement_g05_d1.0,3057,98,288249.941259,10456.182101,106.695736,401408,4096.000000,293478.032309,298706.123360,309162.305461
ambiguity,dominant_peer_ratio,0.4,26,engagement_g05_d2.0,3057,94,297632.407271,10029.842413,106.700451,385024,4096.000000,302647.328478,307662.249684,317692.092097
ambiguity,dominant_peer_ratio,0.4,26,engagement_g05_d5.0,3057,55,326707.869140,5863.752089,106.613674,225280,4096.000000,329639.745185,332571.621229,338435.373318
ambiguity,dominant_peer_ratio,0.4,26,engagement_g05_d10.0,3057,3,342181.904487,531.848404,177.282801,12288,4096.000000,342447.828689,342713.752891,343245.601295
ambiguity,dominant_peer_ratio,0.4,26,oracle_a1,3057,1479,77531.736433,39601.400807,26.775795,6057984,4096.000000,97332.436836,117133.137240,156734.538047
ambiguity,dominant_peer_ratio,0.4,26,oracle_a0.5,3057,2169,50137.169720,79915.784243,36.844529,8884224,4096.000000,90095.061842,130052.953963,209968.738206
ambiguity,dominant_peer_ratio,0.4,26,oracle_a2,3057,974,102352.137941,22116.709090,22.707094,3989504,4096.000000,113410.492486,124468.847031,146585.556121
ambiguity,dominant_peer_ratio,0.4,27,static,2968,0,310717.899562,0.000000,,0,,310717.899562,310717.899562,310717.899562
ambiguity,dominant_peer_ratio,0.4,27,nearest,2968,18,305462.922461,1726.305104,95.905839,73728,4096.000000,306326.075013,307189.227565,308915.532669
ambiguity,dominant_peer_ratio,0.4,27,naive_target_aware,2968,376,242624.043717,41563.209536,110.540451,1540096,4096.000000,263405.648485,284187.253253,325750.462789
ambiguity,dominant_peer_ratio,0.4,27,engagement_g00_d0.0,2968,376,242624.043717,41563.209536,110.540451,1540096,4096.000000,263405.648485,284187.253253,325750.462789
ambiguity,dominant_peer_ratio,0.4,27,engagement_g00_d0.25,2968,239,250621.887758,26958.564934,112.797343,978944,4096.000000,264101.170225,277580.452692,304539.017626
ambiguity,dominant_peer_ratio,0.4,27,engagement_g00_d0.5,2968,222,253992.801699,25224.772225,113.625100,909312,4096.000000,266605.187812,279217.573924,304442.346149
ambiguity,dominant_peer_ratio,0.4,27,engagement_g00_d1.0,2968,202,258440.484173,22397.752811,110.879964,827392,4096.000000,269639.360579,280838.236984,303235.989795
ambiguity,dominant_peer_ratio,0.4,27,engagement_g00_d2.0,2968,165,266375.780447,17565.962533,106.460379,675840,4096.000000,275158.761714,283941.742980,301507.705513
ambiguity,dominant_peer_ratio,0.4,27,engagement_g00_d5.0,2968,120,297784.836842,13397.114712,111.642623,491520,4096.000000,304483.394198,311181.951554,324579.066266
ambiguity,dominant_peer_ratio,0.4,27,engagement_g00_d10.0,2968,30,317066.650721,3531.729190,117.724306,122880,4096.000000,318832.515316,320598.379911,324130.109101
ambiguity,dominant_peer_ratio,0.4,27,engagement_g05_d0.0,2968,106,265738.042663,11345.667798,107.034602,434176,4096.000000,271410.876562,277083.710461,288429.378259
ambiguity,dominant_peer_ratio,0.4,27,engagement_g05_d0.25,2968,101,267138.654184,10808.465402,107.014509,413696,4096.000000,272542.886885,277947.119586,288755.584988
ambiguity,dominant_peer_ratio,0.4,27,engagement_g05_d0.5,2968,101,267255.034805,10808.465402,107.014509,413696,4096.000000,272659.267506,278063.500207,288871.965609
ambiguity,dominant_peer_ratio,0.4,27,engagement_g05_d1.0,2968,100,269197.147605,10716.092903,107.160929,409600,4096.000000,274555.194057,279913.240508,290629.333411
ambiguity,dominant_peer_ratio,0.4,27,engagement_g05_d2.0,2968,96,277708.545830,10172.162152,105.960022,393216,4096.000000,282794.626906,287880.707982,298052.870134
ambiguity,dominant_peer_ratio,0.4,27,engagement_g05_d5.0,2968,63,298497.890909,6589.585266,104.596592,258048,4096.000000,301792.683542,305087.476175,311677.061441
ambiguity,dominant_peer_ratio,0.4,27,engagement_g05_d10.0,2968,1,311627.556482,84.099841,84.099841,4096,4096.000000,311669.606403,311711.656323,311795.756164
ambiguity,dominant_peer_ratio,0.4,27,oracle_a1,2968,1332,75870.925758,38291.473463,28.747352,5455872,4096.000000,95016.662489,114162.399221,152453.872684
ambiguity,dominant_peer_ratio,0.4,27,oracle_a0.5,2968,2111,45016.806862,84967.971932,40.250105,8646656,4096.000000,87500.792828,129984.778794,214952.750726
ambiguity,dominant_peer_ratio,0.4,27,oracle_a2,2968,852,99645.408882,20616.025244,24.197213,3489792,4096.000000,109953.421504,120261.434126,140877.459370
ambiguity,dominant_peer_ratio,0.4,28,static,3014,0,343186.781905,0.000000,,0,,343186.781905,343186.781905,343186.781905
ambiguity,dominant_peer_ratio,0.4,28,nearest,3014,14,330385.354959,1368.413416,97.743815,57344,4096.000000,331069.561667,331753.768375,333122.181791
ambiguity,dominant_peer_ratio,0.4,28,naive_target_aware,3014,384,245071.522689,42148.800073,109.762500,1572864,4096.000000,266145.922726,287220.322762,329369.122835
ambiguity,dominant_peer_ratio,0.4,28,engagement_g00_d0.0,3014,384,245071.522689,42148.800073,109.762500,1572864,4096.000000,266145.922726,287220.322762,329369.122835
ambiguity,dominant_peer_ratio,0.4,28,engagement_g00_d0.25,3014,249,249495.082460,27946.087752,112.233284,1019904,4096.000000,263468.126336,277441.170212,305387.257964
ambiguity,dominant_peer_ratio,0.4,28,engagement_g00_d0.5,3014,240,253126.405070,27132.034747,113.050145,983040,4096.000000,266692.422444,280258.439817,307390.474564
ambiguity,dominant_peer_ratio,0.4,28,engagement_g00_d1.0,3014,211,260317.762835,24263.487804,114.992833,864256,4096.000000,272449.506737,284581.250639,308844.738443
ambiguity,dominant_peer_ratio,0.4,28,engagement_g00_d2.0,3014,168,270695.708956,18865.434060,112.294250,688128,4096.000000,280128.425986,289561.143016,308426.577076
ambiguity,dominant_peer_ratio,0.4,28,engagement_g00_d5.0,3014,116,302244.764496,12549.784944,108.187801,475136,4096.000000,308519.656968,314794.549440,327344.334384
ambiguity,dominant_peer_ratio,0.4,28,engagement_g00_d10.0,3014,25,320860.355088,2555.146886,102.205875,102400,4096.000000,322137.928531,323415.501974,325970.648860
ambiguity,dominant_peer_ratio,0.4,28,engagement_g05_d0.0,3014,106,283715.275980,12171.041725,114.821148,434176,4096.000000,289800.796843,295886.317705,308057.359430
ambiguity,dominant_peer_ratio,0.4,28,engagement_g05_d0.25,3014,102,283595.031995,11689.842751,114.606301,417792,4096.000000,289439.953371,295284.874746,306974.717497
ambiguity,dominant_peer_ratio,0.4,28,engagement_g05_d0.5,3014,100,284823.724528,11425.435118,114.254351,409600,4096.000000,290536.442087,296249.159646,307674.594764
ambiguity,dominant_peer_ratio,0.4,28,engagement_g05_d1.0,3014,98,288598.636131,11292.085963,115.225367,401408,4096.000000,294244.679113,299890.722094,311182.808057
ambiguity,dominant_peer_ratio,0.4,28,engagement_g05_d2.0,3014,93,293911.661811,10350.544182,111.296174,380928,4096.000000,299086.933902,304262.205993,314612.750175
ambiguity,dominant_peer_ratio,0.4,28,engagement_g05_d5.0,3014,64,320772.007738,7598.401782,118.725028,262144,4096.000000,324571.208629,328370.409520,335968.811302
ambiguity,dominant_peer_ratio,0.4,28,engagement_g05_d10.0,3014,5,343342.060754,528.091299,105.618260,20480,4096.000000,343606.106404,343870.152053,344398.243352
ambiguity,dominant_peer_ratio,0.4,28,oracle_a1,3014,1459,69944.075806,35622.189150,24.415483,5976064,4096.000000,87755.170381,105566.264956,141188.454106
ambiguity,dominant_peer_ratio,0.4,28,oracle_a0.5,3014,2157,43434.383148,75804.452794,35.143464,8835072,4096.000000,81336.609545,119238.835942,195043.288736
ambiguity,dominant_peer_ratio,0.4,28,oracle_a2,3014,917,94919.758979,17158.557887,18.711623,3756032,4096.000000,103499.037923,112078.316866,129236.874753
ambiguity,dominant_peer_ratio,0.4,29,static,3063,0,288445.353691,0.000000,,0,,288445.353691,288445.353691,288445.353691
ambiguity,dominant_peer_ratio,0.4,29,nearest,3063,4,286864.695577,352.543663,88.135916,16384,4096.000000,287040.967408,287217.239240,287569.782903
ambiguity,dominant_peer_ratio,0.4,29,naive_target_aware,3063,377,231088.495182,37169.898220,98.593894,1544192,4096.000000,249673.444292,268258.393402,305428.291622
ambiguity,dominant_peer_ratio,0.4,29,engagement_g00_d0.0,3063,377,231088.495182,37169.898220,98.593894,1544192,4096.000000,249673.444292,268258.393402,305428.291622
ambiguity,dominant_peer_ratio,0.4,29,engagement_g00_d0.25,3063,227,239352.779392,22869.346038,100.746018,929792,4096.000000,250787.452411,262222.125430,285091.471468
ambiguity,dominant_peer_ratio,0.4,29,engagement_g00_d0.5,3063,210,239882.745384,20626.803277,98.222873,860160,4096.000000,250196.147022,260509.548661,281136.351938
ambiguity,dominant_peer_ratio,0.4,29,engagement_g00_d1.0,3063,185,247859.860800,18970.070600,102.540922,757760,4096.000000,257344.896100,266829.931400,285800.002000
ambiguity,dominant_peer_ratio,0.4,29,engagement_g00_d2.0,3063,158,259075.629089,16405.652966,103.833247,647168,4096.000000,267278.455572,275481.282055,291886.935021
ambiguity,dominant_peer_ratio,0.4,29,engagement_g00_d5.0,3063,129,291016.947915,13139.542428,101.856918,528384,4096.000000,297586.719129,304156.490343,317296.032771
ambiguity,dominant_peer_ratio,0.4,29,engagement_g00_d10.0,3063,29,297270.913828,2877.029182,99.207903,118784,4096.000000,298709.428419,300147.943010,303024.972192
ambiguity,dominant_peer_ratio,0.4,29,engagement_g05_d0.0,3063,123,268449.632417,13201.846871,107.332088,503808,4096.000000,275050.555853,281651.479288,294853.326159
ambiguity,dominant_peer_ratio,0.4,29,engagement_g05_d0.25,3063,120,269679.730535,12758.360165,106.319668,491520,4096.000000,276058.910618,282438.090700,295196.450865
ambiguity,dominant_peer_ratio,0.4,29,engagement_g05_d0.5,3063,119,270275.371300,12508.064922,105.109789,487424,4096.000000,276529.403761,282783.436222,295291.501144
ambiguity,dominant_peer_ratio,0.4,29,engagement_g05_d1.0,3063,117,272110.811552,12292.700754,105.065818,479232,4096.000000,278257.161929,284403.512306,296696.213060
ambiguity,dominant_peer_ratio,0.4,29,engagement_g05_d2.0,3063,109,280070.583198,11289.129211,103.569993,446464,4096.000000,285715.147804,291359.712409,302648.841620
ambiguity,dominant_peer_ratio,0.4,29,engagement_g05_d5.0,3063,77,298552.210519,8495.705842,110.333842,315392,4096.000000,302800.063440,307047.916361,315543.622203
ambiguity,dominant_peer_ratio,0.4,29,engagement_g05_d10.0,3063,6,292587.487760,656.579507,109.429918,24576,4096.000000,292915.777513,293244.067267,293900.646774
ambiguity,dominant_peer_ratio,0.4,29,oracle_a1,3063,1401,70593.058297,32968.534529,23.532145,5738496,4096.000000,87077.325562,103561.592826,136530.127355
ambiguity,dominant_peer_ratio,0.4,29,oracle_a0.5,3063,2097,44551.680633,72708.105359,34.672439,8589312,4096.000000,80905.733313,117259.785992,189967.891351
ambiguity,dominant_peer_ratio,0.4,29,oracle_a2,3063,952,91667.778873,17658.350939,18.548688,3899392,4096.000000,100496.954342,109326.129812,126984.480751
ambiguity,dominant_peer_ratio,0.4,30,static,2933,0,303706.483596,0.000000,,0,,303706.483596,303706.483596,303706.483596
ambiguity,dominant_peer_ratio,0.4,30,nearest,2933,12,289290.500937,1199.928233,99.994019,49152,4096.000000,289890.465054,290490.429170,291690.357403
ambiguity,dominant_peer_ratio,0.4,30,naive_target_aware,2933,361,250165.230521,40888.605639,113.264836,1478656,4096.000000,270609.533340,291053.836160,331942.441799
ambiguity,dominant_peer_ratio,0.4,30,engagement_g00_d0.0,2933,361,250165.230521,40888.605639,113.264836,1478656,4096.000000,270609.533340,291053.836160,331942.441799
ambiguity,dominant_peer_ratio,0.4,30,engagement_g00_d0.25,2933,265,262012.124755,30510.210790,115.132871,1085440,4096.000000,277267.230150,292522.335545,323032.546335
ambiguity,dominant_peer_ratio,0.4,30,engagement_g00_d0.5,2933,248,264274.782169,28701.069599,115.730119,1015808,4096.000000,278625.316968,292975.851768,321676.921367
ambiguity,dominant_peer_ratio,0.4,30,engagement_g00_d1.0,2933,215,269919.540140,25760.591049,119.816703,880640,4096.000000,282799.835664,295680.131189,321440.722238
ambiguity,dominant_peer_ratio,0.4,30,engagement_g00_d2.0,2933,173,279395.887077,21075.844499,121.825691,708608,4096.000000,289933.809326,300471.731576,321547.576075
ambiguity,dominant_peer_ratio,0.4,30,engagement_g00_d5.0,2933,110,323966.678227,14163.877965,128.762527,450560,4096.000000,331048.617209,338130.556192,352294.434157
ambiguity,dominant_peer_ratio,0.4,30,engagement_g00_d10.0,2933,25,322316.023137,3223.293187,128.931727,102400,4096.000000,323927.669730,325539.316324,328762.609511
ambiguity,dominant_peer_ratio,0.4,30,engagement_g05_d0.0,2933,105,287305.825131,12127.607998,115.501029,430080,4096.000000,293369.629130,299433.433129,311561.041127
ambiguity,dominant_peer_ratio,0.4,30,engagement_g05_d0.25,2933,105,288790.158573,12127.607998,115.501029,430080,4096.000000,294853.962572,300917.766571,313045.374569
ambiguity,dominant_peer_ratio,0.4,30,engagement_g05_d0.5,2933,105,289048.871947,12127.607998,115.501029,430080,4096.000000,295112.675946,301176.479945,313304.087943
ambiguity,dominant_peer_ratio,0.4,30,engagement_g05_d1.0,2933,103,291653.258925,11904.496952,115.577640,421888,4096.000000,297605.507401,303557.755877,315462.252829
ambiguity,dominant_peer_ratio,0.4,30,engagement_g05_d2.0,2933,93,303048.143589,11034.663675,118.652298,380928,4096.000000,308565.475426,314082.807264,325117.470939
ambiguity,dominant_peer_ratio,0.4,30,engagement_g05_d5.0,2933,65,328829.768021,7685.218392,118.234129,266240,4096.000000,332672.377217,336514.986413,344200.204805
ambiguity,dominant_peer_ratio,0.4,30,engagement_g05_d10.0,2933,5,308821.742736,848.213666,169.642733,20480,4096.000000,309245.849569,309669.956402,310518.170068
ambiguity,dominant_peer_ratio,0.4,30,oracle_a1,2933,1244,86178.455483,43660.979123,35.097250,5095424,4096.000000,108008.945045,129839.434606,173500.413729
ambiguity,dominant_peer_ratio,0.4,30,oracle_a0.5,2933,2054,48730.285552,100012.427269,48.691542,8413184,4096.000000,98736.499187,148742.712821,248755.140090
ambiguity,dominant_peer_ratio,0.4,30,oracle_a2,2933,715,118551.365507,21033.045960,29.416847,2928640,4096.000000,129067.888487,139584.411467,160617.457427
ambiguity,dominant_peer_ratio,0.3,1,static,3072,0,288119.673824,0.000000,,0,,288119.673824,288119.673824,288119.673824
ambiguity,dominant_peer_ratio,0.3,1,nearest,3072,25,300310.306056,4199.591890,167.983676,102400,4096.000000,302410.102001,304509.897946,308709.489836
ambiguity,dominant_peer_ratio,0.3,1,naive_target_aware,3072,511,249217.208985,48214.121349,94.352488,2093056,4096.000000,273324.269660,297431.330334,345645.451683
ambiguity,dominant_peer_ratio,0.3,1,engagement_g00_d0.0,3072,511,249217.208985,48214.121349,94.352488,2093056,4096.000000,273324.269660,297431.330334,345645.451683
ambiguity,dominant_peer_ratio,0.3,1,engagement_g00_d0.25,3072,294,251001.342841,28172.950415,95.826362,1204224,4096.000000,265087.818049,279174.293256,307347.243671
ambiguity,dominant_peer_ratio,0.3,1,engagement_g00_d0.5,3072,275,252686.435058,25690.379392,93.419561,1126400,4096.000000,265531.624754,278376.814450,304067.193842
ambiguity,dominant_peer_ratio,0.3,1,engagement_g00_d1.0,3072,234,253002.426691,21539.088780,92.047388,958464,4096.000000,263771.971081,274541.515471,296080.604251
ambiguity,dominant_peer_ratio,0.3,1,engagement_g00_d2.0,3072,187,256859.213369,17083.766515,91.357040,765952,4096.000000,265401.096627,273942.979884,291026.746399
ambiguity,dominant_peer_ratio,0.3,1,engagement_g00_d5.0,3072,87,275229.830501,7395.058464,85.000672,356352,4096.000000,278927.359733,282624.888965,290019.947429
ambiguity,dominant_peer_ratio,0.3,1,engagement_g00_d10.0,3072,16,309910.082000,1441.443123,90.090195,65536,4096.000000,310630.803562,311351.525123,312792.968246
ambiguity,dominant_peer_ratio,0.3,1,engagement_g05_d0.0,3072,72,268300.480452,6050.013002,84.027958,294912,4096.000000,271325.486953,274350.493454,280400.506456
ambiguity,dominant_peer_ratio,0.3,1,engagement_g05_d0.25,3072,68,269759.714261,5872.112242,86.354592,278528,4096.000000,272695.770382,275631.826503,281503.938745
ambiguity,dominant_peer_ratio,0.3,1,engagement_g05_d0.5,3072,66,268989.296302,5767.253233,87.382625,270336,4096.000000,271872.922919,274756.549535,280523.802768
ambiguity,dominant_peer_ratio,0.3,1,engagement_g05_d1.0,3072,64,270527.859991,5472.274481,85.504289,262144,4096.000000,273263.997232,276000.134472,281472.408953
ambiguity,dominant_peer_ratio,0.3,1,engagement_g05_d2.0,3072,58,271450.624986,4870.145354,83.968023,237568,4096.000000,273885.697663,276320.770340,281190.915694
ambiguity,dominant_peer_ratio,0.3,1,engagement_g05_d5.0,3072,26,287383.179107,1876.115667,72.158295,106496,4096.000000,288321.236941,289259.294774,291135.410441
ambiguity,dominant_peer_ratio,0.3,1,engagement_g05_d10.0,3072,1,309235.184389,114.818181,114.818181,4096,4096.000000,309292.593480,309350.002570,309464.820751
ambiguity,dominant_peer_ratio,0.3,1,oracle_a1,3072,1540,75736.139318,40087.260881,26.030689,6307840,4096.000000,95779.769758,115823.400199,155910.661080
ambiguity,dominant_peer_ratio,0.3,1,oracle_a0.5,3072,2303,46555.152086,83936.306382,36.446507,9433088,4096.000000,88523.305277,130491.458468,214427.764850
ambiguity,dominant_peer_ratio,0.3,1,oracle_a2,3072,958,104154.220278,19472.324549,20.326017,3923968,4096.000000,113890.382553,123626.544827,143098.869376
ambiguity,dominant_peer_ratio,0.3,2,static,3076,0,300740.171692,0.000000,,0,,300740.171692,300740.171692,300740.171692
ambiguity,dominant_peer_ratio,0.3,2,nearest,3076,5,277448.147876,505.132572,101.026514,20480,4096.000000,277700.714162,277953.280448,278458.413020
ambiguity,dominant_peer_ratio,0.3,2,naive_target_aware,3076,603,272880.014056,65213.482475,108.148395,2469888,4096.000000,305486.755294,338093.496531,403306.979006
ambiguity,dominant_peer_ratio,0.3,2,engagement_g00_d0.0,3076,603,272880.014056,65213.482475,108.148395,2469888,4096.000000,305486.755294,338093.496531,403306.979006
ambiguity,dominant_peer_ratio,0.3,2,engagement_g00_d0.25,3076,339,279002.017122,36209.731592,106.813368,1388544,4096.000000,297106.882918,315211.748714,351421.480306
ambiguity,dominant_peer_ratio,0.3,2,engagement_g00_d0.5,3076,291,279705.162167,30880.572353,106.118805,1191936,4096.000000,295145.448344,310585.734520,341466.306873
ambiguity,dominant_peer_ratio,0.3,2,engagement_g00_d1.0,3076,244,285120.985820,26666.585336,109.289284,999424,4096.000000,298454.278488,311787.571156,338454.156492
ambiguity,dominant_peer_ratio,0.3,2,engagement_g00_d2.0,3076,171,296781.688160,19031.470245,111.295148,700416,4096.000000,306297.423283,315813.158405,334844.628650
ambiguity,dominant_peer_ratio,0.3,2,engagement_g00_d5.0,3076,89,315985.078959,10231.003420,114.955095,364544,4096.000000,321100.580669,326216.082379,336447.085799
ambiguity,dominant_peer_ratio,0.3,2,engagement_g00_d10.0,3076,11,311124.841697,1083.162445,98.469313,45056,4096.000000,311666.422919,312208.004142,313291.166587
ambiguity,dominant_peer_ratio,0.3,2,engagement_g05_d0.0,3076,69,300824.802361,7761.971547,112.492341,282624,4096.000000,304705.788135,308586.773908,316348.745455
ambiguity,dominant_peer_ratio,0.3,2,engagement_g05_d0.25,3076,66,300681.721932,7582.961069,114.893350,270336,4096.000000,304473.202467,308264.683001,315847.644070
ambiguity,dominant_peer_ratio,0.3,2,engagement_g05_d0.5,3076,65,301034.892563,7429.227929,114.295814,266240,4096.000000,304749.506528,308464.120492,315893.348421
ambiguity,dominant_peer_ratio,0.3,2,engagement_g05_d1.0,3076,63,303231.930007,7068.473689,112.197995,258048,4096.000000,306766.166852,310300.403696,317368.877385
ambiguity,dominant_peer_ratio,0.3,2,engagement_g05_d2.0,3076,55,299770.184870,6494.557167,118.082858,225280,4096.000000,303017.463454,306264.742037,312759.299204
ambiguity,dominant_peer_ratio,0.3,2,engagement_g05_d5.0,3076,31,314437.569680,3813.572819,123.018478,126976,4096.000000,316344.356090,318251.142499,322064.715318
ambiguity,dominant_peer_ratio,0.3,2,engagement_g05_d10.0,3076,2,311168.614386,166.807698,83.403849,8192,4096.000000,311252.018235,311335.422084,311502.229782
ambiguity,dominant_peer_ratio,0.3,2,oracle_a1,3076,1476,83729.590497,39041.917851,26.451164,6045696,4096.000000,103250.549423,122771.508348,161813.426199
ambiguity,dominant_peer_ratio,0.3,2,oracle_a0.5,3076,2341,48771.005664,91552.518910,39.108295,9588736,4096.000000,94547.265119,140323.524574,231876.043484
ambiguity,dominant_peer_ratio,0.3,2,oracle_a2,3076,978,108896.726042,20933.168747,21.404058,4005888,4096.000000,119363.310416,129829.894789,150763.063536
ambiguity,dominant_peer_ratio,0.3,3,static,2993,0,286571.180522,0.000000,,0,,286571.180522,286571.180522,286571.180522
ambiguity,dominant_peer_ratio,0.3,3,nearest,2993,5,278638.927863,366.621124,73.324225,20480,4096.000000,278822.238425,279005.548987,279372.170111
ambiguity,dominant_peer_ratio,0.3,3,naive_target_aware,2993,621,261830.343843,64844.290441,104.419147,2543616,4096.000000,294252.489063,326674.634284,391518.924725
ambiguity,dominant_peer_ratio,0.3,3,engagement_g00_d0.0,2993,621,261830.343843,64844.290441,104.419147,2543616,4096.000000,294252.489063,326674.634284,391518.924725
ambiguity,dominant_peer_ratio,0.3,3,engagement_g00_d0.25,2993,355,265938.980531,36172.806537,101.895230,1454080,4096.000000,284025.383799,302111.787068,338284.593605
ambiguity,dominant_peer_ratio,0.3,3,engagement_g00_d0.5,2993,318,266662.176626,32266.999676,101.468552,1302528,4096.000000,282795.676464,298929.176302,331196.175978
ambiguity,dominant_peer_ratio,0.3,3,engagement_g00_d1.0,2993,271,273566.551922,29039.098907,107.155347,1110016,4096.000000,288086.101375,302605.650829,331644.749736
ambiguity,dominant_peer_ratio,0.3,3,engagement_g00_d2.0,2993,178,278969.795031,18633.372037,104.681865,729088,4096.000000,288286.481049,297603.167068,316236.539105
ambiguity,dominant_peer_ratio,0.3,3,engagement_g00_d5.0,2993,75,290153.007770,7648.903821,101.985384,307200,4096.000000,293977.459680,297801.911591,305450.815412
ambiguity,dominant_peer_ratio,0.3,3,engagement_g00_d10.0,2993,12,294964.566117,1291.643086,107.636924,49152,4096.000000,295610.387660,296256.209203,297547.852289
ambiguity,dominant_peer_ratio,0.3,3,engagement_g05_d0.0,2993,69,283340.691222,7075.116072,102.537914,282624,4096.000000,286878.249258,290415.807294,297490.923366
ambiguity,dominant_peer_ratio,0.3,3,engagement_g05_d0.25,2993,65,283583.713518,6798.234375,104.588221,266240,4096.000000,286982.830705,290381.947893,297180.182268
ambiguity,dominant_peer_ratio,0.3,3,engagement_g05_d0.5,2993,64,283594.394844,6690.905297,104.545395,262144,4096.000000,286939.847492,290285.300141,296976.205438
ambiguity,dominant_peer_ratio,0.3,3,engagement_g05_d1.0,2993,59,283169.787687,6295.943612,106.710909,241664,4096.000000,286317.759493,289465.731299,295761.674911
ambiguity,dominant_peer_ratio,0.3,3,engagement_g05_d2.0,2993,54,281422.495525,5521.020441,102.241119,221184,4096.000000,284183.005745,286943.515966,292464.536407
ambiguity,dominant_peer_ratio,0.3,3,engagement_g05_d5.0,2993,32,290622.962514,3288.165794,102.755181,131072,4096.000000,292267.045411,293911.128308,297199.294102
ambiguity,dominant_peer_ratio,0.3,3,engagement_g05_d10.0,2993,1,285669.284025,25.055421,25.055421,4096,4096.000000,285681.811736,285694.339446,285719.394867
ambiguity,dominant_peer_ratio,0.3,3,oracle_a1,2993,1473,79418.300648,39486.012070,26.806526,6033408,4096.000000,99161.306683,118904.312718,158390.324788
ambiguity,dominant_peer_ratio,0.3,3,oracle_a0.5,2993,2268,47125.181528,88759.657318,39.135651,9289728,4096.000000,91505.010187,135884.838846,224644.496164
ambiguity,dominant_peer_ratio,0.3,3,oracle_a2,2993,1009,102438.490477,22948.396563,22.743703,4132864,4096.000000,113912.688759,125386.887040,148335.283603
ambiguity,dominant_peer_ratio,0.3,4,static,2947,0,300573.144451,0.000000,,0,,300573.144451,300573.144451,300573.144451
ambiguity,dominant_peer_ratio,0.3,4,nearest,2947,4,295781.624104,350.263260,87.565815,16384,4096.000000,295956.755734,296131.887364,296482.150624
ambiguity,dominant_peer_ratio,0.3,4,naive_target_aware,2947,521,255286.923872,51571.397355,98.985408,2134016,4096.000000,281072.622550,306858.321227,358429.718582
ambiguity,dominant_peer_ratio,0.3,4,engagement_g00_d0.0,2947,521,255286.923872,51571.397355,98.985408,2134016,4096.000000,281072.622550,306858.321227,358429.718582
ambiguity,dominant_peer_ratio,0.3,4,engagement_g00_d0.25,2947,314,262414.553376,31724.017104,101.031902,1286144,4096.000000,278276.561928,294138.570480,325862.587584
ambiguity,dominant_peer_ratio,0.3,4,engagement_g00_d0.5,2947,284,263895.557303,28219.127547,99.363125,1163264,4096.000000,278005.121077,292114.684850,320333.812397
ambiguity,dominant_peer_ratio,0.3,4,engagement_g00_d1.0,2947,229,266501.724287,23324.584567,101.854081,937984,4096.000000,278164.016571,289826.308854,313150.893421
ambiguity,dominant_peer_ratio,0.3,4,engagement_g00_d2.0,2947,179,275994.804629,18972.146009,105.989643,733184,4096.000000,285480.877634,294966.950638,313939.096647
ambiguity,dominant_peer_ratio,0.3,4,engagement_g00_d5.0,2947,92,293121.411416,9555.838573,103.867811,376832,4096.000000,297899.330703,302677.249989,312233.088562
ambiguity,dominant_peer_ratio,0.3,4,engagement_g00_d10.0,2947,14,311213.308576,1664.304992,118.878928,57344,4096.000000,312045.461072,312877.613568,314541.918560
ambiguity,dominant_peer_ratio,0.3,4,engagement_g05_d0.0,2947,61,290700.671000,6223.748861,102.028670,249856,4096.000000,293812.545431,296924.419861,303148.168722
ambiguity,dominant_peer_ratio,0.3,4,engagement_g05_d0.25,2947,55,291518.231389,6005.076711,109.183213,225280,4096.000000,294520.769745,297523.308100,303528.384811
ambiguity,dominant_peer_ratio,0.3,4,engagement_g05_d0.5,2947,54,291939.263395,5811.003304,107.611172,221184,4096.000000,294844.765047,297750.266699,303561.270003
ambiguity,dominant_peer_ratio,0.3,4,engagement_g05_d1.0,2947,53,292570.843991,5592.493703,105.518749,217088,4096.000000,295367.090843,298163.337694,303755.831397
ambiguity,dominant_peer_ratio,0.3,4,engagement_g05_d2.0,2947,51,290957.586248,5186.482801,101.695741,208896,4096.000000,293550.827649,296144.069049,301330.551850
ambiguity,dominant_peer_ratio,0.3,4,engagement_g05_d5.0,2947,28,299723.655630,2901.193727,103.614062,114688,4096.000000,301174.252494,302624.849357,305526.043084
ambiguity,dominant_peer_ratio,0.3,4,engagement_g05_d10.0,2947,0,300573.144451,0.000000,,0,,300573.144451,300573.144451,300573.144451
ambiguity,dominant_peer_ratio,0.3,4,oracle_a1,2947,1651,69384.116385,41586.369570,25.188595,6762496,4096.000000,90177.301170,110970.485955,152556.855525
ambiguity,dominant_peer_ratio,0.3,4,oracle_a0.5,2947,2194,45603.978674,77572.978210,35.356872,8986624,4096.000000,84390.467779,123176.956884,200749.935094
ambiguity,dominant_peer_ratio,0.3,4,oracle_a2,2947,1115,95886.635431,22941.695457,20.575512,4567040,4096.000000,107357.483159,118828.330888,141770.026345
ambiguity,dominant_peer_ratio,0.3,5,static,2961,0,307287.143917,0.000000,,0,,307287.143917,307287.143917,307287.143917
ambiguity,dominant_peer_ratio,0.3,5,nearest,2961,6,294770.032471,393.231552,65.538592,24576,4096.000000,294966.648247,295163.264023,295556.495575
ambiguity,dominant_peer_ratio,0.3,5,naive_target_aware,2961,603,266003.263795,64684.045919,107.270391,2469888,4096.000000,298345.286754,330687.309714,395371.355633
ambiguity,dominant_peer_ratio,0.3,5,engagement_g00_d0.0,2961,603,266003.263795,64684.045919,107.270391,2469888,4096.000000,298345.286754,330687.309714,395371.355633
ambiguity,dominant_peer_ratio,0.3,5,engagement_g00_d0.25,2961,351,270135.906332,37775.368836,107.622133,1437696,4096.000000,289023.590750,307911.275168,345686.644004
ambiguity,dominant_peer_ratio,0.3,5,engagement_g00_d0.5,2961,309,272017.919034,33264.301764,107.651462,1265664,4096.000000,288650.069916,305282.220798,338546.522562
ambiguity,dominant_peer_ratio,0.3,5,engagement_g00_d1.0,2961,260,274948.887427,28017.445766,107.759407,1064960,4096.000000,288957.610310,302966.333193,330983.778959
ambiguity,dominant_peer_ratio,0.3,5,engagement_g00_d2.0,2961,178,276316.831118,19301.381109,108.434725,729088,4096.000000,285967.521672,295618.212227,314919.593336
ambiguity,dominant_peer_ratio,0.3,5,engagement_g00_d5.0,2961,77,293046.753053,8591.297253,111.575289,315392,4096.000000,297342.401679,301638.050306,310229.347559
ambiguity,dominant_peer_ratio,0.3,5,engagement_g00_d10.0,2961,11,284088.595869,1383.218609,125.747146,45056,4096.000000,284780.205173,285471.814478,286855.033087
ambiguity,dominant_peer_ratio,0.3,5,engagement_g05_d0.0,2961,62,286810.294940,5930.689054,95.656275,253952,4096.000000,289775.639467,292740.983994,298671.673048
ambiguity,dominant_peer_ratio,0.3,5,engagement_g05_d0.25,2961,58,285936.293852,5396.221030,93.038294,237568,4096.000000,288634.404367,291332.514882,296728.735912
ambiguity,dominant_peer_ratio,0.3,5,engagement_g05_d0.5,2961,58,286578.332184,5396.221030,93.038294,237568,4096.000000,289276.442699,291974.553214,297370.774244
ambiguity,dominant_peer_ratio,0.3,5,engagement_g05_d1.0,2961,56,287822.150471,5174.088102,92.394430,229376,4096.000000,290409.194522,292996.238573,298170.326675
ambiguity,dominant_peer_ratio,0.3,5,engagement_g05_d2.0,2961,52,290899.810432,5105.135219,98.175677,212992,4096.000000,293452.378041,296004.945651,301110.080870
ambiguity,dominant_peer_ratio,0.3,5,engagement_g05_d5.0,2961,28,286228.932940,2582.759990,92.241428,114688,4096.000000,287520.312935,288811.692930,291394.452920
ambiguity,dominant_peer_ratio,0.3,5,engagement_g05_d10.0,2961,2,294520.622956,73.576546,36.788273,8192,4096.000000,294557.411229,294594.199502,294667.776048
ambiguity,dominant_peer_ratio,0.3,5,oracle_a1,2961,1463,77420.494833,42373.214561,28.963236,5992448,4096.000000,98607.102113,119793.709394,162166.923955
ambiguity,dominant_peer_ratio,0.3,5,oracle_a0.5,2961,2224,48914.186873,85994.111576,38.666417,9109504,4096.000000,91911.242661,134908.298449,220902.410025
ambiguity,dominant_peer_ratio,0.3,5,oracle_a2,2961,968,103089.210433,23305.690260,24.076126,3964928,4096.000000,114742.055563,126394.900693,149700.590953
ambiguity,dominant_peer_ratio,0.3,6,static,2952,0,305084.382362,0.000000,,0,,305084.382362,305084.382362,305084.382362
ambiguity,dominant_peer_ratio,0.3,6,nearest,2952,4,324117.805058,295.281344,73.820336,16384,4096.000000,324265.445730,324413.086402,324708.367746
ambiguity,dominant_peer_ratio,0.3,6,naive_target_aware,2952,538,259694.635087,56553.321683,105.117698,2203648,4096.000000,287971.295929,316247.956770,372801.278453
ambiguity,dominant_peer_ratio,0.3,6,engagement_g00_d0.0,2952,538,259694.635087,56553.321683,105.117698,2203648,4096.000000,287971.295929,316247.956770,372801.278453
ambiguity,dominant_peer_ratio,0.3,6,engagement_g00_d0.25,2952,322,262767.486080,34150.995405,106.058992,1318912,4096.000000,279842.983783,296918.481485,331069.476890
ambiguity,dominant_peer_ratio,0.3,6,engagement_g00_d0.5,2952,292,264490.728012,29773.674169,101.964638,1196032,4096.000000,279377.565097,294264.402181,324038.076350
ambiguity,dominant_peer_ratio,0.3,6,engagement_g00_d1.0,2952,252,272042.977340,27002.756582,107.153796,1032192,4096.000000,285544.355631,299045.733922,326048.490504
ambiguity,dominant_peer_ratio,0.3,6,engagement_g00_d2.0,2952,185,280398.929224,19880.084259,107.459915,757760,4096.000000,290338.971354,300279.013483,320159.097742
ambiguity,dominant_peer_ratio,0.3,6,engagement_g00_d5.0,2952,90,284252.023245,8981.855424,99.798394,368640,4096.000000,288742.950957,293233.878669,302215.734093
ambiguity,dominant_peer_ratio,0.3,6,engagement_g00_d10.0,2952,11,289278.823697,1493.389875,135.762716,45056,4096.000000,290025.518635,290772.213572,292265.603447
ambiguity,dominant_peer_ratio,0.3,6,engagement_g05_d0.0,2952,62,273718.121462,6150.181473,99.196475,253952,4096.000000,276793.212199,279868.302935,286018.484408
ambiguity,dominant_peer_ratio,0.3,6,engagement_g05_d0.25,2952,59,272914.579997,5814.992029,98.559187,241664,4096.000000,275822.076012,278729.572026,284544.564055
ambiguity,dominant_peer_ratio,0.3,6,engagement_g05_d0.5,2952,59,273302.671725,5814.992029,98.559187,241664,4096.000000,276210.167740,279117.663754,284932.655783
ambiguity,dominant_peer_ratio,0.3,6,engagement_g05_d1.0,2952,57,274560.566567,5526.820838,96.961769,233472,4096.000000,277323.976986,280087.387405,285614.208243
ambiguity,dominant_peer_ratio,0.3,6,engagement_g05_d2.0,2952,53,281902.711632,5153.700423,97.239631,217088,4096.000000,284479.561844,287056.412055,292210.112478
ambiguity,dominant_peer_ratio,0.3,6,engagement_g05_d5.0,2952,29,290712.147873,3003.977317,103.585425,118784,4096.000000,292214.136532,293716.125190,296720.102507
ambiguity,dominant_peer_ratio,0.3,6,engagement_g05_d10.0,2952,0,305084.382362,0.000000,,0,,305084.382362,305084.382362,305084.382362
ambiguity,dominant_peer_ratio,0.3,6,oracle_a1,2952,1386,75734.560712,37027.868756,26.715634,5677056,4096.000000,94248.495090,112762.429468,149790.298224
ambiguity,dominant_peer_ratio,0.3,6,oracle_a0.5,2952,2247,44799.815072,84572.862778,37.638123,9203712,4096.000000,87086.246461,129372.677850,213945.540628
ambiguity,dominant_peer_ratio,0.3,6,oracle_a2,2952,941,97702.700936,20838.619420,22.145185,3854336,4096.000000,108122.010646,118541.320356,139379.939776
ambiguity,dominant_peer_ratio,0.3,7,static,2971,0,346650.313862,0.000000,,0,,346650.313862,346650.313862,346650.313862
ambiguity,dominant_peer_ratio,0.3,7,nearest,2971,5,316453.591398,470.237830,94.047566,20480,4096.000000,316688.710313,316923.829228,317394.067058
ambiguity,dominant_peer_ratio,0.3,7,naive_target_aware,2971,554,280821.462650,60446.811081,109.109767,2269184,4096.000000,311044.868191,341268.273731,401715.084812
ambiguity,dominant_peer_ratio,0.3,7,engagement_g00_d0.0,2971,554,280821.462650,60446.811081,109.109767,2269184,4096.000000,311044.868191,341268.273731,401715.084812
ambiguity,dominant_peer_ratio,0.3,7,engagement_g00_d0.25,2971,331,284350.917067,37169.332645,112.294056,1355776,4096.000000,302935.583390,321520.249712,358689.582357
ambiguity,dominant_peer_ratio,0.3,7,engagement_g00_d0.5,2971,300,288080.001869,33759.185845,112.530619,1228800,4096.000000,304959.594792,321839.187714,355598.373559
ambiguity,dominant_peer_ratio,0.3,7,engagement_g00_d1.0,2971,258,292316.218749,29328.937216,113.678051,1056768,4096.000000,306980.687357,321645.155965,350974.093181
ambiguity,dominant_peer_ratio,0.3,7,engagement_g00_d2.0,2971,186,298988.604047,20648.260039,111.012151,761856,4096.000000,309312.734067,319636.864086,340285.124125
ambiguity,dominant_peer_ratio,0.3,7,engagement_g00_d5.0,2971,80,315593.648897,9134.232848,114.177911,327680,4096.000000,320160.765321,324727.881745,333862.114593
ambiguity,dominant_peer_ratio,0.3,7,engagement_g00_d10.0,2971,9,339857.490807,1017.037192,113.004132,36864,4096.000000,340366.009403,340874.527999,341891.565191
ambiguity,dominant_peer_ratio,0.3,7,engagement_g05_d0.0,2971,62,315312.286631,7108.848031,114.658839,253952,4096.000000,318866.710647,322421.134662,329529.982693
ambiguity,dominant_peer_ratio,0.3,7,engagement_g05_d0.25,2971,61,315528.148655,6929.599852,113.599998,249856,4096.000000,318992.948581,322457.748507,329387.348359
ambiguity,dominant_peer_ratio,0.3,7,engagement_g05_d0.5,2971,61,317546.708671,6929.599852,113.599998,249856,4096.000000,321011.508597,324476.308523,331405.908375
ambiguity,dominant_peer_ratio,0.3,7,engagement_g05_d1.0,2971,60,317373.252647,6633.954074,110.565901,245760,4096.000000,320690.229684,324007.206721,330641.160795
ambiguity,dominant_peer_ratio,0.3,7,engagement_g05_d2.0,2971,53,316324.661277,6037.942056,113.923435,217088,4096.000000,319343.632305,322362.603333,328400.545389
ambiguity,dominant_peer_ratio,0.3,7,engagement_g05_d5.0,2971,24,318963.551098,2821.996630,117.583193,98304,4096.000000,320374.549413,321785.547728,324607.544358
ambiguity,dominant_peer_ratio,0.3,7,engagement_g05_d10.0,2971,0,346650.313862,0.000000,,0,,346650.313862,346650.313862,346650.313862
ambiguity,dominant_peer_ratio,0.3,7,oracle_a1,2971,1412,94143.611877,50082.077530,35.468893,5783552,4096.000000,119184.650642,144225.689407,194307.766937
ambiguity,dominant_peer_ratio,0.3,7,oracle_a0.5,2971,2242,49018.071916,118731.767785,52.957970,9183232,4096.000000,108383.955808,167749.839701,286481.607486
ambiguity,dominant_peer_ratio,0.3,7,oracle_a2,2971,875,130503.091867,23702.575388,27.088658,3584000,4096.000000,142354.379561,154205.667255,177908.242643
ambiguity,dominant_peer_ratio,0.3,8,static,2983,0,280782.310815,0.000000,,0,,280782.310815,280782.310815,280782.310815
ambiguity,dominant_peer_ratio,0.3,8,nearest,2983,5,290563.353730,463.236040,92.647208,20480,4096.000000,290794.971750,291026.589770,291489.825810
ambiguity,dominant_peer_ratio,0.3,8,naive_target_aware,2983,542,257489.223459,55737.045141,102.835877,2220032,4096.000000,285357.746029,313226.268600,368963.313741
ambiguity,dominant_peer_ratio,0.3,8,engagement_g00_d0.0,2983,542,257489.223459,55737.045141,102.835877,2220032,4096.000000,285357.746029,313226.268600,368963.313741
ambiguity,dominant_peer_ratio,0.3,8,engagement_g00_d0.25,2983,331,258070.378592,31508.549080,95.191991,1355776,4096.000000,273824.653132,289578.927672,321087.476752
ambiguity,dominant_peer_ratio,0.3,8,engagement_g00_d0.5,2983,292,261443.546945,27505.747288,94.197765,1196032,4096.000000,275196.420589,288949.294233,316455.041521
ambiguity,dominant_peer_ratio,0.3,8,engagement_g00_d1.0,2983,235,262368.124610,22260.346135,94.724877,962560,4096.000000,273498.297677,284628.470745,306888.816880
ambiguity,dominant_peer_ratio,0.3,8,engagement_g00_d2.0,2983,176,271440.112220,16931.912902,96.204051,720896,4096.000000,279906.068671,288372.025122,305303.938024
ambiguity,dominant_peer_ratio,0.3,8,engagement_g00_d5.0,2983,93,288211.733070,9032.781912,97.126687,380928,4096.000000,292728.124026,297244.514982,306277.296894
ambiguity,dominant_peer_ratio,0.3,8,engagement_g00_d10.0,2983,14,284712.955942,1426.830658,101.916476,57344,4096.000000,285426.371271,286139.786600,287566.617258
ambiguity,dominant_peer_ratio,0.3,8,engagement_g05_d0.0,2983,69,284708.995109,6647.202609,96.336270,282624,4096.000000,288032.596413,291356.197718,298003.400327
ambiguity,dominant_peer_ratio,0.3,8,engagement_g05_d0.25,2983,64,285403.172914,6015.607728,93.993871,262144,4096.000000,288410.976778,291418.780642,297434.388370
ambiguity,dominant_peer_ratio,0.3,8,engagement_g05_d0.5,2983,63,285078.125824,5928.955496,94.110405,258048,4096.000000,288042.603572,291007.081320,296936.036816
ambiguity,dominant_peer_ratio,0.3,8,engagement_g05_d1.0,2983,63,286053.451047,5928.955496,94.110405,258048,4096.000000,289017.928795,291982.406543,297911.362039
ambiguity,dominant_peer_ratio,0.3,8,engagement_g05_d2.0,2983,60,285089.611849,5661.047828,94.350797,245760,4096.000000,287920.135763,290750.659677,296411.707505
ambiguity,dominant_peer_ratio,0.3,8,engagement_g05_d5.0,2983,30,287404.457120,2691.974270,89.732476,122880,4096.000000,288750.444255,290096.431390,292788.405660
ambiguity,dominant_peer_ratio,0.3,8,engagement_g05_d10.0,2983,1,287252.779894,120.189507,120.189507,4096,4096.000000,287312.874648,287372.969401,287493.158908
ambiguity,dominant_peer_ratio,0.3,8,oracle_a1,2983,1445,79233.200362,36673.361612,25.379489,5918720,4096.000000,97569.881168,115906.561974,152579.923586
ambiguity,dominant_peer_ratio,0.3,8,oracle_a0.5,2983,2201,48684.178170,83057.941591,37.736457,9015296,4096.000000,90213.148966,131742.119761,214800.061352
ambiguity,dominant_peer_ratio,0.3,8,oracle_a2,2983,995,102366.373660,19762.926726,19.862238,4075520,4096.000000,112247.837023,122129.300386,141892.227112
ambiguity,dominant_peer_ratio,0.3,9,static,2932,0,275201.344591,0.000000,,0,,275201.344591,275201.344591,275201.344591
ambiguity,dominant_peer_ratio,0.3,9,nearest,2932,5,308601.488833,440.799752,88.159950,20480,4096.000000,308821.888709,309042.288585,309483.088337
ambiguity,dominant_peer_ratio,0.3,9,naive_target_aware,2932,548,251704.648799,53659.204089,97.918256,2244608,4096.000000,278534.250843,305363.852888,359023.056977
ambiguity,dominant_peer_ratio,0.3,9,engagement_g00_d0.0,2932,548,251704.648799,53659.204089,97.918256,2244608,4096.000000,278534.250843,305363.852888,359023.056977
ambiguity,dominant_peer_ratio,0.3,9,engagement_g00_d0.25,2932,307,252486.018008,31060.753652,101.175093,1257472,4096.000000,268016.394834,283546.771660,314607.525312
ambiguity,dominant_peer_ratio,0.3,9,engagement_g00_d0.5,2932,278,253386.389713,28490.743708,102.484690,1138688,4096.000000,267631.761567,281877.133421,310367.877129
ambiguity,dominant_peer_ratio,0.3,9,engagement_g00_d1.0,2932,232,255338.085366,22944.181875,98.897336,950272,4096.000000,266810.176303,278282.267241,301226.449116
ambiguity,dominant_peer_ratio,0.3,9,engagement_g00_d2.0,2932,177,263369.834866,17516.915008,98.965622,724992,4096.000000,272128.292370,280886.749874,298403.664882
ambiguity,dominant_peer_ratio,0.3,9,engagement_g00_d5.0,2932,91,284313.671995,9924.999584,109.065929,372736,4096.000000,289276.171787,294238.671579,304163.671163
ambiguity,dominant_peer_ratio,0.3,9,engagement_g00_d10.0,2932,21,283052.388820,2040.373710,97.160653,86016,4096.000000,284072.575675,285092.762530,287133.136240
ambiguity,dominant_peer_ratio,0.3,9,engagement_g05_d0.0,2932,66,281101.456175,6702.869815,101.558634,270336,4096.000000,284452.891082,287804.325990,294507.195805
ambiguity,dominant_peer_ratio,0.3,9,engagement_g05_d0.25,2932,61,281128.848840,6273.181464,102.839040,249856,4096.000000,284265.439572,287402.030304,293675.211768
ambiguity,dominant_peer_ratio,0.3,9,engagement_g05_d0.5,2932,60,281204.648912,6267.915997,104.465267,245760,4096.000000,284338.606910,287472.564909,293740.480906
ambiguity,dominant_peer_ratio,0.3,9,engagement_g05_d1.0,2932,59,282031.678513,6251.463308,105.957005,241664,4096.000000,285157.410167,288283.141821,294534.605129
ambiguity,dominant_peer_ratio,0.3,9,engagement_g05_d2.0,2932,55,285241.897557,6159.439604,111.989811,225280,4096.000000,288321.617359,291401.337161,297560.776765
ambiguity,dominant_peer_ratio,0.3,9,engagement_g05_d5.0,2932,26,296049.602832,3037.900478,116.842326,106496,4096.000000,297568.553071,299087.503310,302125.403788
ambiguity,dominant_peer_ratio,0.3,9,engagement_g05_d10.0,2932,1,284242.397988,69.094000,69.094000,4096,4096.000000,284276.944988,284311.491988,284380.585988
ambiguity,dominant_peer_ratio,0.3,9,oracle_a1,2932,1438,75094.665361,39877.544691,27.731255,5890048,4096.000000,95033.437707,114972.210052,154849.754743
ambiguity,dominant_peer_ratio,0.3,9,oracle_a0.5,2932,2197,44364.560614,87324.111700,39.746978,8998912,4096.000000,88026.616464,131688.672314,219012.784014
ambiguity,dominant_peer_ratio,0.3,9,oracle_a2,2932,895,101458.000612,20686.096440,23.112957,3665920,4096.000000,111801.048832,122144.097052,142830.193492
ambiguity,dominant_peer_ratio,0.3,10,static,3006,0,311813.487728,0.000000,,0,,311813.487728,311813.487728,311813.487728
ambiguity,dominant_peer_ratio,0.3,10,nearest,3006,5,264493.234763,428.686323,85.737265,20480,4096.000000,264707.577924,264921.921086,265350.607409
ambiguity,dominant_peer_ratio,0.3,10,naive_target_aware,3006,582,265707.205127,62709.794161,107.748787,2383872,4096.000000,297062.102207,328416.999288,391126.793449
ambiguity,dominant_peer_ratio,0.3,10,engagement_g00_d0.0,3006,582,265707.205127,62709.794161,107.748787,2383872,4096.000000,297062.102207,328416.999288,391126.793449
ambiguity,dominant_peer_ratio,0.3,10,engagement_g00_d0.25,3006,326,270347.194530,34068.606207,104.504927,1335296,4096.000000,287381.497633,304415.800737,338484.406944
ambiguity,dominant_peer_ratio,0.3,10,engagement_g00_d0.5,3006,280,270918.490144,29946.724835,106.952589,1146880,4096.000000,285891.852561,300865.214979,330811.939814
ambiguity,dominant_peer_ratio,0.3,10,engagement_g00_d1.0,3006,240,274807.524019,25256.386137,105.234942,983040,4096.000000,287435.717087,300063.910156,325320.296293
ambiguity,dominant_peer_ratio,0.3,10,engagement_g00_d2.0,3006,177,282811.836009,18527.533093,104.675328,724992,4096.000000,292075.602555,301339.369102,319866.902195
ambiguity,dominant_peer_ratio,0.3,10,engagement_g00_d5.0,3006,84,298951.384451,9747.630168,116.043216,344064,4096.000000,303825.199535,308699.014619,318446.644787
ambiguity,dominant_peer_ratio,0.3,10,engagement_g00_d10.0,3006,15,295667.113833,1374.122910,91.608194,61440,4096.000000,296354.175288,297041.236743,298415.359653
ambiguity,dominant_peer_ratio,0.3,10,engagement_g05_d0.0,3006,62,282049.999930,6344.078695,102.323850,253952,4096.000000,285222.039277,288394.078625,294738.157320
ambiguity,dominant_peer_ratio,0.3,10,engagement_g05_d0.25,3006,60,284121.548019,6263.438804,104.390647,245760,4096.000000,287253.267421,290384.986823,296648.425627
ambiguity,dominant_peer_ratio,0.3,10,engagement_g05_d0.5,3006,59,284963.992876,6324.584746,107.196352,241664,4096.000000,288126.285249,291288.577622,297613.162368
ambiguity,dominant_peer_ratio,0.3,10,engagement_g05_d1.0,3006,56,288162.762783,5781.075879,103.233498,229376,4096.000000,291053.300722,293943.838662,299724.914541
ambiguity,dominant_peer_ratio,0.3,10,engagement_g05_d2.0,3006,53,288063.960965,5724.198192,108.003739,217088,4096.000000,290926.060061,293788.159157,299512.357349
ambiguity,dominant_peer_ratio,0.3,10,engagement_g05_d5.0,3006,26,289493.976004,2507.226213,96.431777,106496,4096.000000,290747.589110,292001.202217,294508.428430
ambiguity,dominant_peer_ratio,0.3,10,engagement_g05_d10.0,3006,2,303997.900728,265.966895,132.983447,8192,4096.000000,304130.884176,304263.867623,304529.834518
ambiguity,dominant_peer_ratio,0.3,10,oracle_a1,3006,1247,86228.714854,40313.065923,32.328040,5107712,4096.000000,106385.247816,126541.780777,166854.846700
ambiguity,dominant_peer_ratio,0.3,10,oracle_a0.5,3006,2218,46821.746821,99012.800726,44.640577,9084928,4096.000000,96328.147184,145834.547547,244847.348273
ambiguity,dominant_peer_ratio,0.3,10,oracle_a2,3006,735,114929.510086,18967.367999,25.805943,3010560,4096.000000,124413.194086,133896.878085,152864.246084
ambiguity,dominant_peer_ratio,0.3,11,static,3002,0,313353.645576,0.000000,,0,,313353.645576,313353.645576,313353.645576
ambiguity,dominant_peer_ratio,0.3,11,nearest,3002,39,304868.286697,5006.591899,128.374151,159744,4096.000000,307371.582646,309874.878596,314881.470495
ambiguity,dominant_peer_ratio,0.3,11,naive_target_aware,3002,539,264293.363116,55651.351346,103.249260,2207744,4096.000000,292119.038789,319944.714462,375596.065808
ambiguity,dominant_peer_ratio,0.3,11,engagement_g00_d0.0,3002,539,264293.363116,55651.351346,103.249260,2207744,4096.000000,292119.038789,319944.714462,375596.065808
ambiguity,dominant_peer_ratio,0.3,11,engagement_g00_d0.25,3002,314,269684.416555,33497.535741,106.680050,1286144,4096.000000,286433.184425,303181.952296,336679.488037
ambiguity,dominant_peer_ratio,0.3,11,engagement_g00_d0.5,3002,284,273431.450460,30705.229234,108.117004,1163264,4096.000000,288784.065077,304136.679694,334841.908928
ambiguity,dominant_peer_ratio,0.3,11,engagement_g00_d1.0,3002,237,278376.819414,25696.299867,108.423206,970752,4096.000000,291224.969347,304073.119281,329769.419148
ambiguity,dominant_peer_ratio,0.3,11,engagement_g00_d2.0,3002,176,286586.374699,19953.306364,113.371059,720896,4096.000000,296563.027881,306539.681063,326492.987427
ambiguity,dominant_peer_ratio,0.3,11,engagement_g00_d5.0,3002,89,297005.440989,8988.028293,100.989082,364544,4096.000000,301499.455135,305993.469282,314981.497575
ambiguity,dominant_peer_ratio,0.3,11,engagement_g00_d10.0,3002,15,300043.494259,1589.527268,105.968485,61440,4096.000000,300838.257893,301633.021527,303222.548795
ambiguity,dominant_peer_ratio,0.3,11,engagement_g05_d0.0,3002,71,289518.191578,6639.991845,93.521012,290816,4096.000000,292838.187500,296158.183423,302798.175268
ambiguity,dominant_peer_ratio,0.3,11,engagement_g05_d0.25,3002,69,290784.221570,6468.599464,93.747818,282624,4096.000000,294018.521302,297252.821034,303721.420498
ambiguity,dominant_peer_ratio,0.3,11,engagement_g05_d0.5,3002,66,290099.667044,5851.357795,88.656936,270336,4096.000000,293025.345941,295951.024839,301802.382634
ambiguity,dominant_peer_ratio,0.3,11,engagement_g05_d1.0,3002,66,290192.864929,5851.357795,88.656936,270336,4096.000000,293118.543826,296044.222724,301895.580519
ambiguity,dominant_peer_ratio,0.3,11,engagement_g05_d2.0,3002,58,294233.955141,5147.878525,88.756526,237568,4096.000000,296807.894403,299381.833666,304529.712191
ambiguity,dominant_peer_ratio,0.3,11,engagement_g05_d5.0,3002,31,292529.779088,2734.415700,88.206958,126976,4096.000000,293896.986938,295264.194788,297998.610488
ambiguity,dominant_peer_ratio,0.3,11,engagement_g05_d10.0,3002,4,311453.410724,602.101324,150.525331,16384,4096.000000,311754.461386,312055.512048,312657.613372
ambiguity,dominant_peer_ratio,0.3,11,oracle_a1,3002,1553,75897.425986,46192.609314,29.744114,6361088,4096.000000,98993.730643,122090.035300,168282.644614
ambiguity,dominant_peer_ratio,0.3,11,oracle_a0.5,3002,2249,47479.633326,89142.147385,39.636348,9211904,4096.000000,92050.707018,136621.780711,225763.928096
ambiguity,dominant_peer_ratio,0.3,11,oracle_a2,3002,947,107817.954136,23334.554329,24.640501,3878912,4096.000000,119485.231300,131152.508465,154487.062794
ambiguity,dominant_peer_ratio,0.3,12,static,3026,0,302721.083187,0.000000,,0,,302721.083187,302721.083187,302721.083187
ambiguity,dominant_peer_ratio,0.3,12,nearest,3026,5,340845.863864,705.318650,141.063730,20480,4096.000000,341198.523189,341551.182514,342256.501164
ambiguity,dominant_peer_ratio,0.3,12,naive_target_aware,3026,592,264725.693562,59972.864426,101.305514,2424832,4096.000000,294712.125775,324698.557988,384671.422414
ambiguity,dominant_peer_ratio,0.3,12,engagement_g00_d0.0,3026,592,264725.693562,59972.864426,101.305514,2424832,4096.000000,294712.125775,324698.557988,384671.422414
ambiguity,dominant_peer_ratio,0.3,12,engagement_g00_d0.25,3026,331,261947.737509,32342.147870,97.710417,1355776,4096.000000,278118.811444,294289.885379,326632.033249
ambiguity,dominant_peer_ratio,0.3,12,engagement_g00_d0.5,3026,302,262654.386354,29147.978357,96.516485,1236992,4096.000000,277228.375533,291802.364711,320950.343068
ambiguity,dominant_peer_ratio,0.3,12,engagement_g00_d1.0,3026,245,264363.144421,23788.786073,97.097086,1003520,4096.000000,276257.537458,288151.930494,311940.716567
ambiguity,dominant_peer_ratio,0.3,12,engagement_g00_d2.0,3026,173,280526.495573,16795.761323,97.085326,708608,4096.000000,288924.376235,297322.256896,314118.018219
ambiguity,dominant_peer_ratio,0.3,12,engagement_g00_d5.0,3026,84,283617.044949,7861.692449,93.591577,344064,4096.000000,287547.891174,291478.737398,299340.429847
ambiguity,dominant_peer_ratio,0.3,12,engagement_g00_d10.0,3026,15,289672.742755,1143.970500,76.264700,61440,4096.000000,290244.728005,290816.713255,291960.683755
ambiguity,dominant_peer_ratio,0.3,12,engagement_g05_d0.0,3026,65,279163.010176,6382.188898,98.187522,266240,4096.000000,282354.104625,285545.199074,291927.387972
ambiguity,dominant_peer_ratio,0.3,12,engagement_g05_d0.25,3026,61,279377.060140,6015.815451,98.619925,249856,4096.000000,282384.967866,285392.875591,291408.691042
ambiguity,dominant_peer_ratio,0.3,12,engagement_g05_d0.5,3026,61,279443.956804,6015.815451,98.619925,249856,4096.000000,282451.864530,285459.772255,291475.587706
ambiguity,dominant_peer_ratio,0.3,12,engagement_g05_d1.0,3026,58,275464.870010,5604.022825,96.621083,237568,4096.000000,278266.881423,281068.892835,286672.915660
ambiguity,dominant_peer_ratio,0.3,12,engagement_g05_d2.0,3026,50,275583.990056,4989.143686,99.782874,204800,4096.000000,278078.561899,280573.133742,285562.277428
ambiguity,dominant_peer_ratio,0.3,12,engagement_g05_d5.0,3026,25,277469.486852,2258.402548,90.336102,102400,4096.000000,278598.688126,279727.889400,281986.291948
ambiguity,dominant_peer_ratio,0.3,12,engagement_g05_d10.0,3026,2,300837.910213,259.639754,129.819877,8192,4096.000000,300967.730090,301097.549967,301357.189721
ambiguity,dominant_peer_ratio,0.3,12,oracle_a1,3026,1623,74775.035684,37618.926800,23.178636,6647808,4096.000000,93584.499084,112393.962484,150012.889284
ambiguity,dominant_peer_ratio,0.3,12,oracle_a0.5,3026,2284,47690.378688,78001.573159,34.151302,9355264,4096.000000,86691.165267,125691.951847,203693.525006
ambiguity,dominant_peer_ratio,0.3,12,oracle_a2,3026,1077,99636.099752,19969.030572,18.541347,4411392,4096.000000,109620.615038,119605.130324,139574.160896
ambiguity,dominant_peer_ratio,0.3,13,static,3014,0,290952.801885,0.000000,,0,,290952.801885,290952.801885,290952.801885
ambiguity,dominant_peer_ratio,0.3,13,nearest,3014,23,306524.784819,3206.880352,139.429581,94208,4096.000000,308128.224995,309731.665171,312938.545523
ambiguity,dominant_peer_ratio,0.3,13,naive_target_aware,3014,537,254745.902321,54089.743451,100.725779,2199552,4096.000000,281790.774047,308835.645772,362925.389223
ambiguity,dominant_peer_ratio,0.3,13,engagement_g00_d0.0,3014,537,254745.902321,54089.743451,100.725779,2199552,4096.000000,281790.774047,308835.645772,362925.389223
ambiguity,dominant_peer_ratio,0.3,13,engagement_g00_d0.25,3014,315,259047.545654,30839.205991,97.902241,1290240,4096.000000,274467.148650,289886.751645,320725.957636
ambiguity,dominant_peer_ratio,0.3,13,engagement_g00_d0.5,3014,280,262255.927542,27078.581500,96.709220,1146880,4096.000000,275795.218292,289334.509042,316413.090542
ambiguity,dominant_peer_ratio,0.3,13,engagement_g00_d1.0,3014,245,265580.367468,22469.859993,91.713714,1003520,4096.000000,276815.297464,288050.227461,310520.087454
ambiguity,dominant_peer_ratio,0.3,13,engagement_g00_d2.0,3014,180,272042.834321,17224.512182,95.691734,737280,4096.000000,280655.090412,289267.346503,306491.858685
ambiguity,dominant_peer_ratio,0.3,13,engagement_g00_d5.0,3014,91,286602.164969,8689.497054,95.488979,372736,4096.000000,290946.913496,295291.662023,303981.159077
ambiguity,dominant_peer_ratio,0.3,13,engagement_g00_d10.0,3014,16,305430.647637,1650.418165,103.151135,65536,4096.000000,306255.856719,307081.065802,308731.483967
ambiguity,dominant_peer_ratio,0.3,13,engagement_g05_d0.0,3014,75,275338.432179,7494.773557,99.930314,307200,4096.000000,279085.818958,282833.205736,290327.979293
ambiguity,dominant_peer_ratio,0.3,13,engagement_g05_d0.25,3014,68,274778.339916,7029.734387,103.378447,278528,4096.000000,278293.207110,281808.074303,288837.808690
ambiguity,dominant_peer_ratio,0.3,13,engagement_g05_d0.5,3014,68,274890.723968,7029.734387,103.378447,278528,4096.000000,278405.591162,281920.458355,288950.192742
ambiguity,dominant_peer_ratio,0.3,13,engagement_g05_d1.0,3014,68,275087.582095,7029.734387,103.378447,278528,4096.000000,278602.449289,282117.316482,289147.050869
ambiguity,dominant_peer_ratio,0.3,13,engagement_g05_d2.0,3014,59,280926.790735,5662.940146,95.982036,241664,4096.000000,283758.260808,286589.730881,292252.671027
ambiguity,dominant_peer_ratio,0.3,13,engagement_g05_d5.0,3014,28,288381.608999,2449.992686,87.499739,114688,4096.000000,289606.605342,290831.601685,293281.594371
ambiguity,dominant_peer_ratio,0.3,13,engagement_g05_d10.0,3014,2,299315.231969,323.366460,161.683230,8192,4096.000000,299476.915199,299638.598429,299961.964889
ambiguity,dominant_peer_ratio,0.3,13,oracle_a1,3014,1574,77969.213591,40244.266762,25.568149,6447104,4096.000000,98091.346972,118213.480353,158457.747115
ambiguity,dominant_peer_ratio,0.3,13,oracle_a0.5,3014,2302,46953.698937,85960.638024,37.341719,9428992,4096.000000,89934.017949,132914.336961,218874.974985
ambiguity,dominant_peer_ratio,0.3,13,oracle_a2,3014,1100,105299.481830,20548.486612,18.680442,4505600,4096.000000,115573.725136,125847.968442,146396.455054
ambiguity,dominant_peer_ratio,0.3,14,static,3050,0,315242.771238,0.000000,,0,,315242.771238,315242.771238,315242.771238
ambiguity,dominant_peer_ratio,0.3,14,nearest,3050,5,339358.610662,534.284486,106.856897,20480,4096.000000,339625.752905,339892.895148,340427.179634
ambiguity,dominant_peer_ratio,0.3,14,naive_target_aware,3050,577,279552.532588,62878.888237,108.975543,2363392,4096.000000,310991.976707,342431.420825,405310.309062
ambiguity,dominant_peer_ratio,0.3,14,engagement_g00_d0.0,3050,577,279552.532588,62878.888237,108.975543,2363392,4096.000000,310991.976707,342431.420825,405310.309062
ambiguity,dominant_peer_ratio,0.3,14,engagement_g00_d0.25,3050,318,282067.710309,34537.800830,108.609437,1302528,4096.000000,299336.610724,316605.511139,351143.311969
ambiguity,dominant_peer_ratio,0.3,14,engagement_g00_d0.5,3050,286,283191.351290,31159.525196,108.949389,1171456,4096.000000,298771.113888,314350.876486,345510.401682
ambiguity,dominant_peer_ratio,0.3,14,engagement_g00_d1.0,3050,235,285077.223932,25257.561470,107.478985,962560,4096.000000,297706.004667,310334.785402,335592.346872
ambiguity,dominant_peer_ratio,0.3,14,engagement_g00_d2.0,3050,188,292804.472868,19177.558353,102.008289,770048,4096.000000,302393.252044,311982.031221,331159.589574
ambiguity,dominant_peer_ratio,0.3,14,engagement_g00_d5.0,3050,91,321211.781301,10092.571649,110.907381,372736,4096.000000,326258.067126,331304.352950,341396.924599
ambiguity,dominant_peer_ratio,0.3,14,engagement_g00_d10.0,3050,13,320605.101614,1543.648474,118.742190,53248,4096.000000,321376.925851,322148.750088,323692.398562
ambiguity,dominant_peer_ratio,0.3,14,engagement_g05_d0.0,3050,68,309019.256310,8113.355426,119.314050,278528,4096.000000,313075.934023,317132.611736,325245.967162
ambiguity,dominant_peer_ratio,0.3,14,engagement_g05_d0.25,3050,65,308839.332297,7699.268501,118.450285,266240,4096.000000,312688.966547,316538.600798,324237.869299
ambiguity,dominant_peer_ratio,0.3,14,engagement_g05_d0.5,3050,65,308917.976578,7699.268501,118.450285,266240,4096.000000,312767.610828,316617.245079,324316.513580
ambiguity,dominant_peer_ratio,0.3,14,engagement_g05_d1.0,3050,61,308593.657660,7035.532747,115.336602,249856,4096.000000,312111.424033,315629.190407,322664.723154
ambiguity,dominant_peer_ratio,0.3,14,engagement_g05_d2.0,3050,60,311105.761699,6986.063326,116.434389,245760,4096.000000,314598.793362,318091.825025,325077.888351
ambiguity,dominant_peer_ratio,0.3,14,engagement_g05_d5.0,3050,22,329501.120380,2593.247883,117.874904,90112,4096.000000,330797.744321,332094.368263,334687.616146
ambiguity,dominant_peer_ratio,0.3,14,engagement_g05_d10.0,3050,1,316670.860844,27.458687,27.458687,4096,4096.000000,316684.590188,316698.319531,316725.778218
ambiguity,dominant_peer_ratio,0.3,14,oracle_a1,3050,1627,92114.554655,49602.347621,30.486999,6664192,4096.000000,116915.728465,141716.902276,191319.249897
ambiguity,dominant_peer_ratio,0.3,14,oracle_a0.5,3050,2352,54704.777245,105307.225675,44.773480,9633792,4096.000000,107358.390082,160012.002920,265319.228595
ambiguity,dominant_peer_ratio,0.3,14,oracle_a2,3050,1022,127396.265714,24437.506611,23.911455,4186112,4096.000000,139615.019019,151833.772325,176271.278936
ambiguity,dominant_peer_ratio,0.3,15,static,3022,0,307971.978352,0.000000,,0,,307971.978352,307971.978352,307971.978352
ambiguity,dominant_peer_ratio,0.3,15,nearest,3022,4,337842.709402,590.155156,147.538789,16384,4096.000000,338137.786980,338432.864558,339023.019714
ambiguity,dominant_peer_ratio,0.3,15,naive_target_aware,3022,573,266563.119765,59287.181305,103.468030,2347008,4096.000000,296206.710417,325850.301070,385137.482375
ambiguity,dominant_peer_ratio,0.3,15,engagement_g00_d0.0,3022,573,266563.119765,59287.181305,103.468030,2347008,4096.000000,296206.710417,325850.301070,385137.482375
ambiguity,dominant_peer_ratio,0.3,15,engagement_g00_d0.25,3022,317,270389.485166,33508.351101,105.704578,1298432,4096.000000,287143.660716,303897.836267,337406.187368
ambiguity,dominant_peer_ratio,0.3,15,engagement_g00_d0.5,3022,282,275659.877332,30295.104848,107.429450,1155072,4096.000000,290807.429756,305954.982180,336250.087028
ambiguity,dominant_peer_ratio,0.3,15,engagement_g00_d1.0,3022,246,280469.536565,26301.550352,106.916871,1007616,4096.000000,293620.311741,306771.086917,333072.637269
ambiguity,dominant_peer_ratio,0.3,15,engagement_g00_d2.0,3022,178,287185.223063,18388.695365,103.307277,729088,4096.000000,296379.570745,305573.918428,323962.613793
ambiguity,dominant_peer_ratio,0.3,15,engagement_g00_d5.0,3022,97,322179.120549,11560.696342,119.182437,397312,4096.000000,327959.468720,333739.816891,345300.513233
ambiguity,dominant_peer_ratio,0.3,15,engagement_g00_d10.0,3022,15,300014.652321,1490.627168,99.375145,61440,4096.000000,300759.965905,301505.279489,302995.906657
ambiguity,dominant_peer_ratio,0.3,15,engagement_g05_d0.0,3022,78,307693.206347,9192.646599,117.854444,319488,4096.000000,312289.529647,316885.852946,326078.499545
ambiguity,dominant_peer_ratio,0.3,15,engagement_g05_d0.25,3022,67,309274.219323,7618.982564,113.716158,274432,4096.000000,313083.710605,316893.201887,324512.184451
ambiguity,dominant_peer_ratio,0.3,15,engagement_g05_d0.5,3022,66,310760.556262,7646.588789,115.857406,270336,4096.000000,314583.850657,318407.145051,326053.733840
ambiguity,dominant_peer_ratio,0.3,15,engagement_g05_d1.0,3022,66,311415.535297,7646.588789,115.857406,270336,4096.000000,315238.829692,319062.124086,326708.712875
ambiguity,dominant_peer_ratio,0.3,15,engagement_g05_d2.0,3022,59,318416.395213,7122.407638,120.718774,241664,4096.000000,321977.599032,325538.802851,332661.210489
ambiguity,dominant_peer_ratio,0.3,15,engagement_g05_d5.0,3022,25,324082.061498,2809.468467,112.378739,102400,4096.000000,325486.795732,326891.529965,329700.998432
ambiguity,dominant_peer_ratio,0.3,15,engagement_g05_d10.0,3022,3,298307.092139,207.232694,69.077565,12288,4096.000000,298410.708486,298514.324833,298721.557527
ambiguity,dominant_peer_ratio,0.3,15,oracle_a1,3022,1478,82383.633146,41170.953116,27.855855,6053888,4096.000000,102969.109704,123554.586262,164725.539378
ambiguity,dominant_peer_ratio,0.3,15,oracle_a0.5,3022,2237,50941.491888,88759.519613,39.677926,9162752,4096.000000,95321.251695,139701.011501,228460.531114
ambiguity,dominant_peer_ratio,0.3,15,oracle_a2,3022,914,110237.313648,20098.081518,21.989148,3743744,4096.000000,120286.354407,130335.395166,150433.476684
ambiguity,dominant_peer_ratio,0.3,16,static,3097,0,276776.409385,0.000000,,0,,276776.409385,276776.409385,276776.409385
ambiguity,dominant_peer_ratio,0.3,16,nearest,3097,5,291420.490351,504.173724,100.834745,20480,4096.000000,291672.577213,291924.664075,292428.837799
ambiguity,dominant_peer_ratio,0.3,16,naive_target_aware,3097,543,262986.357510,55903.634010,102.953285,2224128,4096.000000,290938.174515,318889.991520,374793.625530
ambiguity,dominant_peer_ratio,0.3,16,engagement_g00_d0.0,3097,543,262986.357510,55903.634010,102.953285,2224128,4096.000000,290938.174515,318889.991520,374793.625530
ambiguity,dominant_peer_ratio,0.3,16,engagement_g00_d0.25,3097,314,267481.091036,31698.505565,100.950655,1286144,4096.000000,283330.343818,299179.596601,330878.102166
ambiguity,dominant_peer_ratio,0.3,16,engagement_g00_d0.5,3097,276,268895.850085,27969.769211,101.339744,1130496,4096.000000,282880.734690,296865.619296,324835.388507
ambiguity,dominant_peer_ratio,0.3,16,engagement_g00_d1.0,3097,229,274572.279754,23184.681400,101.243150,937984,4096.000000,286164.620454,297756.961154,320941.642554
ambiguity,dominant_peer_ratio,0.3,16,engagement_g00_d2.0,3097,177,279958.972390,16612.006918,93.853146,724992,4096.000000,288264.975849,296570.979308,313182.986226
ambiguity,dominant_peer_ratio,0.3,16,engagement_g00_d5.0,3097,94,289687.823362,8056.398600,85.706368,385024,4096.000000,293716.022662,297744.221962,305800.620562
ambiguity,dominant_peer_ratio,0.3,16,engagement_g00_d10.0,3097,22,296048.377898,2208.168571,100.371299,90112,4096.000000,297152.462183,298256.546469,300464.715040
ambiguity,dominant_peer_ratio,0.3,16,engagement_g05_d0.0,3097,86,283319.948226,7784.282451,90.514912,352256,4096.000000,287212.089451,291104.230677,298888.513128
ambiguity,dominant_peer_ratio,0.3,16,engagement_g05_d0.25,3097,79,283916.956488,7217.613345,91.362194,323584,4096.000000,287525.763160,291134.569833,298352.183178
ambiguity,dominant_peer_ratio,0.3,16,engagement_g05_d0.5,3097,78,283947.750881,7177.415284,92.018145,319488,4096.000000,287536.458523,291125.166165,298302.581449
ambiguity,dominant_peer_ratio,0.3,16,engagement_g05_d1.0,3097,76,284898.449512,6873.494251,90.440714,311296,4096.000000,288335.196637,291771.943763,298645.438014
ambiguity,dominant_peer_ratio,0.3,16,engagement_g05_d2.0,3097,69,285664.523900,6014.945904,87.173129,282624,4096.000000,288671.996852,291679.469804,297694.415708
ambiguity,dominant_peer_ratio,0.3,16,engagement_g05_d5.0,3097,36,291495.942134,3423.298723,95.091631,147456,4096.000000,293207.591495,294919.240857,298342.539580
ambiguity,dominant_peer_ratio,0.3,16,engagement_g05_d10.0,3097,3,280341.348454,310.022807,103.340936,12288,4096.000000,280496.359857,280651.371261,280961.394068
ambiguity,dominant_peer_ratio,0.3,16,oracle_a1,3097,1575,74555.315650,43298.227350,27.490938,6451200,4096.000000,96204.429325,117853.543000,161151.770350
ambiguity,dominant_peer_ratio,0.3,16,oracle_a0.5,3097,2305,43946.802810,89339.205196,38.758874,9441280,4096.000000,88616.405408,133286.008006,222625.213202
ambiguity,dominant_peer_ratio,0.3,16,oracle_a2,3097,1023,104865.606423,21737.781619,21.249053,4190208,4096.000000,115734.497232,126603.388042,148341.169661
ambiguity,dominant_peer_ratio,0.3,17,static,2945,0,336334.127877,0.000000,,0,,336334.127877,336334.127877,336334.127877
ambiguity,dominant_peer_ratio,0.3,17,nearest,2945,4,271818.265230,392.637675,98.159419,16384,4096.000000,272014.584068,272210.902905,272603.540580
ambiguity,dominant_peer_ratio,0.3,17,naive_target_aware,2945,537,248817.505087,55358.061029,103.087637,2199552,4096.000000,276496.535601,304175.566116,359533.627145
ambiguity,dominant_peer_ratio,0.3,17,engagement_g00_d0.0,2945,537,248817.505087,55358.061029,103.087637,2199552,4096.000000,276496.535601,304175.566116,359533.627145
ambiguity,dominant_peer_ratio,0.3,17,engagement_g00_d0.25,2945,308,253096.674948,31950.104478,103.734105,1261568,4096.000000,269071.727187,285046.779426,316996.883904
ambiguity,dominant_peer_ratio,0.3,17,engagement_g00_d0.5,2945,277,255142.863252,28777.855065,103.891174,1134592,4096.000000,269531.790784,283920.718317,312698.573382
ambiguity,dominant_peer_ratio,0.3,17,engagement_g00_d1.0,2945,239,259738.746018,25020.780490,104.689458,978944,4096.000000,272249.136263,284759.526508,309780.306998
ambiguity,dominant_peer_ratio,0.3,17,engagement_g00_d2.0,2945,167,271788.750443,18822.371037,112.708809,684032,4096.000000,281199.935961,290611.121480,309433.492517
ambiguity,dominant_peer_ratio,0.3,17,engagement_g00_d5.0,2945,93,298438.694809,10294.855887,110.697375,380928,4096.000000,303586.122752,308733.550696,319028.406583
ambiguity,dominant_peer_ratio,0.3,17,engagement_g00_d10.0,2945,19,304757.838818,1830.332986,96.333315,77824,4096.000000,305673.005311,306588.171804,308418.504790
ambiguity,dominant_peer_ratio,0.3,17,engagement_g05_d0.0,2945,73,281440.802580,6884.579247,94.309305,299008,4096.000000,284883.092203,288325.381827,295209.961074
ambiguity,dominant_peer_ratio,0.3,17,engagement_g05_d0.25,2945,68,282445.933326,6447.789416,94.820433,278528,4096.000000,285669.828034,288893.722742,295341.512158
ambiguity,dominant_peer_ratio,0.3,17,engagement_g05_d0.5,2945,67,283172.684076,6452.576345,96.307110,274432,4096.000000,286398.972248,289625.260421,296077.836766
ambiguity,dominant_peer_ratio,0.3,17,engagement_g05_d1.0,2945,64,282803.638193,6306.817162,98.544018,262144,4096.000000,285957.046774,289110.455355,295417.272517
ambiguity,dominant_peer_ratio,0.3,17,engagement_g05_d2.0,2945,59,286223.107565,5716.848906,96.895744,241664,4096.000000,289081.532018,291939.956471,297656.805377
ambiguity,dominant_peer_ratio,0.3,17,engagement_g05_d5.0,2945,28,299223.187290,2757.750407,98.491086,114688,4096.000000,300602.062493,301980.937697,304738.688104
ambiguity,dominant_peer_ratio,0.3,17,engagement_g05_d10.0,2945,1,336027.228435,189.935999,189.935999,4096,4096.000000,336122.196434,336217.164434,336407.100433
ambiguity,dominant_peer_ratio,0.3,17,oracle_a1,2945,1403,76572.551249,35727.260513,25.464904,5746688,4096.000000,94436.181505,112299.811762,148027.072275
ambiguity,dominant_peer_ratio,0.3,17,oracle_a0.5,2945,2209,45378.506857,84173.081517,38.104609,9048064,4096.000000,87465.047615,129551.588374,213724.669891
ambiguity,dominant_peer_ratio,0.3,17,oracle_a2,2945,879,101485.185821,17155.154134,19.516671,3600384,4096.000000,110062.762888,118640.339955,135795.494089
ambiguity,dominant_peer_ratio,0.3,18,static,3040,0,308144.717841,0.000000,,0,,308144.717841,308144.717841,308144.717841
ambiguity,dominant_peer_ratio,0.3,18,nearest,3040,40,305261.371213,6346.862802,158.671570,163840,4096.000000,308434.802614,311608.234015,317955.096817
ambiguity,dominant_peer_ratio,0.3,18,naive_target_aware,3040,579,265874.770928,58479.092562,101.000160,2371584,4096.000000,295114.317209,324353.863490,382832.956052
ambiguity,dominant_peer_ratio,0.3,18,engagement_g00_d0.0,3040,579,265874.770928,58479.092562,101.000160,2371584,4096.000000,295114.317209,324353.863490,382832.956052
ambiguity,dominant_peer_ratio,0.3,18,engagement_g00_d0.25,3040,333,268117.596630,33445.361276,100.436520,1363968,4096.000000,284840.277268,301562.957906,335008.319182
ambiguity,dominant_peer_ratio,0.3,18,engagement_g00_d0.5,3040,293,270132.993687,29275.289512,99.915664,1200128,4096.000000,284770.638443,299408.283199,328683.572711
ambiguity,dominant_peer_ratio,0.3,18,engagement_g00_d1.0,3040,245,273056.771090,24473.789257,99.893017,1003520,4096.000000,285293.665719,297530.560347,322004.349604
ambiguity,dominant_peer_ratio,0.3,18,engagement_g00_d2.0,3040,184,282686.548768,19410.134138,105.489859,753664,4096.000000,292391.615837,302096.682906,321506.817044
ambiguity,dominant_peer_ratio,0.3,18,engagement_g00_d5.0,3040,82,315791.625085,9583.554168,116.872612,335872,4096.000000,320583.402169,325375.179253,334958.733421
ambiguity,dominant_peer_ratio,0.3,18,engagement_g00_d10.0,3040,14,328884.841815,1614.378137,115.312724,57344,4096.000000,329692.030883,330499.219952,332113.598089
ambiguity,dominant_peer_ratio,0.3,18,engagement_g05_d0.0,3040,74,300760.548652,8662.358049,117.058893,303104,4096.000000,305091.727677,309422.906701,318085.264750
ambiguity,dominant_peer_ratio,0.3,18,engagement_g05_d0.25,3040,67,300081.603753,7847.788791,117.131176,274432,4096.000000,304005.498149,307929.392544,315777.181335
ambiguity,dominant_peer_ratio,0.3,18,engagement_g05_d0.5,3040,64,299796.747892,7231.116562,112.986196,262144,4096.000000,303412.306173,307027.864454,314258.981016
ambiguity,dominant_peer_ratio,0.3,18,engagement_g05_d1.0,3040,63,300782.536777,7119.045514,113.000722,258048,4096.000000,304342.059534,307901.582291,315020.627805
ambiguity,dominant_peer_ratio,0.3,18,engagement_g05_d2.0,3040,59,305890.097575,6827.007431,115.711990,241664,4096.000000,309303.601290,312717.105006,319544.112437
ambiguity,dominant_peer_ratio,0.3,18,engagement_g05_d5.0,3040,29,314169.148614,3134.876731,108.099198,118784,4096.000000,315736.586980,317304.025345,320438.902076
ambiguity,dominant_peer_ratio,0.3,18,engagement_g05_d10.0,3040,0,308144.717841,0.000000,,0,,308144.717841,308144.717841,308144.717841
ambiguity,dominant_peer_ratio,0.3,18,oracle_a1,3040,1595,71757.771557,38297.175827,24.010769,6533120,4096.000000,90906.359471,110054.947384,148352.123211
ambiguity,dominant_peer_ratio,0.3,18,oracle_a0.5,3040,2248,47626.274689,74516.211760,33.147781,9207808,4096.000000,84884.380569,122142.486449,196658.698209
ambiguity,dominant_peer_ratio,0.3,18,oracle_a2,3040,1111,94431.249441,22267.175432,20.042462,4550656,4096.000000,105564.837157,116698.424873,138965.600305
ambiguity,dominant_peer_ratio,0.3,19,static,2979,0,322370.199991,0.000000,,0,,322370.199991,322370.199991,322370.199991
ambiguity,dominant_peer_ratio,0.3,19,nearest,2979,16,306655.558917,686.408051,42.900503,65536,4096.000000,306998.762942,307341.966968,308028.375019
ambiguity,dominant_peer_ratio,0.3,19,naive_target_aware,2979,523,274125.172372,55957.583915,106.993468,2142208,4096.000000,302103.964329,330082.756287,386040.340202
ambiguity,dominant_peer_ratio,0.3,19,engagement_g00_d0.0,2979,523,274125.172372,55957.583915,106.993468,2142208,4096.000000,302103.964329,330082.756287,386040.340202
ambiguity,dominant_peer_ratio,0.3,19,engagement_g00_d0.25,2979,303,279368.738353,34102.974906,112.551072,1241088,4096.000000,296420.225806,313471.713259,347574.688165
ambiguity,dominant_peer_ratio,0.3,19,engagement_g00_d0.5,2979,280,280957.590836,31985.485836,114.233878,1146880,4096.000000,296950.333754,312943.076672,344928.562508
ambiguity,dominant_peer_ratio,0.3,19,engagement_g00_d1.0,2979,236,288854.499440,27068.391602,114.696575,966656,4096.000000,302388.695241,315922.891042,342991.282644
ambiguity,dominant_peer_ratio,0.3,19,engagement_g00_d2.0,2979,175,300579.060543,21116.010631,120.662918,716800,4096.000000,311137.065858,321695.071174,342811.081805
ambiguity,dominant_peer_ratio,0.3,19,engagement_g00_d5.0,2979,102,321160.412934,12683.450660,124.347555,417792,4096.000000,327502.138264,333843.863594,346527.314254
ambiguity,dominant_peer_ratio,0.3,19,engagement_g00_d10.0,2979,14,318998.938797,1301.725308,92.980379,57344,4096.000000,319649.801451,320300.664105,321602.389413
ambiguity,dominant_peer_ratio,0.3,19,engagement_g05_d0.0,2979,77,304002.807381,8466.689987,109.957013,315392,4096.000000,308236.152374,312469.497368,320936.187355
ambiguity,dominant_peer_ratio,0.3,19,engagement_g05_d0.25,2979,70,307054.852820,7596.572445,108.522464,286720,4096.000000,310853.139042,314651.425265,322247.997710
ambiguity,dominant_peer_ratio,0.3,19,engagement_g05_d0.5,2979,70,307698.743768,7596.572445,108.522464,286720,4096.000000,311497.029990,315295.316213,322891.888658
ambiguity,dominant_peer_ratio,0.3,19,engagement_g05_d1.0,2979,70,308224.003057,7596.572445,108.522464,286720,4096.000000,312022.289279,315820.575502,323417.147947
ambiguity,dominant_peer_ratio,0.3,19,engagement_g05_d2.0,2979,62,307898.338283,6776.397414,109.296732,253952,4096.000000,311286.536990,314674.735697,321451.133111
ambiguity,dominant_peer_ratio,0.3,19,engagement_g05_d5.0,2979,34,322385.623249,3566.484492,104.896603,139264,4096.000000,324168.865495,325952.107741,329518.592233
ambiguity,dominant_peer_ratio,0.3,19,engagement_g05_d10.0,2979,2,320944.722146,195.730977,97.865488,8192,4096.000000,321042.587634,321140.453123,321336.184100
ambiguity,dominant_peer_ratio,0.3,19,oracle_a1,2979,1572,74628.558124,35471.416667,22.564514,6438912,4096.000000,92364.266458,110099.974791,145571.391458
ambiguity,dominant_peer_ratio,0.3,19,oracle_a0.5,2979,2249,48376.852234,75609.261214,33.619058,9211904,4096.000000,86181.482841,123986.113448,199595.374662
ambiguity,dominant_peer_ratio,0.3,19,oracle_a2,2979,1135,96224.216594,19905.171117,17.537596,4648960,4096.000000,106176.802153,116129.387711,136034.558828
ambiguity,dominant_peer_ratio,0.3,20,static,3045,0,315685.061437,0.000000,,0,,315685.061437,315685.061437,315685.061437
ambiguity,dominant_peer_ratio,0.3,20,nearest,3045,33,315559.443217,2949.911125,89.391246,135168,4096.000000,317034.398780,318509.354342,321459.265467
ambiguity,dominant_peer_ratio,0.3,20,naive_target_aware,3045,622,271433.370491,64519.105655,103.728466,2547712,4096.000000,303692.923319,335952.476146,400471.581801
ambiguity,dominant_peer_ratio,0.3,20,engagement_g00_d0.0,3045,622,271433.370491,64519.105655,103.728466,2547712,4096.000000,303692.923319,335952.476146,400471.581801
ambiguity,dominant_peer_ratio,0.3,20,engagement_g00_d0.25,3045,345,274456.714818,34605.311156,100.305250,1413120,4096.000000,291759.370396,309062.025974,343667.337130
ambiguity,dominant_peer_ratio,0.3,20,engagement_g00_d0.5,3045,310,275515.580767,31759.095089,102.448694,1269760,4096.000000,291395.128312,307274.675856,339033.770945
ambiguity,dominant_peer_ratio,0.3,20,engagement_g00_d1.0,3045,249,278354.449240,25490.303072,102.370695,1019904,4096.000000,291099.600776,303844.752312,329335.055384
ambiguity,dominant_peer_ratio,0.3,20,engagement_g00_d2.0,3045,184,291704.712701,18949.797638,102.988031,753664,4096.000000,301179.611520,310654.510339,329604.307977
ambiguity,dominant_peer_ratio,0.3,20,engagement_g00_d5.0,3045,85,305277.547777,8930.298578,105.062336,348160,4096.000000,309742.697066,314207.846355,323138.144933
ambiguity,dominant_peer_ratio,0.3,20,engagement_g00_d10.0,3045,12,312608.449049,1250.538005,104.211500,49152,4096.000000,313233.718052,313858.987054,315109.525059
ambiguity,dominant_peer_ratio,0.3,20,engagement_g05_d0.0,3045,64,309252.038920,7316.915278,114.326801,262144,4096.000000,312910.496559,316568.954198,323885.869476
ambiguity,dominant_peer_ratio,0.3,20,engagement_g05_d0.25,3045,59,310408.120747,6682.031719,113.254775,241664,4096.000000,313749.136607,317090.152466,323772.184185
ambiguity,dominant_peer_ratio,0.3,20,engagement_g05_d0.5,3045,58,310381.821064,6638.469285,114.456367,237568,4096.000000,313701.055707,317020.290349,323658.759634
ambiguity,dominant_peer_ratio,0.3,20,engagement_g05_d1.0,3045,56,309615.105635,6222.152212,111.109861,229376,4096.000000,312726.181741,315837.257847,322059.410059
ambiguity,dominant_peer_ratio,0.3,20,engagement_g05_d2.0,3045,50,309489.270602,5268.737850,105.374757,204800,4096.000000,312123.639527,314758.008452,320026.746302
ambiguity,dominant_peer_ratio,0.3,20,engagement_g05_d5.0,3045,27,315991.599096,2669.493302,98.870122,110592,4096.000000,317326.345747,318661.092398,321330.585700
ambiguity,dominant_peer_ratio,0.3,20,engagement_g05_d10.0,3045,1,316989.937436,28.620096,28.620096,4096,4096.000000,317004.247484,317018.557532,317047.177628
ambiguity,dominant_peer_ratio,0.3,20,oracle_a1,3045,1381,85165.577446,44322.246085,32.094313,5656576,4096.000000,107326.700488,129487.823531,173810.069616
ambiguity,dominant_peer_ratio,0.3,20,oracle_a0.5,3045,2320,46744.615849,102214.221760,44.057854,9502720,4096.000000,97851.726729,148958.837609,251173.059369
ambiguity,dominant_peer_ratio,0.3,20,oracle_a2,3045,832,118206.255308,20517.306980,24.660225,3407872,4096.000000,128464.908798,138723.562288,159240.869268
ambiguity,dominant_peer_ratio,0.3,21,static,3058,0,336289.921188,0.000000,,0,,336289.921188,336289.921188,336289.921188
ambiguity,dominant_peer_ratio,0.3,21,nearest,3058,22,300885.301163,1493.935382,67.906154,90112,4096.000000,301632.268854,302379.236545,303873.171927
ambiguity,dominant_peer_ratio,0.3,21,naive_target_aware,3058,523,269765.942859,54433.957375,104.080224,2142208,4096.000000,296982.921547,324199.900234,378633.857609
ambiguity,dominant_peer_ratio,0.3,21,engagement_g00_d0.0,3058,523,269765.942859,54433.957375,104.080224,2142208,4096.000000,296982.921547,324199.900234,378633.857609
ambiguity,dominant_peer_ratio,0.3,21,engagement_g00_d0.25,3058,324,277194.699535,35146.881868,108.478030,1327104,4096.000000,294768.140469,312341.581403,347488.463271
ambiguity,dominant_peer_ratio,0.3,21,engagement_g00_d0.5,3058,292,279623.453308,31565.328813,108.100441,1196032,4096.000000,295406.117714,311188.782121,342754.110934
ambiguity,dominant_peer_ratio,0.3,21,engagement_g00_d1.0,3058,244,285532.836048,26492.106325,108.574206,999424,4096.000000,298778.889210,312024.942373,338517.048698
ambiguity,dominant_peer_ratio,0.3,21,engagement_g00_d2.0,3058,171,298392.143371,18619.750736,108.887431,700416,4096.000000,307702.018739,317011.894107,335631.644843
ambiguity,dominant_peer_ratio,0.3,21,engagement_g00_d5.0,3058,92,329642.904874,10926.715886,118.768651,376832,4096.000000,335106.262817,340569.620760,351496.336646
ambiguity,dominant_peer_ratio,0.3,21,engagement_g00_d10.0,3058,18,304205.677959,1456.389609,80.910534,73728,4096.000000,304933.872764,305662.067568,307118.457177
ambiguity,dominant_peer_ratio,0.3,21,engagement_g05_d0.0,3058,71,314797.032915,7776.066744,109.522067,290816,4096.000000,318685.066287,322573.099659,330349.166403
ambiguity,dominant_peer_ratio,0.3,21,engagement_g05_d0.25,3058,69,316179.918162,7709.293369,111.728889,282624,4096.000000,320034.564846,323889.211531,331598.504900
ambiguity,dominant_peer_ratio,0.3,21,engagement_g05_d0.5,3058,67,314055.640619,7412.836164,110.639346,274432,4096.000000,317762.058701,321468.476783,328881.312947
ambiguity,dominant_peer_ratio,0.3,21,engagement_g05_d1.0,3058,66,317184.465671,7280.925378,110.317051,270336,4096.000000,320824.928360,324465.391049,331746.316427
ambiguity,dominant_peer_ratio,0.3,21,engagement_g05_d2.0,3058,60,323272.255052,6643.366844,110.722781,245760,4096.000000,326593.938474,329915.621896,336558.988740
ambiguity,dominant_peer_ratio,0.3,21,engagement_g05_d5.0,3058,27,312831.544343,2940.891007,108.921889,110592,4096.000000,314301.989846,315772.435350,318713.326357
ambiguity,dominant_peer_ratio,0.3,21,engagement_g05_d10.0,3058,1,332283.748045,46.434423,46.434423,4096,4096.000000,332306.965257,332330.182468,332376.616891
ambiguity,dominant_peer_ratio,0.3,21,oracle_a1,3058,1520,82711.467035,44085.246142,29.003451,6225920,4096.000000,104754.090106,126796.713177,170881.959319
ambiguity,dominant_peer_ratio,0.3,21,oracle_a0.5,3058,2261,49651.429166,93425.270977,41.320332,9261056,4096.000000,96364.064655,143076.700143,236501.971120
ambiguity,dominant_peer_ratio,0.3,21,oracle_a2,3058,960,112440.001618,22514.773512,23.452889,3932160,4096.000000,123697.388374,134954.775130,157469.548642
ambiguity,dominant_peer_ratio,0.3,22,static,3009,0,296358.286900,0.000000,,0,,296358.286900,296358.286900,296358.286900
ambiguity,dominant_peer_ratio,0.3,22,nearest,3009,6,290865.035428,591.783727,98.630621,24576,4096.000000,291160.927292,291456.819155,292048.602882
ambiguity,dominant_peer_ratio,0.3,22,naive_target_aware,3009,551,271775.930996,58439.972944,106.061657,2256896,4096.000000,300995.917468,330215.903940,388655.876884
ambiguity,dominant_peer_ratio,0.3,22,engagement_g00_d0.0,3009,551,271775.930996,58439.972944,106.061657,2256896,4096.000000,300995.917468,330215.903940,388655.876884
ambiguity,dominant_peer_ratio,0.3,22,engagement_g00_d0.25,3009,337,275415.616046,36835.377231,109.303790,1380352,4096.000000,293833.304662,312250.993277,349086.370508
ambiguity,dominant_peer_ratio,0.3,22,engagement_g00_d0.5,3009,301,276076.141521,32559.408807,108.170793,1232896,4096.000000,292355.845925,308635.550328,341194.959135
ambiguity,dominant_peer_ratio,0.3,22,engagement_g00_d1.0,3009,250,280002.997910,26093.366352,104.373465,1024000,4096.000000,293049.681086,306096.364262,332189.730614
ambiguity,dominant_peer_ratio,0.3,22,engagement_g00_d2.0,3009,176,288840.610192,17857.016727,101.460322,720896,4096.000000,297769.118556,306697.626919,324554.643646
ambiguity,dominant_peer_ratio,0.3,22,engagement_g00_d5.0,3009,94,302442.715794,9506.445941,101.132404,385024,4096.000000,307195.938765,311949.161735,321455.607676
ambiguity,dominant_peer_ratio,0.3,22,engagement_g00_d10.0,3009,19,302149.393114,2120.227621,111.590927,77824,4096.000000,303209.506925,304269.620735,306389.848356
ambiguity,dominant_peer_ratio,0.3,22,engagement_g05_d0.0,3009,77,292408.324854,7725.783247,100.334847,315392,4096.000000,296271.216478,300134.108101,307859.891348
ambiguity,dominant_peer_ratio,0.3,22,engagement_g05_d0.25,3009,71,292438.867322,6905.435619,97.259657,290816,4096.000000,295891.585132,299344.302941,306249.738560
ambiguity,dominant_peer_ratio,0.3,22,engagement_g05_d0.5,3009,71,293037.043407,6905.435619,97.259657,290816,4096.000000,296489.761217,299942.479026,306847.914645
ambiguity,dominant_peer_ratio,0.3,22,engagement_g05_d1.0,3009,69,294912.575774,6819.777199,98.837351,282624,4096.000000,298322.464374,301732.352973,308552.130172
ambiguity,dominant_peer_ratio,0.3,22,engagement_g05_d2.0,3009,60,294992.956799,6176.927961,102.948799,245760,4096.000000,298081.420780,301169.884760,307346.812721
ambiguity,dominant_peer_ratio,0.3,22,engagement_g05_d5.0,3009,30,297392.237157,3100.909328,103.363644,122880,4096.000000,298942.691821,300493.146485,303594.055813
ambiguity,dominant_peer_ratio,0.3,22,engagement_g05_d10.0,3009,0,296358.286900,0.000000,,0,,296358.286900,296358.286900,296358.286900
ambiguity,dominant_peer_ratio,0.3,22,oracle_a1,3009,1700,75346.568257,42602.026768,25.060016,6963200,4096.000000,96647.581641,117948.595025,160550.621793
ambiguity,dominant_peer_ratio,0.3,22,oracle_a0.5,3009,2273,47965.896345,82600.312171,36.339777,9310208,4096.000000,89266.052430,130566.208516,213166.520687
ambiguity,dominant_peer_ratio,0.3,22,oracle_a2,3009,1163,102788.927176,22786.892984,19.593201,4763648,4096.000000,114182.373668,125575.820160,148362.713144
ambiguity,dominant_peer_ratio,0.3,23,static,3060,0,310349.661415,0.000000,,0,,310349.661415,310349.661415,310349.661415
ambiguity,dominant_peer_ratio,0.3,23,nearest,3060,5,291895.786594,496.613844,99.322769,20480,4096.000000,292144.093516,292392.400438,292889.014282
ambiguity,dominant_peer_ratio,0.3,23,naive_target_aware,3060,518,263476.075740,52829.622324,101.987688,2121728,4096.000000,289890.886902,316305.698064,369135.320388
ambiguity,dominant_peer_ratio,0.3,23,engagement_g00_d0.0,3060,518,263476.075740,52829.622324,101.987688,2121728,4096.000000,289890.886902,316305.698064,369135.320388
ambiguity,dominant_peer_ratio,0.3,23,engagement_g00_d0.25,3060,324,269792.202142,33349.137633,102.929437,1327104,4096.000000,286466.770958,303141.339775,336490.477408
ambiguity,dominant_peer_ratio,0.3,23,engagement_g00_d0.5,3060,279,271479.812715,28515.023766,102.204386,1142784,4096.000000,285737.324598,299994.836481,328509.860247
ambiguity,dominant_peer_ratio,0.3,23,engagement_g00_d1.0,3060,236,277584.514316,23668.407335,100.289862,966656,4096.000000,289418.717983,301252.921651,324921.328986
ambiguity,dominant_peer_ratio,0.3,23,engagement_g00_d2.0,3060,175,287671.888230,18445.537711,105.403073,716800,4096.000000,296894.657085,306117.425941,324562.963652
ambiguity,dominant_peer_ratio,0.3,23,engagement_g00_d5.0,3060,94,311128.258380,10029.722407,106.699175,385024,4096.000000,316143.119583,321157.980787,331187.703194
ambiguity,dominant_peer_ratio,0.3,23,engagement_g00_d10.0,3060,16,321971.159521,1598.911788,99.931987,65536,4096.000000,322770.615415,323570.071309,325168.983097
ambiguity,dominant_peer_ratio,0.3,23,engagement_g05_d0.0,3060,75,295892.617041,6581.036141,87.747149,307200,4096.000000,299183.135111,302473.653182,309054.689323
ambiguity,dominant_peer_ratio,0.3,23,engagement_g05_d0.25,3060,71,297568.263803,6366.290145,89.666058,290816,4096.000000,300751.408875,303934.553948,310300.844093
ambiguity,dominant_peer_ratio,0.3,23,engagement_g05_d0.5,3060,69,298282.851383,6267.253633,90.829763,282624,4096.000000,301416.478199,304550.105016,310817.358649
ambiguity,dominant_peer_ratio,0.3,23,engagement_g05_d1.0,3060,68,298695.177611,6291.839655,92.527054,278528,4096.000000,301841.097438,304987.017266,311278.856921
ambiguity,dominant_peer_ratio,0.3,23,engagement_g05_d2.0,3060,63,299826.741512,5679.625687,90.152789,258048,4096.000000,302666.554355,305506.367199,311185.992886
ambiguity,dominant_peer_ratio,0.3,23,engagement_g05_d5.0,3060,34,299384.233494,3709.943614,109.115989,139264,4096.000000,301239.205301,303094.177108,306804.120722
ambiguity,dominant_peer_ratio,0.3,23,engagement_g05_d10.0,3060,1,310781.505636,47.667048,47.667048,4096,4096.000000,310805.339160,310829.172684,310876.839732
ambiguity,dominant_peer_ratio,0.3,23,oracle_a1,3060,1486,77407.245201,43587.357264,29.332004,6086656,4096.000000,99200.923833,120994.602465,164581.959729
ambiguity,dominant_peer_ratio,0.3,23,oracle_a0.5,3060,2288,47394.502751,88717.724593,38.775229,9371648,4096.000000,91753.365048,136112.227344,224829.951937
ambiguity,dominant_peer_ratio,0.3,23,oracle_a2,3060,857,108964.300415,20887.387740,24.372681,3510272,4096.000000,119407.994285,129851.688155,150739.075895
ambiguity,dominant_peer_ratio,0.3,24,static,2894,0,284803.583034,0.000000,,0,,284803.583034,284803.583034,284803.583034
ambiguity,dominant_peer_ratio,0.3,24,nearest,2894,44,281548.261727,2513.103998,57.116000,180224,4096.000000,282804.813726,284061.365725,286574.469723
ambiguity,dominant_peer_ratio,0.3,24,naive_target_aware,2894,551,259819.873990,62461.650767,113.360528,2256896,4096.000000,291050.699373,322281.524757,384743.175524
ambiguity,dominant_peer_ratio,0.3,24,engagement_g00_d0.0,2894,551,259819.873990,62461.650767,113.360528,2256896,4096.000000,291050.699373,322281.524757,384743.175524
ambiguity,dominant_peer_ratio,0.3,24,engagement_g00_d0.25,2894,321,261807.156607,35760.254838,111.402663,1314816,4096.000000,279687.284026,297567.411445,333327.666283
ambiguity,dominant_peer_ratio,0.3,24,engagement_g00_d0.5,2894,300,264929.150780,32930.820006,109.769400,1228800,4096.000000,281394.560783,297859.970786,330790.790792
ambiguity,dominant_peer_ratio,0.3,24,engagement_g00_d1.0,2894,246,267856.293333,26390.321339,107.277729,1007616,4096.000000,281051.454002,294246.614672,320636.936011
ambiguity,dominant_peer_ratio,0.3,24,engagement_g00_d2.0,2894,186,274564.581293,20058.632445,107.842110,761856,4096.000000,284593.897515,294623.213738,314681.846183
ambiguity,dominant_peer_ratio,0.3,24,engagement_g00_d5.0,2894,91,285597.572433,9412.681192,103.436057,372736,4096.000000,290303.913029,295010.253625,304422.934817
ambiguity,dominant_peer_ratio,0.3,24,engagement_g00_d10.0,2894,10,290737.149841,1178.622369,117.862237,40960,4096.000000,291326.461025,291915.772210,293094.394579
ambiguity,dominant_peer_ratio,0.3,24,engagement_g05_d0.0,2894,69,274091.950476,6422.501533,93.079732,282624,4096.000000,277303.201242,280514.452009,286936.953542
ambiguity,dominant_peer_ratio,0.3,24,engagement_g05_d0.25,2894,65,273138.559325,6050.113233,93.078665,266240,4096.000000,276163.615941,279188.672558,285238.785791
ambiguity,dominant_peer_ratio,0.3,24,engagement_g05_d0.5,2894,65,273233.203873,6050.113233,93.078665,266240,4096.000000,276258.260489,279283.317106,285333.430339
ambiguity,dominant_peer_ratio,0.3,24,engagement_g05_d1.0,2894,64,272280.736866,5980.956028,93.452438,262144,4096.000000,275271.214880,278261.692894,284242.648922
ambiguity,dominant_peer_ratio,0.3,24,engagement_g05_d2.0,2894,58,276353.742928,5639.096490,97.225802,237568,4096.000000,279173.291173,281992.839418,287631.935908
ambiguity,dominant_peer_ratio,0.3,24,engagement_g05_d5.0,2894,22,286595.338006,2545.767625,115.716710,90112,4096.000000,287868.221818,289141.105631,291686.873256
ambiguity,dominant_peer_ratio,0.3,24,engagement_g05_d10.0,2894,1,285326.231673,71.500896,71.500896,4096,4096.000000,285361.982121,285397.732569,285469.233465
ambiguity,dominant_peer_ratio,0.3,24,oracle_a1,2894,1423,79954.012424,45127.995535,31.713279,5828608,4096.000000,102518.010191,125082.007959,170210.003494
ambiguity,dominant_peer_ratio,0.3,24,oracle_a0.5,2894,2217,42879.258735,100756.222084,45.447101,9080832,4096.000000,93257.369777,143635.480819,244391.702903
ambiguity,dominant_peer_ratio,0.3,24,oracle_a2,2894,865,110790.381466,22721.670764,26.267827,3543040,4096.000000,122151.216848,133512.052230,156233.722994
ambiguity,dominant_peer_ratio,0.3,25,static,2903,0,284264.733926,0.000000,,0,,284264.733926,284264.733926,284264.733926
ambiguity,dominant_peer_ratio,0.3,25,nearest,2903,5,273473.223117,444.651086,88.930217,20480,4096.000000,273695.548660,273917.874203,274362.525289
ambiguity,dominant_peer_ratio,0.3,25,naive_target_aware,2903,573,250051.744585,55474.004540,96.813271,2347008,4096.000000,277788.746855,305525.749125,360999.753665
ambiguity,dominant_peer_ratio,0.3,25,engagement_g00_d0.0,2903,573,250051.744585,55474.004540,96.813271,2347008,4096.000000,277788.746855,305525.749125,360999.753665
ambiguity,dominant_peer_ratio,0.3,25,engagement_g00_d0.25,2903,319,254855.495282,32133.289190,100.731314,1306624,4096.000000,270922.139877,286988.784472,319122.073662
ambiguity,dominant_peer_ratio,0.3,25,engagement_g00_d0.5,2903,294,257436.688151,30245.880106,102.877143,1204224,4096.000000,272559.628204,287682.568257,317928.448363
ambiguity,dominant_peer_ratio,0.3,25,engagement_g00_d1.0,2903,245,259365.119257,26085.849167,106.472854,1003520,4096.000000,272408.043841,285450.968424,311536.817591
ambiguity,dominant_peer_ratio,0.3,25,engagement_g00_d2.0,2903,191,273781.256524,20843.154270,109.126462,782336,4096.000000,284202.833659,294624.410794,315467.565064
ambiguity,dominant_peer_ratio,0.3,25,engagement_g00_d5.0,2903,84,291464.637142,9238.121931,109.977642,344064,4096.000000,296083.698108,300702.759073,309940.881004
ambiguity,dominant_peer_ratio,0.3,25,engagement_g00_d10.0,2903,15,305396.500831,1700.316905,113.354460,61440,4096.000000,306246.659283,307096.817736,308797.134641
ambiguity,dominant_peer_ratio,0.3,25,engagement_g05_d0.0,2903,69,285109.363979,7837.561347,113.587846,282624,4096.000000,289028.144653,292946.925326,300784.486673
ambiguity,dominant_peer_ratio,0.3,25,engagement_g05_d0.25,2903,61,284299.070197,7021.587404,115.107990,249856,4096.000000,287809.863899,291320.657601,298342.245005
ambiguity,dominant_peer_ratio,0.3,25,engagement_g05_d0.5,2903,61,284536.005689,7021.587404,115.107990,249856,4096.000000,288046.799391,291557.593093,298579.180497
ambiguity,dominant_peer_ratio,0.3,25,engagement_g05_d1.0,2903,61,285515.628259,7021.587404,115.107990,249856,4096.000000,289026.421961,292537.215663,299558.803067
ambiguity,dominant_peer_ratio,0.3,25,engagement_g05_d2.0,2903,59,289417.326262,6751.351623,114.429689,241664,4096.000000,292793.002074,296168.677885,302920.029508
ambiguity,dominant_peer_ratio,0.3,25,engagement_g05_d5.0,2903,35,313591.720673,4115.623947,117.589256,143360,4096.000000,315649.532646,317707.344620,321822.968567
ambiguity,dominant_peer_ratio,0.3,25,engagement_g05_d10.0,2903,2,282731.347300,140.971579,70.485789,8192,4096.000000,282801.833090,282872.318879,283013.290458
ambiguity,dominant_peer_ratio,0.3,25,oracle_a1,2903,1455,75250.972494,42286.839862,29.063120,5959680,4096.000000,96394.392425,117537.812356,159824.652218
ambiguity,dominant_peer_ratio,0.3,25,oracle_a0.5,2903,2188,44559.229180,87866.054028,40.158160,8962048,4096.000000,88492.256194,132425.283208,220291.337236
ambiguity,dominant_peer_ratio,0.3,25,oracle_a2,2903,962,105849.873478,19957.006278,20.745329,3940352,4096.000000,115828.376617,125806.879756,145763.886034
ambiguity,dominant_peer_ratio,0.3,26,static,3057,0,335170.549435,0.000000,,0,,335170.549435,335170.549435,335170.549435
ambiguity,dominant_peer_ratio,0.3,26,nearest,3057,4,341926.865939,430.321639,107.580410,16384,4096.000000,342142.026759,342357.187578,342787.509217
ambiguity,dominant_peer_ratio,0.3,26,naive_target_aware,3057,572,289204.817716,64169.700793,112.184792,2342912,4096.000000,321289.668112,353374.518509,417544.219302
ambiguity,dominant_peer_ratio,0.3,26,engagement_g00_d0.0,3057,572,289204.817716,64169.700793,112.184792,2342912,4096.000000,321289.668112,353374.518509,417544.219302
ambiguity,dominant_peer_ratio,0.3,26,engagement_g00_d0.25,3057,335,293614.634669,37696.964252,112.528251,1372160,4096.000000,312463.116795,331311.598921,369008.563173
ambiguity,dominant_peer_ratio,0.3,26,engagement_g00_d0.5,3057,306,295196.353174,34112.737754,111.479535,1253376,4096.000000,312252.722051,329309.090928,363421.828682
ambiguity,dominant_peer_ratio,0.3,26,engagement_g00_d1.0,3057,263,295674.467638,29630.307203,112.662765,1077248,4096.000000,310489.621239,325304.774841,354935.082044
ambiguity,dominant_peer_ratio,0.3,26,engagement_g00_d2.0,3057,186,304811.405394,21365.965262,114.870781,761856,4096.000000,315494.388025,326177.370656,347543.335918
ambiguity,dominant_peer_ratio,0.3,26,engagement_g00_d5.0,3057,83,325532.204505,9198.540427,110.825788,339968,4096.000000,330131.474719,334730.744932,343929.285359
ambiguity,dominant_peer_ratio,0.3,26,engagement_g00_d10.0,3057,16,323790.887243,1581.342566,98.833910,65536,4096.000000,324581.558526,325372.229809,326953.572375
ambiguity,dominant_peer_ratio,0.3,26,engagement_g05_d0.0,3057,64,316892.616951,6991.936737,109.249012,262144,4096.000000,320388.585320,323884.553688,330876.490425
ambiguity,dominant_peer_ratio,0.3,26,engagement_g05_d0.25,3057,56,317762.201688,6310.240881,112.682873,229376,4096.000000,320917.322129,324072.442569,330382.683450
ambiguity,dominant_peer_ratio,0.3,26,engagement_g05_d0.5,3057,56,318080.266957,6310.240881,112.682873,229376,4096.000000,321235.387398,324390.507838,330700.748719
ambiguity,dominant_peer_ratio,0.3,26,engagement_g05_d1.0,3057,55,319950.888773,6293.830374,114.433280,225280,4096.000000,323097.803960,326244.719147,332538.549521
ambiguity,dominant_peer_ratio,0.3,26,engagement_g05_d2.0,3057,50,322486.471563,5465.027721,109.300554,204800,4096.000000,325218.985424,327951.499284,333416.527005
ambiguity,dominant_peer_ratio,0.3,26,engagement_g05_d5.0,3057,24,334260.359411,2772.082138,115.503422,98304,4096.000000,335646.400480,337032.441549,339804.523687
ambiguity,dominant_peer_ratio,0.3,26,engagement_g05_d10.0,3057,5,327581.151127,427.703626,85.540725,20480,4096.000000,327795.002940,328008.854753,328436.558379
ambiguity,dominant_peer_ratio,0.3,26,oracle_a1,3057,1579,81898.310771,42136.146039,26.685336,6467584,4096.000000,102966.383790,124034.456810,166170.602849
ambiguity,dominant_peer_ratio,0.3,26,oracle_a0.5,3057,2331,52346.396155,86458.162769,37.090589,9547776,4096.000000,95575.477540,138804.558924,225262.721693
ambiguity,dominant_peer_ratio,0.3,26,oracle_a2,3057,1104,105949.985019,24805.142632,22.468426,4521984,4096.000000,118352.556335,130755.127651,155560.270283
ambiguity,dominant_peer_ratio,0.3,27,static,2968,0,309695.416233,0.000000,,0,,309695.416233,309695.416233,309695.416233
ambiguity,dominant_peer_ratio,0.3,27,nearest,2968,18,303584.938345,1726.305104,95.905839,73728,4096.000000,304448.090897,305311.243449,307037.548553
ambiguity,dominant_peer_ratio,0.3,27,naive_target_aware,2968,564,266889.071090,61110.813419,108.352506,2310144,4096.000000,297444.477800,327999.884509,389110.697928
ambiguity,dominant_peer_ratio,0.3,27,engagement_g00_d0.0,2968,564,266889.071090,61110.813419,108.352506,2310144,4096.000000,297444.477800,327999.884509,389110.697928
ambiguity,dominant_peer_ratio,0.3,27,engagement_g00_d0.25,2968,317,268098.010482,34444.662023,108.658240,1298432,4096.000000,285320.341494,302542.672505,336987.334528
ambiguity,dominant_peer_ratio,0.3,27,engagement_g00_d0.5,2968,284,271397.402963,30874.563042,108.713250,1163264,4096.000000,286834.684484,302271.966005,333146.529047
ambiguity,dominant_peer_ratio,0.3,27,engagement_g00_d1.0,2968,233,273348.659639,24829.143486,106.562848,954368,4096.000000,285763.231382,298177.803125,323006.946611
ambiguity,dominant_peer_ratio,0.3,27,engagement_g00_d2.0,2968,183,284177.009448,19616.861812,107.195966,749568,4096.000000,293985.440354,303793.871260,323410.733072
ambiguity,dominant_peer_ratio,0.3,27,engagement_g00_d5.0,2968,89,294664.189343,9104.570420,102.298544,364544,4096.000000,299216.474553,303768.759763,312873.330183
ambiguity,dominant_peer_ratio,0.3,27,engagement_g00_d10.0,2968,15,300350.196642,1119.975766,74.665051,61440,4096.000000,300910.184525,301470.172408,302590.148174
ambiguity,dominant_peer_ratio,0.3,27,engagement_g05_d0.0,2968,66,278339.702651,6325.216293,95.836610,270336,4096.000000,281502.310797,284664.918944,290990.135237
ambiguity,dominant_peer_ratio,0.3,27,engagement_g05_d0.25,2968,61,279527.428932,6048.597601,99.157338,249856,4096.000000,282551.727732,285576.026533,291624.624134
ambiguity,dominant_peer_ratio,0.3,27,engagement_g05_d0.5,2968,61,279971.062512,6048.597601,99.157338,249856,4096.000000,282995.361312,286019.660113,292068.257714
ambiguity,dominant_peer_ratio,0.3,27,engagement_g05_d1.0,2968,57,280881.059329,5703.318310,100.058216,233472,4096.000000,283732.718484,286584.377639,292287.695949
ambiguity,dominant_peer_ratio,0.3,27,engagement_g05_d2.0,2968,51,284562.955101,4941.308672,96.888405,208896,4096.000000,287033.609437,289504.263773,294445.572445
ambiguity,dominant_peer_ratio,0.3,27,engagement_g05_d5.0,2968,24,289088.677505,2315.307559,96.471148,98304,4096.000000,290246.331284,291403.985064,293719.292623
ambiguity,dominant_peer_ratio,0.3,27,engagement_g05_d10.0,2968,1,313104.296916,119.920509,119.920509,4096,4096.000000,313164.257170,313224.217425,313344.137934
ambiguity,dominant_peer_ratio,0.3,27,oracle_a1,2968,1461,80224.062806,41722.971826,28.557818,5984256,4096.000000,101085.548719,121947.034632,163670.006458
ambiguity,dominant_peer_ratio,0.3,27,oracle_a0.5,2968,2242,48523.235342,89814.390562,40.059942,9183232,4096.000000,93430.430623,138337.625904,228152.016466
ambiguity,dominant_peer_ratio,0.3,27,oracle_a2,2968,899,108048.345996,21149.288949,23.525349,3682304,4096.000000,118622.990470,129197.634945,150346.923894
ambiguity,dominant_peer_ratio,0.3,28,static,3014,0,342678.029337,0.000000,,0,,342678.029337,342678.029337,342678.029337
ambiguity,dominant_peer_ratio,0.3,28,nearest,3014,14,329919.060662,1368.413416,97.743815,57344,4096.000000,330603.267370,331287.474078,332655.887494
ambiguity,dominant_peer_ratio,0.3,28,naive_target_aware,3014,542,270854.051257,57737.282720,106.526352,2220032,4096.000000,299722.692617,328591.333977,386328.616697
ambiguity,dominant_peer_ratio,0.3,28,engagement_g00_d0.0,3014,542,270854.051257,57737.282720,106.526352,2220032,4096.000000,299722.692617,328591.333977,386328.616697
ambiguity,dominant_peer_ratio,0.3,28,engagement_g00_d0.25,3014,336,278905.392696,36824.754909,109.597485,1376256,4096.000000,297317.770151,315730.147605,352554.902514
ambiguity,dominant_peer_ratio,0.3,28,engagement_g00_d0.5,3014,289,278526.220149,30825.009435,106.660932,1183744,4096.000000,293938.724867,309351.229584,340176.239019
ambiguity,dominant_peer_ratio,0.3,28,engagement_g00_d1.0,3014,241,283753.485599,26092.009369,108.265599,987136,4096.000000,296799.490284,309845.494968,335937.504337
ambiguity,dominant_peer_ratio,0.3,28,engagement_g00_d2.0,3014,177,294601.730815,20134.620911,113.754920,724992,4096.000000,304669.041271,314736.351726,334870.972637
ambiguity,dominant_peer_ratio,0.3,28,engagement_g00_d5.0,3014,94,324264.079810,11474.951903,122.073956,385024,4096.000000,330001.555762,335739.031713,347213.983616
ambiguity,dominant_peer_ratio,0.3,28,engagement_g00_d10.0,3014,15,328939.307490,1455.552292,97.036819,61440,4096.000000,329667.083636,330394.859782,331850.412074
ambiguity,dominant_peer_ratio,0.3,28,engagement_g05_d0.0,3014,68,312474.507785,8589.966819,126.323041,278528,4096.000000,316769.491195,321064.474604,329654.441423
ambiguity,dominant_peer_ratio,0.3,28,engagement_g05_d0.25,3014,65,313861.499170,8142.026282,125.261943,266240,4096.000000,317932.512311,322003.525452,330145.551734
ambiguity,dominant_peer_ratio,0.3,28,engagement_g05_d0.5,3014,64,313695.094867,8130.927637,127.045744,262144,4096.000000,317760.558686,321826.022504,329956.950141
ambiguity,dominant_peer_ratio,0.3,28,engagement_g05_d1.0,3014,63,313900.008356,8124.243063,128.956239,258048,4096.000000,317962.129888,322024.251419,330148.494482
ambiguity,dominant_peer_ratio,0.3,28,engagement_g05_d2.0,3014,57,313053.476120,7066.661047,123.976510,233472,4096.000000,316586.806644,320120.137167,327186.798214
ambiguity,dominant_peer_ratio,0.3,28,engagement_g05_d5.0,3014,27,323622.780632,3054.664768,113.135732,110592,4096.000000,325150.113016,326677.445400,329732.110168
ambiguity,dominant_peer_ratio,0.3,28,engagement_g05_d10.0,3014,2,337461.098086,284.943905,142.471952,8192,4096.000000,337603.570039,337746.041991,338030.985896
ambiguity,dominant_peer_ratio,0.3,28,oracle_a1,3014,1569,75614.872431,37448.001629,23.867433,6426624,4096.000000,94338.873245,113062.874060,150510.875689
ambiguity,dominant_peer_ratio,0.3,28,oracle_a0.5,3014,2268,47239.990400,79863.050905,35.212985,9289728,4096.000000,87171.515852,127103.041305,206966.092210
ambiguity,dominant_peer_ratio,0.3,28,oracle_a2,3014,980,102711.863563,17833.590192,18.197541,4014080,4096.000000,111628.658659,120545.453755,138379.043947
ambiguity,dominant_peer_ratio,0.3,29,static,3063,0,287206.825384,0.000000,,0,,287206.825384,287206.825384,287206.825384
ambiguity,dominant_peer_ratio,0.3,29,nearest,3063,4,287999.356916,352.543663,88.135916,16384,4096.000000,288175.628747,288351.900579,288704.444242
ambiguity,dominant_peer_ratio,0.3,29,naive_target_aware,3063,573,255145.823860,57585.992374,100.499114,2347008,4096.000000,283938.820047,312731.816234,370317.808608
ambiguity,dominant_peer_ratio,0.3,29,engagement_g00_d0.0,3063,573,255145.823860,57585.992374,100.499114,2347008,4096.000000,283938.820047,312731.816234,370317.808608
ambiguity,dominant_peer_ratio,0.3,29,engagement_g00_d0.25,3063,312,260121.268339,32751.994312,104.974341,1277952,4096.000000,276497.265495,292873.262651,325625.256963
ambiguity,dominant_peer_ratio,0.3,29,engagement_g00_d0.5,3063,280,261957.739271,28924.919081,103.303282,1146880,4096.000000,276420.198811,290882.658352,319807.577433
ambiguity,dominant_peer_ratio,0.3,29,engagement_g00_d1.0,3063,238,266808.494971,24987.724771,104.990440,974848,4096.000000,279302.357356,291796.219742,316783.944513
ambiguity,dominant_peer_ratio,0.3,29,engagement_g00_d2.0,3063,172,275420.059886,17366.271475,100.966695,704512,4096.000000,284103.195623,292786.331361,310152.602836
ambiguity,dominant_peer_ratio,0.3,29,engagement_g00_d5.0,3063,94,286128.209379,9179.336532,97.652516,385024,4096.000000,290717.877645,295307.545911,304486.882443
ambiguity,dominant_peer_ratio,0.3,29,engagement_g00_d10.0,3063,15,286363.541103,1638.712616,109.247508,61440,4096.000000,287182.897411,288002.253719,289640.966335
ambiguity,dominant_peer_ratio,0.3,29,engagement_g05_d0.0,3063,70,287974.289614,7153.193785,102.188483,286720,4096.000000,291550.886507,295127.483399,302280.677184
ambiguity,dominant_peer_ratio,0.3,29,engagement_g05_d0.25,3063,66,287464.063523,6852.650006,103.828030,270336,4096.000000,290890.388526,294316.713529,301169.363535
ambiguity,dominant_peer_ratio,0.3,29,engagement_g05_d0.5,3063,66,287717.502489,6852.650006,103.828030,270336,4096.000000,291143.827492,294570.152495,301422.802501
ambiguity,dominant_peer_ratio,0.3,29,engagement_g05_d1.0,3063,66,288332.619247,6852.650006,103.828030,270336,4096.000000,291758.944250,295185.269253,302037.919259
ambiguity,dominant_peer_ratio,0.3,29,engagement_g05_d2.0,3063,60,287123.761845,6154.988382,102.583140,245760,4096.000000,290201.256036,293278.750227,299433.738609
ambiguity,dominant_peer_ratio,0.3,29,engagement_g05_d5.0,3063,28,290143.264986,2963.941204,105.855043,114688,4096.000000,291625.235588,293107.206190,296071.147394
ambiguity,dominant_peer_ratio,0.3,29,engagement_g05_d10.0,3063,1,287758.708964,26.802007,26.802007,4096,4096.000000,287772.109968,287785.510971,287812.312978
ambiguity,dominant_peer_ratio,0.3,29,oracle_a1,3063,1500,76259.607885,34140.910919,22.760607,6144000,4096.000000,93330.063345,110400.518804,144541.429723
ambiguity,dominant_peer_ratio,0.3,29,oracle_a0.5,3063,2252,45732.898552,81283.751025,36.094028,9224192,4096.000000,86374.774065,127016.649577,208300.400602
ambiguity,dominant_peer_ratio,0.3,29,oracle_a2,3063,1034,97907.053722,18687.947628,18.073450,4235264,4096.000000,107251.027536,116595.001350,135282.948978
ambiguity,dominant_peer_ratio,0.3,30,static,2933,0,299328.007552,0.000000,,0,,299328.007552,299328.007552,299328.007552
ambiguity,dominant_peer_ratio,0.3,30,nearest,2933,12,284544.165872,1199.928233,99.994019,49152,4096.000000,285144.129989,285744.094105,286944.022338
ambiguity,dominant_peer_ratio,0.3,30,naive_target_aware,2933,551,280272.631559,64228.875605,116.567832,2256896,4096.000000,312387.069361,344501.507164,408730.382769
ambiguity,dominant_peer_ratio,0.3,30,engagement_g00_d0.0,2933,551,280272.631559,64228.875605,116.567832,2256896,4096.000000,312387.069361,344501.507164,408730.382769
ambiguity,dominant_peer_ratio,0.3,30,engagement_g00_d0.25,2933,325,288229.101954,37781.575530,116.251002,1331200,4096.000000,307119.889719,326010.677484,363792.253014
ambiguity,dominant_peer_ratio,0.3,30,engagement_g00_d0.5,2933,297,287382.825997,34396.357155,115.812650,1216512,4096.000000,304581.004575,321779.183152,356175.540307
ambiguity,dominant_peer_ratio,0.3,30,engagement_g00_d1.0,2933,260,290198.429603,29750.820527,114.426233,1064960,4096.000000,305073.839867,319949.250130,349700.070657
ambiguity,dominant_peer_ratio,0.3,30,engagement_g00_d2.0,2933,193,295977.400949,22241.327115,115.240037,790528,4096.000000,307098.064507,318218.728064,340460.055179
ambiguity,dominant_peer_ratio,0.3,30,engagement_g00_d5.0,2933,89,321799.385507,10540.430132,118.431799,364544,4096.000000,327069.600573,332339.815639,342880.245771
ambiguity,dominant_peer_ratio,0.3,30,engagement_g00_d10.0,2933,12,307105.800366,1391.026467,115.918872,49152,4096.000000,307801.313600,308496.826833,309887.853300
ambiguity,dominant_peer_ratio,0.3,30,engagement_g05_d0.0,2933,62,301862.046978,6832.892017,110.207936,253952,4096.000000,305278.492986,308694.938995,315527.831012
ambiguity,dominant_peer_ratio,0.3,30,engagement_g05_d0.25,2933,62,303027.815698,6832.892017,110.207936,253952,4096.000000,306444.261706,309860.707715,316693.599732
ambiguity,dominant_peer_ratio,0.3,30,engagement_g05_d0.5,2933,61,302314.671014,6563.766676,107.602732,249856,4096.000000,305596.554352,308878.437690,315442.204366
ambiguity,dominant_peer_ratio,0.3,30,engagement_g05_d1.0,2933,61,302595.791727,6563.766676,107.602732,249856,4096.000000,305877.675065,309159.558403,315723.325079
ambiguity,dominant_peer_ratio,0.3,30,engagement_g05_d2.0,2933,53,305698.445004,5784.886432,109.148801,217088,4096.000000,308590.888220,311483.331436,317268.217868
ambiguity,dominant_peer_ratio,0.3,30,engagement_g05_d5.0,2933,26,309115.911743,3008.291705,115.703527,106496,4096.000000,310620.057595,312124.203448,315132.495153
ambiguity,dominant_peer_ratio,0.3,30,engagement_g05_d10.0,2933,2,301117.356539,317.831053,158.915526,8192,4096.000000,301276.272066,301435.187592,301753.018645
ambiguity,dominant_peer_ratio,0.3,30,oracle_a1,2933,1385,92068.405991,47428.403987,34.244335,5672960,4096.000000,115782.607985,139496.809978,186925.213965
ambiguity,dominant_peer_ratio,0.3,30,oracle_a0.5,2933,2204,53113.118318,105725.668566,47.969904,9027584,4096.000000,105975.952601,158838.786884,264564.455450
ambiguity,dominant_peer_ratio,0.3,30,oracle_a2,2933,805,125182.588294,22918.200100,28.469814,3297280,4096.000000,136641.688344,148100.788394,171018.988494
ambiguity,dominant_peer_ratio,0.25,1,static,3072,0,288605.104846,0.000000,,0,,288605.104846,288605.104846,288605.104846
ambiguity,dominant_peer_ratio,0.25,1,nearest,3072,25,302490.818351,4199.591890,167.983676,102400,4096.000000,304590.614296,306690.410241,310890.002131
ambiguity,dominant_peer_ratio,0.25,1,naive_target_aware,3072,684,261121.701406,63575.259087,92.946285,2801664,4096.000000,292909.330950,324696.960493,388272.219580
ambiguity,dominant_peer_ratio,0.25,1,engagement_g00_d0.0,3072,684,261121.701406,63575.259087,92.946285,2801664,4096.000000,292909.330950,324696.960493,388272.219580
ambiguity,dominant_peer_ratio,0.25,1,engagement_g00_d0.25,3072,353,262763.005321,33547.504111,95.035422,1445888,4096.000000,279536.757377,296310.509432,329858.013543
ambiguity,dominant_peer_ratio,0.25,1,engagement_g00_d0.5,3072,319,264766.579610,29611.171817,92.824990,1306624,4096.000000,279572.165519,294377.751427,323988.923244
ambiguity,dominant_peer_ratio,0.25,1,engagement_g00_d1.0,3072,253,262035.602532,22628.655235,89.441325,1036288,4096.000000,273349.930150,284664.257767,307292.913002
ambiguity,dominant_peer_ratio,0.25,1,engagement_g00_d2.0,3072,185,264858.866214,16306.774390,88.144726,757760,4096.000000,273012.253409,281165.640604,297472.414994
ambiguity,dominant_peer_ratio,0.25,1,engagement_g00_d5.0,3072,78,279199.301255,6761.574654,86.686855,319488,4096.000000,282580.088582,285960.875909,292722.450563
ambiguity,dominant_peer_ratio,0.25,1,engagement_g00_d10.0,3072,11,295738.242010,819.327683,74.484335,45056,4096.000000,296147.905852,296557.569693,297376.897376
ambiguity,dominant_peer_ratio,0.25,1,engagement_g05_d0.0,3072,46,283692.904881,4144.557802,90.099083,188416,4096.000000,285765.183782,287837.462683,291982.020485
ambiguity,dominant_peer_ratio,0.25,1,engagement_g05_d0.25,3072,41,282939.936686,3716.537287,90.647251,167936,4096.000000,284798.205329,286656.473973,290373.011260
ambiguity,dominant_peer_ratio,0.25,1,engagement_g05_d0.5,3072,39,284139.899832,3850.101283,98.720546,159744,4096.000000,286064.950473,287990.001115,291840.102398
ambiguity,dominant_peer_ratio,0.25,1,engagement_g05_d1.0,3072,38,284674.013008,3790.129787,99.740258,155648,4096.000000,286569.077901,288464.142795,292254.272582
ambiguity,dominant_peer_ratio,0.25,1,engagement_g05_d2.0,3072,32,292272.109205,3123.527634,97.610239,131072,4096.000000,293833.873022,295395.636839,298519.164473
ambiguity,dominant_peer_ratio,0.25,1,engagement_g05_d5.0,3072,17,289401.971232,1383.175886,81.363287,69632,4096.000000,290093.559175,290785.147118,292168.323004
ambiguity,dominant_peer_ratio,0.25,1,engagement_g05_d10.0,3072,0,288605.104846,0.000000,,0,,288605.104846,288605.104846,288605.104846
ambiguity,dominant_peer_ratio,0.25,1,oracle_a1,3072,1625,78962.401123,40743.751287,25.073078,6656000,4096.000000,99334.276766,119706.152410,160449.903697
ambiguity,dominant_peer_ratio,0.25,1,oracle_a0.5,3072,2395,48076.242163,86919.860862,36.292217,9809920,4096.000000,91536.172594,134996.103025,221915.963887
ambiguity,dominant_peer_ratio,0.25,1,oracle_a2,3072,1067,108106.026525,20120.100195,18.856701,4370432,4096.000000,118166.076623,128226.126720,148346.226915
ambiguity,dominant_peer_ratio,0.25,2,static,3076,0,300007.472349,0.000000,,0,,300007.472349,300007.472349,300007.472349
ambiguity,dominant_peer_ratio,0.25,2,nearest,3076,5,278044.251303,505.132572,101.026514,20480,4096.000000,278296.817589,278549.383875,279054.516447
ambiguity,dominant_peer_ratio,0.25,2,naive_target_aware,3076,709,287062.267998,73979.703402,104.343728,2904064,4096.000000,324052.119699,361041.971400,435021.674802
ambiguity,dominant_peer_ratio,0.25,2,engagement_g00_d0.0,3076,709,287062.267998,73979.703402,104.343728,2904064,4096.000000,324052.119699,361041.971400,435021.674802
ambiguity,dominant_peer_ratio,0.25,2,engagement_g00_d0.25,3076,396,290162.969003,41608.979064,105.073179,1622016,4096.000000,310967.458535,331771.948067,373380.927131
ambiguity,dominant_peer_ratio,0.25,2,engagement_g00_d0.5,3076,345,289229.193168,36768.538634,106.575474,1413120,4096.000000,307613.462485,325997.731802,362766.270436
ambiguity,dominant_peer_ratio,0.25,2,engagement_g00_d1.0,3076,272,296490.456145,29599.714423,108.822479,1114112,4096.000000,311290.313357,326090.170568,355689.884991
ambiguity,dominant_peer_ratio,0.25,2,engagement_g00_d2.0,3076,180,301611.356723,20057.124920,111.428472,737280,4096.000000,311639.919183,321668.481643,341725.606563
ambiguity,dominant_peer_ratio,0.25,2,engagement_g00_d5.0,3076,65,311150.638628,7445.211510,114.541716,266240,4096.000000,314873.244383,318595.850138,326041.061648
ambiguity,dominant_peer_ratio,0.25,2,engagement_g00_d10.0,3076,7,309255.076123,691.583141,98.797592,28672,4096.000000,309600.867693,309946.659264,310638.242405
ambiguity,dominant_peer_ratio,0.25,2,engagement_g05_d0.0,3076,43,304505.891371,4501.577648,104.687852,176128,4096.000000,306756.680195,309007.469019,313509.046667
ambiguity,dominant_peer_ratio,0.25,2,engagement_g05_d0.25,3076,40,302938.908808,4196.569536,104.914238,163840,4096.000000,305037.193576,307135.478344,311332.047880
ambiguity,dominant_peer_ratio,0.25,2,engagement_g05_d0.5,3076,38,301885.554539,4095.226910,107.769129,155648,4096.000000,303933.167994,305980.781449,310076.008359
ambiguity,dominant_peer_ratio,0.25,2,engagement_g05_d1.0,3076,37,303160.219590,4107.080299,111.002170,151552,4096.000000,305213.759740,307267.299889,311374.380188
ambiguity,dominant_peer_ratio,0.25,2,engagement_g05_d2.0,3076,35,297212.231159,3965.371043,113.296316,143360,4096.000000,299194.916681,301177.602202,305142.973245
ambiguity,dominant_peer_ratio,0.25,2,engagement_g05_d5.0,3076,17,304699.489886,2252.681593,132.510682,69632,4096.000000,305825.830682,306952.171479,309204.853072
ambiguity,dominant_peer_ratio,0.25,2,engagement_g05_d10.0,3076,1,306850.308955,10.705802,10.705802,4096,4096.000000,306855.661856,306861.014757,306871.720559
ambiguity,dominant_peer_ratio,0.25,2,oracle_a1,3076,1552,85857.986731,39831.239011,25.664458,6356992,4096.000000,105773.606237,125689.225742,165520.464753
ambiguity,dominant_peer_ratio,0.25,2,oracle_a0.5,3076,2380,50402.912068,93462.385417,39.269910,9748480,4096.000000,97134.104777,143865.297485,237327.682902
ambiguity,dominant_peer_ratio,0.25,2,oracle_a2,3076,1032,112021.960092,20964.497735,20.314436,4227072,4096.000000,122504.208960,132986.457827,153950.955562
ambiguity,dominant_peer_ratio,0.25,3,static,2993,0,283829.507750,0.000000,,0,,283829.507750,283829.507750,283829.507750
ambiguity,dominant_peer_ratio,0.25,3,nearest,2993,5,276589.460942,366.621124,73.324225,20480,4096.000000,276772.771504,276956.082066,277322.703190
ambiguity,dominant_peer_ratio,0.25,3,naive_target_aware,2993,693,274564.575849,70595.633460,101.869601,2838528,4096.000000,309862.392579,345160.209309,415755.842769
ambiguity,dominant_peer_ratio,0.25,3,engagement_g00_d0.0,2993,693,274564.575849,70595.633460,101.869601,2838528,4096.000000,309862.392579,345160.209309,415755.842769
ambiguity,dominant_peer_ratio,0.25,3,engagement_g00_d0.25,2993,382,276977.702090,38230.645539,100.080224,1564672,4096.000000,296093.024859,315208.347629,353438.993168
ambiguity,dominant_peer_ratio,0.25,3,engagement_g00_d0.5,2993,337,274392.926018,32848.190906,97.472377,1380352,4096.000000,290817.021471,307241.116924,340089.307830
ambiguity,dominant_peer_ratio,0.25,3,engagement_g00_d1.0,2993,275,274072.509351,26848.986196,97.632677,1126400,4096.000000,287497.002449,300921.495547,327770.481743
ambiguity,dominant_peer_ratio,0.25,3,engagement_g00_d2.0,2993,187,283038.336755,18652.425789,99.745592,765952,4096.000000,292364.549649,301690.762544,320343.188333
ambiguity,dominant_peer_ratio,0.25,3,engagement_g00_d5.0,2993,70,294227.498769,7224.867595,103.212394,286720,4096.000000,297839.932566,301452.366364,308677.233959
ambiguity,dominant_peer_ratio,0.25,3,engagement_g00_d10.0,2993,11,288650.881147,1006.894188,91.535835,45056,4096.000000,289154.328241,289657.775335,290664.669523
ambiguity,dominant_peer_ratio,0.25,3,engagement_g05_d0.0,2993,46,304509.340510,4562.727072,99.189719,188416,4096.000000,306790.704046,309072.067582,313634.794654
ambiguity,dominant_peer_ratio,0.25,3,engagement_g05_d0.25,2993,42,305485.344278,4281.036456,101.929439,172032,4096.000000,307625.862506,309766.380734,314047.417190
ambiguity,dominant_peer_ratio,0.25,3,engagement_g05_d0.5,2993,42,305451.346679,4281.036456,101.929439,172032,4096.000000,307591.864907,309732.383135,314013.419591
ambiguity,dominant_peer_ratio,0.25,3,engagement_g05_d1.0,2993,38,297662.776368,3829.093728,100.765624,155648,4096.000000,299577.323232,301491.870096,305320.963824
ambiguity,dominant_peer_ratio,0.25,3,engagement_g05_d2.0,2993,33,296329.616625,3113.535167,94.349551,135168,4096.000000,297886.384208,299443.151792,302556.686959
ambiguity,dominant_peer_ratio,0.25,3,engagement_g05_d5.0,2993,16,298527.921476,1506.134306,94.133394,65536,4096.000000,299280.988629,300034.055782,301540.190088
ambiguity,dominant_peer_ratio,0.25,3,engagement_g05_d10.0,2993,0,283829.507750,0.000000,,0,,283829.507750,283829.507750,283829.507750
ambiguity,dominant_peer_ratio,0.25,3,oracle_a1,2993,1502,83945.443028,40383.232073,26.886306,6152192,4096.000000,104137.059064,124328.675101,164711.907174
ambiguity,dominant_peer_ratio,0.25,3,oracle_a0.5,2993,2300,48883.596005,94165.504195,40.941524,9420800,4096.000000,95966.348102,143049.100200,237214.604395
ambiguity,dominant_peer_ratio,0.25,3,oracle_a2,2993,1016,107955.264887,22613.973010,22.257847,4161536,4096.000000,119262.251392,130569.237897,153183.210907
ambiguity,dominant_peer_ratio,0.25,4,static,2947,0,301102.925031,0.000000,,0,,301102.925031,301102.925031,301102.925031
ambiguity,dominant_peer_ratio,0.25,4,nearest,2947,4,288026.607983,350.263260,87.565815,16384,4096.000000,288201.739613,288376.871243,288727.134503
ambiguity,dominant_peer_ratio,0.25,4,naive_target_aware,2947,675,266454.235321,65499.690817,97.036579,2764800,4096.000000,299204.080730,331953.926138,397453.616955
ambiguity,dominant_peer_ratio,0.25,4,engagement_g00_d0.0,2947,675,266454.235321,65499.690817,97.036579,2764800,4096.000000,299204.080730,331953.926138,397453.616955
ambiguity,dominant_peer_ratio,0.25,4,engagement_g00_d0.25,2947,396,274967.565781,40107.345421,101.281175,1622016,4096.000000,295021.238492,315074.911202,355182.256623
ambiguity,dominant_peer_ratio,0.25,4,engagement_g00_d0.5,2947,348,275260.248578,35906.436819,103.179416,1425408,4096.000000,293213.466988,311166.685397,347073.122216
ambiguity,dominant_peer_ratio,0.25,4,engagement_g00_d1.0,2947,264,277114.489457,27357.670405,103.627539,1081344,4096.000000,290793.324660,304472.159862,331829.830267
ambiguity,dominant_peer_ratio,0.25,4,engagement_g00_d2.0,2947,188,286235.868813,19701.963019,104.797676,770048,4096.000000,296086.850323,305937.831832,325639.794851
ambiguity,dominant_peer_ratio,0.25,4,engagement_g00_d5.0,2947,71,290756.283290,7109.828561,100.138430,290816,4096.000000,294311.197571,297866.111851,304975.940412
ambiguity,dominant_peer_ratio,0.25,4,engagement_g00_d10.0,2947,8,302050.707348,995.403099,124.425387,32768,4096.000000,302548.408898,303046.110447,304041.513546
ambiguity,dominant_peer_ratio,0.25,4,engagement_g05_d0.0,2947,37,289292.218445,3301.651835,89.233833,151552,4096.000000,290943.044362,292593.870280,295895.522115
ambiguity,dominant_peer_ratio,0.25,4,engagement_g05_d0.25,2947,33,290763.684459,2868.541065,86.925487,135168,4096.000000,292197.954991,293632.225524,296500.766589
ambiguity,dominant_peer_ratio,0.25,4,engagement_g05_d0.5,2947,32,290257.017645,2705.123096,84.535097,131072,4096.000000,291609.579193,292962.140741,295667.263837
ambiguity,dominant_peer_ratio,0.25,4,engagement_g05_d1.0,2947,31,285723.803897,2572.156244,82.972782,126976,4096.000000,287009.882019,288295.960141,290868.116385
ambiguity,dominant_peer_ratio,0.25,4,engagement_g05_d2.0,2947,28,285297.229642,2106.776716,75.242026,114688,4096.000000,286350.618000,287404.006358,289510.783074
ambiguity,dominant_peer_ratio,0.25,4,engagement_g05_d5.0,2947,10,296442.093667,1280.014970,128.001497,40960,4096.000000,297082.101152,297722.108637,299002.123607
ambiguity,dominant_peer_ratio,0.25,4,engagement_g05_d10.0,2947,1,303610.984257,85.701655,85.701655,4096,4096.000000,303653.835085,303696.685912,303782.387567
ambiguity,dominant_peer_ratio,0.25,4,oracle_a1,2947,1639,72143.781267,41966.942045,25.605212,6713344,4096.000000,93127.252289,114110.723312,156077.665357
ambiguity,dominant_peer_ratio,0.25,4,oracle_a0.5,2947,2253,45902.765647,80949.839640,35.929800,9228288,4096.000000,86377.685467,126852.605287,207802.444927
ambiguity,dominant_peer_ratio,0.25,4,oracle_a2,2947,1116,99662.435531,22804.931830,20.434527,4571136,4096.000000,111064.901446,122467.367361,145272.299191
ambiguity,dominant_peer_ratio,0.25,5,static,2961,0,304446.110009,0.000000,,0,,304446.110009,304446.110009,304446.110009
ambiguity,dominant_peer_ratio,0.25,5,nearest,2961,6,298207.529176,393.231552,65.538592,24576,4096.000000,298404.144952,298600.760728,298993.992280
ambiguity,dominant_peer_ratio,0.25,5,naive_target_aware,2961,671,280789.297301,70704.638336,105.372039,2748416,4096.000000,316141.616469,351493.935637,422198.573973
ambiguity,dominant_peer_ratio,0.25,5,engagement_g00_d0.0,2961,671,280789.297301,70704.638336,105.372039,2748416,4096.000000,316141.616469,351493.935637,422198.573973
ambiguity,dominant_peer_ratio,0.25,5,engagement_g00_d0.25,2961,381,282067.995090,41657.372277,109.336935,1560576,4096.000000,302896.681229,323725.367367,365382.739644
ambiguity,dominant_peer_ratio,0.25,5,engagement_g00_d0.5,2961,337,285520.987261,37657.261105,111.742615,1380352,4096.000000,304349.617814,323178.248366,360835.509471
ambiguity,dominant_peer_ratio,0.25,5,engagement_g00_d1.0,2961,265,286794.061749,29925.741107,112.927325,1085440,4096.000000,301756.932303,316719.802856,346645.543963
ambiguity,dominant_peer_ratio,0.25,5,engagement_g00_d2.0,2961,187,296991.064938,21782.940263,116.486312,765952,4096.000000,307882.535069,318774.005201,340556.945464
ambiguity,dominant_peer_ratio,0.25,5,engagement_g00_d5.0,2961,67,296238.912602,7460.242323,111.346900,274432,4096.000000,299969.033763,303699.154925,311159.397248
ambiguity,dominant_peer_ratio,0.25,5,engagement_g00_d10.0,2961,7,294931.176334,949.084683,135.583526,28672,4096.000000,295405.718675,295880.261017,296829.345700
ambiguity,dominant_peer_ratio,0.25,5,engagement_g05_d0.0,2961,48,297614.370696,5248.403191,109.341733,196608,4096.000000,300238.572291,302862.773887,308111.177078
ambiguity,dominant_peer_ratio,0.25,5,engagement_g05_d0.25,2961,43,296354.202371,4303.009067,100.069978,176128,4096.000000,298505.706904,300657.211438,304960.220505
ambiguity,dominant_peer_ratio,0.25,5,engagement_g05_d0.5,2961,43,296486.067980,4303.009067,100.069978,176128,4096.000000,298637.572513,300789.077047,305092.086114
ambiguity,dominant_peer_ratio,0.25,5,engagement_g05_d1.0,2961,43,296424.362893,4303.009067,100.069978,176128,4096.000000,298575.867426,300727.371960,305030.381027
ambiguity,dominant_peer_ratio,0.25,5,engagement_g05_d2.0,2961,38,299829.746572,4166.182172,109.636373,155648,4096.000000,301912.837658,303995.928744,308162.110916
ambiguity,dominant_peer_ratio,0.25,5,engagement_g05_d5.0,2961,13,304781.105967,1561.137885,120.087530,53248,4096.000000,305561.674910,306342.243852,307903.381737
ambiguity,dominant_peer_ratio,0.25,5,engagement_g05_d10.0,2961,1,299111.413615,27.362555,27.362555,4096,4096.000000,299125.094893,299138.776170,299166.138725
ambiguity,dominant_peer_ratio,0.25,5,oracle_a1,2961,1529,80637.303340,43917.247386,28.722856,6262784,4096.000000,102595.927033,124554.550726,168471.798112
ambiguity,dominant_peer_ratio,0.25,5,oracle_a0.5,2961,2301,50016.033921,90238.983622,39.217290,9424896,4096.000000,95135.525732,140255.017543,230494.001165
ambiguity,dominant_peer_ratio,0.25,5,oracle_a2,2961,938,110623.506688,22255.231840,23.726260,3842048,4096.000000,121751.122608,132878.738528,155133.970368
ambiguity,dominant_peer_ratio,0.25,6,static,2952,0,299685.380282,0.000000,,0,,299685.380282,299685.380282,299685.380282
ambiguity,dominant_peer_ratio,0.25,6,nearest,2952,4,323345.368789,295.281344,73.820336,16384,4096.000000,323493.009461,323640.650133,323935.931477
ambiguity,dominant_peer_ratio,0.25,6,naive_target_aware,2952,599,264833.574576,61199.026341,102.168658,2453504,4096.000000,295433.087747,326032.600917,387231.627258
ambiguity,dominant_peer_ratio,0.25,6,engagement_g00_d0.0,2952,599,264833.574576,61199.026341,102.168658,2453504,4096.000000,295433.087747,326032.600917,387231.627258
ambiguity,dominant_peer_ratio,0.25,6,engagement_g00_d0.25,2952,353,268477.037946,35422.146841,100.346025,1445888,4096.000000,286188.111367,303899.184787,339321.331628
ambiguity,dominant_peer_ratio,0.25,6,engagement_g00_d0.5,2952,312,269465.734048,30707.837781,98.422557,1277952,4096.000000,284819.652939,300173.571829,330881.409610
ambiguity,dominant_peer_ratio,0.25,6,engagement_g00_d1.0,2952,262,271653.471098,25896.414404,98.841276,1073152,4096.000000,284601.678300,297549.885502,323446.299906
ambiguity,dominant_peer_ratio,0.25,6,engagement_g00_d2.0,2952,194,274250.450108,18889.604930,97.369098,794624,4096.000000,283695.252573,293140.055038,312029.659968
ambiguity,dominant_peer_ratio,0.25,6,engagement_g00_d5.0,2952,78,295024.983648,7603.161889,97.476434,319488,4096.000000,298826.564593,302628.145537,310231.307426
ambiguity,dominant_peer_ratio,0.25,6,engagement_g00_d10.0,2952,9,292063.971218,1240.038492,137.782055,36864,4096.000000,292683.990464,293304.009710,294544.048202
ambiguity,dominant_peer_ratio,0.25,6,engagement_g05_d0.0,2952,54,284640.107417,5872.871918,108.756887,221184,4096.000000,287576.543376,290512.979335,296385.851253
ambiguity,dominant_peer_ratio,0.25,6,engagement_g05_d0.25,2952,50,283759.119351,5195.421999,103.908440,204800,4096.000000,286356.830351,288954.541350,294149.963349
ambiguity,dominant_peer_ratio,0.25,6,engagement_g05_d0.5,2952,50,283677.759381,5195.421999,103.908440,204800,4096.000000,286275.470381,288873.181380,294068.603379
ambiguity,dominant_peer_ratio,0.25,6,engagement_g05_d1.0,2952,48,286172.788405,4902.004559,102.125095,196608,4096.000000,288623.790685,291074.792964,295976.797523
ambiguity,dominant_peer_ratio,0.25,6,engagement_g05_d2.0,2952,41,297645.802007,4238.625686,103.381114,167936,4096.000000,299765.114850,301884.427693,306123.053379
ambiguity,dominant_peer_ratio,0.25,6,engagement_g05_d5.0,2952,15,300320.490891,1518.887998,101.259200,61440,4096.000000,301079.934890,301839.378889,303358.266887
ambiguity,dominant_peer_ratio,0.25,6,engagement_g05_d10.0,2952,0,299685.380282,0.000000,,0,,299685.380282,299685.380282,299685.380282
ambiguity,dominant_peer_ratio,0.25,6,oracle_a1,2952,1429,75405.872230,38243.194292,26.762207,5853184,4096.000000,94527.469376,113649.066522,151892.260814
ambiguity,dominant_peer_ratio,0.25,6,oracle_a0.5,2952,2272,44156.214044,86303.603389,37.985741,9306112,4096.000000,87308.015738,130459.817433,216763.420822
ambiguity,dominant_peer_ratio,0.25,6,oracle_a2,2952,969,97837.479050,21830.946616,22.529357,3969024,4096.000000,108752.952358,119668.425666,141499.372282
ambiguity,dominant_peer_ratio,0.25,7,static,2971,0,341276.207390,0.000000,,0,,341276.207390,341276.207390,341276.207390
ambiguity,dominant_peer_ratio,0.25,7,nearest,2971,5,318285.792242,470.237830,94.047566,20480,4096.000000,318520.911157,318756.030072,319226.267902
ambiguity,dominant_peer_ratio,0.25,7,naive_target_aware,2971,658,296057.789102,74771.323536,113.634230,2695168,4096.000000,333443.450870,370829.112638,445600.436174
ambiguity,dominant_peer_ratio,0.25,7,engagement_g00_d0.0,2971,658,296057.789102,74771.323536,113.634230,2695168,4096.000000,333443.450870,370829.112638,445600.436174
ambiguity,dominant_peer_ratio,0.25,7,engagement_g00_d0.25,2971,399,298043.556266,44551.745108,111.658509,1634304,4096.000000,320319.428820,342595.301374,387147.046482
ambiguity,dominant_peer_ratio,0.25,7,engagement_g00_d0.5,2971,351,299149.095594,39421.004850,112.310555,1437696,4096.000000,318859.598019,338570.100444,377991.105294
ambiguity,dominant_peer_ratio,0.25,7,engagement_g00_d1.0,2971,279,299780.855620,30198.348366,108.237808,1142784,4096.000000,314880.029803,329979.203986,360177.552352
ambiguity,dominant_peer_ratio,0.25,7,engagement_g00_d2.0,2971,188,304427.832586,20584.935866,109.494340,770048,4096.000000,314720.300519,325012.768452,345597.704318
ambiguity,dominant_peer_ratio,0.25,7,engagement_g00_d5.0,2971,68,315035.851841,7868.874128,115.718737,278528,4096.000000,318970.288905,322904.725969,330773.600097
ambiguity,dominant_peer_ratio,0.25,7,engagement_g00_d10.0,2971,7,338090.491737,637.437908,91.062558,28672,4096.000000,338409.210691,338727.929645,339365.367553
ambiguity,dominant_peer_ratio,0.25,7,engagement_g05_d0.0,2971,40,318528.869448,4216.455966,105.411399,163840,4096.000000,320637.097431,322745.325414,326961.781380
ambiguity,dominant_peer_ratio,0.25,7,engagement_g05_d0.25,2971,37,317994.419812,3934.697303,106.343170,151552,4096.000000,319961.768464,321929.117115,325863.814418
ambiguity,dominant_peer_ratio,0.25,7,engagement_g05_d0.5,2971,36,319117.893650,3949.697859,109.713829,147456,4096.000000,321092.742580,323067.591509,327017.289368
ambiguity,dominant_peer_ratio,0.25,7,engagement_g05_d1.0,2971,35,320079.781111,3958.035610,113.086732,143360,4096.000000,322058.798916,324037.816721,327995.852331
ambiguity,dominant_peer_ratio,0.25,7,engagement_g05_d2.0,2971,30,319469.971542,3486.599462,116.219982,122880,4096.000000,321213.271273,322956.571004,326443.170466
ambiguity,dominant_peer_ratio,0.25,7,engagement_g05_d5.0,2971,8,341943.629941,1136.867073,142.108384,32768,4096.000000,342512.063478,343080.497014,344217.364087
ambiguity,dominant_peer_ratio,0.25,7,engagement_g05_d10.0,2971,0,341276.207390,0.000000,,0,,341276.207390,341276.207390,341276.207390
ambiguity,dominant_peer_ratio,0.25,7,oracle_a1,2971,1502,95731.341394,51825.242410,34.504156,6152192,4096.000000,121643.962599,147556.583804,199381.826214
ambiguity,dominant_peer_ratio,0.25,7,oracle_a0.5,2971,2310,50960.413844,118714.620561,51.391611,9461760,4096.000000,110317.724124,169675.034405,288389.654966
ambiguity,dominant_peer_ratio,0.25,7,oracle_a2,2971,878,134348.519677,23128.219775,26.341936,3596288,4096.000000,145912.629564,157476.739452,180604.959227
ambiguity,dominant_peer_ratio,0.25,8,static,2983,0,279790.470726,0.000000,,0,,279790.470726,279790.470726,279790.470726
ambiguity,dominant_peer_ratio,0.25,8,nearest,2983,5,287015.293658,463.236040,92.647208,20480,4096.000000,287246.911678,287478.529698,287941.765738
ambiguity,dominant_peer_ratio,0.25,8,naive_target_aware,2983,673,273468.092975,67420.560945,100.179140,2756608,4096.000000,307178.373447,340888.653920,408309.214865
ambiguity,dominant_peer_ratio,0.25,8,engagement_g00_d0.0,2983,673,273468.092975,67420.560945,100.179140,2756608,4096.000000,307178.373447,340888.653920,408309.214865
ambiguity,dominant_peer_ratio,0.25,8,engagement_g00_d0.25,2983,367,275252.479143,36895.762345,100.533412,1503232,4096.000000,293700.360316,312148.241488,349044.003833
ambiguity,dominant_peer_ratio,0.25,8,engagement_g00_d0.5,2983,313,274547.685761,31877.710778,101.845721,1282048,4096.000000,290486.541150,306425.396539,338303.107317
ambiguity,dominant_peer_ratio,0.25,8,engagement_g00_d1.0,2983,264,277915.300160,26408.067020,100.030557,1081344,4096.000000,291119.333670,304323.367180,330731.434200
ambiguity,dominant_peer_ratio,0.25,8,engagement_g00_d2.0,2983,179,280353.844987,17907.495700,100.041875,733184,4096.000000,289307.592837,298261.340687,316168.836387
ambiguity,dominant_peer_ratio,0.25,8,engagement_g00_d5.0,2983,71,285770.646037,6690.175733,94.227827,290816,4096.000000,289115.733904,292460.821770,299150.997503
ambiguity,dominant_peer_ratio,0.25,8,engagement_g00_d10.0,2983,9,301330.279982,821.321198,91.257911,36864,4096.000000,301740.940581,302151.601180,302972.922378
ambiguity,dominant_peer_ratio,0.25,8,engagement_g05_d0.0,2983,50,289240.833610,4924.737325,98.494746,204800,4096.000000,291703.202273,294165.570935,299090.308260
ambiguity,dominant_peer_ratio,0.25,8,engagement_g05_d0.25,2983,44,289153.060570,4208.064414,95.637828,180224,4096.000000,291257.092777,293361.124984,297569.189398
ambiguity,dominant_peer_ratio,0.25,8,engagement_g05_d0.5,2983,43,290031.589416,4076.690062,94.806746,176128,4096.000000,292069.934447,294108.279478,298184.969540
ambiguity,dominant_peer_ratio,0.25,8,engagement_g05_d1.0,2983,41,291522.637882,3958.890074,96.558294,167936,4096.000000,293502.082919,295481.527956,299440.418030
ambiguity,dominant_peer_ratio,0.25,8,engagement_g05_d2.0,2983,39,292945.729263,3869.822920,99.226229,159744,4096.000000,294880.640723,296815.552183,300685.375103
ambiguity,dominant_peer_ratio,0.25,8,engagement_g05_d5.0,2983,11,283253.655859,1131.443872,102.858534,45056,4096.000000,283819.377795,284385.099731,285516.543603
ambiguity,dominant_peer_ratio,0.25,8,engagement_g05_d10.0,2983,0,279790.470726,0.000000,,0,,279790.470726,279790.470726,279790.470726
ambiguity,dominant_peer_ratio,0.25,8,oracle_a1,2983,1481,81798.450967,37192.750526,25.113268,6066176,4096.000000,100394.826230,118991.201493,156183.952019
ambiguity,dominant_peer_ratio,0.25,8,oracle_a0.5,2983,2243,49569.367647,85927.606734,38.309232,9187328,4096.000000,92533.171014,135496.974381,221424.581115
ambiguity,dominant_peer_ratio,0.25,8,oracle_a2,2983,1016,105601.302955,19806.619765,19.494704,4161536,4096.000000,115504.612837,125407.922720,145214.542485
ambiguity,dominant_peer_ratio,0.25,9,static,2932,0,272292.604893,0.000000,,0,,272292.604893,272292.604893,272292.604893
ambiguity,dominant_peer_ratio,0.25,9,nearest,2932,5,315251.618748,440.799752,88.159950,20480,4096.000000,315472.018624,315692.418500,316133.218252
ambiguity,dominant_peer_ratio,0.25,9,naive_target_aware,2932,632,266842.037626,66165.037884,104.691516,2588672,4096.000000,299924.556568,333007.075510,399172.113394
ambiguity,dominant_peer_ratio,0.25,9,engagement_g00_d0.0,2932,632,266842.037626,66165.037884,104.691516,2588672,4096.000000,299924.556568,333007.075510,399172.113394
ambiguity,dominant_peer_ratio,0.25,9,engagement_g00_d0.25,2932,367,265873.836111,36718.844684,100.051348,1503232,4096.000000,284233.258453,302592.680795,339311.525479
ambiguity,dominant_peer_ratio,0.25,9,engagement_g00_d0.5,2932,335,268143.288608,33928.258688,101.278384,1372160,4096.000000,285107.417952,302071.547296,335999.805984
ambiguity,dominant_peer_ratio,0.25,9,engagement_g00_d1.0,2932,275,269125.635634,27462.884898,99.865036,1126400,4096.000000,282857.078083,296588.520532,324051.405430
ambiguity,dominant_peer_ratio,0.25,9,engagement_g00_d2.0,2932,193,279159.221428,19125.749456,99.097147,790528,4096.000000,288722.096156,298284.970884,317410.720340
ambiguity,dominant_peer_ratio,0.25,9,engagement_g00_d5.0,2932,72,284484.810126,7345.259281,102.017490,294912,4096.000000,288157.439767,291830.069407,299175.328688
ambiguity,dominant_peer_ratio,0.25,9,engagement_g00_d10.0,2932,9,271889.786684,846.850382,94.094487,36864,4096.000000,272313.211875,272736.637066,273583.487448
ambiguity,dominant_peer_ratio,0.25,9,engagement_g05_d0.0,2932,49,289722.032586,5146.615902,105.032978,200704,4096.000000,292295.340537,294868.648488,300015.264390
ambiguity,dominant_peer_ratio,0.25,9,engagement_g05_d0.25,2932,44,289881.364824,4709.149713,107.026130,180224,4096.000000,292235.939680,294590.514537,299299.664250
ambiguity,dominant_peer_ratio,0.25,9,engagement_g05_d0.5,2932,43,289863.977237,4723.627618,109.851805,176128,4096.000000,292225.791046,294587.604855,299311.232473
ambiguity,dominant_peer_ratio,0.25,9,engagement_g05_d1.0,2932,42,290533.381897,4545.660739,108.230018,172032,4096.000000,292806.212266,295079.042636,299624.703375
ambiguity,dominant_peer_ratio,0.25,9,engagement_g05_d2.0,2932,39,293140.035275,4198.330120,107.649490,159744,4096.000000,295239.200335,297338.365395,301536.695515
ambiguity,dominant_peer_ratio,0.25,9,engagement_g05_d5.0,2932,15,298672.363920,1372.866877,91.524458,61440,4096.000000,299358.797359,300045.230797,301418.097674
ambiguity,dominant_peer_ratio,0.25,9,engagement_g05_d10.0,2932,0,272292.604893,0.000000,,0,,272292.604893,272292.604893,272292.604893
ambiguity,dominant_peer_ratio,0.25,9,oracle_a1,2932,1477,78464.472002,41486.494119,28.088351,6049792,4096.000000,99207.719061,119950.966121,161437.460240
ambiguity,dominant_peer_ratio,0.25,9,oracle_a0.5,2932,2243,45483.365424,92206.007913,41.108341,9187328,4096.000000,91586.369381,137689.373337,229895.381250
ambiguity,dominant_peer_ratio,0.25,9,oracle_a2,2932,905,107875.362065,20819.675850,23.005167,3706880,4096.000000,118285.199990,128695.037915,149514.713765
ambiguity,dominant_peer_ratio,0.25,10,static,3006,0,306654.757012,0.000000,,0,,306654.757012,306654.757012,306654.757012
ambiguity,dominant_peer_ratio,0.25,10,nearest,3006,5,263689.440802,428.686323,85.737265,20480,4096.000000,263903.783963,264118.127125,264546.813448
ambiguity,dominant_peer_ratio,0.25,10,naive_target_aware,3006,710,278244.710054,71921.263444,101.297554,2908160,4096.000000,314205.341776,350165.973498,422087.236942
ambiguity,dominant_peer_ratio,0.25,10,engagement_g00_d0.0,3006,710,278244.710054,71921.263444,101.297554,2908160,4096.000000,314205.341776,350165.973498,422087.236942
ambiguity,dominant_peer_ratio,0.25,10,engagement_g00_d0.25,3006,393,282608.845387,41951.922209,106.747894,1609728,4096.000000,303584.806491,324560.767596,366512.689805
ambiguity,dominant_peer_ratio,0.25,10,engagement_g00_d0.5,3006,332,283467.751856,34948.784634,105.267424,1359872,4096.000000,300942.144173,318416.536490,353365.321124
ambiguity,dominant_peer_ratio,0.25,10,engagement_g00_d1.0,3006,275,282717.864251,28855.448202,104.928903,1126400,4096.000000,297145.588352,311573.312453,340428.760655
ambiguity,dominant_peer_ratio,0.25,10,engagement_g00_d2.0,3006,176,285310.690965,18009.486982,102.326631,720896,4096.000000,294315.434456,303320.177947,321329.664929
ambiguity,dominant_peer_ratio,0.25,10,engagement_g00_d5.0,3006,66,292612.043479,6929.412507,104.991099,270336,4096.000000,296076.749732,299541.455986,306470.868493
ambiguity,dominant_peer_ratio,0.25,10,engagement_g00_d10.0,3006,11,300722.474197,1266.364798,115.124073,45056,4096.000000,301355.656596,301988.838995,303255.203793
ambiguity,dominant_peer_ratio,0.25,10,engagement_g05_d0.0,3006,36,299880.072933,3698.496583,102.736016,147456,4096.000000,301729.321224,303578.569516,307277.066099
ambiguity,dominant_peer_ratio,0.25,10,engagement_g05_d0.25,3006,32,301337.512885,3123.237663,97.601177,131072,4096.000000,302899.131716,304460.750548,307583.988211
ambiguity,dominant_peer_ratio,0.25,10,engagement_g05_d0.5,3006,31,300995.990041,3278.022233,105.742653,126976,4096.000000,302635.001157,304274.012274,307552.034507
ambiguity,dominant_peer_ratio,0.25,10,engagement_g05_d1.0,3006,30,299730.995093,3162.183632,105.406121,122880,4096.000000,301312.086909,302893.178725,306055.362357
ambiguity,dominant_peer_ratio,0.25,10,engagement_g05_d2.0,3006,24,299460.538536,2451.059909,102.127496,98304,4096.000000,300686.068490,301911.598445,304362.658354
ambiguity,dominant_peer_ratio,0.25,10,engagement_g05_d5.0,3006,11,292430.979706,1029.439656,93.585423,45056,4096.000000,292945.699534,293460.419362,294489.859018
ambiguity,dominant_peer_ratio,0.25,10,engagement_g05_d10.0,3006,1,297379.156750,126.853282,126.853282,4096,4096.000000,297442.583391,297506.010032,297632.863314
ambiguity,dominant_peer_ratio,0.25,10,oracle_a1,3006,1316,89060.896517,41515.673293,31.546864,5390336,4096.000000,109818.733164,130576.569810,172092.243103
ambiguity,dominant_peer_ratio,0.25,10,oracle_a0.5,3006,2291,49225.597086,101084.437108,44.122408,9383936,4096.000000,99767.815640,150310.034194,251394.471302
ambiguity,dominant_peer_ratio,0.25,10,oracle_a2,3006,738,120555.892650,18241.730335,24.717792,3022848,4096.000000,129676.757818,138797.622985,157039.353320
ambiguity,dominant_peer_ratio,0.25,11,static,3002,0,312504.572016,0.000000,,0,,312504.572016,312504.572016,312504.572016
ambiguity,dominant_peer_ratio,0.25,11,nearest,3002,39,298954.268590,5006.591899,128.374151,159744,4096.000000,301457.564539,303960.860489,308967.452388
ambiguity,dominant_peer_ratio,0.25,11,naive_target_aware,3002,675,276052.057441,64136.458047,95.016975,2764800,4096.000000,308120.286464,340188.515488,404324.973535
ambiguity,dominant_peer_ratio,0.25,11,engagement_g00_d0.0,3002,675,276052.057441,64136.458047,95.016975,2764800,4096.000000,308120.286464,340188.515488,404324.973535
ambiguity,dominant_peer_ratio,0.25,11,engagement_g00_d0.25,3002,375,276202.329120,36723.390949,97.929043,1536000,4096.000000,294564.024594,312925.720069,349649.111018
ambiguity,dominant_peer_ratio,0.25,11,engagement_g00_d0.5,3002,327,278892.652124,32777.564642,100.237201,1339392,4096.000000,295281.434445,311670.216766,344447.781408
ambiguity,dominant_peer_ratio,0.25,11,engagement_g00_d1.0,3002,274,281801.914535,27843.259457,101.617735,1122304,4096.000000,295723.544263,309645.173992,337488.433449
ambiguity,dominant_peer_ratio,0.25,11,engagement_g00_d2.0,3002,177,290473.491427,18926.272046,106.928091,724992,4096.000000,299936.627450,309399.763473,328326.035519
ambiguity,dominant_peer_ratio,0.25,11,engagement_g00_d5.0,3002,64,302472.898908,6771.818124,105.809658,262144,4096.000000,305858.807970,309244.717032,316016.535156
ambiguity,dominant_peer_ratio,0.25,11,engagement_g00_d10.0,3002,12,290718.168069,1269.710715,105.809226,49152,4096.000000,291353.023426,291987.878784,293257.589499
ambiguity,dominant_peer_ratio,0.25,11,engagement_g05_d0.0,3002,47,301007.314041,4621.979049,98.339980,192512,4096.000000,303318.303565,305629.293090,310251.272139
ambiguity,dominant_peer_ratio,0.25,11,engagement_g05_d0.25,3002,44,301986.872617,4481.152000,101.844364,180224,4096.000000,304227.448617,306468.024617,310949.176617
ambiguity,dominant_peer_ratio,0.25,11,engagement_g05_d0.5,3002,41,297629.887111,4062.330663,99.081236,167936,4096.000000,299661.052442,301692.217774,305754.548437
ambiguity,dominant_peer_ratio,0.25,11,engagement_g05_d1.0,3002,40,297204.474273,4011.231742,100.280794,163840,4096.000000,299210.090144,301215.706015,305226.937757
ambiguity,dominant_peer_ratio,0.25,11,engagement_g05_d2.0,3002,32,304052.082969,3474.825220,108.588288,131072,4096.000000,305789.495579,307526.908189,311001.733409
ambiguity,dominant_peer_ratio,0.25,11,engagement_g05_d5.0,3002,11,302950.343113,1419.690492,129.062772,45056,4096.000000,303660.188359,304370.033605,305789.724097
ambiguity,dominant_peer_ratio,0.25,11,engagement_g05_d10.0,3002,1,303151.955776,127.080804,127.080804,4096,4096.000000,303215.496178,303279.036580,303406.117384
ambiguity,dominant_peer_ratio,0.25,11,oracle_a1,3002,1576,81257.191657,46408.893685,29.447268,6455296,4096.000000,104461.638499,127666.085342,174074.979027
ambiguity,dominant_peer_ratio,0.25,11,oracle_a0.5,3002,2406,47555.220057,97033.457408,40.329783,9854976,4096.000000,96071.948761,144588.677465,241622.134873
ambiguity,dominant_peer_ratio,0.25,11,oracle_a2,3002,937,114533.575989,23114.974042,24.669129,3837952,4096.000000,126091.063010,137648.550031,160763.524073
ambiguity,dominant_peer_ratio,0.25,12,static,3026,0,302749.119656,0.000000,,0,,302749.119656,302749.119656,302749.119656
ambiguity,dominant_peer_ratio,0.25,12,nearest,3026,5,337358.889604,705.318650,141.063730,20480,4096.000000,337711.548929,338064.208254,338769.526904
ambiguity,dominant_peer_ratio,0.25,12,naive_target_aware,3026,690,281550.745034,72294.931684,104.775263,2826240,4096.000000,317698.210876,353845.676718,426140.608402
ambiguity,dominant_peer_ratio,0.25,12,engagement_g00_d0.0,3026,690,281550.745034,72294.931684,104.775263,2826240,4096.000000,317698.210876,353845.676718,426140.608402
ambiguity,dominant_peer_ratio,0.25,12,engagement_g00_d0.25,3026,383,280415.018271,38547.842524,100.647108,1568768,4096.000000,299688.939533,318962.860795,357510.703319
ambiguity,dominant_peer_ratio,0.25,12,engagement_g00_d0.5,3026,342,278337.799434,33534.788833,98.054938,1400832,4096.000000,295105.193851,311872.588267,345407.377100
ambiguity,dominant_peer_ratio,0.25,12,engagement_g00_d1.0,3026,280,282747.211003,27842.092959,99.436046,1146880,4096.000000,296668.257483,310589.303962,338431.396921
ambiguity,dominant_peer_ratio,0.25,12,engagement_g00_d2.0,3026,193,290928.634162,18636.164260,96.560437,790528,4096.000000,300246.716292,309564.798422,328200.962682
ambiguity,dominant_peer_ratio,0.25,12,engagement_g00_d5.0,3026,69,280366.561631,5770.247208,83.626771,282624,4096.000000,283251.685235,286136.808839,291907.056047
ambiguity,dominant_peer_ratio,0.25,12,engagement_g00_d10.0,3026,8,294734.788101,724.413139,90.551642,32768,4096.000000,295096.994671,295459.201240,296183.614379
ambiguity,dominant_peer_ratio,0.25,12,engagement_g05_d0.0,3026,45,273717.433834,4169.770448,92.661566,184320,4096.000000,275802.319058,277887.204282,282056.974730
ambiguity,dominant_peer_ratio,0.25,12,engagement_g05_d0.25,3026,41,274095.938793,3731.694925,91.016949,167936,4096.000000,275961.786256,277827.633718,281559.328643
ambiguity,dominant_peer_ratio,0.25,12,engagement_g05_d0.5,3026,40,276255.998339,3527.022826,88.175571,163840,4096.000000,278019.509752,279783.021165,283310.043991
ambiguity,dominant_peer_ratio,0.25,12,engagement_g05_d1.0,3026,39,276349.857747,3282.415920,84.164511,159744,4096.000000,277991.065707,279632.273667,282914.689587
ambiguity,dominant_peer_ratio,0.25,12,engagement_g05_d2.0,3026,35,276152.854042,3074.570328,87.844867,143360,4096.000000,277690.139206,279227.424370,282301.994698
ambiguity,dominant_peer_ratio,0.25,12,engagement_g05_d5.0,3026,9,292434.853086,851.297619,94.588624,36864,4096.000000,292860.501895,293286.150705,294137.448324
ambiguity,dominant_peer_ratio,0.25,12,engagement_g05_d10.0,3026,0,302749.119656,0.000000,,0,,302749.119656,302749.119656,302749.119656
ambiguity,dominant_peer_ratio,0.25,12,oracle_a1,3026,1598,76699.846012,37004.920833,23.157022,6545408,4096.000000,95202.306428,113704.766845,150709.687678
ambiguity,dominant_peer_ratio,0.25,12,oracle_a0.5,3026,2348,48655.335972,80661.093419,34.353106,9617408,4096.000000,88985.882681,129316.429391,209977.522810
ambiguity,dominant_peer_ratio,0.25,12,oracle_a2,3026,1106,99137.796779,20754.106657,18.765015,4530176,4096.000000,109514.850107,119891.903436,140646.010093
ambiguity,dominant_peer_ratio,0.25,13,static,3014,0,284632.277918,0.000000,,0,,284632.277918,284632.277918,284632.277918
ambiguity,dominant_peer_ratio,0.25,13,nearest,3014,23,307073.735384,3206.880352,139.429581,94208,4096.000000,308677.175560,310280.615736,313487.496088
ambiguity,dominant_peer_ratio,0.25,13,naive_target_aware,3014,639,269668.353265,65591.928741,102.647776,2617344,4096.000000,302464.317636,335260.282006,400852.210747
ambiguity,dominant_peer_ratio,0.25,13,engagement_g00_d0.0,3014,639,269668.353265,65591.928741,102.647776,2617344,4096.000000,302464.317636,335260.282006,400852.210747
ambiguity,dominant_peer_ratio,0.25,13,engagement_g00_d0.25,3014,352,273195.484347,34685.667267,98.538827,1441792,4096.000000,290538.317981,307881.151614,342566.818881
ambiguity,dominant_peer_ratio,0.25,13,engagement_g00_d0.5,3014,315,274941.268578,30340.701112,96.319686,1290240,4096.000000,290111.619134,305281.969690,335622.670802
ambiguity,dominant_peer_ratio,0.25,13,engagement_g00_d1.0,3014,255,279484.917279,24480.749999,96.002941,1044480,4096.000000,291725.292279,303965.667278,328446.417277
ambiguity,dominant_peer_ratio,0.25,13,engagement_g00_d2.0,3014,183,284451.513435,17603.236164,96.192547,749568,4096.000000,293253.131517,302054.749599,319657.985763
ambiguity,dominant_peer_ratio,0.25,13,engagement_g00_d5.0,3014,78,291411.743554,8328.543289,106.776196,319488,4096.000000,295576.015199,299740.286843,308068.830132
ambiguity,dominant_peer_ratio,0.25,13,engagement_g00_d10.0,3014,9,297519.374357,979.535013,108.837224,36864,4096.000000,298009.141863,298498.909370,299478.444383
ambiguity,dominant_peer_ratio,0.25,13,engagement_g05_d0.0,3014,53,295421.976789,5173.042139,97.604569,217088,4096.000000,298008.497859,300595.018928,305768.061067
ambiguity,dominant_peer_ratio,0.25,13,engagement_g05_d0.25,3014,44,293987.091873,4228.527222,96.102891,180224,4096.000000,296101.355484,298215.619095,302444.146317
ambiguity,dominant_peer_ratio,0.25,13,engagement_g05_d0.5,3014,44,294009.842371,4228.527222,96.102891,180224,4096.000000,296124.105982,298238.369593,302466.896815
ambiguity,dominant_peer_ratio,0.25,13,engagement_g05_d1.0,3014,44,294204.769617,4228.527222,96.102891,180224,4096.000000,296319.033228,298433.296839,302661.824061
ambiguity,dominant_peer_ratio,0.25,13,engagement_g05_d2.0,3014,37,293376.409510,3293.767108,89.020733,151552,4096.000000,295023.293064,296670.176618,299963.943726
ambiguity,dominant_peer_ratio,0.25,13,engagement_g05_d5.0,3014,20,287058.093317,1734.822638,86.741132,81920,4096.000000,287925.504636,288792.915955,290527.738593
ambiguity,dominant_peer_ratio,0.25,13,engagement_g05_d10.0,3014,0,284632.277918,0.000000,,0,,284632.277918,284632.277918,284632.277918
ambiguity,dominant_peer_ratio,0.25,13,oracle_a1,3014,1612,79218.655742,40335.516816,25.022033,6602752,4096.000000,99386.414150,119554.172558,159889.689374
ambiguity,dominant_peer_ratio,0.25,13,oracle_a0.5,3014,2363,48074.896322,87704.431014,37.115714,9678848,4096.000000,91927.111829,135779.327336,223483.758350
ambiguity,dominant_peer_ratio,0.25,13,oracle_a2,3014,1137,105817.388195,20676.861430,18.185454,4657152,4096.000000,116155.818910,126494.249625,147171.111055
ambiguity,dominant_peer_ratio,0.25,14,static,3050,0,306262.958690,0.000000,,0,,306262.958690,306262.958690,306262.958690
ambiguity,dominant_peer_ratio,0.25,14,nearest,3050,5,338179.255406,534.284486,106.856897,20480,4096.000000,338446.397649,338713.539892,339247.824378
ambiguity,dominant_peer_ratio,0.25,14,naive_target_aware,3050,658,299849.612540,72773.652052,110.598255,2695168,4096.000000,336236.438566,372623.264592,445396.916644
ambiguity,dominant_peer_ratio,0.25,14,engagement_g00_d0.0,3050,658,299849.612540,72773.652052,110.598255,2695168,4096.000000,336236.438566,372623.264592,445396.916644
ambiguity,dominant_peer_ratio,0.25,14,engagement_g00_d0.25,3050,379,302089.588178,41076.175390,108.380410,1552384,4096.000000,322627.675873,343165.763568,384241.938958
ambiguity,dominant_peer_ratio,0.25,14,engagement_g00_d0.5,3050,337,303954.967006,36859.990401,109.376826,1380352,4096.000000,322384.962207,340814.957407,377674.947808
ambiguity,dominant_peer_ratio,0.25,14,engagement_g00_d1.0,3050,268,305889.279041,29575.550927,110.356533,1097728,4096.000000,320677.054504,335464.829968,365040.380895
ambiguity,dominant_peer_ratio,0.25,14,engagement_g00_d2.0,3050,193,305045.715329,20778.712315,107.661722,790528,4096.000000,315435.071487,325824.427644,346603.139959
ambiguity,dominant_peer_ratio,0.25,14,engagement_g00_d5.0,3050,72,319656.739796,7401.043524,102.792271,294912,4096.000000,323357.261558,327057.783320,334458.826844
ambiguity,dominant_peer_ratio,0.25,14,engagement_g00_d10.0,3050,10,317243.560619,973.484427,97.348443,40960,4096.000000,317730.302833,318217.045046,319190.529473
ambiguity,dominant_peer_ratio,0.25,14,engagement_g05_d0.0,3050,39,307033.317686,3845.138922,98.593306,159744,4096.000000,308955.887147,310878.456608,314723.595530
ambiguity,dominant_peer_ratio,0.25,14,engagement_g05_d0.25,3050,38,308173.896849,3696.043045,97.264291,155648,4096.000000,310021.918372,311869.939894,315565.982939
ambiguity,dominant_peer_ratio,0.25,14,engagement_g05_d0.5,3050,37,310773.684306,3593.909573,97.132691,151552,4096.000000,312570.639092,314367.593879,317961.503452
ambiguity,dominant_peer_ratio,0.25,14,engagement_g05_d1.0,3050,35,308564.659022,3324.498431,94.985669,143360,4096.000000,310226.908237,311889.157453,315213.655884
ambiguity,dominant_peer_ratio,0.25,14,engagement_g05_d2.0,3050,29,312397.019688,3015.561711,103.984887,118784,4096.000000,313904.800543,315412.581399,318428.143110
ambiguity,dominant_peer_ratio,0.25,14,engagement_g05_d5.0,3050,8,313490.749527,774.602977,96.825372,32768,4096.000000,313878.051016,314265.352504,315039.955481
ambiguity,dominant_peer_ratio,0.25,14,engagement_g05_d10.0,3050,0,306262.958690,0.000000,,0,,306262.958690,306262.958690,306262.958690
ambiguity,dominant_peer_ratio,0.25,14,oracle_a1,3050,1663,92376.555854,51011.549735,30.674414,6811648,4096.000000,117882.330721,143388.105589,194399.655324
ambiguity,dominant_peer_ratio,0.25,14,oracle_a0.5,3050,2382,53380.469078,108676.350919,45.623993,9756672,4096.000000,107718.644537,162056.819997,270733.170916
ambiguity,dominant_peer_ratio,0.25,14,oracle_a2,3050,1093,127834.671156,25186.232615,23.043214,4476928,4096.000000,140427.787463,153020.903771,178207.136386
ambiguity,dominant_peer_ratio,0.25,15,static,3022,0,306166.481542,0.000000,,0,,306166.481542,306166.481542,306166.481542
ambiguity,dominant_peer_ratio,0.25,15,nearest,3022,4,336541.446833,590.155156,147.538789,16384,4096.000000,336836.524411,337131.601989,337721.757145
ambiguity,dominant_peer_ratio,0.25,15,naive_target_aware,3022,658,279284.693481,66434.461042,100.964227,2695168,4096.000000,312501.924002,345719.154523,412153.615565
ambiguity,dominant_peer_ratio,0.25,15,engagement_g00_d0.0,3022,658,279284.693481,66434.461042,100.964227,2695168,4096.000000,312501.924002,345719.154523,412153.615565
ambiguity,dominant_peer_ratio,0.25,15,engagement_g00_d0.25,3022,366,283967.926131,37891.280113,103.528088,1499136,4096.000000,302913.566187,321859.206244,359750.486357
ambiguity,dominant_peer_ratio,0.25,15,engagement_g00_d0.5,3022,325,286125.626190,34252.854027,105.393397,1331200,4096.000000,303252.053203,320378.480217,354631.334244
ambiguity,dominant_peer_ratio,0.25,15,engagement_g00_d1.0,3022,264,288132.307088,27188.687704,102.987453,1081344,4096.000000,301726.650940,315320.994792,342509.682496
ambiguity,dominant_peer_ratio,0.25,15,engagement_g00_d2.0,3022,192,298338.678824,19922.974912,103.765494,786432,4096.000000,308300.166280,318261.653736,338184.628648
ambiguity,dominant_peer_ratio,0.25,15,engagement_g00_d5.0,3022,66,320796.729974,7992.200430,121.093946,270336,4096.000000,324792.830189,328788.930404,336781.130834
ambiguity,dominant_peer_ratio,0.25,15,engagement_g00_d10.0,3022,6,296540.638715,835.017626,139.169604,24576,4096.000000,296958.147528,297375.656341,298210.673967
ambiguity,dominant_peer_ratio,0.25,15,engagement_g05_d0.0,3022,55,315062.111222,6576.381975,119.570581,225280,4096.000000,318350.302209,321638.493197,328214.875172
ambiguity,dominant_peer_ratio,0.25,15,engagement_g05_d0.25,3022,46,313831.484244,5131.494612,111.554231,188416,4096.000000,316397.231550,318962.978856,324094.473468
ambiguity,dominant_peer_ratio,0.25,15,engagement_g05_d0.5,3022,45,314049.199294,5046.920807,112.153796,184320,4096.000000,316572.659697,319096.120101,324143.040908
ambiguity,dominant_peer_ratio,0.25,15,engagement_g05_d1.0,3022,44,313888.554557,4904.348590,111.462468,180224,4096.000000,316340.728852,318792.903147,323697.251737
ambiguity,dominant_peer_ratio,0.25,15,engagement_g05_d2.0,3022,36,316427.342131,3863.753943,107.326498,147456,4096.000000,318359.219102,320291.096074,324154.850017
ambiguity,dominant_peer_ratio,0.25,15,engagement_g05_d5.0,3022,13,312501.730117,1499.820806,115.370831,53248,4096.000000,313251.640520,314001.550923,315501.371729
ambiguity,dominant_peer_ratio,0.25,15,engagement_g05_d10.0,3022,2,293971.067971,126.253117,63.126558,8192,4096.000000,294034.194529,294097.321088,294223.574205
ambiguity,dominant_peer_ratio,0.25,15,oracle_a1,3022,1466,85105.580935,40233.555603,27.444444,6004736,4096.000000,105222.358737,125339.136538,165572.692141
ambiguity,dominant_peer_ratio,0.25,15,oracle_a0.5,3022,2284,50541.183155,91551.708050,40.083935,9355264,4096.000000,96317.037180,142092.891205,233644.599255
ambiguity,dominant_peer_ratio,0.25,15,oracle_a2,3022,915,111684.577939,20220.125414,22.098498,3747840,4096.000000,121794.640646,131904.703353,152124.828767
ambiguity,dominant_peer_ratio,0.25,16,static,3097,0,280203.259408,0.000000,,0,,280203.259408,280203.259408,280203.259408
ambiguity,dominant_peer_ratio,0.25,16,nearest,3097,5,290470.707248,504.173724,100.834745,20480,4096.000000,290722.794110,290974.880972,291479.054696
ambiguity,dominant_peer_ratio,0.25,16,naive_target_aware,3097,644,272658.216216,64428.051317,100.043558,2637824,4096.000000,304872.241874,337086.267533,401514.318850
ambiguity,dominant_peer_ratio,0.25,16,engagement_g00_d0.0,3097,644,272658.216216,64428.051317,100.043558,2637824,4096.000000,304872.241874,337086.267533,401514.318850
ambiguity,dominant_peer_ratio,0.25,16,engagement_g00_d0.25,3097,366,274223.993986,35617.998498,97.316936,1499136,4096.000000,292032.993235,309841.992484,345459.990982
ambiguity,dominant_peer_ratio,0.25,16,engagement_g00_d0.5,3097,321,274028.201626,30620.750972,95.391748,1314816,4096.000000,289338.577112,304648.952598,335269.703570
ambiguity,dominant_peer_ratio,0.25,16,engagement_g00_d1.0,3097,247,280448.552790,23850.910047,96.562389,1011712,4096.000000,292374.007813,304299.462837,328150.372884
ambiguity,dominant_peer_ratio,0.25,16,engagement_g00_d2.0,3097,178,287056.119433,16381.943094,92.033388,729088,4096.000000,295247.090980,303438.062527,319820.005621
ambiguity,dominant_peer_ratio,0.25,16,engagement_g00_d5.0,3097,79,296170.199360,7092.880492,89.783297,323584,4096.000000,299716.639606,303263.079852,310355.960344
ambiguity,dominant_peer_ratio,0.25,16,engagement_g00_d10.0,3097,15,306548.527005,1680.230795,112.015386,61440,4096.000000,307388.642402,308228.757800,309908.988595
ambiguity,dominant_peer_ratio,0.25,16,engagement_g05_d0.0,3097,65,291088.230455,5618.561761,86.439412,266240,4096.000000,293897.511335,296706.792216,302325.353977
ambiguity,dominant_peer_ratio,0.25,16,engagement_g05_d0.25,3097,58,291507.694890,5109.188080,88.089450,237568,4096.000000,294062.288930,296616.882970,301726.071050
ambiguity,dominant_peer_ratio,0.25,16,engagement_g05_d0.5,3097,57,290922.061004,5034.709528,88.328237,233472,4096.000000,293439.415768,295956.770532,300991.480060
ambiguity,dominant_peer_ratio,0.25,16,engagement_g05_d1.0,3097,55,290500.417173,4925.295428,89.550826,225280,4096.000000,292963.064887,295425.712601,300351.008029
ambiguity,dominant_peer_ratio,0.25,16,engagement_g05_d2.0,3097,50,290884.102429,4146.542061,82.930841,204800,4096.000000,292957.373459,295030.644490,299177.186551
ambiguity,dominant_peer_ratio,0.25,16,engagement_g05_d5.0,3097,23,289222.695087,2421.858751,105.298207,94208,4096.000000,290433.624462,291644.553838,294066.412589
ambiguity,dominant_peer_ratio,0.25,16,engagement_g05_d10.0,3097,2,283717.214102,196.492348,98.246174,8192,4096.000000,283815.460276,283913.706450,284110.198798
ambiguity,dominant_peer_ratio,0.25,16,oracle_a1,3097,1622,76173.779660,44978.996885,27.730578,6643712,4096.000000,98663.278103,121152.776545,166131.773430
ambiguity,dominant_peer_ratio,0.25,16,oracle_a0.5,3097,2397,44159.450773,92791.904388,38.711683,9818112,4096.000000,90555.402967,136951.355161,229743.259549
ambiguity,dominant_peer_ratio,0.25,16,oracle_a2,3097,1022,108188.024264,22025.224047,21.551100,4186112,4096.000000,119200.636287,130213.248311,152238.472358
ambiguity,dominant_peer_ratio,0.25,17,static,2945,0,339686.796243,0.000000,,0,,339686.796243,339686.796243,339686.796243
ambiguity,dominant_peer_ratio,0.25,17,nearest,2945,4,264226.858404,392.637675,98.159419,16384,4096.000000,264423.177242,264619.496079,265012.133754
ambiguity,dominant_peer_ratio,0.25,17,naive_target_aware,2945,640,260693.690285,64237.016888,100.370339,2621440,4096.000000,292812.198729,324930.707173,389167.724061
ambiguity,dominant_peer_ratio,0.25,17,engagement_g00_d0.0,2945,640,260693.690285,64237.016888,100.370339,2621440,4096.000000,292812.198729,324930.707173,389167.724061
ambiguity,dominant_peer_ratio,0.25,17,engagement_g00_d0.25,2945,361,264548.585240,37236.294345,103.147630,1478656,4096.000000,283166.732413,301784.879585,339021.173930
ambiguity,dominant_peer_ratio,0.25,17,engagement_g00_d0.5,2945,324,264198.025684,32854.939596,101.404135,1327104,4096.000000,280625.495482,297052.965280,329907.904876
ambiguity,dominant_peer_ratio,0.25,17,engagement_g00_d1.0,2945,261,266518.033236,26748.878443,102.486124,1069056,4096.000000,279892.472458,293266.911679,320015.790122
ambiguity,dominant_peer_ratio,0.25,17,engagement_g00_d2.0,2945,184,278858.499005,19208.595592,104.394541,753664,4096.000000,288462.796801,298067.094597,317275.690189
ambiguity,dominant_peer_ratio,0.25,17,engagement_g00_d5.0,2945,78,295840.404446,8090.994519,103.730699,319488,4096.000000,299885.901705,303931.398965,312022.393484
ambiguity,dominant_peer_ratio,0.25,17,engagement_g00_d10.0,2945,11,294138.373103,1201.343312,109.213028,45056,4096.000000,294739.044759,295339.716415,296541.059727
ambiguity,dominant_peer_ratio,0.25,17,engagement_g05_d0.0,2945,48,294220.060059,5012.548606,104.428096,196608,4096.000000,296726.334362,299232.608665,304245.157271
ambiguity,dominant_peer_ratio,0.25,17,engagement_g05_d0.25,2945,41,294230.249630,4135.969840,100.877313,167936,4096.000000,296298.234550,298366.219470,302502.189310
ambiguity,dominant_peer_ratio,0.25,17,engagement_g05_d0.5,2945,40,296959.758764,4004.459660,100.111491,163840,4096.000000,298961.988594,300964.218424,304968.678084
ambiguity,dominant_peer_ratio,0.25,17,engagement_g05_d1.0,2945,39,302438.333903,3969.901398,101.792344,159744,4096.000000,304423.284602,306408.235301,310378.136699
ambiguity,dominant_peer_ratio,0.25,17,engagement_g05_d2.0,2945,36,307288.252323,3630.463345,100.846204,147456,4096.000000,309103.483995,310918.715668,314549.179013
ambiguity,dominant_peer_ratio,0.25,17,engagement_g05_d5.0,2945,15,300246.156374,1295.785564,86.385704,61440,4096.000000,300894.049156,301541.941938,302837.727502
ambiguity,dominant_peer_ratio,0.25,17,engagement_g05_d10.0,2945,1,340995.978450,189.935999,189.935999,4096,4096.000000,341090.946450,341185.914449,341375.850448
ambiguity,dominant_peer_ratio,0.25,17,oracle_a1,2945,1392,82223.512434,35077.691267,25.199491,5701632,4096.000000,99762.358067,117301.203701,152378.894968
ambiguity,dominant_peer_ratio,0.25,17,oracle_a0.5,2945,2256,47056.850408,88696.836876,39.315974,9240576,4096.000000,91405.268846,135753.687284,224450.524160
ambiguity,dominant_peer_ratio,0.25,17,oracle_a2,2945,884,107562.630740,16768.630433,18.969039,3620864,4096.000000,115946.945956,124331.261173,141099.891606
ambiguity,dominant_peer_ratio,0.25,18,static,3040,0,314016.747900,0.000000,,0,,314016.747900,314016.747900,314016.747900
ambiguity,dominant_peer_ratio,0.25,18,nearest,3040,40,309291.823681,6346.862802,158.671570,163840,4096.000000,312465.255082,315638.686483,321985.549285
ambiguity,dominant_peer_ratio,0.25,18,naive_target_aware,3040,664,283282.447860,68025.609677,102.448207,2719744,4096.000000,317295.252699,351308.057537,419333.667214
ambiguity,dominant_peer_ratio,0.25,18,engagement_g00_d0.0,3040,664,283282.447860,68025.609677,102.448207,2719744,4096.000000,317295.252699,351308.057537,419333.667214
ambiguity,dominant_peer_ratio,0.25,18,engagement_g00_d0.25,3040,359,281155.880944,38283.822928,106.640175,1470464,4096.000000,300297.792408,319439.703872,357723.526800
ambiguity,dominant_peer_ratio,0.25,18,engagement_g00_d0.5,3040,324,282689.786766,34463.867531,106.369962,1327104,4096.000000,299921.720532,317153.654297,351617.521828
ambiguity,dominant_peer_ratio,0.25,18,engagement_g00_d1.0,3040,271,283487.002457,27912.224799,102.997139,1110016,4096.000000,297443.114857,311399.227256,339311.452055
ambiguity,dominant_peer_ratio,0.25,18,engagement_g00_d2.0,3040,190,296836.641501,20735.764766,109.135604,778240,4096.000000,307204.523884,317572.406267,338308.171033
ambiguity,dominant_peer_ratio,0.25,18,engagement_g00_d5.0,3040,66,317982.616874,7447.733572,112.844448,270336,4096.000000,321706.483660,325430.350446,332878.084018
ambiguity,dominant_peer_ratio,0.25,18,engagement_g00_d10.0,3040,8,316793.159522,794.139500,99.267438,32768,4096.000000,317190.229272,317587.299022,318381.438522
ambiguity,dominant_peer_ratio,0.25,18,engagement_g05_d0.0,3040,45,314556.596130,4535.195696,100.782127,184320,4096.000000,316824.193978,319091.791826,323626.987522
ambiguity,dominant_peer_ratio,0.25,18,engagement_g05_d0.25,3040,41,314463.612321,4106.118782,100.149239,167936,4096.000000,316516.671712,318569.731103,322675.849885
ambiguity,dominant_peer_ratio,0.25,18,engagement_g05_d0.5,3040,38,313692.973970,3703.621435,97.463722,155648,4096.000000,315544.784687,317396.595405,321100.216840
ambiguity,dominant_peer_ratio,0.25,18,engagement_g05_d1.0,3040,38,314103.273381,3703.621435,97.463722,155648,4096.000000,315955.084098,317806.894816,321510.516251
ambiguity,dominant_peer_ratio,0.25,18,engagement_g05_d2.0,3040,34,318573.005649,3437.912543,101.115075,139264,4096.000000,320291.961920,322010.918192,325448.830735
ambiguity,dominant_peer_ratio,0.25,18,engagement_g05_d5.0,3040,13,324294.256341,1570.821122,120.832394,53248,4096.000000,325079.666902,325865.077463,327435.898585
ambiguity,dominant_peer_ratio,0.25,18,engagement_g05_d10.0,3040,0,314016.747900,0.000000,,0,,314016.747900,314016.747900,314016.747900
ambiguity,dominant_peer_ratio,0.25,18,oracle_a1,3040,1643,74777.106954,40219.060451,24.479039,6729728,4096.000000,94886.637180,114996.167405,155215.227856
ambiguity,dominant_peer_ratio,0.25,18,oracle_a0.5,3040,2325,48639.118465,78639.072859,33.823257,9523200,4096.000000,87958.654895,127278.191324,205917.264183
ambiguity,dominant_peer_ratio,0.25,18,oracle_a2,3040,1162,99325.260548,22670.278578,19.509706,4759552,4096.000000,110660.399837,121995.539126,144665.817704
ambiguity,dominant_peer_ratio,0.25,19,static,2979,0,320693.184223,0.000000,,0,,320693.184223,320693.184223,320693.184223
ambiguity,dominant_peer_ratio,0.25,19,nearest,2979,16,306728.683954,686.408051,42.900503,65536,4096.000000,307071.887980,307415.092005,308101.500056
ambiguity,dominant_peer_ratio,0.25,19,naive_target_aware,2979,649,288617.606482,71384.089175,109.990892,2658304,4096.000000,324309.651069,360001.695657,431385.784832
ambiguity,dominant_peer_ratio,0.25,19,engagement_g00_d0.0,2979,649,288617.606482,71384.089175,109.990892,2658304,4096.000000,324309.651069,360001.695657,431385.784832
ambiguity,dominant_peer_ratio,0.25,19,engagement_g00_d0.25,2979,366,292759.123600,40567.997178,110.841522,1499136,4096.000000,313043.122189,333327.120778,373895.117956
ambiguity,dominant_peer_ratio,0.25,19,engagement_g00_d0.5,2979,325,293387.895819,35940.943328,110.587518,1331200,4096.000000,311358.367483,329328.839147,365269.782475
ambiguity,dominant_peer_ratio,0.25,19,engagement_g00_d1.0,2979,252,296695.751622,28914.334686,114.739423,1032192,4096.000000,311152.918965,325610.086308,354524.420994
ambiguity,dominant_peer_ratio,0.25,19,engagement_g00_d2.0,2979,181,304735.267803,19978.312422,110.377417,741376,4096.000000,314724.424014,324713.580225,344691.892647
ambiguity,dominant_peer_ratio,0.25,19,engagement_g00_d5.0,2979,75,323870.323386,8490.905802,113.212077,307200,4096.000000,328115.776287,332361.229188,340852.134990
ambiguity,dominant_peer_ratio,0.25,19,engagement_g00_d10.0,2979,9,313147.908659,798.772623,88.752514,36864,4096.000000,313547.294970,313946.681282,314745.453905
ambiguity,dominant_peer_ratio,0.25,19,engagement_g05_d0.0,2979,55,310741.100037,5338.772410,97.068589,225280,4096.000000,313410.486242,316079.872447,321418.644857
ambiguity,dominant_peer_ratio,0.25,19,engagement_g05_d0.25,2979,46,314336.407186,4506.766276,97.973180,188416,4096.000000,316589.790324,318843.173462,323349.939738
ambiguity,dominant_peer_ratio,0.25,19,engagement_g05_d0.5,2979,46,314731.852397,4506.766276,97.973180,188416,4096.000000,316985.235535,319238.618673,323745.384949
ambiguity,dominant_peer_ratio,0.25,19,engagement_g05_d1.0,2979,45,314806.462432,4284.686879,95.215264,184320,4096.000000,316948.805871,319091.149311,323375.836190
ambiguity,dominant_peer_ratio,0.25,19,engagement_g05_d2.0,2979,43,317052.103483,4171.960570,97.022339,176128,4096.000000,319138.083768,321224.064053,325396.024623
ambiguity,dominant_peer_ratio,0.25,19,engagement_g05_d5.0,2979,20,321462.331301,2105.580548,105.279027,81920,4096.000000,322515.121575,323567.911849,325673.492397
ambiguity,dominant_peer_ratio,0.25,19,engagement_g05_d10.0,2979,2,319205.791391,195.730977,97.865488,8192,4096.000000,319303.656879,319401.522368,319597.253345
ambiguity,dominant_peer_ratio,0.25,19,oracle_a1,2979,1678,75447.468428,37780.708915,22.515321,6873088,4096.000000,94337.822886,113228.177343,151008.886258
ambiguity,dominant_peer_ratio,0.25,19,oracle_a0.5,2979,2313,48744.886414,77659.369572,33.575171,9474048,4096.000000,87574.571200,126404.255986,204063.625558
ambiguity,dominant_peer_ratio,0.25,19,oracle_a2,2979,1227,98717.233275,20964.409411,17.085908,5025792,4096.000000,109199.437981,119681.642686,140646.052097
ambiguity,dominant_peer_ratio,0.25,20,static,3045,0,317065.636409,0.000000,,0,,317065.636409,317065.636409,317065.636409
ambiguity,dominant_peer_ratio,0.25,20,nearest,3045,33,318593.764584,2949.911125,89.391246,135168,4096.000000,320068.720147,321543.675709,324493.586834
ambiguity,dominant_peer_ratio,0.25,20,naive_target_aware,3045,675,283640.796776,69580.561706,103.082314,2764800,4096.000000,318431.077629,353221.358482,422801.920188
ambiguity,dominant_peer_ratio,0.25,20,engagement_g00_d0.0,3045,675,283640.796776,69580.561706,103.082314,2764800,4096.000000,318431.077629,353221.358482,422801.920188
ambiguity,dominant_peer_ratio,0.25,20,engagement_g00_d0.25,3045,363,286180.773948,36604.724692,100.839462,1486848,4096.000000,304483.136294,322785.498640,359390.223332
ambiguity,dominant_peer_ratio,0.25,20,engagement_g00_d0.5,3045,324,288038.486766,32760.414887,101.112392,1327104,4096.000000,304418.694210,320798.901653,353559.316540
ambiguity,dominant_peer_ratio,0.25,20,engagement_g00_d1.0,3045,261,292135.945820,27037.397696,103.591562,1069056,4096.000000,305654.644668,319173.343516,346210.741212
ambiguity,dominant_peer_ratio,0.25,20,engagement_g00_d2.0,3045,188,300243.614940,19223.580815,102.253089,770048,4096.000000,309855.405348,319467.195755,338690.776570
ambiguity,dominant_peer_ratio,0.25,20,engagement_g00_d5.0,3045,72,306990.199887,7561.949511,105.027077,294912,4096.000000,310771.174643,314552.149398,322114.098909
ambiguity,dominant_peer_ratio,0.25,20,engagement_g00_d10.0,3045,8,319156.898410,623.224760,77.903095,32768,4096.000000,319468.510790,319780.123170,320403.347930
ambiguity,dominant_peer_ratio,0.25,20,engagement_g05_d0.0,3045,46,319538.675138,5116.161585,111.220904,188416,4096.000000,322096.755931,324654.836723,329770.998308
ambiguity,dominant_peer_ratio,0.25,20,engagement_g05_d0.25,3045,41,320763.470613,4429.537487,108.037500,167936,4096.000000,322978.239357,325193.008100,329622.545587
ambiguity,dominant_peer_ratio,0.25,20,engagement_g05_d0.5,3045,40,320812.537247,4311.465841,107.786646,163840,4096.000000,322968.270168,325124.003088,329435.468929
ambiguity,dominant_peer_ratio,0.25,20,engagement_g05_d1.0,3045,38,320093.129354,3986.719487,104.913671,155648,4096.000000,322086.489098,324079.848841,328066.568328
ambiguity,dominant_peer_ratio,0.25,20,engagement_g05_d2.0,3045,34,321921.900510,3401.100696,100.032373,139264,4096.000000,323622.450858,325323.001206,328724.101902
ambiguity,dominant_peer_ratio,0.25,20,engagement_g05_d5.0,3045,15,317698.723991,1422.307579,94.820505,61440,4096.000000,318409.877781,319121.031570,320543.339149
ambiguity,dominant_peer_ratio,0.25,20,engagement_g05_d10.0,3045,1,318398.760727,28.620096,28.620096,4096,4096.000000,318413.070775,318427.380823,318456.000919
ambiguity,dominant_peer_ratio,0.25,20,oracle_a1,3045,1437,89671.387667,44775.655294,31.159120,5885952,4096.000000,112059.215314,134447.042961,179222.698255
ambiguity,dominant_peer_ratio,0.25,20,oracle_a0.5,3045,2369,49400.986096,104883.866304,44.273477,9703424,4096.000000,101842.919248,154284.852400,259168.718704
ambiguity,dominant_peer_ratio,0.25,20,oracle_a2,3045,873,122555.725203,21223.262781,24.310725,3575808,4096.000000,133167.356593,143778.987984,165002.250765
ambiguity,dominant_peer_ratio,0.25,21,static,3058,0,330013.346729,0.000000,,0,,330013.346729,330013.346729,330013.346729
ambiguity,dominant_peer_ratio,0.25,21,nearest,3058,22,300596.209336,1493.935382,67.906154,90112,4096.000000,301343.177027,302090.144718,303584.080100
ambiguity,dominant_peer_ratio,0.25,21,naive_target_aware,3058,630,280576.748022,62697.270829,99.519478,2580480,4096.000000,311925.383437,343274.018851,405971.289680
ambiguity,dominant_peer_ratio,0.25,21,engagement_g00_d0.0,3058,630,280576.748022,62697.270829,99.519478,2580480,4096.000000,311925.383437,343274.018851,405971.289680
ambiguity,dominant_peer_ratio,0.25,21,engagement_g00_d0.25,3058,357,284009.744694,36656.583574,102.679506,1462272,4096.000000,302338.036481,320666.328268,357322.911842
ambiguity,dominant_peer_ratio,0.25,21,engagement_g00_d0.5,3058,319,286184.348647,32368.778580,101.469525,1306624,4096.000000,302368.737937,318553.127227,350921.905807
ambiguity,dominant_peer_ratio,0.25,21,engagement_g00_d1.0,3058,267,291013.990528,27732.587378,103.867368,1093632,4096.000000,304880.284217,318746.577906,346479.165284
ambiguity,dominant_peer_ratio,0.25,21,engagement_g00_d2.0,3058,180,296699.990771,18862.881014,104.793783,737280,4096.000000,306131.431278,315562.871785,334425.752799
ambiguity,dominant_peer_ratio,0.25,21,engagement_g00_d5.0,3058,78,315553.608425,8754.597188,112.238425,319488,4096.000000,319930.907019,324308.205613,333062.802801
ambiguity,dominant_peer_ratio,0.25,21,engagement_g00_d10.0,3058,6,306346.675297,634.178206,105.696368,24576,4096.000000,306663.764400,306980.853503,307615.031709
ambiguity,dominant_peer_ratio,0.25,21,engagement_g05_d0.0,3058,45,324297.636715,5322.889857,118.286441,184320,4096.000000,326959.081643,329620.526572,334943.416429
ambiguity,dominant_peer_ratio,0.25,21,engagement_g05_d0.25,3058,43,325572.179021,5348.411158,124.381655,176128,4096.000000,328246.384600,330920.590179,336269.001337
ambiguity,dominant_peer_ratio,0.25,21,engagement_g05_d0.5,3058,41,324747.110352,4962.217695,121.029700,167936,4096.000000,327228.219199,329709.328047,334671.545742
ambiguity,dominant_peer_ratio,0.25,21,engagement_g05_d1.0,3058,39,327018.627391,4882.629543,125.195629,159744,4096.000000,329459.942162,331901.256934,336783.886477
ambiguity,dominant_peer_ratio,0.25,21,engagement_g05_d2.0,3058,36,326759.640179,4427.493197,122.985922,147456,4096.000000,328973.386777,331187.133376,335614.626573
ambiguity,dominant_peer_ratio,0.25,21,engagement_g05_d5.0,3058,13,329607.526100,1561.094239,120.084172,53248,4096.000000,330388.073220,331168.620339,332729.714578
ambiguity,dominant_peer_ratio,0.25,21,engagement_g05_d10.0,3058,0,330013.346729,0.000000,,0,,330013.346729,330013.346729,330013.346729
ambiguity,dominant_peer_ratio,0.25,21,oracle_a1,3058,1503,85697.155501,42931.811244,28.564079,6156288,4096.000000,107163.061123,128628.966745,171560.777989
ambiguity,dominant_peer_ratio,0.25,21,oracle_a0.5,3058,2329,50063.367097,95673.727034,41.079316,9539584,4096.000000,97900.230614,145737.094131,241410.821165
ambiguity,dominant_peer_ratio,0.25,21,oracle_a2,3058,964,114113.185116,22774.419123,23.624916,3948544,4096.000000,125500.394678,136887.604239,159662.023362
ambiguity,dominant_peer_ratio,0.25,22,static,3009,0,297054.084747,0.000000,,0,,297054.084747,297054.084747,297054.084747
ambiguity,dominant_peer_ratio,0.25,22,nearest,3009,6,296002.862049,591.783727,98.630621,24576,4096.000000,296298.753913,296594.645776,297186.429503
ambiguity,dominant_peer_ratio,0.25,22,naive_target_aware,3009,695,288480.123100,70601.250137,101.584533,2846720,4096.000000,323780.748169,359081.373237,429682.623374
ambiguity,dominant_peer_ratio,0.25,22,engagement_g00_d0.0,3009,695,288480.123100,70601.250137,101.584533,2846720,4096.000000,323780.748169,359081.373237,429682.623374
ambiguity,dominant_peer_ratio,0.25,22,engagement_g00_d0.25,3009,381,289241.701289,40191.895125,105.490538,1560576,4096.000000,309337.648852,329433.596414,369625.491539
ambiguity,dominant_peer_ratio,0.25,22,engagement_g00_d0.5,3009,335,288198.470763,35819.374463,106.923506,1372160,4096.000000,306108.157995,324017.845226,359837.219689
ambiguity,dominant_peer_ratio,0.25,22,engagement_g00_d1.0,3009,261,293842.251599,28283.511830,108.365946,1069056,4096.000000,307984.007514,322125.763429,350409.275259
ambiguity,dominant_peer_ratio,0.25,22,engagement_g00_d2.0,3009,183,305546.841117,19738.510550,107.860713,749568,4096.000000,315416.096392,325285.351667,345023.862217
ambiguity,dominant_peer_ratio,0.25,22,engagement_g00_d5.0,3009,69,302217.718245,6593.500377,95.557976,282624,4096.000000,305514.468434,308811.218622,315404.718999
ambiguity,dominant_peer_ratio,0.25,22,engagement_g00_d10.0,3009,6,300064.536358,554.909346,92.484891,24576,4096.000000,300341.991031,300619.445704,301174.355050
ambiguity,dominant_peer_ratio,0.25,22,engagement_g05_d0.0,3009,53,309266.642720,5366.208305,101.249213,217088,4096.000000,311949.746873,314632.851025,319999.059330
ambiguity,dominant_peer_ratio,0.25,22,engagement_g05_d0.25,3009,51,309963.958418,5278.349312,103.497045,208896,4096.000000,312603.133074,315242.307730,320520.657042
ambiguity,dominant_peer_ratio,0.25,22,engagement_g05_d0.5,3009,50,310580.481249,5068.287523,101.365750,204800,4096.000000,313114.625011,315648.768772,320717.056295
ambiguity,dominant_peer_ratio,0.25,22,engagement_g05_d1.0,3009,42,312986.496956,4112.487450,97.916368,172032,4096.000000,315042.740681,317098.984406,321211.471856
ambiguity,dominant_peer_ratio,0.25,22,engagement_g05_d2.0,3009,38,314714.991006,3444.899552,90.655251,155648,4096.000000,316437.440782,318159.890558,321604.790110
ambiguity,dominant_peer_ratio,0.25,22,engagement_g05_d5.0,3009,14,293251.796107,1003.808193,71.700585,57344,4096.000000,293753.700204,294255.604300,295259.412493
ambiguity,dominant_peer_ratio,0.25,22,engagement_g05_d10.0,3009,1,296232.436853,57.360015,57.360015,4096,4096.000000,296261.116861,296289.796868,296347.156883
ambiguity,dominant_peer_ratio,0.25,22,oracle_a1,3009,1758,77586.659026,44615.464208,25.378535,7200768,4096.000000,99894.391130,122202.123234,166817.587442
ambiguity,dominant_peer_ratio,0.25,22,oracle_a0.5,3009,2349,49439.331981,85508.320214,36.402009,9621504,4096.000000,92193.492088,134947.652195,220455.972409
ambiguity,dominant_peer_ratio,0.25,22,oracle_a2,3009,1216,105745.330819,24272.294820,19.960769,4980736,4096.000000,117881.478229,130017.625639,154289.920459
ambiguity,dominant_peer_ratio,0.25,23,static,3060,0,306714.180975,0.000000,,0,,306714.180975,306714.180975,306714.180975
ambiguity,dominant_peer_ratio,0.25,23,nearest,3060,5,290215.140232,496.613844,99.322769,20480,4096.000000,290463.447154,290711.754076,291208.367920
ambiguity,dominant_peer_ratio,0.25,23,naive_target_aware,3060,604,273540.162633,62527.867654,103.522960,2473984,4096.000000,304804.096460,336068.030287,398595.897941
ambiguity,dominant_peer_ratio,0.25,23,engagement_g00_d0.0,3060,604,273540.162633,62527.867654,103.522960,2473984,4096.000000,304804.096460,336068.030287,398595.897941
ambiguity,dominant_peer_ratio,0.25,23,engagement_g00_d0.25,3060,365,281296.563140,37721.883028,103.347625,1495040,4096.000000,300157.504654,319018.446168,356740.329196
ambiguity,dominant_peer_ratio,0.25,23,engagement_g00_d0.5,3060,324,282924.682010,33220.274992,102.531713,1327104,4096.000000,299534.819506,316144.957002,349365.231994
ambiguity,dominant_peer_ratio,0.25,23,engagement_g00_d1.0,3060,275,287313.486625,29082.590254,105.754874,1126400,4096.000000,301854.781752,316396.076879,345478.667133
ambiguity,dominant_peer_ratio,0.25,23,engagement_g00_d2.0,3060,178,297217.853116,19178.537244,107.744591,729088,4096.000000,306807.121738,316396.390360,335574.927604
ambiguity,dominant_peer_ratio,0.25,23,engagement_g00_d5.0,3060,75,307496.100991,7872.153253,104.962043,307200,4096.000000,311432.177617,315368.254244,323240.407497
ambiguity,dominant_peer_ratio,0.25,23,engagement_g00_d10.0,3060,9,317523.917909,752.095825,83.566203,36864,4096.000000,317899.965821,318276.013734,319028.109559
ambiguity,dominant_peer_ratio,0.25,23,engagement_g05_d0.0,3060,55,303206.708631,5200.153961,94.548254,225280,4096.000000,305806.785611,308406.862592,313607.016553
ambiguity,dominant_peer_ratio,0.25,23,engagement_g05_d0.25,3060,49,305074.172140,4501.797598,91.873420,200704,4096.000000,307325.070939,309575.969738,314077.767336
ambiguity,dominant_peer_ratio,0.25,23,engagement_g05_d0.5,3060,49,305609.052450,4501.797598,91.873420,200704,4096.000000,307859.951249,310110.850048,314612.647646
ambiguity,dominant_peer_ratio,0.25,23,engagement_g05_d1.0,3060,49,305605.908182,4501.797598,91.873420,200704,4096.000000,307856.806981,310107.705780,314609.503378
ambiguity,dominant_peer_ratio,0.25,23,engagement_g05_d2.0,3060,41,310919.333873,3472.787718,84.702139,167936,4096.000000,312655.727732,314392.121591,317864.909309
ambiguity,dominant_peer_ratio,0.25,23,engagement_g05_d5.0,3060,21,307373.508181,2274.842672,108.325842,86016,4096.000000,308510.929517,309648.350853,311923.193525
ambiguity,dominant_peer_ratio,0.25,23,engagement_g05_d10.0,3060,1,307417.513372,47.667048,47.667048,4096,4096.000000,307441.346896,307465.180420,307512.847468
ambiguity,dominant_peer_ratio,0.25,23,oracle_a1,3060,1492,80438.563026,42344.635180,28.381123,6111232,4096.000000,101610.880616,122783.198206,165127.833386
ambiguity,dominant_peer_ratio,0.25,23,oracle_a0.5,3060,2356,46622.079994,92963.664652,39.458262,9650176,4096.000000,93103.912320,139585.744646,232549.409298
ambiguity,dominant_peer_ratio,0.25,23,oracle_a2,3060,913,108668.410945,22108.073281,24.214757,3739648,4096.000000,119722.447585,130776.484226,152884.557507
ambiguity,dominant_peer_ratio,0.25,24,static,2894,0,285903.274566,0.000000,,0,,285903.274566,285903.274566,285903.274566
ambiguity,dominant_peer_ratio,0.25,24,nearest,2894,44,278737.093763,2513.103998,57.116000,180224,4096.000000,279993.645762,281250.197761,283763.301759
ambiguity,dominant_peer_ratio,0.25,24,naive_target_aware,2894,621,267277.729605,66215.455225,106.627142,2543616,4096.000000,300385.457217,333493.184830,399708.640055
ambiguity,dominant_peer_ratio,0.25,24,engagement_g00_d0.0,2894,621,267277.729605,66215.455225,106.627142,2543616,4096.000000,300385.457217,333493.184830,399708.640055
ambiguity,dominant_peer_ratio,0.25,24,engagement_g00_d0.25,2894,354,269285.817194,37806.290598,106.797431,1449984,4096.000000,288188.962493,307092.107792,344898.398390
ambiguity,dominant_peer_ratio,0.25,24,engagement_g00_d0.5,2894,319,270550.308682,34027.182796,106.668285,1306624,4096.000000,287563.900080,304577.491478,338604.674274
ambiguity,dominant_peer_ratio,0.25,24,engagement_g00_d1.0,2894,264,274885.769752,28157.473524,106.657097,1081344,4096.000000,288964.506514,303043.243276,331200.716800
ambiguity,dominant_peer_ratio,0.25,24,engagement_g00_d2.0,2894,188,281516.688373,20217.593098,107.540389,770048,4096.000000,291625.484922,301734.281471,321951.874569
ambiguity,dominant_peer_ratio,0.25,24,engagement_g00_d5.0,2894,78,293797.495089,8541.538115,109.506899,319488,4096.000000,298068.264146,302339.033204,310880.571319
ambiguity,dominant_peer_ratio,0.25,24,engagement_g00_d10.0,2894,9,287979.177177,710.974946,78.997216,36864,4096.000000,288334.664650,288690.152123,289401.127069
ambiguity,dominant_peer_ratio,0.25,24,engagement_g05_d0.0,2894,44,290537.055025,4461.662015,101.401409,180224,4096.000000,292767.886032,294998.717040,299460.379055
ambiguity,dominant_peer_ratio,0.25,24,engagement_g05_d0.25,2894,43,290868.733607,4557.729013,105.993698,176128,4096.000000,293147.598113,295426.462620,299984.191633
ambiguity,dominant_peer_ratio,0.25,24,engagement_g05_d0.5,2894,43,290933.836856,4557.729013,105.993698,176128,4096.000000,293212.701362,295491.565869,300049.294882
ambiguity,dominant_peer_ratio,0.25,24,engagement_g05_d1.0,2894,42,289429.188363,4340.860201,103.353814,172032,4096.000000,291599.618463,293770.048564,298110.908765
ambiguity,dominant_peer_ratio,0.25,24,engagement_g05_d2.0,2894,35,291184.088676,3870.767195,110.593348,143360,4096.000000,293119.472273,295054.855871,298925.623066
ambiguity,dominant_peer_ratio,0.25,24,engagement_g05_d5.0,2894,10,278069.024874,1354.332285,135.433228,40960,4096.000000,278746.191016,279423.357159,280777.689444
ambiguity,dominant_peer_ratio,0.25,24,engagement_g05_d10.0,2894,0,285903.274566,0.000000,,0,,285903.274566,285903.274566,285903.274566
ambiguity,dominant_peer_ratio,0.25,24,oracle_a1,2894,1423,81089.399230,46556.107810,32.716871,5828608,4096.000000,104367.453135,127645.507040,174201.614850
ambiguity,dominant_peer_ratio,0.25,24,oracle_a0.5,2894,2255,43267.631209,102012.204058,45.238228,9236480,4096.000000,94273.733238,145279.835267,247292.039325
ambiguity,dominant_peer_ratio,0.25,24,oracle_a2,2894,861,114372.829236,22158.051625,25.735252,3526656,4096.000000,125451.855048,136530.880861,158688.932486
ambiguity,dominant_peer_ratio,0.25,25,static,2903,0,287868.746399,0.000000,,0,,287868.746399,287868.746399,287868.746399
ambiguity,dominant_peer_ratio,0.25,25,nearest,2903,5,277160.780432,444.651086,88.930217,20480,4096.000000,277383.105975,277605.431518,278050.082604
ambiguity,dominant_peer_ratio,0.25,25,naive_target_aware,2903,657,267797.847037,66970.394968,101.933630,2691072,4096.000000,301283.044521,334768.242005,401738.636973
ambiguity,dominant_peer_ratio,0.25,25,engagement_g00_d0.0,2903,657,267797.847037,66970.394968,101.933630,2691072,4096.000000,301283.044521,334768.242005,401738.636973
ambiguity,dominant_peer_ratio,0.25,25,engagement_g00_d0.25,2903,366,267363.709584,35870.610236,98.007132,1499136,4096.000000,285299.014702,303234.319820,339104.930056
ambiguity,dominant_peer_ratio,0.25,25,engagement_g00_d0.5,2903,338,269158.676468,34133.381097,100.986335,1384448,4096.000000,286225.367017,303292.057565,337425.438662
ambiguity,dominant_peer_ratio,0.25,25,engagement_g00_d1.0,2903,272,273434.716488,27726.567798,101.935911,1114112,4096.000000,287298.000387,301161.284286,328887.852084
ambiguity,dominant_peer_ratio,0.25,25,engagement_g00_d2.0,2903,196,281567.455783,19884.468407,101.451369,802816,4096.000000,291509.689986,301451.924190,321336.392597
ambiguity,dominant_peer_ratio,0.25,25,engagement_g00_d5.0,2903,63,298489.372731,6681.345536,106.053104,258048,4096.000000,301830.045499,305170.718267,311852.063803
ambiguity,dominant_peer_ratio,0.25,25,engagement_g00_d10.0,2903,13,311706.601721,1618.614516,124.508809,53248,4096.000000,312515.908979,313325.216237,314943.830753
ambiguity,dominant_peer_ratio,0.25,25,engagement_g05_d0.0,2903,45,298273.767430,5122.247452,113.827721,184320,4096.000000,300834.891156,303396.014882,308518.262334
ambiguity,dominant_peer_ratio,0.25,25,engagement_g05_d0.25,2903,37,299918.599831,4390.737307,118.668576,151552,4096.000000,302113.968485,304309.337138,308700.074445
ambiguity,dominant_peer_ratio,0.25,25,engagement_g05_d0.5,2903,37,299817.254404,4390.737307,118.668576,151552,4096.000000,302012.623058,304207.991711,308598.729018
ambiguity,dominant_peer_ratio,0.25,25,engagement_g05_d1.0,2903,36,300498.537965,4366.292901,121.285914,147456,4096.000000,302681.684416,304864.830866,309231.123767
ambiguity,dominant_peer_ratio,0.25,25,engagement_g05_d2.0,2903,33,305430.553562,4010.051892,121.516724,135168,4096.000000,307435.579508,309440.605454,313450.657346
ambiguity,dominant_peer_ratio,0.25,25,engagement_g05_d5.0,2903,18,315619.171664,2342.044992,130.113611,73728,4096.000000,316790.194160,317961.216656,320303.261648
ambiguity,dominant_peer_ratio,0.25,25,engagement_g05_d10.0,2903,0,287868.746399,0.000000,,0,,287868.746399,287868.746399,287868.746399
ambiguity,dominant_peer_ratio,0.25,25,oracle_a1,2903,1445,79036.329429,42417.577766,29.354725,5918720,4096.000000,100245.118312,121453.907195,163871.484961
ambiguity,dominant_peer_ratio,0.25,25,oracle_a0.5,2903,2227,46081.661764,91361.448555,41.024449,9121792,4096.000000,91762.386041,137443.110319,228804.558874
ambiguity,dominant_peer_ratio,0.25,25,oracle_a2,2903,969,108546.355152,21069.884334,21.743947,3969024,4096.000000,119081.297319,129616.239486,150686.123820
ambiguity,dominant_peer_ratio,0.25,26,static,3057,0,332737.646285,0.000000,,0,,332737.646285,332737.646285,332737.646285
ambiguity,dominant_peer_ratio,0.25,26,nearest,3057,4,337817.613780,430.321639,107.580410,16384,4096.000000,338032.774600,338247.935419,338678.257058
ambiguity,dominant_peer_ratio,0.25,26,naive_target_aware,3057,645,301926.052575,72421.370978,112.281195,2641920,4096.000000,338136.738064,374347.423553,446768.794531
ambiguity,dominant_peer_ratio,0.25,26,engagement_g00_d0.0,3057,645,301926.052575,72421.370978,112.281195,2641920,4096.000000,338136.738064,374347.423553,446768.794531
ambiguity,dominant_peer_ratio,0.25,26,engagement_g00_d0.25,3057,366,306971.292417,41684.240087,113.891366,1499136,4096.000000,327813.412460,348655.532504,390339.772591
ambiguity,dominant_peer_ratio,0.25,26,engagement_g00_d0.5,3057,328,306574.890609,36879.056669,112.436148,1343488,4096.000000,325014.418943,343453.947278,380333.003947
ambiguity,dominant_peer_ratio,0.25,26,engagement_g00_d1.0,3057,266,306209.617375,29732.974722,111.778100,1089536,4096.000000,321076.104736,335942.592097,365675.566819
ambiguity,dominant_peer_ratio,0.25,26,engagement_g00_d2.0,3057,189,310996.957807,21323.654363,112.823568,774144,4096.000000,321658.784989,332320.612170,353644.266533
ambiguity,dominant_peer_ratio,0.25,26,engagement_g00_d5.0,3057,71,330813.306463,8806.564756,124.036123,290816,4096.000000,335216.588841,339619.871219,348426.435975
ambiguity,dominant_peer_ratio,0.25,26,engagement_g00_d10.0,3057,15,329374.855163,1747.528922,116.501928,61440,4096.000000,330248.619624,331122.384085,332869.913007
ambiguity,dominant_peer_ratio,0.25,26,engagement_g05_d0.0,3057,47,317199.047983,4816.502185,102.478770,192512,4096.000000,319607.299076,322015.550168,326832.052353
ambiguity,dominant_peer_ratio,0.25,26,engagement_g05_d0.25,3057,38,323152.191879,4040.348712,106.324966,155648,4096.000000,325172.366235,327192.540591,331232.889303
ambiguity,dominant_peer_ratio,0.25,26,engagement_g05_d0.5,3057,38,323508.347561,4040.348712,106.324966,155648,4096.000000,325528.521917,327548.696273,331589.044985
ambiguity,dominant_peer_ratio,0.25,26,engagement_g05_d1.0,3057,36,324787.566644,3951.181687,109.755047,147456,4096.000000,326763.157488,328738.748331,332689.930018
ambiguity,dominant_peer_ratio,0.25,26,engagement_g05_d2.0,3057,35,326157.015867,3683.136472,105.232471,143360,4096.000000,327998.584103,329840.152339,333523.288811
ambiguity,dominant_peer_ratio,0.25,26,engagement_g05_d5.0,3057,12,326282.982092,1543.353229,128.612769,49152,4096.000000,327054.658707,327826.335321,329369.688550
ambiguity,dominant_peer_ratio,0.25,26,engagement_g05_d10.0,3057,2,331351.520996,223.458070,111.729035,8192,4096.000000,331463.250031,331574.979066,331798.437136
ambiguity,dominant_peer_ratio,0.25,26,oracle_a1,3057,1670,82796.324285,45608.030032,27.310198,6840320,4096.000000,105600.339301,128404.354317,174012.384349
ambiguity,dominant_peer_ratio,0.25,26,oracle_a0.5,3057,2351,54065.476171,88398.947564,37.600573,9629696,4096.000000,98264.949953,142464.423735,230863.371299
ambiguity,dominant_peer_ratio,0.25,26,oracle_a2,3057,1119,111466.381328,24725.849052,22.096380,4583424,4096.000000,123829.305854,136192.230380,160918.079432
ambiguity,dominant_peer_ratio,0.25,27,static,2968,0,310556.120398,0.000000,,0,,310556.120398,310556.120398,310556.120398
ambiguity,dominant_peer_ratio,0.25,27,nearest,2968,18,307332.323244,1726.305104,95.905839,73728,4096.000000,308195.475796,309058.628348,310784.933452
ambiguity,dominant_peer_ratio,0.25,27,naive_target_aware,2968,659,278166.838419,70882.424017,107.560583,2699264,4096.000000,313608.050428,349049.262436,419931.686453
ambiguity,dominant_peer_ratio,0.25,27,engagement_g00_d0.0,2968,659,278166.838419,70882.424017,107.560583,2699264,4096.000000,313608.050428,349049.262436,419931.686453
ambiguity,dominant_peer_ratio,0.25,27,engagement_g00_d0.25,2968,365,280542.898386,39026.361153,106.921537,1495040,4096.000000,300056.078963,319569.259539,358595.620692
ambiguity,dominant_peer_ratio,0.25,27,engagement_g00_d0.5,2968,324,284122.805726,34216.072003,105.605161,1327104,4096.000000,301230.841728,318338.877729,352554.949732
ambiguity,dominant_peer_ratio,0.25,27,engagement_g00_d1.0,2968,266,289000.571891,28188.559787,105.972029,1089536,4096.000000,303094.851785,317189.131678,345377.691465
ambiguity,dominant_peer_ratio,0.25,27,engagement_g00_d2.0,2968,190,294469.055793,20420.656259,107.477138,778240,4096.000000,304679.383922,314889.712052,335310.368311
ambiguity,dominant_peer_ratio,0.25,27,engagement_g00_d5.0,2968,71,303210.691246,7029.816298,99.011497,290816,4096.000000,306725.599395,310240.507544,317270.323842
ambiguity,dominant_peer_ratio,0.25,27,engagement_g00_d10.0,2968,9,296091.097856,884.018179,98.224242,36864,4096.000000,296533.106946,296975.116035,297859.134214
ambiguity,dominant_peer_ratio,0.25,27,engagement_g05_d0.0,2968,42,296466.364074,4122.936617,98.165158,172032,4096.000000,298527.832382,300589.300691,304712.237308
ambiguity,dominant_peer_ratio,0.25,27,engagement_g05_d0.25,2968,35,291195.943475,3273.627478,93.532214,143360,4096.000000,292832.757214,294469.570953,297743.198431
ambiguity,dominant_peer_ratio,0.25,27,engagement_g05_d0.5,2968,34,293141.565233,3268.558566,96.134075,139264,4096.000000,294775.844516,296410.123799,299678.682365
ambiguity,dominant_peer_ratio,0.25,27,engagement_g05_d1.0,2968,31,290667.414026,3024.002683,97.548474,126976,4096.000000,292179.415367,293691.416709,296715.419392
ambiguity,dominant_peer_ratio,0.25,27,engagement_g05_d2.0,2968,27,295887.944687,2626.503659,97.277913,110592,4096.000000,297201.196516,298514.448346,301140.952005
ambiguity,dominant_peer_ratio,0.25,27,engagement_g05_d5.0,2968,11,289545.186081,848.629665,77.148151,45056,4096.000000,289969.500913,290393.815746,291242.445411
ambiguity,dominant_peer_ratio,0.25,27,engagement_g05_d10.0,2968,1,314931.566079,119.920509,119.920509,4096,4096.000000,314991.526333,315051.486588,315171.407097
ambiguity,dominant_peer_ratio,0.25,27,oracle_a1,2968,1492,81585.206632,41819.554235,28.029192,6111232,4096.000000,102494.983749,123404.760867,165224.315102
ambiguity,dominant_peer_ratio,0.25,27,oracle_a0.5,2968,2284,47768.297732,92260.246602,40.394154,9355264,4096.000000,93898.421033,140028.544334,232288.790936
ambiguity,dominant_peer_ratio,0.25,27,oracle_a2,2968,935,109220.448906,21369.803558,22.855405,3829760,4096.000000,119905.350685,130590.252464,151960.056022
ambiguity,dominant_peer_ratio,0.25,28,static,3014,0,344123.026275,0.000000,,0,,344123.026275,344123.026275,344123.026275
ambiguity,dominant_peer_ratio,0.25,28,nearest,3014,14,328038.895608,1368.413416,97.743815,57344,4096.000000,328723.102316,329407.309024,330775.722440
ambiguity,dominant_peer_ratio,0.25,28,naive_target_aware,3014,645,282131.742453,67440.083984,104.558270,2641920,4096.000000,315851.784445,349571.826437,417011.910421
ambiguity,dominant_peer_ratio,0.25,28,engagement_g00_d0.0,3014,645,282131.742453,67440.083984,104.558270,2641920,4096.000000,315851.784445,349571.826437,417011.910421
ambiguity,dominant_peer_ratio,0.25,28,engagement_g00_d0.25,3014,366,285002.182106,38228.015824,104.448131,1499136,4096.000000,304116.190018,323230.197930,361458.213754
ambiguity,dominant_peer_ratio,0.25,28,engagement_g00_d0.5,3014,323,286324.295706,34153.014715,105.736888,1323008,4096.000000,303400.803064,320477.310421,354630.325136
ambiguity,dominant_peer_ratio,0.25,28,engagement_g00_d1.0,3014,272,287805.859886,28383.143818,104.349793,1114112,4096.000000,301997.431795,316189.003704,344572.147522
ambiguity,dominant_peer_ratio,0.25,28,engagement_g00_d2.0,3014,191,296804.239167,20490.860550,107.281992,782336,4096.000000,307049.669442,317295.099717,337785.960267
ambiguity,dominant_peer_ratio,0.25,28,engagement_g00_d5.0,3014,75,319753.325948,8551.265259,114.016870,307200,4096.000000,324028.958578,328304.591207,336855.856466
ambiguity,dominant_peer_ratio,0.25,28,engagement_g00_d10.0,3014,6,332953.041412,595.004801,99.167467,24576,4096.000000,333250.543813,333548.046213,334143.051014
ambiguity,dominant_peer_ratio,0.25,28,engagement_g05_d0.0,3014,42,312054.227272,4863.495699,115.797517,172032,4096.000000,314485.975122,316917.722971,321781.218670
ambiguity,dominant_peer_ratio,0.25,28,engagement_g05_d0.25,3014,39,312612.511772,4618.582896,118.425202,159744,4096.000000,314921.803220,317231.094668,321849.677564
ambiguity,dominant_peer_ratio,0.25,28,engagement_g05_d0.5,3014,37,314333.492774,4515.410527,122.038122,151552,4096.000000,316591.198038,318848.903301,323364.313828
ambiguity,dominant_peer_ratio,0.25,28,engagement_g05_d1.0,3014,37,314804.332482,4515.410527,122.038122,151552,4096.000000,317062.037746,319319.743009,323835.153536
ambiguity,dominant_peer_ratio,0.25,28,engagement_g05_d2.0,3014,33,312295.434704,3770.348670,114.252990,135168,4096.000000,314180.609039,316065.783374,319836.132044
ambiguity,dominant_peer_ratio,0.25,28,engagement_g05_d5.0,3014,9,335959.125835,919.671629,102.185737,36864,4096.000000,336418.961650,336878.797464,337798.469093
ambiguity,dominant_peer_ratio,0.25,28,engagement_g05_d10.0,3014,0,344123.026275,0.000000,,0,,344123.026275,344123.026275,344123.026275
ambiguity,dominant_peer_ratio,0.25,28,oracle_a1,3014,1657,75314.631058,40866.779320,24.663114,6787072,4096.000000,95748.020718,116181.410378,157048.189698
ambiguity,dominant_peer_ratio,0.25,28,oracle_a0.5,3014,2382,47068.293003,83312.601592,34.975903,9756672,4096.000000,88724.593799,130380.894595,213693.496187
ambiguity,dominant_peer_ratio,0.25,28,oracle_a2,3014,1007,106516.550765,17903.149423,17.778699,4124672,4096.000000,115468.125476,124419.700188,142322.849611
ambiguity,dominant_peer_ratio,0.25,29,static,3063,0,289761.066317,0.000000,,0,,289761.066317,289761.066317,289761.066317
ambiguity,dominant_peer_ratio,0.25,29,nearest,3063,4,290941.703376,352.543663,88.135916,16384,4096.000000,291117.975207,291294.247039,291646.790702
ambiguity,dominant_peer_ratio,0.25,29,naive_target_aware,3063,632,274494.019263,65757.032161,104.045937,2588672,4096.000000,307372.535343,340251.051424,406008.083585
ambiguity,dominant_peer_ratio,0.25,29,engagement_g00_d0.0,3063,632,274494.019263,65757.032161,104.045937,2588672,4096.000000,307372.535343,340251.051424,406008.083585
ambiguity,dominant_peer_ratio,0.25,29,engagement_g00_d0.25,3063,363,271921.589129,37218.742842,102.530972,1486848,4096.000000,290530.960550,309140.331971,346359.074813
ambiguity,dominant_peer_ratio,0.25,29,engagement_g00_d0.5,3063,320,271807.543487,32555.724419,101.736639,1310720,4096.000000,288085.405696,304363.267906,336918.992325
ambiguity,dominant_peer_ratio,0.25,29,engagement_g00_d1.0,3063,259,274489.424365,26017.668171,100.454317,1060864,4096.000000,287498.258450,300507.092536,326524.760707
ambiguity,dominant_peer_ratio,0.25,29,engagement_g00_d2.0,3063,180,279949.815577,17718.451590,98.435842,737280,4096.000000,288809.041372,297668.267167,315386.718757
ambiguity,dominant_peer_ratio,0.25,29,engagement_g00_d5.0,3063,81,298816.943629,8237.078548,101.692328,331776,4096.000000,302935.482903,307054.022177,315291.100725
ambiguity,dominant_peer_ratio,0.25,29,engagement_g00_d10.0,3063,9,282338.309448,1006.070597,111.785622,36864,4096.000000,282841.344747,283344.380045,284350.450642
ambiguity,dominant_peer_ratio,0.25,29,engagement_g05_d0.0,3063,44,294877.900640,4202.403113,95.509162,180224,4096.000000,296979.102196,299080.303753,303282.706866
ambiguity,dominant_peer_ratio,0.25,29,engagement_g05_d0.25,3063,40,293581.199124,3669.988811,91.749720,163840,4096.000000,295416.193529,297251.187935,300921.176746
ambiguity,dominant_peer_ratio,0.25,29,engagement_g05_d0.5,3063,39,293228.941275,3524.289147,90.366388,159744,4096.000000,294991.085848,296753.230422,300277.519569
ambiguity,dominant_peer_ratio,0.25,29,engagement_g05_d1.0,3063,39,293346.930467,3524.289147,90.366388,159744,4096.000000,295109.075040,296871.219614,300395.508761
ambiguity,dominant_peer_ratio,0.25,29,engagement_g05_d2.0,3063,35,293186.341600,3146.986757,89.913907,143360,4096.000000,294759.834979,296333.328357,299480.315114
ambiguity,dominant_peer_ratio,0.25,29,engagement_g05_d5.0,3063,17,286282.117888,1333.278931,78.428172,69632,4096.000000,286948.757354,287615.396819,288948.675750
ambiguity,dominant_peer_ratio,0.25,29,engagement_g05_d10.0,3063,0,289761.066317,0.000000,,0,,289761.066317,289761.066317,289761.066317
ambiguity,dominant_peer_ratio,0.25,29,oracle_a1,3063,1580,79077.317827,34754.368685,21.996436,6471680,4096.000000,96454.502169,113831.686512,148586.055197
ambiguity,dominant_peer_ratio,0.25,29,oracle_a0.5,3063,2302,49050.291163,79473.934974,34.523864,9428992,4096.000000,88787.258650,128524.226137,207998.161111
ambiguity,dominant_peer_ratio,0.25,29,oracle_a2,3063,1069,100990.295739,18903.110133,17.682984,4378624,4096.000000,110441.850805,119893.405872,138796.516005
ambiguity,dominant_peer_ratio,0.25,30,static,2933,0,302308.561448,0.000000,,0,,302308.561448,302308.561448,302308.561448
ambiguity,dominant_peer_ratio,0.25,30,nearest,2933,12,284310.498614,1199.928233,99.994019,49152,4096.000000,284910.462731,285510.426847,286710.355080
ambiguity,dominant_peer_ratio,0.25,30,naive_target_aware,2933,637,292832.854248,73918.389032,116.041427,2609152,4096.000000,329792.048764,366751.243280,440669.632312
ambiguity,dominant_peer_ratio,0.25,30,engagement_g00_d0.0,2933,637,292832.854248,73918.389032,116.041427,2609152,4096.000000,329792.048764,366751.243280,440669.632312
ambiguity,dominant_peer_ratio,0.25,30,engagement_g00_d0.25,2933,386,293635.686567,44862.137805,116.223155,1581056,4096.000000,316066.755470,338497.824372,383359.962177
ambiguity,dominant_peer_ratio,0.25,30,engagement_g00_d0.5,2933,339,292619.737493,39082.140120,115.286549,1388544,4096.000000,312160.807553,331701.877613,370784.017733
ambiguity,dominant_peer_ratio,0.25,30,engagement_g00_d1.0,2933,275,292457.530380,30876.929097,112.279742,1126400,4096.000000,307895.994928,323334.459477,354211.388574
ambiguity,dominant_peer_ratio,0.25,30,engagement_g00_d2.0,2933,193,302132.612715,21816.535995,113.039047,790528,4096.000000,313040.880712,323949.148710,345765.684705
ambiguity,dominant_peer_ratio,0.25,30,engagement_g00_d5.0,2933,67,319179.174592,8054.634861,120.218431,274432,4096.000000,323206.492022,327233.809453,335288.444314
ambiguity,dominant_peer_ratio,0.25,30,engagement_g00_d10.0,2933,8,319789.143859,1115.534156,139.441769,32768,4096.000000,320346.910937,320904.678015,322020.212171
ambiguity,dominant_peer_ratio,0.25,30,engagement_g05_d0.0,2933,40,317045.342915,4555.518242,113.887956,163840,4096.000000,319323.102036,321600.861157,326156.379399
ambiguity,dominant_peer_ratio,0.25,30,engagement_g05_d0.25,2933,37,316886.979919,4094.175680,110.653397,151552,4096.000000,318934.067759,320981.155599,325075.331279
ambiguity,dominant_peer_ratio,0.25,30,engagement_g05_d0.5,2933,36,315689.119166,3825.050339,106.251398,147456,4096.000000,317601.644335,319514.169505,323339.219844
ambiguity,dominant_peer_ratio,0.25,30,engagement_g05_d1.0,2933,36,316048.497415,3825.050339,106.251398,147456,4096.000000,317961.022584,319873.547754,323698.598093
ambiguity,dominant_peer_ratio,0.25,30,engagement_g05_d2.0,2933,32,317407.438731,3552.314677,111.009834,131072,4096.000000,319183.596069,320959.753408,324512.068085
ambiguity,dominant_peer_ratio,0.25,30,engagement_g05_d5.0,2933,10,313762.791778,1241.712021,124.171202,40960,4096.000000,314383.647789,315004.503799,316246.215820
ambiguity,dominant_peer_ratio,0.25,30,engagement_g05_d10.0,2933,1,297124.058318,172.813819,172.813819,4096,4096.000000,297210.465228,297296.872137,297469.685956
ambiguity,dominant_peer_ratio,0.25,30,oracle_a1,2933,1415,93800.738852,47912.234166,33.860236,5795840,4096.000000,117756.855935,141712.973018,189625.207184
ambiguity,dominant_peer_ratio,0.25,30,oracle_a0.5,2933,2254,54016.761807,106856.513298,47.407504,9232384,4096.000000,107445.018456,160873.275105,267729.788403
ambiguity,dominant_peer_ratio,0.25,30,oracle_a2,2933,829,129046.409970,22862.777441,27.578742,3395584,4096.000000,140477.798690,151909.187411,174771.964852
switching,phase_duration,2.0,1,static,3072,0,286008.408746,0.000000,,0,,286008.408746,286008.408746,286008.408746
switching,phase_duration,2.0,1,nearest,3072,25,292261.517749,4199.591890,167.983676,102400,4096.000000,294361.313694,296461.109639,300660.701529
switching,phase_duration,2.0,1,naive_target_aware,3072,505,271874.280164,47333.479639,93.729663,2068480,4096.000000,295541.019984,319207.759803,366541.239442
switching,phase_duration,2.0,1,engagement_g00_d0.0,3072,505,271874.280164,47333.479639,93.729663,2068480,4096.000000,295541.019984,319207.759803,366541.239442
switching,phase_duration,2.0,1,engagement_g00_d0.25,3072,450,296733.324590,42437.204020,94.304898,1843200,4096.000000,317951.926600,339170.528610,381607.732630
switching,phase_duration,2.0,1,engagement_g00_d0.5,3072,423,303533.252830,40596.040780,95.971728,1732608,4096.000000,323831.273220,344129.293610,384725.334390
switching,phase_duration,2.0,1,engagement_g00_d1.0,3072,391,310507.363679,37480.818676,95.858871,1601536,4096.000000,329247.773017,347988.182355,385469.001031
switching,phase_duration,2.0,1,engagement_g00_d2.0,3072,294,308422.030035,29192.719366,99.294964,1204224,4096.000000,323018.389718,337614.749401,366807.468767
switching,phase_duration,2.0,1,engagement_g00_d5.0,3072,43,295879.396387,4256.874469,98.997081,176128,4096.000000,298007.833622,300136.270856,304393.145325
switching,phase_duration,2.0,1,engagement_g00_d10.0,3072,0,286008.408746,0.000000,,0,,286008.408746,286008.408746,286008.408746
switching,phase_duration,2.0,1,engagement_g05_d0.0,3072,216,287949.583086,21526.906256,99.661603,884736,4096.000000,298713.036214,309476.489342,331003.395598
switching,phase_duration,2.0,1,engagement_g05_d0.25,3072,216,297503.713433,21526.906256,99.661603,884736,4096.000000,308267.166561,319030.619689,340557.525945
switching,phase_duration,2.0,1,engagement_g05_d0.5,3072,215,301504.297077,21472.078214,99.870131,880640,4096.000000,312240.336184,322976.375291,344448.453505
switching,phase_duration,2.0,1,engagement_g05_d1.0,3072,208,308499.220347,21046.056760,101.182965,851968,4096.000000,319022.248727,329545.277107,350591.333867
switching,phase_duration,2.0,1,engagement_g05_d2.0,3072,163,309858.019998,17117.539881,105.015582,667648,4096.000000,318416.789939,326975.559879,344093.099760
switching,phase_duration,2.0,1,engagement_g05_d5.0,3072,8,283257.257830,832.615457,104.076932,32768,4096.000000,283673.565558,284089.873287,284922.488744
switching,phase_duration,2.0,1,engagement_g05_d10.0,3072,0,286008.408746,0.000000,,0,,286008.408746,286008.408746,286008.408746
switching,phase_duration,2.0,1,oracle_a1,3072,1177,35681.355849,38827.237885,32.988307,4820992,4096.000000,55094.974792,74508.593734,113335.831619
switching,phase_duration,2.0,1,oracle_a0.5,3072,1374,22019.187577,59326.028473,43.177604,5627904,4096.000000,51682.201813,81345.216050,140671.244523
switching,phase_duration,2.0,1,oracle_a2,3072,885,54073.055758,25687.679902,29.025627,3624960,4096.000000,66916.895709,79760.735660,105448.415562
switching,phase_duration,2.0,2,static,3076,0,305446.019095,0.000000,,0,,305446.019095,305446.019095,305446.019095
switching,phase_duration,2.0,2,nearest,3076,5,280209.671047,505.132572,101.026514,20480,4096.000000,280462.237333,280714.803619,281219.936191
switching,phase_duration,2.0,2,naive_target_aware,3076,501,319734.098332,59916.110970,119.593036,2052096,4096.000000,349692.153817,379650.209302,439566.320272
switching,phase_duration,2.0,2,engagement_g00_d0.0,3076,501,319734.098332,59916.110970,119.593036,2052096,4096.000000,349692.153817,379650.209302,439566.320272
switching,phase_duration,2.0,2,engagement_g00_d0.25,3076,438,341727.680804,51385.125993,117.317639,1794048,4096.000000,367420.243801,393112.806797,444497.932790
switching,phase_duration,2.0,2,engagement_g00_d0.5,3076,421,345764.096223,48601.645150,115.443338,1724416,4096.000000,370064.918798,394365.741373,442967.386523
switching,phase_duration,2.0,2,engagement_g00_d1.0,3076,384,348511.094664,43923.983688,114.385374,1572864,4096.000000,370473.086508,392435.078352,436359.062040
switching,phase_duration,2.0,2,engagement_g00_d2.0,3076,285,334149.527972,30866.371712,108.303059,1167360,4096.000000,349582.713828,365015.899684,395882.271396
switching,phase_duration,2.0,2,engagement_g00_d5.0,3076,47,320030.766835,5109.447078,108.711640,192512,4096.000000,322585.490374,325140.213913,330249.660991
switching,phase_duration,2.0,2,engagement_g00_d10.0,3076,1,301860.784709,102.811628,102.811628,4096,4096.000000,301912.190523,301963.596337,302066.407965
switching,phase_duration,2.0,2,engagement_g05_d0.0,3076,216,312433.466082,23248.488138,107.631890,884736,4096.000000,324057.710151,335681.954220,358930.442358
switching,phase_duration,2.0,2,engagement_g05_d0.25,3076,213,324080.868534,22774.589127,106.922954,872448,4096.000000,335468.163097,346855.457661,369630.046788
switching,phase_duration,2.0,2,engagement_g05_d0.5,3076,213,328438.585656,22774.589127,106.922954,872448,4096.000000,339825.880219,351213.174783,373987.763910
switching,phase_duration,2.0,2,engagement_g05_d1.0,3076,211,332775.615252,22564.343083,106.940015,864256,4096.000000,344057.786793,355339.958335,377904.301418
switching,phase_duration,2.0,2,engagement_g05_d2.0,3076,165,327127.491301,17121.816442,103.768584,675840,4096.000000,335688.399522,344249.307743,361371.124185
switching,phase_duration,2.0,2,engagement_g05_d5.0,3076,12,312190.019669,1347.903361,112.325280,49152,4096.000000,312863.971349,313537.923030,314885.826391
switching,phase_duration,2.0,2,engagement_g05_d10.0,3076,0,305446.019095,0.000000,,0,,305446.019095,305446.019095,305446.019095
switching,phase_duration,2.0,2,oracle_a1,3076,1222,38862.186703,42653.797785,34.904908,5005312,4096.000000,60189.085596,81515.984488,124169.782273
switching,phase_duration,2.0,2,oracle_a0.5,3076,1471,25444.712362,62222.018734,42.299129,6025216,4096.000000,56555.721729,87666.731096,149888.749830
switching,phase_duration,2.0,2,oracle_a2,3076,922,63380.339795,25771.116143,27.951319,3776512,4096.000000,76265.897867,89151.455938,114922.572081
switching,phase_duration,2.0,3,static,2993,0,287073.116601,0.000000,,0,,287073.116601,287073.116601,287073.116601
switching,phase_duration,2.0,3,nearest,2993,5,282794.287474,366.621124,73.324225,20480,4096.000000,282977.598036,283160.908598,283527.529722
switching,phase_duration,2.0,3,naive_target_aware,2993,497,279594.992908,50645.158328,101.901727,2035712,4096.000000,304917.572072,330240.151236,380885.309564
switching,phase_duration,2.0,3,engagement_g00_d0.0,2993,497,279594.992908,50645.158328,101.901727,2035712,4096.000000,304917.572072,330240.151236,380885.309564
switching,phase_duration,2.0,3,engagement_g00_d0.25,2993,434,301472.029458,45404.237231,104.618058,1777664,4096.000000,324174.148073,346876.266689,392280.503920
switching,phase_duration,2.0,3,engagement_g00_d0.5,2993,418,305262.758224,44349.324996,106.098864,1712128,4096.000000,327437.420722,349612.083220,393961.408216
switching,phase_duration,2.0,3,engagement_g00_d1.0,2993,378,307050.427488,39449.715771,104.364327,1548288,4096.000000,326775.285373,346500.143259,385949.859030
switching,phase_duration,2.0,3,engagement_g00_d2.0,2993,292,307431.772080,30067.382296,102.970487,1196032,4096.000000,322465.463228,337499.154376,367566.536672
switching,phase_duration,2.0,3,engagement_g00_d5.0,2993,53,306644.353042,5547.832514,104.676085,217088,4096.000000,309418.269299,312192.185556,317740.018070
switching,phase_duration,2.0,3,engagement_g00_d10.0,2993,0,287073.116601,0.000000,,0,,287073.116601,287073.116601,287073.116601
switching,phase_duration,2.0,3,engagement_g05_d0.0,2993,221,291013.463460,23174.735485,104.863056,905216,4096.000000,302600.831202,314188.198945,337362.934430
switching,phase_duration,2.0,3,engagement_g05_d0.25,2993,219,298844.781402,23071.904939,105.351164,897024,4096.000000,310380.733871,321916.686341,344988.591280
switching,phase_duration,2.0,3,engagement_g05_d0.5,2993,216,301782.717602,22875.928750,105.907078,884736,4096.000000,313220.681977,324658.646352,347534.575102
switching,phase_duration,2.0,3,engagement_g05_d1.0,2993,205,305422.947487,21978.022583,107.209866,839680,4096.000000,316411.958778,327400.970070,349378.992653
switching,phase_duration,2.0,3,engagement_g05_d2.0,2993,170,312031.121845,18309.802848,107.704723,696320,4096.000000,321186.023269,330340.924693,348650.727541
switching,phase_duration,2.0,3,engagement_g05_d5.0,2993,16,303028.776428,1861.855983,116.365999,65536,4096.000000,303959.704419,304890.632411,306752.488394
switching,phase_duration,2.0,3,engagement_g05_d10.0,2993,0,287073.116601,0.000000,,0,,287073.116601,287073.116601,287073.116601
switching,phase_duration,2.0,3,oracle_a1,2993,1117,36888.493866,43189.870596,38.665954,4575232,4096.000000,58483.429164,80078.364462,123268.235058
switching,phase_duration,2.0,3,oracle_a0.5,2993,1321,23083.000047,63558.168588,48.113678,5410816,4096.000000,54862.084341,86641.168635,150199.337223
switching,phase_duration,2.0,3,oracle_a2,2993,846,61361.732801,25943.820498,30.666454,3465216,4096.000000,74333.643050,87305.553299,113249.373797
switching,phase_duration,2.0,4,static,2947,0,299486.110978,0.000000,,0,,299486.110978,299486.110978,299486.110978
switching,phase_duration,2.0,4,nearest,2947,4,287620.742002,350.263260,87.565815,16384,4096.000000,287795.873632,287971.005262,288321.268522
switching,phase_duration,2.0,4,naive_target_aware,2947,503,299584.273873,57143.251907,113.604875,2060288,4096.000000,328155.899827,356727.525780,413870.777687
switching,phase_duration,2.0,4,engagement_g00_d0.0,2947,503,299584.273873,57143.251907,113.604875,2060288,4096.000000,328155.899827,356727.525780,413870.777687
switching,phase_duration,2.0,4,engagement_g00_d0.25,2947,429,322466.647851,47639.742803,111.048352,1757184,4096.000000,346286.519253,370106.390654,417746.133457
switching,phase_duration,2.0,4,engagement_g00_d0.5,2947,408,328304.586518,45487.976238,111.490138,1671168,4096.000000,351048.574637,373792.562756,419280.538994
switching,phase_duration,2.0,4,engagement_g00_d1.0,2947,365,331009.796966,41413.640355,113.462028,1495040,4096.000000,351716.617144,372423.437321,413837.077676
switching,phase_duration,2.0,4,engagement_g00_d2.0,2947,288,325996.942516,32059.763729,111.318624,1179648,4096.000000,342026.824381,358056.706245,390116.469974
switching,phase_duration,2.0,4,engagement_g00_d5.0,2947,61,286411.417868,5987.528244,98.156201,249856,4096.000000,289405.181990,292398.946112,298386.474356
switching,phase_duration,2.0,4,engagement_g00_d10.0,2947,0,299486.110978,0.000000,,0,,299486.110978,299486.110978,299486.110978
switching,phase_duration,2.0,4,engagement_g05_d0.0,2947,200,305273.015495,22502.870521,112.514353,819200,4096.000000,316524.450756,327775.886016,350278.756537
switching,phase_duration,2.0,4,engagement_g05_d0.25,2947,197,314833.486901,21999.728179,111.673747,806912,4096.000000,325833.350991,336833.215080,358832.943259
switching,phase_duration,2.0,4,engagement_g05_d0.5,2947,195,318941.178079,21634.160584,110.944413,798720,4096.000000,329758.258371,340575.338663,362209.499247
switching,phase_duration,2.0,4,engagement_g05_d1.0,2947,191,320505.367582,21270.680543,111.364820,782336,4096.000000,331140.707854,341776.048125,363046.728668
switching,phase_duration,2.0,4,engagement_g05_d2.0,2947,164,319267.604181,18192.804601,110.931735,671744,4096.000000,328364.006481,337460.408782,355653.213383
switching,phase_duration,2.0,4,engagement_g05_d5.0,2947,10,296606.933315,940.043966,94.004397,40960,4096.000000,297076.955298,297546.977281,298487.021247
switching,phase_duration,2.0,4,engagement_g05_d10.0,2947,0,299486.110978,0.000000,,0,,299486.110978,299486.110978,299486.110978
switching,phase_duration,2.0,4,oracle_a1,2947,1287,34709.642655,39808.907915,30.931552,5271552,4096.000000,54614.096613,74518.550570,114327.458485
switching,phase_duration,2.0,4,oracle_a0.5,2947,1471,24031.384396,55393.437927,37.656994,6025216,4096.000000,51728.103360,79424.822323,134818.260250
switching,phase_duration,2.0,4,oracle_a2,2947,979,55480.279713,25061.383118,25.598961,4009984,4096.000000,68010.971272,80541.662831,105603.045949
switching,phase_duration,2.0,5,static,2961,0,301175.098406,0.000000,,0,,301175.098406,301175.098406,301175.098406
switching,phase_duration,2.0,5,nearest,2961,6,298561.717036,393.231552,65.538592,24576,4096.000000,298758.332812,298954.948588,299348.180140
switching,phase_duration,2.0,5,naive_target_aware,2961,500,287575.766577,53864.800512,107.729601,2048000,4096.000000,314508.166833,341440.567089,395305.367601
switching,phase_duration,2.0,5,engagement_g00_d0.0,2961,500,287575.766577,53864.800512,107.729601,2048000,4096.000000,314508.166833,341440.567089,395305.367601
switching,phase_duration,2.0,5,engagement_g00_d0.25,2961,439,303082.084056,46399.602581,105.693856,1798144,4096.000000,326281.885346,349481.686637,395881.289218
switching,phase_duration,2.0,5,engagement_g00_d0.5,2961,417,306179.802146,43852.907817,105.162848,1708032,4096.000000,328106.256055,350032.709963,393885.617780
switching,phase_duration,2.0,5,engagement_g00_d1.0,2961,383,309104.982528,40021.868361,104.495740,1568768,4096.000000,329115.916709,349126.850889,389148.719250
switching,phase_duration,2.0,5,engagement_g00_d2.0,2961,269,304870.739567,26229.916198,97.508982,1101824,4096.000000,317985.697666,331100.655765,357330.571963
switching,phase_duration,2.0,5,engagement_g00_d5.0,2961,51,302276.415392,5619.690798,110.190016,208896,4096.000000,305086.260791,307896.106190,313515.796988
switching,phase_duration,2.0,5,engagement_g00_d10.0,2961,0,301175.098406,0.000000,,0,,301175.098406,301175.098406,301175.098406
switching,phase_duration,2.0,5,engagement_g05_d0.0,2961,189,297116.749716,20484.981010,108.386143,774144,4096.000000,307359.240221,317601.730726,338086.711736
switching,phase_duration,2.0,5,engagement_g05_d0.25,2961,187,302666.471711,20412.852012,109.159636,765952,4096.000000,312872.897717,323079.323723,343492.175735
switching,phase_duration,2.0,5,engagement_g05_d0.5,2961,185,305174.244676,20076.919690,108.523890,757760,4096.000000,315212.704521,325251.164366,345328.084056
switching,phase_duration,2.0,5,engagement_g05_d1.0,2961,182,306443.009640,19917.065855,109.434428,745472,4096.000000,316401.542567,326360.075495,346277.141350
switching,phase_duration,2.0,5,engagement_g05_d2.0,2961,128,311161.963991,12797.797998,99.982797,524288,4096.000000,317560.862990,323959.761989,336757.559987
switching,phase_duration,2.0,5,engagement_g05_d5.0,2961,8,311298.116953,846.641429,105.830179,32768,4096.000000,311721.437667,312144.758382,312991.399811
switching,phase_duration,2.0,5,engagement_g05_d10.0,2961,0,301175.098406,0.000000,,0,,301175.098406,301175.098406,301175.098406
switching,phase_duration,2.0,5,oracle_a1,2961,1161,38452.075781,39215.153652,33.777049,4755456,4096.000000,58059.652607,77667.229433,116882.383085
switching,phase_duration,2.0,5,oracle_a0.5,2961,1490,26065.425452,57468.118872,38.569207,6103040,4096.000000,54799.484888,83533.544324,141001.663196
switching,phase_duration,2.0,5,oracle_a2,2961,826,59610.648029,24242.954574,29.349824,3383296,4096.000000,71732.125316,83853.602603,108096.557177
switching,phase_duration,5.0,1,static,3072,0,291376.159406,0.000000,,0,,291376.159406,291376.159406,291376.159406
switching,phase_duration,5.0,1,nearest,3072,25,303323.433352,4199.591890,167.983676,102400,4096.000000,305423.229297,307523.025242,311722.617132
switching,phase_duration,5.0,1,naive_target_aware,3072,302,175871.426737,26157.466875,86.614129,1236992,4096.000000,188950.160175,202028.893612,228186.360487
switching,phase_duration,5.0,1,engagement_g00_d0.0,3072,302,175871.426737,26157.466875,86.614129,1236992,4096.000000,188950.160175,202028.893612,228186.360487
switching,phase_duration,5.0,1,engagement_g00_d0.25,3072,297,207012.172881,25969.234910,87.438501,1216512,4096.000000,219996.790336,232981.407791,258950.642701
switching,phase_duration,5.0,1,engagement_g00_d0.5,3072,295,217941.751843,25859.058208,87.657824,1208320,4096.000000,230871.280947,243800.810051,269659.868259
switching,phase_duration,5.0,1,engagement_g00_d1.0,3072,292,237525.759164,25768.131184,88.247025,1196032,4096.000000,250409.824756,263293.890348,289062.021532
switching,phase_duration,5.0,1,engagement_g00_d2.0,3072,280,269142.977388,24481.122210,87.432579,1146880,4096.000000,281383.538493,293624.099598,318105.221808
switching,phase_duration,5.0,1,engagement_g00_d5.0,3072,115,312205.042754,11431.612695,99.405328,471040,4096.000000,317920.849101,323636.655449,335068.268144
switching,phase_duration,5.0,1,engagement_g00_d10.0,3072,0,291376.159406,0.000000,,0,,291376.159406,291376.159406,291376.159406
switching,phase_duration,5.0,1,engagement_g05_d0.0,3072,281,183406.746979,24936.502877,88.742003,1150976,4096.000000,195874.998417,208343.249856,233279.752733
switching,phase_duration,5.0,1,engagement_g05_d0.25,3072,279,209625.980352,24838.065671,89.025325,1142784,4096.000000,222045.013187,234464.046023,259302.111694
switching,phase_duration,5.0,1,engagement_g05_d0.5,3072,279,219908.381110,24838.065671,89.025325,1142784,4096.000000,232327.413945,244746.446781,269584.512452
switching,phase_duration,5.0,1,engagement_g05_d1.0,3072,278,238251.530120,24821.121555,89.284610,1138688,4096.000000,250662.090897,263072.651675,287893.773230
switching,phase_duration,5.0,1,engagement_g05_d2.0,3072,267,271562.201464,24075.562299,90.170645,1093632,4096.000000,283599.982613,295637.763763,319713.326062
switching,phase_duration,5.0,1,engagement_g05_d5.0,3072,99,307546.676026,9623.853074,97.210637,405504,4096.000000,312358.602563,317170.529100,326794.382174
switching,phase_duration,5.0,1,engagement_g05_d10.0,3072,0,291376.159406,0.000000,,0,,291376.159406,291376.159406,291376.159406
switching,phase_duration,5.0,1,oracle_a1,3072,829,28548.920591,24653.713804,29.739100,3395584,4096.000000,40875.777493,53202.634395,77856.348199
switching,phase_duration,5.0,1,oracle_a0.5,3072,1000,19607.537275,38800.183552,38.800184,4096000,4096.000000,39007.629051,58407.720827,97207.904379
switching,phase_duration,5.0,1,oracle_a2,3072,640,38028.906655,17883.630564,27.943173,2621440,4096.000000,46970.721937,55912.537219,73796.167783
switching,phase_duration,5.0,2,static,3076,0,305271.057968,0.000000,,0,,305271.057968,305271.057968,305271.057968
switching,phase_duration,5.0,2,nearest,3076,5,282779.895242,505.132572,101.026514,20480,4096.000000,283032.461528,283285.027814,283790.160386
switching,phase_duration,5.0,2,naive_target_aware,3076,300,219199.279184,34412.364990,114.707883,1228800,4096.000000,236405.461679,253611.644174,288024.009164
switching,phase_duration,5.0,2,engagement_g00_d0.0,3076,300,219199.279184,34412.364990,114.707883,1228800,4096.000000,236405.461679,253611.644174,288024.009164
switching,phase_duration,5.0,2,engagement_g00_d0.25,3076,291,261119.230235,33238.107648,114.220301,1191936,4096.000000,277738.284059,294357.337883,327595.445531
switching,phase_duration,5.0,2,engagement_g00_d0.5,3076,289,272638.994865,33064.450112,114.409862,1183744,4096.000000,289171.219921,305703.444977,338767.895089
switching,phase_duration,5.0,2,engagement_g00_d1.0,3076,286,300441.185449,33033.015856,115.500055,1171456,4096.000000,316957.693377,333474.201305,366507.217161
switching,phase_duration,5.0,2,engagement_g00_d2.0,3076,279,344824.272362,32548.915092,116.662778,1142784,4096.000000,361098.729908,377373.187454,409922.102546
switching,phase_duration,5.0,2,engagement_g00_d5.0,3076,122,350751.593879,13972.492010,114.528623,499712,4096.000000,357737.839884,364724.085889,378696.577899
switching,phase_duration,5.0,2,engagement_g00_d10.0,3076,3,309944.535461,191.688416,63.896139,12288,4096.000000,310040.379669,310136.223877,310327.912293
switching,phase_duration,5.0,2,engagement_g05_d0.0,3076,288,225843.152465,33280.779205,115.558261,1179648,4096.000000,242483.542068,259123.931670,292404.710875
switching,phase_duration,5.0,2,engagement_g05_d0.25,3076,284,262485.136669,32681.109334,115.074329,1163264,4096.000000,278825.691336,295166.246003,327847.355337
switching,phase_duration,5.0,2,engagement_g05_d0.5,3076,283,273992.212887,32594.280566,115.174136,1159168,4096.000000,290289.353170,306586.493453,339180.774019
switching,phase_duration,5.0,2,engagement_g05_d1.0,3076,281,301314.419427,32535.982281,115.786414,1150976,4096.000000,317582.410567,333850.401708,366386.383989
switching,phase_duration,5.0,2,engagement_g05_d2.0,3076,271,344139.747201,31569.132032,116.491262,1110016,4096.000000,359924.313217,375708.879233,407278.011265
switching,phase_duration,5.0,2,engagement_g05_d5.0,3076,102,347901.420744,11501.550933,112.760303,417792,4096.000000,353652.196210,359402.971677,370904.522610
switching,phase_duration,5.0,2,engagement_g05_d10.0,3076,2,307706.263337,130.320962,65.160481,8192,4096.000000,307771.423818,307836.584299,307966.905261
switching,phase_duration,5.0,2,oracle_a1,3076,842,30294.712398,26228.233272,31.149921,3448832,4096.000000,43408.829034,56522.945670,82751.178942
switching,phase_duration,5.0,2,oracle_a0.5,3076,1018,21468.842648,39983.598377,39.276619,4169728,4096.000000,41460.641837,61452.441025,101436.039402
switching,phase_duration,5.0,2,oracle_a2,3076,684,39100.019248,20008.966040,29.252874,2801664,4096.000000,49104.502268,59108.985288,79117.951328
switching,phase_duration,5.0,3,static,2993,0,294297.549508,0.000000,,0,,294297.549508,294297.549508,294297.549508
switching,phase_duration,5.0,3,nearest,2993,5,281894.067028,366.621124,73.324225,20480,4096.000000,282077.377590,282260.688152,282627.309276
switching,phase_duration,5.0,3,naive_target_aware,2993,298,203312.804095,31875.325016,106.964178,1220608,4096.000000,219250.466603,235188.129111,267063.454127
switching,phase_duration,5.0,3,engagement_g00_d0.0,2993,298,203312.804095,31875.325016,106.964178,1220608,4096.000000,219250.466603,235188.129111,267063.454127
switching,phase_duration,5.0,3,engagement_g00_d0.25,2993,292,239977.503856,31244.896501,107.003070,1196032,4096.000000,255599.952106,271222.400357,302467.296858
switching,phase_duration,5.0,3,engagement_g00_d0.5,2993,288,253149.449069,30667.522355,106.484453,1179648,4096.000000,268483.210246,283816.971424,314484.493779
switching,phase_duration,5.0,3,engagement_g00_d1.0,2993,285,272601.079248,30338.816141,106.451986,1167360,4096.000000,287770.487318,302939.895389,333278.711530
switching,phase_duration,5.0,3,engagement_g00_d2.0,2993,274,305245.743275,29138.074001,106.343336,1122304,4096.000000,319814.780275,334383.817276,363521.891277
switching,phase_duration,5.0,3,engagement_g00_d5.0,2993,122,325953.646179,13202.283790,108.215441,499712,4096.000000,332554.788074,339155.929969,352358.213759
switching,phase_duration,5.0,3,engagement_g00_d10.0,2993,2,295033.619306,105.220202,52.610101,8192,4096.000000,295086.229407,295138.839508,295244.059710
switching,phase_duration,5.0,3,engagement_g05_d0.0,2993,278,210707.764958,29865.539593,107.429999,1138688,4096.000000,225640.534754,240573.304551,270438.844144
switching,phase_duration,5.0,3,engagement_g05_d0.25,2993,276,241636.685202,29762.709047,107.835902,1130496,4096.000000,256518.039725,271399.394249,301162.103296
switching,phase_duration,5.0,3,engagement_g05_d0.5,2993,275,254902.369587,29716.748482,108.060904,1126400,4096.000000,269760.743828,284619.118069,314335.866551
switching,phase_duration,5.0,3,engagement_g05_d1.0,2993,274,274581.325794,29568.819522,107.915400,1122304,4096.000000,289365.735555,304150.145316,333718.964838
switching,phase_duration,5.0,3,engagement_g05_d2.0,2993,266,306780.385220,28563.853204,107.382907,1089536,4096.000000,321062.311822,335344.238424,363908.091628
switching,phase_duration,5.0,3,engagement_g05_d5.0,2993,96,327856.703372,11293.918085,117.644980,393216,4096.000000,333503.662414,339150.621457,350444.539542
switching,phase_duration,5.0,3,engagement_g05_d10.0,2993,0,294297.549508,0.000000,,0,,294297.549508,294297.549508,294297.549508
switching,phase_duration,5.0,3,oracle_a1,2993,783,29983.988506,28025.346383,35.792269,3207168,4096.000000,43996.661698,58009.334889,86034.681272
switching,phase_duration,5.0,3,oracle_a0.5,2993,987,19920.347092,43589.639095,44.163768,4042752,4096.000000,41715.166640,63509.986187,107099.625282
switching,phase_duration,5.0,3,oracle_a2,2993,591,41002.568288,20268.665520,34.295542,2420736,4096.000000,51136.901048,61271.233808,81539.899328
switching,phase_duration,5.0,4,static,2947,0,301912.536528,0.000000,,0,,301912.536528,301912.536528,301912.536528
switching,phase_duration,5.0,4,nearest,2947,4,287393.374917,350.263260,87.565815,16384,4096.000000,287568.506547,287743.638177,288093.901437
switching,phase_duration,5.0,4,naive_target_aware,2947,295,208463.258063,33082.148366,112.142876,1208320,4096.000000,225004.332246,241545.406429,274627.554795
switching,phase_duration,5.0,4,engagement_g00_d0.0,2947,295,208463.258063,33082.148366,112.142876,1208320,4096.000000,225004.332246,241545.406429,274627.554795
switching,phase_duration,5.0,4,engagement_g00_d0.25,2947,293,245146.464110,32852.425731,112.124320,1200128,4096.000000,261572.676975,277998.889841,310851.315572
switching,phase_duration,5.0,4,engagement_g00_d0.5,2947,288,255542.709233,32233.822031,111.922993,1179648,4096.000000,271659.620248,287776.531264,320010.353295
switching,phase_duration,5.0,4,engagement_g00_d1.0,2947,283,274888.800763,31344.520548,110.758023,1159168,4096.000000,290561.061037,306233.321311,337577.841859
switching,phase_duration,5.0,4,engagement_g00_d2.0,2947,272,303218.538041,30034.414248,110.420641,1114112,4096.000000,318235.745165,333252.952289,363287.366537
switching,phase_duration,5.0,4,engagement_g00_d5.0,2947,124,327080.332211,13974.292831,112.695910,507904,4096.000000,334067.478627,341054.625042,355028.917873
switching,phase_duration,5.0,4,engagement_g00_d10.0,2947,2,308153.541980,352.156018,176.078009,8192,4096.000000,308329.619989,308505.697998,308857.854016
switching,phase_duration,5.0,4,engagement_g05_d0.0,2947,277,214460.992579,30725.206778,110.921324,1134592,4096.000000,229823.595968,245186.199357,275911.406135
switching,phase_duration,5.0,4,engagement_g05_d0.25,2947,277,246023.027563,30725.206778,110.921324,1134592,4096.000000,261385.630952,276748.234341,307473.441119
switching,phase_duration,5.0,4,engagement_g05_d0.5,2947,274,256711.130489,30434.845884,111.076080,1122304,4096.000000,271928.553431,287145.976373,317580.822257
switching,phase_duration,5.0,4,engagement_g05_d1.0,2947,273,276013.734295,30211.588730,110.665160,1118208,4096.000000,291119.528660,306225.323025,336436.911755
switching,phase_duration,5.0,4,engagement_g05_d2.0,2947,265,304747.877313,29398.676607,110.938402,1085440,4096.000000,319447.215616,334146.553920,363545.230527
switching,phase_duration,5.0,4,engagement_g05_d5.0,2947,101,327206.215065,11432.141597,113.189521,413696,4096.000000,332922.285864,338638.356662,350070.498259
switching,phase_duration,5.0,4,engagement_g05_d10.0,2947,0,301912.536528,0.000000,,0,,301912.536528,301912.536528,301912.536528
switching,phase_duration,5.0,4,oracle_a1,2947,829,29461.411312,24558.805968,29.624615,3395584,4096.000000,41740.814296,54020.217280,78579.023248
switching,phase_duration,5.0,4,oracle_a0.5,2947,1049,21565.962013,36452.242541,34.749516,4296704,4096.000000,39792.083284,58018.204554,94470.447095
switching,phase_duration,5.0,4,oracle_a2,2947,680,38417.524322,18039.850339,26.529192,2785280,4096.000000,47437.449492,56457.374661,74497.225000
switching,phase_duration,5.0,5,static,2961,0,306550.723862,0.000000,,0,,306550.723862,306550.723862,306550.723862
switching,phase_duration,5.0,5,nearest,2961,6,303065.741562,393.231552,65.538592,24576,4096.000000,303262.357338,303458.973114,303852.204666
switching,phase_duration,5.0,5,naive_target_aware,2961,296,211167.865665,33229.014377,112.260184,1212416,4096.000000,227782.372853,244396.880042,277625.894419
switching,phase_duration,5.0,5,engagement_g00_d0.0,2961,296,211167.865665,33229.014377,112.260184,1212416,4096.000000,227782.372853,244396.880042,277625.894419
switching,phase_duration,5.0,5,engagement_g00_d0.25,2961,291,246227.736164,32760.615313,112.579434,1191936,4096.000000,262608.043820,278988.351477,311748.966790
switching,phase_duration,5.0,5,engagement_g00_d0.5,2961,290,259875.334013,32728.389169,112.856514,1187840,4096.000000,276239.528597,292603.723182,325332.112351
switching,phase_duration,5.0,5,engagement_g00_d1.0,2961,288,277267.770725,32601.271839,113.198861,1179648,4096.000000,293568.406644,309869.042564,342470.314403
switching,phase_duration,5.0,5,engagement_g00_d2.0,2961,274,302644.118900,30442.409745,111.103685,1122304,4096.000000,317865.323772,333086.528645,363528.938390
switching,phase_duration,5.0,5,engagement_g00_d5.0,2961,121,300420.559258,11727.445431,96.921037,495616,4096.000000,306284.281973,312148.004689,323875.450120
switching,phase_duration,5.0,5,engagement_g00_d10.0,2961,3,316322.458772,355.728309,118.576103,12288,4096.000000,316500.322927,316678.187081,317033.915390
switching,phase_duration,5.0,5,engagement_g05_d0.0,2961,284,218900.035427,31938.866472,112.460797,1163264,4096.000000,234869.468663,250838.901899,282777.768371
switching,phase_duration,5.0,5,engagement_g05_d0.25,2961,281,247241.382948,31620.373446,112.528019,1150976,4096.000000,263051.569671,278861.756394,310482.129840
switching,phase_duration,5.0,5,engagement_g05_d0.5,2961,281,260752.905981,31620.373446,112.528019,1150976,4096.000000,276563.092704,292373.279427,323993.652873
switching,phase_duration,5.0,5,engagement_g05_d1.0,2961,280,276674.717789,31453.876936,112.335275,1146880,4096.000000,292401.656257,308128.594725,339582.471661
switching,phase_duration,5.0,5,engagement_g05_d2.0,2961,262,302439.581488,28876.062273,110.213978,1073152,4096.000000,316877.612624,331315.643761,360191.706034
switching,phase_duration,5.0,5,engagement_g05_d5.0,2961,87,308771.176205,8534.514155,98.097864,356352,4096.000000,313038.433282,317305.690360,325840.204515
switching,phase_duration,5.0,5,engagement_g05_d10.0,2961,0,306550.723862,0.000000,,0,,306550.723862,306550.723862,306550.723862
switching,phase_duration,5.0,5,oracle_a1,2961,819,33076.524350,25258.551077,30.840722,3354624,4096.000000,45705.799889,58335.075427,83593.626504
switching,phase_duration,5.0,5,oracle_a0.5,2961,1109,21919.514247,42652.882290,38.460669,4542464,4096.000000,43245.955392,64572.396537,107225.278827
switching,phase_duration,5.0,5,oracle_a2,2961,645,43126.295328,18134.463240,28.115447,2641920,4096.000000,52193.526948,61260.758568,79395.221808
switching,phase_duration,10.0,1,static,3072,0,283362.175406,0.000000,,0,,283362.175406,283362.175406,283362.175406
switching,phase_duration,10.0,1,nearest,3072,25,292737.214624,4199.591890,167.983676,102400,4096.000000,294837.010569,296936.806514,301136.398404
switching,phase_duration,10.0,1,naive_target_aware,3072,150,113852.626659,12731.592007,84.877280,614400,4096.000000,120218.422663,126584.218666,139315.810673
switching,phase_duration,10.0,1,engagement_g00_d0.0,3072,150,113852.626659,12731.592007,84.877280,614400,4096.000000,120218.422663,126584.218666,139315.810673
switching,phase_duration,10.0,1,engagement_g00_d0.25,3072,150,129904.751797,12731.592007,84.877280,614400,4096.000000,136270.547801,142636.343804,155367.935811
switching,phase_duration,10.0,1,engagement_g00_d0.5,3072,150,137270.666323,12731.592007,84.877280,614400,4096.000000,143636.462327,150002.258330,162733.850337
switching,phase_duration,10.0,1,engagement_g00_d1.0,3072,150,148913.100151,12731.592007,84.877280,614400,4096.000000,155278.896155,161644.692158,174376.284165
switching,phase_duration,10.0,1,engagement_g00_d2.0,3072,150,171882.673580,12731.592007,84.877280,614400,4096.000000,178248.469584,184614.265587,197345.857594
switching,phase_duration,10.0,1,engagement_g00_d5.0,3072,150,234597.793019,12731.592007,84.877280,614400,4096.000000,240963.589022,247329.385026,260060.977033
switching,phase_duration,10.0,1,engagement_g00_d10.0,3072,62,306011.999838,5874.308457,94.746911,253952,4096.000000,308949.154066,311886.308295,317760.616752
switching,phase_duration,10.0,1,engagement_g05_d0.0,3072,149,115758.491777,12549.151671,84.222494,610304,4096.000000,122033.067613,128307.643448,140856.795119
switching,phase_duration,10.0,1,engagement_g05_d0.25,3072,149,129851.008134,12549.151671,84.222494,610304,4096.000000,136125.583970,142400.159805,154949.311476
switching,phase_duration,10.0,1,engagement_g05_d0.5,3072,149,136803.031288,12549.151671,84.222494,610304,4096.000000,143077.607124,149352.182959,161901.334630
switching,phase_duration,10.0,1,engagement_g05_d1.0,3072,149,148374.870235,12549.151671,84.222494,610304,4096.000000,154649.446071,160924.021906,173473.173577
switching,phase_duration,10.0,1,engagement_g05_d2.0,3072,149,171053.367623,12549.151671,84.222494,610304,4096.000000,177327.943459,183602.519294,196151.670965
switching,phase_duration,10.0,1,engagement_g05_d5.0,3072,149,233573.456779,12549.151671,84.222494,610304,4096.000000,239848.032614,246122.608450,258671.760121
switching,phase_duration,10.0,1,engagement_g05_d10.0,3072,53,303646.388033,4976.810797,93.902091,217088,4096.000000,306134.793431,308623.198830,313600.009627
switching,phase_duration,10.0,1,oracle_a1,3072,661,29224.185251,17653.485724,26.707240,2707456,4096.000000,38050.928113,46877.670975,64531.156699
switching,phase_duration,10.0,1,oracle_a0.5,3072,872,19702.457560,31892.353034,36.573799,3571712,4096.000000,35648.634077,51594.810594,83487.163628
switching,phase_duration,10.0,1,oracle_a2,3072,467,37914.068540,11412.596575,24.438108,1912832,4096.000000,43620.366828,49326.665115,60739.261690
switching,phase_duration,10.0,2,static,3076,0,300561.682314,0.000000,,0,,300561.682314,300561.682314,300561.682314
switching,phase_duration,10.0,2,nearest,3076,5,270337.005169,505.132572,101.026514,20480,4096.000000,270589.571455,270842.137741,271347.270313
switching,phase_duration,10.0,2,naive_target_aware,3076,152,136643.615879,17363.583961,114.234105,622592,4096.000000,145325.407860,154007.199840,171370.783801
switching,phase_duration,10.0,2,engagement_g00_d0.0,3076,152,136643.615879,17363.583961,114.234105,622592,4096.000000,145325.407860,154007.199840,171370.783801
switching,phase_duration,10.0,2,engagement_g00_d0.25,3076,150,160420.111885,17086.055979,113.907040,614400,4096.000000,168963.139875,177506.167864,194592.223843
switching,phase_duration,10.0,2,engagement_g00_d0.5,3076,150,166235.004244,17086.055979,113.907040,614400,4096.000000,174778.032234,183321.060223,200407.116202
switching,phase_duration,10.0,2,engagement_g00_d1.0,3076,150,180367.779274,17086.055979,113.907040,614400,4096.000000,188910.807264,197453.835253,214539.891232
switching,phase_duration,10.0,2,engagement_g00_d2.0,3076,149,210366.928247,17063.231045,114.518329,610304,4096.000000,218898.543770,227430.159292,244493.390337
switching,phase_duration,10.0,2,engagement_g00_d5.0,3076,148,293170.110079,17066.695775,115.315512,606208,4096.000000,301703.457966,310236.805854,327303.501629
switching,phase_duration,10.0,2,engagement_g00_d10.0,3076,59,341844.597680,6273.923233,106.337682,241664,4096.000000,344981.559297,348118.520913,354392.444146
switching,phase_duration,10.0,2,engagement_g05_d0.0,3076,152,138437.494743,17363.583961,114.234105,622592,4096.000000,147119.286724,155801.078704,173164.662665
switching,phase_duration,10.0,2,engagement_g05_d0.25,3076,150,160543.694105,17086.055979,113.907040,614400,4096.000000,169086.722095,177629.750084,194715.806063
switching,phase_duration,10.0,2,engagement_g05_d0.5,3076,150,166358.586464,17086.055979,113.907040,614400,4096.000000,174901.614454,183444.642443,200530.698422
switching,phase_duration,10.0,2,engagement_g05_d1.0,3076,150,180491.361494,17086.055979,113.907040,614400,4096.000000,189034.389484,197577.417473,214663.473452
switching,phase_duration,10.0,2,engagement_g05_d2.0,3076,149,210366.928247,17063.231045,114.518329,610304,4096.000000,218898.543770,227430.159292,244493.390337
switching,phase_duration,10.0,2,engagement_g05_d5.0,3076,147,291214.382267,16783.408547,114.172847,602112,4096.000000,299606.086540,307997.790814,324781.199361
switching,phase_duration,10.0,2,engagement_g05_d10.0,3076,50,333145.354078,5255.478024,105.109560,204800,4096.000000,335773.093090,338400.832102,343656.310126
switching,phase_duration,10.0,2,oracle_a1,3076,620,29350.037036,18277.871871,29.480439,2539520,4096.000000,38488.972972,47627.908907,65905.780778
switching,phase_duration,10.0,2,oracle_a0.5,3076,877,20221.197696,32560.719116,37.127388,3592192,4096.000000,36501.557254,52781.916812,85342.635928
switching,phase_duration,10.0,2,oracle_a2,3076,464,37663.193296,12422.432802,26.772484,1900544,4096.000000,43874.409697,50085.626098,62508.058900
switching,phase_duration,10.0,3,static,2993,0,283696.363604,0.000000,,0,,283696.363604,283696.363604,283696.363604
switching,phase_duration,10.0,3,nearest,2993,5,272389.404699,366.621124,73.324225,20480,4096.000000,272572.715261,272756.025823,273122.646947
switching,phase_duration,10.0,3,naive_target_aware,2993,153,125636.939597,15998.377283,104.564557,626688,4096.000000,133636.128239,141635.316880,157633.694163
switching,phase_duration,10.0,3,engagement_g00_d0.0,2993,153,125636.939597,15998.377283,104.564557,626688,4096.000000,133636.128239,141635.316880,157633.694163
switching,phase_duration,10.0,3,engagement_g00_d0.25,2993,151,145593.342678,15895.546737,105.268521,618496,4096.000000,153541.116047,161488.889415,177384.436152
switching,phase_duration,10.0,3,engagement_g00_d0.5,2993,150,151940.086679,15849.586172,105.663908,614400,4096.000000,159864.879765,167789.672851,183639.259023
switching,phase_duration,10.0,3,engagement_g00_d1.0,2993,150,164759.588954,15849.586172,105.663908,614400,4096.000000,172684.382040,180609.175126,196458.761298
switching,phase_duration,10.0,3,engagement_g00_d2.0,2993,150,191479.045729,15849.586172,105.663908,614400,4096.000000,199403.838815,207328.631901,223178.218073
switching,phase_duration,10.0,3,engagement_g00_d5.0,2993,147,268126.503099,15492.991445,105.394500,602112,4096.000000,275872.998822,283619.494544,299112.485989
switching,phase_duration,10.0,3,engagement_g00_d10.0,2993,58,315648.387801,6113.008068,105.396691,237568,4096.000000,318704.891835,321761.395869,327874.403937
switching,phase_duration,10.0,3,engagement_g05_d0.0,2993,153,128622.318808,15998.377283,104.564557,626688,4096.000000,136621.507450,144620.696091,160619.073374
switching,phase_duration,10.0,3,engagement_g05_d0.25,2993,151,145906.030887,15895.546737,105.268521,618496,4096.000000,153853.804256,161801.577624,177697.124361
switching,phase_duration,10.0,3,engagement_g05_d0.5,2993,150,152012.139892,15849.586172,105.663908,614400,4096.000000,159936.932978,167861.726064,183711.312236
switching,phase_duration,10.0,3,engagement_g05_d1.0,2993,150,164817.009442,15849.586172,105.663908,614400,4096.000000,172741.802528,180666.595614,196516.181786
switching,phase_duration,10.0,3,engagement_g05_d2.0,2993,150,191479.045729,15849.586172,105.663908,614400,4096.000000,199403.838815,207328.631901,223178.218073
switching,phase_duration,10.0,3,engagement_g05_d5.0,2993,147,268126.503099,15492.991445,105.394500,602112,4096.000000,275872.998822,283619.494544,299112.485989
switching,phase_duration,10.0,3,engagement_g05_d10.0,2993,53,321693.313115,5802.156469,109.474650,217088,4096.000000,324594.391349,327495.469584,333297.626053
switching,phase_duration,10.0,3,oracle_a1,2993,570,28644.277093,18663.469329,32.742929,2334720,4096.000000,37976.011758,47307.746422,65971.215751
switching,phase_duration,10.0,3,oracle_a0.5,2993,795,19908.733762,32070.011179,40.339637,3256320,4096.000000,35943.739352,51978.744941,84048.756120
switching,phase_duration,10.0,3,oracle_a2,2993,403,36486.297898,13179.428831,32.703297,1650688,4096.000000,43076.012313,49665.726729,62845.155560
switching,phase_duration,10.0,4,static,2947,0,301991.960274,0.000000,,0,,301991.960274,301991.960274,301991.960274
switching,phase_duration,10.0,4,nearest,2947,4,291593.970468,350.263260,87.565815,16384,4096.000000,291769.102098,291944.233728,292294.496988
switching,phase_duration,10.0,4,naive_target_aware,2947,154,133370.520202,17227.235813,111.865168,630784,4096.000000,141984.138109,150597.756015,167824.991828
switching,phase_duration,10.0,4,engagement_g00_d0.0,2947,154,133370.520202,17227.235813,111.865168,630784,4096.000000,141984.138109,150597.756015,167824.991828
switching,phase_duration,10.0,4,engagement_g00_d0.25,2947,150,155404.996093,16710.922515,111.406150,614400,4096.000000,163760.457351,172115.918608,188826.841123
switching,phase_duration,10.0,4,engagement_g00_d0.5,2947,150,161317.272224,16710.922515,111.406150,614400,4096.000000,169672.733482,178028.194739,194739.117254
switching,phase_duration,10.0,4,engagement_g00_d1.0,2947,150,172352.050380,16710.922515,111.406150,614400,4096.000000,180707.511637,189062.972895,205773.895410
switching,phase_duration,10.0,4,engagement_g00_d2.0,2947,150,197920.208964,16710.922515,111.406150,614400,4096.000000,206275.670221,214631.131479,231342.053994
switching,phase_duration,10.0,4,engagement_g00_d5.0,2947,149,276111.549230,16487.665361,110.655472,610304,4096.000000,284355.381911,292599.214591,309086.879952
switching,phase_duration,10.0,4,engagement_g00_d10.0,2947,57,340463.750984,6685.460446,117.288780,233472,4096.000000,343806.481207,347149.211430,353834.671876
switching,phase_duration,10.0,4,engagement_g05_d0.0,2947,152,135978.513038,16982.589121,111.727560,622592,4096.000000,144469.807599,152961.102159,169943.691280
switching,phase_duration,10.0,4,engagement_g05_d0.25,2947,150,155610.983567,16710.922515,111.406150,614400,4096.000000,163966.444825,172321.906082,189032.828597
switching,phase_duration,10.0,4,engagement_g05_d0.5,2947,150,161523.259698,16710.922515,111.406150,614400,4096.000000,169878.720956,178234.182213,194945.104728
switching,phase_duration,10.0,4,engagement_g05_d1.0,2947,150,172552.228421,16710.922515,111.406150,614400,4096.000000,180907.689678,189263.150936,205974.073451
switching,phase_duration,10.0,4,engagement_g05_d2.0,2947,150,197920.208964,16710.922515,111.406150,614400,4096.000000,206275.670221,214631.131479,231342.053994
switching,phase_duration,10.0,4,engagement_g05_d5.0,2947,147,276495.644006,16209.252280,110.267022,602112,4096.000000,284600.270146,292704.896286,308914.148566
switching,phase_duration,10.0,4,engagement_g05_d10.0,2947,49,332713.062166,5382.012148,109.836983,200704,4096.000000,335404.068240,338095.074314,343477.086462
switching,phase_duration,10.0,4,oracle_a1,2947,666,27305.727227,18250.554998,27.403236,2727936,4096.000000,36431.004726,45556.282225,63806.837223
switching,phase_duration,10.0,4,oracle_a0.5,2947,900,19856.394071,29810.073998,33.122304,3686400,4096.000000,34761.431070,49666.468069,79476.542067
switching,phase_duration,10.0,4,oracle_a2,2947,499,35985.243366,12106.700506,24.261925,2043904,4096.000000,42038.593619,48091.943872,60198.644378
switching,phase_duration,10.0,5,static,2961,0,296868.046155,0.000000,,0,,296868.046155,296868.046155,296868.046155
switching,phase_duration,10.0,5,nearest,2961,6,296130.201835,393.231552,65.538592,24576,4096.000000,296326.817611,296523.433387,296916.664939
switching,phase_duration,10.0,5,naive_target_aware,2961,154,139731.303234,17523.051880,113.786051,630784,4096.000000,148492.829174,157254.355114,174777.406994
switching,phase_duration,10.0,5,engagement_g00_d0.0,2961,154,139731.303234,17523.051880,113.786051,630784,4096.000000,148492.829174,157254.355114,174777.406994
switching,phase_duration,10.0,5,engagement_g00_d0.25,2961,151,160933.758426,17136.007111,113.483491,618496,4096.000000,169501.761981,178069.765537,195205.772648
switching,phase_duration,10.0,5,engagement_g00_d0.5,2961,151,168946.571975,17136.007111,113.483491,618496,4096.000000,177514.575531,186082.579086,203218.586197
switching,phase_duration,10.0,5,engagement_g00_d1.0,2961,150,182470.340214,17175.386291,114.502575,614400,4096.000000,191058.033359,199645.726505,216821.112796
switching,phase_duration,10.0,5,engagement_g00_d2.0,2961,149,209246.927988,17028.907593,114.287970,610304,4096.000000,217761.381784,226275.835581,243304.743174
switching,phase_duration,10.0,5,engagement_g00_d5.0,2961,148,290168.460856,16876.606128,114.031122,606208,4096.000000,298606.763920,307045.066984,323921.673112
switching,phase_duration,10.0,5,engagement_g00_d10.0,2961,48,320139.418986,5388.586431,112.262217,196608,4096.000000,322833.712201,325528.005417,330916.591848
switching,phase_duration,10.0,5,engagement_g05_d0.0,2961,151,143976.887034,17136.007111,113.483491,618496,4096.000000,152544.890590,161112.894145,178248.901256
switching,phase_duration,10.0,5,engagement_g05_d0.25,2961,150,162067.983055,17175.386291,114.502575,614400,4096.000000,170655.676200,179243.369346,196418.755637
switching,phase_duration,10.0,5,engagement_g05_d0.5,2961,150,170094.944647,17175.386291,114.502575,614400,4096.000000,178682.637792,187270.330938,204445.717229
switching,phase_duration,10.0,5,engagement_g05_d1.0,2961,150,182801.328922,17175.386291,114.502575,614400,4096.000000,191389.022067,199976.715213,217152.101504
switching,phase_duration,10.0,5,engagement_g05_d2.0,2961,149,209246.927988,17028.907593,114.287970,610304,4096.000000,217761.381784,226275.835581,243304.743174
switching,phase_duration,10.0,5,engagement_g05_d5.0,2961,147,290134.259490,16822.922143,114.441647,602112,4096.000000,298545.720561,306957.181633,323780.103776
switching,phase_duration,10.0,5,engagement_g05_d10.0,2961,36,324330.210369,3893.893088,108.163697,147456,4096.000000,326277.156913,328224.103457,332117.996545
switching,phase_duration,10.0,5,oracle_a1,2961,637,33689.269037,19091.858588,29.971521,2609152,4096.000000,43235.198331,52781.127625,71872.986213
switching,phase_duration,10.0,5,oracle_a0.5,2961,936,22582.439750,36170.854794,38.644076,3833856,4096.000000,40667.867147,58753.294544,94924.149338
switching,phase_duration,10.0,5,oracle_a2,2961,440,43434.123083,12019.292017,27.316573,1802240,4096.000000,49443.769091,55453.415100,67472.707117
switching,phase_duration,20.0,1,static,3072,0,292132.926626,0.000000,,0,,292132.926626,292132.926626,292132.926626
switching,phase_duration,20.0,1,nearest,3072,25,283676.292012,4199.591890,167.983676,102400,4096.000000,285776.087957,287875.883902,292075.475792
switching,phase_duration,20.0,1,naive_target_aware,3072,75,79451.259605,6405.820472,85.410940,307200,4096.000000,82654.169841,85857.080077,92262.900549
switching,phase_duration,20.0,1,engagement_g00_d0.0,3072,75,79451.259605,6405.820472,85.410940,307200,4096.000000,82654.169841,85857.080077,92262.900549
switching,phase_duration,20.0,1,engagement_g00_d0.25,3072,75,87725.950973,6405.820472,85.410940,307200,4096.000000,90928.861209,94131.771445,100537.591917
switching,phase_duration,20.0,1,engagement_g00_d0.5,3072,75,90558.521997,6405.820472,85.410940,307200,4096.000000,93761.432233,96964.342469,103370.162941
switching,phase_duration,20.0,1,engagement_g00_d1.0,3072,75,97019.599472,6405.820472,85.410940,307200,4096.000000,100222.509708,103425.419944,109831.240416
switching,phase_duration,20.0,1,engagement_g00_d2.0,3072,75,108080.558462,6405.820472,85.410940,307200,4096.000000,111283.468698,114486.378934,120892.199406
switching,phase_duration,20.0,1,engagement_g00_d5.0,3072,75,141689.664604,6405.820472,85.410940,307200,4096.000000,144892.574840,148095.485076,154501.305548
switching,phase_duration,20.0,1,engagement_g00_d10.0,3072,75,195209.194854,6405.820472,85.410940,307200,4096.000000,198412.105090,201615.015326,208020.835798
switching,phase_duration,20.0,1,engagement_g05_d0.0,3072,75,80486.730591,6405.820472,85.410940,307200,4096.000000,83689.640827,86892.551063,93298.371535
switching,phase_duration,20.0,1,engagement_g05_d0.25,3072,75,87952.921745,6405.820472,85.410940,307200,4096.000000,91155.831981,94358.742217,100764.562689
switching,phase_duration,20.0,1,engagement_g05_d0.5,3072,75,90659.315523,6405.820472,85.410940,307200,4096.000000,93862.225759,97065.135995,103470.956467
switching,phase_duration,20.0,1,engagement_g05_d1.0,3072,75,97062.536986,6405.820472,85.410940,307200,4096.000000,100265.447222,103468.357458,109874.177930
switching,phase_duration,20.0,1,engagement_g05_d2.0,3072,75,108080.558462,6405.820472,85.410940,307200,4096.000000,111283.468698,114486.378934,120892.199406
switching,phase_duration,20.0,1,engagement_g05_d5.0,3072,75,141689.664604,6405.820472,85.410940,307200,4096.000000,144892.574840,148095.485076,154501.305548
switching,phase_duration,20.0,1,engagement_g05_d10.0,3072,75,195209.194854,6405.820472,85.410940,307200,4096.000000,198412.105090,201615.015326,208020.835798
switching,phase_duration,20.0,1,oracle_a1,3072,535,27653.602344,14194.119695,26.531065,2191360,4096.000000,34750.662192,41847.722039,56041.841734
switching,phase_duration,20.0,1,oracle_a0.5,3072,775,18891.633502,27791.086004,35.859466,3174400,4096.000000,32787.176504,46682.719506,74473.805510
switching,phase_duration,20.0,1,oracle_a2,3072,363,36393.700938,7798.527636,21.483547,1486848,4096.000000,40292.964756,44192.228574,51990.756210
switching,phase_duration,20.0,2,static,3076,0,297924.815833,0.000000,,0,,297924.815833,297924.815833,297924.815833
switching,phase_duration,20.0,2,nearest,3076,5,281108.318533,505.132572,101.026514,20480,4096.000000,281360.884819,281613.451105,282118.583677
switching,phase_duration,20.0,2,naive_target_aware,3076,77,90677.620072,8632.370273,112.108705,315392,4096.000000,94993.805208,99309.990345,107942.360618
switching,phase_duration,20.0,2,engagement_g00_d0.0,3076,77,90677.620072,8632.370273,112.108705,315392,4096.000000,94993.805208,99309.990345,107942.360618
switching,phase_duration,20.0,2,engagement_g00_d0.25,3076,75,102197.242819,8354.842291,111.397897,307200,4096.000000,106374.663964,110552.085110,118906.927401
switching,phase_duration,20.0,2,engagement_g00_d0.5,3076,75,105049.466862,8354.842291,111.397897,307200,4096.000000,109226.888007,113404.309153,121759.151444
switching,phase_duration,20.0,2,engagement_g00_d1.0,3076,75,111983.389349,8354.842291,111.397897,307200,4096.000000,116160.810494,120338.231640,128693.073931
switching,phase_duration,20.0,2,engagement_g00_d2.0,3076,75,127179.383322,8354.842291,111.397897,307200,4096.000000,131356.804467,135534.225613,143889.067904
switching,phase_duration,20.0,2,engagement_g00_d5.0,3076,75,164267.197042,8354.842291,111.397897,307200,4096.000000,168444.618188,172622.039333,180976.881624
switching,phase_duration,20.0,2,engagement_g00_d10.0,3076,75,238710.256733,8354.842291,111.397897,307200,4096.000000,242887.677879,247065.099024,255419.941315
switching,phase_duration,20.0,2,engagement_g05_d0.0,3076,77,92041.724785,8632.370273,112.108705,315392,4096.000000,96357.909921,100674.095058,109306.465331
switching,phase_duration,20.0,2,engagement_g05_d0.25,3076,75,102393.613848,8354.842291,111.397897,307200,4096.000000,106571.034993,110748.456139,119103.298430
switching,phase_duration,20.0,2,engagement_g05_d0.5,3076,75,105245.837891,8354.842291,111.397897,307200,4096.000000,109423.259036,113600.680182,121955.522473
switching,phase_duration,20.0,2,engagement_g05_d1.0,3076,75,112179.760378,8354.842291,111.397897,307200,4096.000000,116357.181523,120534.602669,128889.444960
switching,phase_duration,20.0,2,engagement_g05_d2.0,3076,75,127179.383322,8354.842291,111.397897,307200,4096.000000,131356.804467,135534.225613,143889.067904
switching,phase_duration,20.0,2,engagement_g05_d5.0,3076,75,164267.197042,8354.842291,111.397897,307200,4096.000000,168444.618188,172622.039333,180976.881624
switching,phase_duration,20.0,2,engagement_g05_d10.0,3076,75,238710.256733,8354.842291,111.397897,307200,4096.000000,242887.677879,247065.099024,255419.941315
switching,phase_duration,20.0,2,oracle_a1,3076,526,27070.199754,14440.789864,27.453973,2154496,4096.000000,34290.594686,41510.989618,55951.779482
switching,phase_duration,20.0,2,oracle_a0.5,3076,760,19007.361482,27410.687995,36.066695,3112960,4096.000000,32712.705480,46418.049477,73828.737472
switching,phase_duration,20.0,2,oracle_a2,3076,336,36251.201158,7944.827239,23.645319,1376256,4096.000000,40223.614778,44196.028397,52140.855636
switching,phase_duration,20.0,3,static,2993,0,278263.191684,0.000000,,0,,278263.191684,278263.191684,278263.191684
switching,phase_duration,20.0,3,nearest,2993,5,279401.061693,366.621124,73.324225,20480,4096.000000,279584.372255,279767.682817,280134.303941
switching,phase_duration,20.0,3,naive_target_aware,2993,80,88185.027102,8258.084396,103.226055,327680,4096.000000,92314.069300,96443.111498,104701.195894
switching,phase_duration,20.0,3,engagement_g00_d0.0,2993,80,88185.027102,8258.084396,103.226055,327680,4096.000000,92314.069300,96443.111498,104701.195894
switching,phase_duration,20.0,3,engagement_g00_d0.25,2993,76,98112.161375,7920.935056,104.222830,311296,4096.000000,102072.628903,106033.096431,113954.031487
switching,phase_duration,20.0,3,engagement_g00_d0.5,2993,75,100627.669914,7874.974491,104.999660,307200,4096.000000,104565.157160,108502.644405,116377.618896
switching,phase_duration,20.0,3,engagement_g00_d1.0,2993,75,105261.804465,7874.974491,104.999660,307200,4096.000000,109199.291711,113136.778956,121011.753447
switching,phase_duration,20.0,3,engagement_g00_d2.0,2993,75,118139.404001,7874.974491,104.999660,307200,4096.000000,122076.891247,126014.378492,133889.352983
switching,phase_duration,20.0,3,engagement_g00_d5.0,2993,75,158067.131236,7874.974491,104.999660,307200,4096.000000,162004.618481,165942.105727,173817.080218
switching,phase_duration,20.0,3,engagement_g00_d10.0,2993,75,226340.127858,7874.974491,104.999660,307200,4096.000000,230277.615103,234215.102349,242090.076840
switching,phase_duration,20.0,3,engagement_g05_d0.0,2993,78,89289.397540,8023.765602,102.868790,319488,4096.000000,93301.280341,97313.163142,105336.928744
switching,phase_duration,20.0,3,engagement_g05_d0.25,2993,76,98379.922262,7920.935056,104.222830,311296,4096.000000,102340.389790,106300.857318,114221.792374
switching,phase_duration,20.0,3,engagement_g05_d0.5,2993,75,100766.059623,7874.974491,104.999660,307200,4096.000000,104703.546869,108641.034114,116516.008605
switching,phase_duration,20.0,3,engagement_g05_d1.0,2993,75,105445.365452,7874.974491,104.999660,307200,4096.000000,109382.852698,113320.339943,121195.314434
switching,phase_duration,20.0,3,engagement_g05_d2.0,2993,75,118139.404001,7874.974491,104.999660,307200,4096.000000,122076.891247,126014.378492,133889.352983
switching,phase_duration,20.0,3,engagement_g05_d5.0,2993,75,158067.131236,7874.974491,104.999660,307200,4096.000000,162004.618481,165942.105727,173817.080218
switching,phase_duration,20.0,3,engagement_g05_d10.0,2993,75,226340.127858,7874.974491,104.999660,307200,4096.000000,230277.615103,234215.102349,242090.076840
switching,phase_duration,20.0,3,oracle_a1,2993,492,29170.989384,15774.152270,32.061285,2015232,4096.000000,37058.065519,44945.141654,60719.293924
switching,phase_duration,20.0,3,oracle_a0.5,2993,749,19502.574432,30858.259970,41.199279,3067904,4096.000000,34931.704417,50360.834402,81219.094372
switching,phase_duration,20.0,3,oracle_a2,2993,285,39844.951356,8294.151761,29.102287,1167360,4096.000000,43992.027236,48139.103117,56433.254878
switching,phase_duration,20.0,4,static,2947,0,312353.092432,0.000000,,0,,312353.092432,312353.092432,312353.092432
switching,phase_duration,20.0,4,nearest,2947,4,293402.888179,350.263260,87.565815,16384,4096.000000,293578.019809,293753.151439,294103.414699
switching,phase_duration,20.0,4,naive_target_aware,2947,75,93153.446881,8638.539473,115.180526,307200,4096.000000,97472.716618,101791.986354,110430.525827
switching,phase_duration,20.0,4,engagement_g00_d0.0,2947,75,93153.446881,8638.539473,115.180526,307200,4096.000000,97472.716618,101791.986354,110430.525827
switching,phase_duration,20.0,4,engagement_g00_d0.25,2947,75,103472.534744,8638.539473,115.180526,307200,4096.000000,107791.804481,112111.074217,120749.613690
switching,phase_duration,20.0,4,engagement_g00_d0.5,2947,75,106779.988616,8638.539473,115.180526,307200,4096.000000,111099.258353,115418.528089,124057.067562
switching,phase_duration,20.0,4,engagement_g00_d1.0,2947,75,112384.096492,8638.539473,115.180526,307200,4096.000000,116703.366229,121022.635965,129661.175438
switching,phase_duration,20.0,4,engagement_g00_d2.0,2947,75,123755.365046,8638.539473,115.180526,307200,4096.000000,128074.634783,132393.904519,141032.443992
switching,phase_duration,20.0,4,engagement_g00_d5.0,2947,75,168987.215406,8638.539473,115.180526,307200,4096.000000,173306.485142,177625.754879,186264.294352
switching,phase_duration,20.0,4,engagement_g00_d10.0,2947,75,239610.994626,8638.539473,115.180526,307200,4096.000000,243930.264362,248249.534099,256888.073572
switching,phase_duration,20.0,4,engagement_g05_d0.0,2947,75,94745.771520,8638.539473,115.180526,307200,4096.000000,99065.041257,103384.310993,112022.850466
switching,phase_duration,20.0,4,engagement_g05_d0.25,2947,75,103472.534744,8638.539473,115.180526,307200,4096.000000,107791.804481,112111.074217,120749.613690
switching,phase_duration,20.0,4,engagement_g05_d0.5,2947,75,106779.988616,8638.539473,115.180526,307200,4096.000000,111099.258353,115418.528089,124057.067562
switching,phase_duration,20.0,4,engagement_g05_d1.0,2947,75,112384.096492,8638.539473,115.180526,307200,4096.000000,116703.366229,121022.635965,129661.175438
switching,phase_duration,20.0,4,engagement_g05_d2.0,2947,75,123755.365046,8638.539473,115.180526,307200,4096.000000,128074.634783,132393.904519,141032.443992
switching,phase_duration,20.0,4,engagement_g05_d5.0,2947,75,168987.215406,8638.539473,115.180526,307200,4096.000000,173306.485142,177625.754879,186264.294352
switching,phase_duration,20.0,4,engagement_g05_d10.0,2947,75,239652.388791,8638.539473,115.180526,307200,4096.000000,243971.658527,248290.928264,256929.467737
switching,phase_duration,20.0,4,oracle_a1,2947,553,27113.309366,13752.985210,24.869774,2265088,4096.000000,33989.801971,40866.294576,54619.279786
switching,phase_duration,20.0,4,oracle_a0.5,2947,801,18949.471008,26187.977421,32.694104,3280896,4096.000000,32043.459719,45137.448429,71325.425850
switching,phase_duration,20.0,4,oracle_a2,2947,388,35259.525461,8085.027138,20.837699,1589248,4096.000000,39302.039030,43344.552599,51429.579737
switching,phase_duration,20.0,5,static,2961,0,291521.966584,0.000000,,0,,291521.966584,291521.966584,291521.966584
switching,phase_duration,20.0,5,nearest,2961,6,285948.877350,393.231552,65.538592,24576,4096.000000,286145.493126,286342.108902,286735.340454
switching,phase_duration,20.0,5,naive_target_aware,2961,77,94400.662874,8616.592872,111.903804,315392,4096.000000,98708.959310,103017.255746,111633.848618
switching,phase_duration,20.0,5,engagement_g00_d0.0,2961,77,94400.662874,8616.592872,111.903804,315392,4096.000000,98708.959310,103017.255746,111633.848618
switching,phase_duration,20.0,5,engagement_g00_d0.25,2961,76,105278.558768,8523.610709,112.152772,311296,4096.000000,109540.364122,113802.169477,122325.780186
switching,phase_duration,20.0,5,engagement_g00_d0.5,2961,76,109276.355510,8523.610709,112.152772,311296,4096.000000,113538.160864,117799.966219,126323.576928
switching,phase_duration,20.0,5,engagement_g00_d1.0,2961,75,115705.677438,8562.989889,114.173199,307200,4096.000000,119987.172382,124268.667327,132831.657216
switching,phase_duration,20.0,5,engagement_g00_d2.0,2961,74,130461.692042,8416.511191,113.736638,303104,4096.000000,134669.947638,138878.203233,147294.714424
switching,phase_duration,20.0,5,engagement_g00_d5.0,2961,74,173141.752493,8416.511191,113.736638,303104,4096.000000,177350.008088,181558.263684,189974.774875
switching,phase_duration,20.0,5,engagement_g00_d10.0,2961,74,241872.503238,8416.511191,113.736638,303104,4096.000000,246080.758833,250289.014429,258705.525620
switching,phase_duration,20.0,5,engagement_g05_d0.0,2961,76,96626.379043,8523.610709,112.152772,311296,4096.000000,100888.184397,105149.989752,113673.600461
switching,phase_duration,20.0,5,engagement_g05_d0.25,2961,75,105899.857930,8562.989889,114.173199,307200,4096.000000,110181.352874,114462.847819,123025.837708
switching,phase_duration,20.0,5,engagement_g05_d0.5,2961,75,110179.333764,8562.989889,114.173199,307200,4096.000000,114460.828708,118742.323653,127305.313542
switching,phase_duration,20.0,5,engagement_g05_d1.0,2961,75,115749.313611,8562.989889,114.173199,307200,4096.000000,120030.808555,124312.303500,132875.293389
switching,phase_duration,20.0,5,engagement_g05_d2.0,2961,74,130461.692042,8416.511191,113.736638,303104,4096.000000,134669.947638,138878.203233,147294.714424
switching,phase_duration,20.0,5,engagement_g05_d5.0,2961,74,173141.752493,8416.511191,113.736638,303104,4096.000000,177350.008088,181558.263684,189974.774875
switching,phase_duration,20.0,5,engagement_g05_d10.0,2961,74,241872.503238,8416.511191,113.736638,303104,4096.000000,246080.758833,250289.014429,258705.525620
switching,phase_duration,20.0,5,oracle_a1,2961,510,31116.473018,14505.817370,28.442779,2088960,4096.000000,38369.381703,45622.290388,60128.107758
switching,phase_duration,20.0,5,oracle_a0.5,2961,809,21150.913304,29988.991913,37.069211,3313664,4096.000000,36145.409261,51139.905217,81128.897130
switching,phase_duration,20.0,5,oracle_a2,2961,342,39664.279755,8423.777783,24.630929,1400832,4096.000000,43876.168647,48088.057538,56511.835321
switching,phase_duration,40.0,1,static,3072,0,283761.573598,0.000000,,0,,283761.573598,283761.573598,283761.573598
switching,phase_duration,40.0,1,nearest,3072,25,287743.516202,4199.591890,167.983676,102400,4096.000000,289843.312147,291943.108092,296142.699982
switching,phase_duration,40.0,1,naive_target_aware,3072,40,64293.493167,3168.820577,79.220514,163840,4096.000000,65877.903455,67462.313744,70631.134321
switching,phase_duration,40.0,1,engagement_g00_d0.0,3072,40,64293.493167,3168.820577,79.220514,163840,4096.000000,65877.903455,67462.313744,70631.134321
switching,phase_duration,40.0,1,engagement_g00_d0.25,3072,40,68894.324575,3168.820577,79.220514,163840,4096.000000,70478.734863,72063.145152,75231.965729
switching,phase_duration,40.0,1,engagement_g00_d0.5,3072,40,70458.296658,3168.820577,79.220514,163840,4096.000000,72042.706946,73627.117235,76795.937812
switching,phase_duration,40.0,1,engagement_g00_d1.0,3072,40,73735.688787,3168.820577,79.220514,163840,4096.000000,75320.099076,76904.509364,80073.329941
switching,phase_duration,40.0,1,engagement_g00_d2.0,3072,40,79557.742657,3168.820577,79.220514,163840,4096.000000,81142.152946,82726.563234,85895.383811
switching,phase_duration,40.0,1,engagement_g00_d5.0,3072,40,97252.513002,3168.820577,79.220514,163840,4096.000000,98836.923291,100421.333579,103590.154156
switching,phase_duration,40.0,1,engagement_g00_d10.0,3072,40,122609.467910,3168.820577,79.220514,163840,4096.000000,124193.878199,125778.288487,128947.109064
switching,phase_duration,40.0,1,engagement_g05_d0.0,3072,40,64920.766860,3168.820577,79.220514,163840,4096.000000,66505.177148,68089.587437,71258.408014
switching,phase_duration,40.0,1,engagement_g05_d0.25,3072,40,68928.789859,3168.820577,79.220514,163840,4096.000000,70513.200147,72097.610436,75266.431013
switching,phase_duration,40.0,1,engagement_g05_d0.5,3072,40,70492.761942,3168.820577,79.220514,163840,4096.000000,72077.172230,73661.582519,76830.403096
switching,phase_duration,40.0,1,engagement_g05_d1.0,3072,40,73735.688787,3168.820577,79.220514,163840,4096.000000,75320.099076,76904.509364,80073.329941
switching,phase_duration,40.0,1,engagement_g05_d2.0,3072,40,79557.742657,3168.820577,79.220514,163840,4096.000000,81142.152946,82726.563234,85895.383811
switching,phase_duration,40.0,1,engagement_g05_d5.0,3072,40,97252.513002,3168.820577,79.220514,163840,4096.000000,98836.923291,100421.333579,103590.154156
switching,phase_duration,40.0,1,engagement_g05_d10.0,3072,40,122609.467910,3168.820577,79.220514,163840,4096.000000,124193.878199,125778.288487,128947.109064
switching,phase_duration,40.0,1,oracle_a1,3072,487,27332.650273,11711.043817,24.047318,1994752,4096.000000,33188.172182,39043.694090,50754.737907
switching,phase_duration,40.0,1,oracle_a0.5,3072,739,18805.101835,24992.021120,33.818702,3026944,4096.000000,31301.112395,43797.122955,68789.144075
switching,phase_duration,40.0,1,oracle_a2,3072,289,35590.966337,5778.543392,19.994960,1183744,4096.000000,38480.238033,41369.509729,47148.053121
switching,phase_duration,40.0,2,static,3076,0,265138.956915,0.000000,,0,,265138.956915,265138.956915,265138.956915
switching,phase_duration,40.0,2,nearest,3076,5,250619.113529,505.132572,101.026514,20480,4096.000000,250871.679815,251124.246101,251629.378673
switching,phase_duration,40.0,2,naive_target_aware,3076,42,71160.909284,4598.963971,109.499142,172032,4096.000000,73460.391269,75759.873255,80358.837226
switching,phase_duration,40.0,2,engagement_g00_d0.0,3076,42,71160.909284,4598.963971,109.499142,172032,4096.000000,73460.391269,75759.873255,80358.837226
switching,phase_duration,40.0,2,engagement_g00_d0.25,3076,40,77717.639717,4321.435989,108.035900,163840,4096.000000,79878.357711,82039.075706,86360.511695
switching,phase_duration,40.0,2,engagement_g00_d0.5,3076,40,79243.765852,4321.435989,108.035900,163840,4096.000000,81404.483846,83565.201841,87886.637830
switching,phase_duration,40.0,2,engagement_g00_d1.0,3076,40,83555.859809,4321.435989,108.035900,163840,4096.000000,85716.577803,87877.295798,92198.731787
switching,phase_duration,40.0,2,engagement_g00_d2.0,3076,40,91426.441428,4321.435989,108.035900,163840,4096.000000,93587.159422,95747.877417,100069.313406
switching,phase_duration,40.0,2,engagement_g00_d5.0,3076,40,111204.663792,4321.435989,108.035900,163840,4096.000000,113365.381786,115526.099781,119847.535770
switching,phase_duration,40.0,2,engagement_g00_d10.0,3076,40,150702.434257,4321.435989,108.035900,163840,4096.000000,152863.152251,155023.870246,159345.306235
switching,phase_duration,40.0,2,engagement_g05_d0.0,3076,42,71548.775222,4598.963971,109.499142,172032,4096.000000,73848.257207,76147.739193,80746.703164
switching,phase_duration,40.0,2,engagement_g05_d0.25,3076,40,77717.639717,4321.435989,108.035900,163840,4096.000000,79878.357711,82039.075706,86360.511695
switching,phase_duration,40.0,2,engagement_g05_d0.5,3076,40,79243.765852,4321.435989,108.035900,163840,4096.000000,81404.483846,83565.201841,87886.637830
switching,phase_duration,40.0,2,engagement_g05_d1.0,3076,40,83555.859809,4321.435989,108.035900,163840,4096.000000,85716.577803,87877.295798,92198.731787
switching,phase_duration,40.0,2,engagement_g05_d2.0,3076,40,91426.441428,4321.435989,108.035900,163840,4096.000000,93587.159422,95747.877417,100069.313406
switching,phase_duration,40.0,2,engagement_g05_d5.0,3076,40,111204.663792,4321.435989,108.035900,163840,4096.000000,113365.381786,115526.099781,119847.535770
switching,phase_duration,40.0,2,engagement_g05_d10.0,3076,40,150702.434257,4321.435989,108.035900,163840,4096.000000,152863.152251,155023.870246,159345.306235
switching,phase_duration,40.0,2,oracle_a1,3076,471,27922.090868,12584.255407,26.718164,1929216,4096.000000,34214.218572,40506.346275,53090.601682
switching,phase_duration,40.0,2,oracle_a0.5,3076,719,19222.332692,26769.869704,37.232086,2945024,4096.000000,32607.267544,45992.202396,72762.072100
switching,phase_duration,40.0,2,oracle_a2,3076,259,37322.294470,5920.031985,22.857266,1060864,4096.000000,40282.310462,43242.326455,49162.358440
switching,phase_duration,40.0,3,static,2993,0,282717.914285,0.000000,,0,,282717.914285,282717.914285,282717.914285
switching,phase_duration,40.0,3,nearest,2993,5,267889.250321,366.621124,73.324225,20480,4096.000000,268072.560883,268255.871445,268622.492569
switching,phase_duration,40.0,3,naive_target_aware,2993,43,69202.734939,4290.895549,99.788269,176128,4096.000000,71348.182714,73493.630488,77784.526037
switching,phase_duration,40.0,3,engagement_g00_d0.0,2993,43,69202.734939,4290.895549,99.788269,176128,4096.000000,71348.182714,73493.630488,77784.526037
switching,phase_duration,40.0,3,engagement_g00_d0.25,2993,41,74233.978013,4188.065003,102.147927,167936,4096.000000,76328.010515,78422.043016,82610.108019
switching,phase_duration,40.0,3,engagement_g00_d0.5,2993,40,76186.586652,4142.104438,103.552611,163840,4096.000000,78257.638871,80328.691090,84470.795528
switching,phase_duration,40.0,3,engagement_g00_d1.0,2993,40,78505.770323,4142.104438,103.552611,163840,4096.000000,80576.822542,82647.874761,86789.979199
switching,phase_duration,40.0,3,engagement_g00_d2.0,2993,40,85992.612524,4142.104438,103.552611,163840,4096.000000,88063.664743,90134.716962,94276.821400
switching,phase_duration,40.0,3,engagement_g00_d5.0,2993,40,106724.095587,4142.104438,103.552611,163840,4096.000000,108795.147806,110866.200025,115008.304463
switching,phase_duration,40.0,3,engagement_g00_d10.0,2993,40,144945.993012,4142.104438,103.552611,163840,4096.000000,147017.045231,149088.097450,153230.201888
switching,phase_duration,40.0,3,engagement_g05_d0.0,2993,43,69959.040539,4290.895549,99.788269,176128,4096.000000,72104.488314,74249.936088,78540.831637
switching,phase_duration,40.0,3,engagement_g05_d0.25,2993,41,74518.654426,4188.065003,102.147927,167936,4096.000000,76612.686928,78706.719429,82894.784432
switching,phase_duration,40.0,3,engagement_g05_d0.5,2993,40,76309.443692,4142.104438,103.552611,163840,4096.000000,78380.495911,80451.548130,84593.652568
switching,phase_duration,40.0,3,engagement_g05_d1.0,2993,40,78505.770323,4142.104438,103.552611,163840,4096.000000,80576.822542,82647.874761,86789.979199
switching,phase_duration,40.0,3,engagement_g05_d2.0,2993,40,85992.612524,4142.104438,103.552611,163840,4096.000000,88063.664743,90134.716962,94276.821400
switching,phase_duration,40.0,3,engagement_g05_d5.0,2993,40,106724.095587,4142.104438,103.552611,163840,4096.000000,108795.147806,110866.200025,115008.304463
switching,phase_duration,40.0,3,engagement_g05_d10.0,2993,40,144945.993012,4142.104438,103.552611,163840,4096.000000,147017.045231,149088.097450,153230.201888
switching,phase_duration,40.0,3,oracle_a1,2993,437,28991.369007,13377.362892,30.611814,1789952,4096.000000,35680.050453,42368.731899,55746.094791
switching,phase_duration,40.0,3,oracle_a0.5,2993,708,19371.176537,28307.532616,39.982391,2899968,4096.000000,33524.942845,47678.709153,75986.241769
switching,phase_duration,40.0,3,oracle_a2,2993,225,40102.759146,5689.840089,25.288178,921600,4096.000000,42947.679190,45792.599235,51482.439324
switching,phase_duration,40.0,4,static,2947,0,316832.782970,0.000000,,0,,316832.782970,316832.782970,316832.782970
switching,phase_duration,40.0,4,nearest,2947,4,294032.369259,350.263260,87.565815,16384,4096.000000,294207.500889,294382.632519,294732.895779
switching,phase_duration,40.0,4,naive_target_aware,2947,40,68169.924665,4064.312630,101.607816,163840,4096.000000,70202.080980,72234.237295,76298.549925
switching,phase_duration,40.0,4,engagement_g00_d0.0,2947,40,68169.924665,4064.312630,101.607816,163840,4096.000000,70202.080980,72234.237295,76298.549925
switching,phase_duration,40.0,4,engagement_g00_d0.25,2947,40,73160.608883,4064.312630,101.607816,163840,4096.000000,75192.765198,77224.921513,81289.234143
switching,phase_duration,40.0,4,engagement_g00_d0.5,2947,40,74082.013566,4064.312630,101.607816,163840,4096.000000,76114.169881,78146.326196,82210.638826
switching,phase_duration,40.0,4,engagement_g00_d1.0,2947,40,76513.446777,4064.312630,101.607816,163840,4096.000000,78545.603092,80577.759407,84642.072037
switching,phase_duration,40.0,4,engagement_g00_d2.0,2947,40,81591.054127,4064.312630,101.607816,163840,4096.000000,83623.210442,85655.366757,89719.679387
switching,phase_duration,40.0,4,engagement_g00_d5.0,2947,40,102985.747955,4064.312630,101.607816,163840,4096.000000,105017.904270,107050.060585,111114.373215
switching,phase_duration,40.0,4,engagement_g00_d10.0,2947,40,139375.869933,4064.312630,101.607816,163840,4096.000000,141408.026248,143440.182563,147504.495193
switching,phase_duration,40.0,4,engagement_g05_d0.0,2947,40,68626.488306,4064.312630,101.607816,163840,4096.000000,70658.644621,72690.800936,76755.113566
switching,phase_duration,40.0,4,engagement_g05_d0.25,2947,40,73160.608883,4064.312630,101.607816,163840,4096.000000,75192.765198,77224.921513,81289.234143
switching,phase_duration,40.0,4,engagement_g05_d0.5,2947,40,74082.013566,4064.312630,101.607816,163840,4096.000000,76114.169881,78146.326196,82210.638826
switching,phase_duration,40.0,4,engagement_g05_d1.0,2947,40,76513.446777,4064.312630,101.607816,163840,4096.000000,78545.603092,80577.759407,84642.072037
switching,phase_duration,40.0,4,engagement_g05_d2.0,2947,40,81591.054127,4064.312630,101.607816,163840,4096.000000,83623.210442,85655.366757,89719.679387
switching,phase_duration,40.0,4,engagement_g05_d5.0,2947,40,102985.747955,4064.312630,101.607816,163840,4096.000000,105017.904270,107050.060585,111114.373215
switching,phase_duration,40.0,4,engagement_g05_d10.0,2947,40,139426.161288,4064.312630,101.607816,163840,4096.000000,141458.317603,143490.473918,147554.786548
switching,phase_duration,40.0,4,oracle_a1,2947,498,27583.046616,12493.020602,25.086387,2039808,4096.000000,33829.556917,40076.067218,52569.087820
switching,phase_duration,40.0,4,oracle_a0.5,2947,759,19084.073196,25830.405283,34.032155,3108864,4096.000000,31999.275838,44914.478479,70744.883762
switching,phase_duration,40.0,4,oracle_a2,2947,298,36221.307677,6323.134082,21.218571,1220608,4096.000000,39382.874718,42544.441759,48867.575841
switching,phase_duration,40.0,5,static,2961,0,293917.038697,0.000000,,0,,293917.038697,293917.038697,293917.038697
switching,phase_duration,40.0,5,nearest,2961,6,278714.467321,393.231552,65.538592,24576,4096.000000,278911.083097,279107.698873,279500.930425
switching,phase_duration,40.0,5,naive_target_aware,2961,42,79473.806559,4927.522977,117.321976,172032,4096.000000,81937.568048,84401.329536,89328.852513
switching,phase_duration,40.0,5,engagement_g00_d0.0,2961,42,79473.806559,4927.522977,117.321976,172032,4096.000000,81937.568048,84401.329536,89328.852513
switching,phase_duration,40.0,5,engagement_g00_d0.25,2961,41,85758.242476,4834.540814,117.915630,167936,4096.000000,88175.512883,90592.783290,95427.324104
switching,phase_duration,40.0,5,engagement_g00_d0.5,2961,41,87566.864890,4834.540814,117.915630,167936,4096.000000,89984.135297,92401.405704,97235.946518
switching,phase_duration,40.0,5,engagement_g00_d1.0,2961,40,91979.399359,4873.919994,121.848000,163840,4096.000000,94416.359356,96853.319353,101727.239347
switching,phase_duration,40.0,5,engagement_g00_d2.0,2961,39,100084.508767,4727.441296,121.216443,159744,4096.000000,102448.229415,104811.950063,109539.391359
switching,phase_duration,40.0,5,engagement_g00_d5.0,2961,39,124189.911886,4727.441296,121.216443,159744,4096.000000,126553.632534,128917.353182,133644.794478
switching,phase_duration,40.0,5,engagement_g00_d10.0,2961,39,161915.596675,4727.441296,121.216443,159744,4096.000000,164279.317323,166643.037971,171370.479267
switching,phase_duration,40.0,5,engagement_g05_d0.0,2961,41,81260.058744,4834.540814,117.915630,167936,4096.000000,83677.329151,86094.599558,90929.140372
switching,phase_duration,40.0,5,engagement_g05_d0.25,2961,40,86719.028036,4873.919994,121.848000,163840,4096.000000,89155.988033,91592.948030,96466.868024
switching,phase_duration,40.0,5,engagement_g05_d0.5,2961,40,88809.329542,4873.919994,121.848000,163840,4096.000000,91246.289539,93683.249536,98557.169530
switching,phase_duration,40.0,5,engagement_g05_d1.0,2961,40,92474.030108,4873.919994,121.848000,163840,4096.000000,94910.990105,97347.950102,102221.870096
switching,phase_duration,40.0,5,engagement_g05_d2.0,2961,39,100084.508767,4727.441296,121.216443,159744,4096.000000,102448.229415,104811.950063,109539.391359
switching,phase_duration,40.0,5,engagement_g05_d5.0,2961,39,124189.911886,4727.441296,121.216443,159744,4096.000000,126553.632534,128917.353182,133644.794478
switching,phase_duration,40.0,5,engagement_g05_d10.0,2961,39,161915.596675,4727.441296,121.216443,159744,4096.000000,164279.317323,166643.037971,171370.479267
switching,phase_duration,40.0,5,oracle_a1,2961,519,31397.209905,14127.313306,27.220257,2125824,4096.000000,38460.866558,45524.523211,59651.836517
switching,phase_duration,40.0,5,oracle_a0.5,2961,815,20980.480154,30693.331072,37.660529,3338240,4096.000000,36327.145690,51673.811226,82367.142298
switching,phase_duration,40.0,5,oracle_a2,2961,287,41983.277244,6525.393018,22.736561,1175552,4096.000000,45245.973753,48508.670262,55034.063280
switching,phase_duration,80.0,1,static,3072,0,282113.164194,0.000000,,0,,282113.164194,282113.164194,282113.164194
switching,phase_duration,80.0,1,nearest,3072,25,269867.370457,4199.591890,167.983676,102400,4096.000000,271967.166402,274066.962347,278266.554237
switching,phase_duration,80.0,1,naive_target_aware,3072,20,55694.842619,1535.058740,76.752937,81920,4096.000000,56462.371989,57229.901359,58764.960099
switching,phase_duration,80.0,1,engagement_g00_d0.0,3072,20,55694.842619,1535.058740,76.752937,81920,4096.000000,56462.371989,57229.901359,58764.960099
switching,phase_duration,80.0,1,engagement_g00_d0.25,3072,20,58037.210360,1535.058740,76.752937,81920,4096.000000,58804.739730,59572.269100,61107.327840
switching,phase_duration,80.0,1,engagement_g00_d0.5,3072,20,58703.164838,1535.058740,76.752937,81920,4096.000000,59470.694208,60238.223578,61773.282318
switching,phase_duration,80.0,1,engagement_g00_d1.0,3072,20,60380.120395,1535.058740,76.752937,81920,4096.000000,61147.649765,61915.179135,63450.237875
switching,phase_duration,80.0,1,engagement_g00_d2.0,3072,20,62999.107686,1535.058740,76.752937,81920,4096.000000,63766.637056,64534.166426,66069.225166
switching,phase_duration,80.0,1,engagement_g00_d5.0,3072,20,71949.384371,1535.058740,76.752937,81920,4096.000000,72716.913741,73484.443111,75019.501851
switching,phase_duration,80.0,1,engagement_g00_d10.0,3072,20,84219.236491,1535.058740,76.752937,81920,4096.000000,84986.765861,85754.295231,87289.353971
switching,phase_duration,80.0,1,engagement_g05_d0.0,3072,20,55943.105797,1535.058740,76.752937,81920,4096.000000,56710.635167,57478.164537,59013.223277
switching,phase_duration,80.0,1,engagement_g05_d0.25,3072,20,58037.210360,1535.058740,76.752937,81920,4096.000000,58804.739730,59572.269100,61107.327840
switching,phase_duration,80.0,1,engagement_g05_d0.5,3072,20,58703.164838,1535.058740,76.752937,81920,4096.000000,59470.694208,60238.223578,61773.282318
switching,phase_duration,80.0,1,engagement_g05_d1.0,3072,20,60380.120395,1535.058740,76.752937,81920,4096.000000,61147.649765,61915.179135,63450.237875
switching,phase_duration,80.0,1,engagement_g05_d2.0,3072,20,62999.107686,1535.058740,76.752937,81920,4096.000000,63766.637056,64534.166426,66069.225166
switching,phase_duration,80.0,1,engagement_g05_d5.0,3072,20,71949.384371,1535.058740,76.752937,81920,4096.000000,72716.913741,73484.443111,75019.501851
switching,phase_duration,80.0,1,engagement_g05_d10.0,3072,20,84219.236491,1535.058740,76.752937,81920,4096.000000,84986.765861,85754.295231,87289.353971
switching,phase_duration,80.0,1,oracle_a1,3072,511,27958.713898,11816.629006,23.124519,2093056,4096.000000,33867.028401,39775.342904,51591.971910
switching,phase_duration,80.0,1,oracle_a0.5,3072,756,18929.674965,25776.996846,34.096557,3096576,4096.000000,31818.173388,44706.671811,70483.668657
switching,phase_duration,80.0,1,oracle_a2,3072,265,37828.320108,4768.485711,17.994286,1085440,4096.000000,40212.562963,42596.805819,47365.291530
switching,phase_duration,80.0,2,static,3076,0,259329.023829,0.000000,,0,,259329.023829,259329.023829,259329.023829
switching,phase_duration,80.0,2,nearest,3076,5,245047.741449,505.132572,101.026514,20480,4096.000000,245300.307735,245552.874021,246058.006593
switching,phase_duration,80.0,2,naive_target_aware,3076,22,61060.490792,2205.434381,100.247017,90112,4096.000000,62163.207983,63265.925173,65471.359554
switching,phase_duration,80.0,2,engagement_g00_d0.0,3076,22,61060.490792,2205.434381,100.247017,90112,4096.000000,62163.207983,63265.925173,65471.359554
switching,phase_duration,80.0,2,engagement_g00_d0.25,3076,20,64529.396575,1927.906399,96.395320,81920,4096.000000,65493.349775,66457.302974,68385.209373
switching,phase_duration,80.0,2,engagement_g00_d0.5,3076,20,65257.592245,1927.906399,96.395320,81920,4096.000000,66221.545445,67185.498644,69113.405043
switching,phase_duration,80.0,2,engagement_g00_d1.0,3076,20,67399.066034,1927.906399,96.395320,81920,4096.000000,68363.019234,69326.972433,71254.878832
switching,phase_duration,80.0,2,engagement_g00_d2.0,3076,20,70883.603712,1927.906399,96.395320,81920,4096.000000,71847.556912,72811.510111,74739.416510
switching,phase_duration,80.0,2,engagement_g00_d5.0,3076,20,79376.195635,1927.906399,96.395320,81920,4096.000000,80340.148835,81304.102034,83232.008433
switching,phase_duration,80.0,2,engagement_g00_d10.0,3076,20,97896.329774,1927.906399,96.395320,81920,4096.000000,98860.282973,99824.236173,101752.142572
switching,phase_duration,80.0,2,engagement_g05_d0.0,3076,22,61098.407752,2205.434381,100.247017,90112,4096.000000,62201.124943,63303.842133,65509.276514
switching,phase_duration,80.0,2,engagement_g05_d0.25,3076,20,64529.396575,1927.906399,96.395320,81920,4096.000000,65493.349775,66457.302974,68385.209373
switching,phase_duration,80.0,2,engagement_g05_d0.5,3076,20,65257.592245,1927.906399,96.395320,81920,4096.000000,66221.545445,67185.498644,69113.405043
switching,phase_duration,80.0,2,engagement_g05_d1.0,3076,20,67399.066034,1927.906399,96.395320,81920,4096.000000,68363.019234,69326.972433,71254.878832
switching,phase_duration,80.0,2,engagement_g05_d2.0,3076,20,70883.603712,1927.906399,96.395320,81920,4096.000000,71847.556912,72811.510111,74739.416510
switching,phase_duration,80.0,2,engagement_g05_d5.0,3076,20,79376.195635,1927.906399,96.395320,81920,4096.000000,80340.148835,81304.102034,83232.008433
switching,phase_duration,80.0,2,engagement_g05_d10.0,3076,20,97896.329774,1927.906399,96.395320,81920,4096.000000,98860.282973,99824.236173,101752.142572
switching,phase_duration,80.0,2,oracle_a1,3076,490,27652.197722,12008.488199,24.507119,2007040,4096.000000,33656.441822,39660.685921,51669.174120
switching,phase_duration,80.0,2,oracle_a0.5,3076,762,19443.088210,25017.573497,32.831461,3121152,4096.000000,31951.874959,44460.661707,69478.235204
switching,phase_duration,80.0,2,oracle_a2,3076,297,36230.366073,5997.118170,20.192317,1216512,4096.000000,39228.925158,42227.484243,48224.602413
switching,phase_duration,80.0,3,static,2993,0,300715.292882,0.000000,,0,,300715.292882,300715.292882,300715.292882
switching,phase_duration,80.0,3,nearest,2993,5,245479.489465,366.621124,73.324225,20480,4096.000000,245662.800027,245846.110589,246212.731713
switching,phase_duration,80.0,3,naive_target_aware,2993,23,57634.649202,2202.928508,95.779500,94208,4096.000000,58736.113456,59837.577710,62040.506218
switching,phase_duration,80.0,3,engagement_g00_d0.0,2993,23,57634.649202,2202.928508,95.779500,94208,4096.000000,58736.113456,59837.577710,62040.506218
switching,phase_duration,80.0,3,engagement_g00_d0.25,2993,21,60484.689544,2100.097962,100.004665,86016,4096.000000,61534.738525,62584.787506,64684.885468
switching,phase_duration,80.0,3,engagement_g00_d0.5,2993,20,61256.175405,2054.137397,102.706870,81920,4096.000000,62283.244104,63310.312802,65364.450199
switching,phase_duration,80.0,3,engagement_g00_d1.0,2993,20,62864.299060,2054.137397,102.706870,81920,4096.000000,63891.367759,64918.436457,66972.573854
switching,phase_duration,80.0,3,engagement_g00_d2.0,2993,20,67819.724122,2054.137397,102.706870,81920,4096.000000,68846.792821,69873.861519,71927.998916
switching,phase_duration,80.0,3,engagement_g00_d5.0,2993,20,78212.148508,2054.137397,102.706870,81920,4096.000000,79239.217207,80266.285905,82320.423302
switching,phase_duration,80.0,3,engagement_g00_d10.0,2993,20,96019.172466,2054.137397,102.706870,81920,4096.000000,97046.241165,98073.309863,100127.447260
switching,phase_duration,80.0,3,engagement_g05_d0.0,2993,23,57883.387182,2202.928508,95.779500,94208,4096.000000,58984.851436,60086.315690,62289.244198
switching,phase_duration,80.0,3,engagement_g05_d0.25,2993,21,60760.073095,2100.097962,100.004665,86016,4096.000000,61810.122076,62860.171057,64960.269019
switching,phase_duration,80.0,3,engagement_g05_d0.5,2993,20,61364.093032,2054.137397,102.706870,81920,4096.000000,62391.161731,63418.230429,65472.367826
switching,phase_duration,80.0,3,engagement_g05_d1.0,2993,20,62864.299060,2054.137397,102.706870,81920,4096.000000,63891.367759,64918.436457,66972.573854
switching,phase_duration,80.0,3,engagement_g05_d2.0,2993,20,67819.724122,2054.137397,102.706870,81920,4096.000000,68846.792821,69873.861519,71927.998916
switching,phase_duration,80.0,3,engagement_g05_d5.0,2993,20,78212.148508,2054.137397,102.706870,81920,4096.000000,79239.217207,80266.285905,82320.423302
switching,phase_duration,80.0,3,engagement_g05_d10.0,2993,20,96019.172466,2054.137397,102.706870,81920,4096.000000,97046.241165,98073.309863,100127.447260
switching,phase_duration,80.0,3,oracle_a1,2993,443,26771.052649,11648.054301,26.293576,1814528,4096.000000,32595.079800,38419.106950,50067.161251
switching,phase_duration,80.0,3,oracle_a0.5,2993,676,19118.836171,23724.453572,35.095346,2768896,4096.000000,30981.062957,42843.289743,66567.743315
switching,phase_duration,80.0,3,oracle_a2,2993,216,36602.262496,4839.684237,22.405946,884736,4096.000000,39022.104615,41441.946733,46281.630970
switching,phase_duration,80.0,4,static,2947,0,339965.424528,0.000000,,0,,339965.424528,339965.424528,339965.424528
switching,phase_duration,80.0,4,nearest,2947,4,315956.708073,350.263260,87.565815,16384,4096.000000,316131.839703,316306.971333,316657.234593
switching,phase_duration,80.0,4,naive_target_aware,2947,20,59529.511982,2009.550611,100.477531,81920,4096.000000,60534.287288,61539.062593,63548.613204
switching,phase_duration,80.0,4,engagement_g00_d0.0,2947,20,59529.511982,2009.550611,100.477531,81920,4096.000000,60534.287288,61539.062593,63548.613204
switching,phase_duration,80.0,4,engagement_g00_d0.25,2947,20,62140.270325,2009.550611,100.477531,81920,4096.000000,63145.045631,64149.820936,66159.371547
switching,phase_duration,80.0,4,engagement_g00_d0.5,2947,20,62558.183170,2009.550611,100.477531,81920,4096.000000,63562.958476,64567.733781,66577.284392
switching,phase_duration,80.0,4,engagement_g00_d1.0,2947,20,63181.265208,2009.550611,100.477531,81920,4096.000000,64186.040514,65190.815819,67200.366430
switching,phase_duration,80.0,4,engagement_g00_d2.0,2947,20,65618.629489,2009.550611,100.477531,81920,4096.000000,66623.404795,67628.180100,69637.730711
switching,phase_duration,80.0,4,engagement_g00_d5.0,2947,20,76602.969091,2009.550611,100.477531,81920,4096.000000,77607.744396,78612.519702,80622.070313
switching,phase_duration,80.0,4,engagement_g00_d10.0,2947,20,93128.226181,2009.550611,100.477531,81920,4096.000000,94133.001486,95137.776792,97147.327403
switching,phase_duration,80.0,4,engagement_g05_d0.0,2947,20,59958.117849,2009.550611,100.477531,81920,4096.000000,60962.893155,61967.668460,63977.219071
switching,phase_duration,80.0,4,engagement_g05_d0.25,2947,20,62140.270325,2009.550611,100.477531,81920,4096.000000,63145.045631,64149.820936,66159.371547
switching,phase_duration,80.0,4,engagement_g05_d0.5,2947,20,62558.183170,2009.550611,100.477531,81920,4096.000000,63562.958476,64567.733781,66577.284392
switching,phase_duration,80.0,4,engagement_g05_d1.0,2947,20,63181.265208,2009.550611,100.477531,81920,4096.000000,64186.040514,65190.815819,67200.366430
switching,phase_duration,80.0,4,engagement_g05_d2.0,2947,20,65618.629489,2009.550611,100.477531,81920,4096.000000,66623.404795,67628.180100,69637.730711
switching,phase_duration,80.0,4,engagement_g05_d5.0,2947,20,76602.969091,2009.550611,100.477531,81920,4096.000000,77607.744396,78612.519702,80622.070313
switching,phase_duration,80.0,4,engagement_g05_d10.0,2947,20,93261.691091,2009.550611,100.477531,81920,4096.000000,94266.466396,95271.241702,97280.792313
switching,phase_duration,80.0,4,oracle_a1,2947,473,28188.754760,11946.796626,25.257498,1937408,4096.000000,34162.153073,40135.551386,52082.348012
switching,phase_duration,80.0,4,oracle_a0.5,2947,739,19266.732714,25704.123518,34.782305,3026944,4096.000000,32118.794473,44970.856232,70674.979750
switching,phase_duration,80.0,4,oracle_a2,2947,274,37223.093559,5413.444106,19.757095,1122304,4096.000000,39929.815612,42636.537665,48049.981771
switching,phase_duration,80.0,5,static,2961,0,263823.325613,0.000000,,0,,263823.325613,263823.325613,263823.325613
switching,phase_duration,80.0,5,nearest,2961,6,292836.752412,393.231552,65.538592,24576,4096.000000,293033.368188,293229.983964,293623.215516
switching,phase_duration,80.0,5,naive_target_aware,2961,22,67556.718074,2501.740634,113.715483,90112,4096.000000,68807.588391,70058.458708,72560.199342
switching,phase_duration,80.0,5,engagement_g00_d0.0,2961,22,67556.718074,2501.740634,113.715483,90112,4096.000000,68807.588391,70058.458708,72560.199342
switching,phase_duration,80.0,5,engagement_g00_d0.25,2961,21,69888.389246,2408.758471,114.702784,86016,4096.000000,71092.768481,72297.147717,74705.906188
switching,phase_duration,80.0,5,engagement_g00_d0.5,2961,21,71145.137784,2408.758471,114.702784,86016,4096.000000,72349.517019,73553.896255,75962.654726
switching,phase_duration,80.0,5,engagement_g00_d1.0,2961,20,74034.612314,2448.137651,122.406883,81920,4096.000000,75258.681139,76482.749965,78930.887616
switching,phase_duration,80.0,5,engagement_g00_d2.0,2961,19,78360.952578,2301.658953,121.139945,77824,4096.000000,79511.782054,80662.611531,82964.270484
switching,phase_duration,80.0,5,engagement_g00_d5.0,2961,19,88807.749983,2301.658953,121.139945,77824,4096.000000,89958.579459,91109.408936,93411.067889
switching,phase_duration,80.0,5,engagement_g00_d10.0,2961,19,108050.175623,2301.658953,121.139945,77824,4096.000000,109201.005099,110351.834576,112653.493529
switching,phase_duration,80.0,5,engagement_g05_d0.0,2961,21,68548.918986,2408.758471,114.702784,86016,4096.000000,69753.298222,70957.677457,73366.435928
switching,phase_duration,80.0,5,engagement_g05_d0.25,2961,20,70310.907884,2448.137651,122.406883,81920,4096.000000,71534.976709,72759.045535,75207.183186
switching,phase_duration,80.0,5,engagement_g05_d0.5,2961,20,71849.335514,2448.137651,122.406883,81920,4096.000000,73073.404339,74297.473165,76745.610816
switching,phase_duration,80.0,5,engagement_g05_d1.0,2961,20,74034.612314,2448.137651,122.406883,81920,4096.000000,75258.681139,76482.749965,78930.887616
switching,phase_duration,80.0,5,engagement_g05_d2.0,2961,19,78360.952578,2301.658953,121.139945,77824,4096.000000,79511.782054,80662.611531,82964.270484
switching,phase_duration,80.0,5,engagement_g05_d5.0,2961,19,88807.749983,2301.658953,121.139945,77824,4096.000000,89958.579459,91109.408936,93411.067889
switching,phase_duration,80.0,5,engagement_g05_d10.0,2961,19,108050.175623,2301.658953,121.139945,77824,4096.000000,109201.005099,110351.834576,112653.493529
switching,phase_duration,80.0,5,oracle_a1,2961,446,32385.718258,12210.679060,27.378204,1826816,4096.000000,38491.057788,44596.397318,56807.076378
switching,phase_duration,80.0,5,oracle_a0.5,2961,764,21170.718852,29484.142434,38.591809,3129344,4096.000000,35912.790069,50654.861286,80139.003720
switching,phase_duration,80.0,5,oracle_a2,2961,263,41731.478181,5659.312149,21.518297,1077248,4096.000000,44561.134255,47390.790330,53050.102479
