dominant_peer_ratio,seed,policy_id,total_requests,self_service_count,self_service_rate,mean_rtt_remote_ms,mean_rtt_all_ms,measured_mean_latency_ms,predicted_mean_latency_ms,abs_error_ms,rel_error
0.85,1,static,3072,163,0.053060,95.296726,90.240291,92.240291,92.240291,0.000000,0.000000
0.85,1,nearest,3072,161,0.052409,98.451809,93.292062,95.292062,95.292062,0.000000,0.000000
0.85,1,naive_target_aware,3072,1903,0.619466,92.137405,35.061402,37.061402,37.061402,0.000000,0.000000
0.85,1,engagement_g00_d0.0,3072,1903,0.619466,92.137405,35.061402,37.061402,37.061402,0.000000,0.000000
0.85,1,engagement_g00_d0.25,3072,1711,0.556966,90.933690,40.286703,42.286703,42.286703,0.000000,0.000000
0.85,1,engagement_g00_d0.5,3072,1630,0.530599,90.933888,42.684462,44.684462,44.684462,0.000000,0.000000
0.85,1,engagement_g00_d1.0,3072,1487,0.484049,90.075142,46.474316,48.474316,48.474316,0.000000,0.000000
0.85,1,engagement_g00_d2.0,3072,1226,0.399089,89.782597,53.951391,55.951391,55.951391,0.000000,0.000000
0.85,1,engagement_g00_d5.0,3072,477,0.155273,88.036144,74.366469,76.366469,76.366469,0.000000,0.000000
0.85,1,engagement_g00_d10.0,3072,24,0.007812,98.381890,97.613281,99.613281,99.613281,0.000000,0.000000
0.85,1,engagement_g05_d0.0,3072,1873,0.609701,91.421594,35.681801,37.681801,37.681801,0.000000,0.000000
0.85,1,engagement_g05_d0.25,3072,1704,0.554688,90.429100,40.269208,42.269208,42.269208,0.000000,0.000000
0.85,1,engagement_g05_d0.5,3072,1625,0.528971,90.296497,42.532237,44.532237,44.532237,0.000000,0.000000
0.85,1,engagement_g05_d1.0,3072,1484,0.483073,89.566039,46.299111,48.299111,48.299111,0.000000,0.000000
0.85,1,engagement_g05_d2.0,3072,1225,0.398763,89.284985,53.681435,55.681435,55.681435,0.000000,0.000000
0.85,1,engagement_g05_d5.0,3072,477,0.155273,87.641409,74.033026,76.033026,76.033026,0.000000,0.000000
0.85,1,engagement_g05_d10.0,3072,18,0.005859,97.414010,96.843225,98.843225,98.843225,0.000000,0.000000
0.85,1,oracle_a1,3072,2460,0.800781,37.712721,7.513081,9.513081,9.513081,0.000000,0.000000
0.85,2,static,3076,159,0.051691,100.928928,95.711860,97.711860,97.711860,0.000000,0.000000
0.85,2,nearest,3076,144,0.046814,90.104026,85.885892,87.885892,87.885892,0.000000,0.000000
0.85,2,naive_target_aware,3076,1915,0.622562,112.395879,42.422502,44.422502,44.422502,0.000000,0.000000
0.85,2,engagement_g00_d0.0,3076,1915,0.622562,112.395879,42.422502,44.422502,44.422502,0.000000,0.000000
0.85,2,engagement_g00_d0.25,3076,1692,0.550065,111.465399,50.152182,52.152182,52.152182,0.000000,0.000000
0.85,2,engagement_g00_d0.5,3076,1635,0.531534,111.091606,52.042589,54.042589,54.042589,0.000000,0.000000
0.85,2,engagement_g00_d1.0,3076,1506,0.489597,110.965465,56.637119,58.637119,58.637119,0.000000,0.000000
0.85,2,engagement_g00_d2.0,3076,1243,0.404096,111.410217,66.389769,68.389769,68.389769,0.000000,0.000000
0.85,2,engagement_g00_d5.0,3076,523,0.170026,112.423858,93.308878,95.308878,95.308878,0.000000,0.000000
0.85,2,engagement_g00_d10.0,3076,27,0.008778,110.099245,109.132834,111.132834,111.132834,0.000000,0.000000
0.85,2,engagement_g05_d0.0,3076,1898,0.617035,112.296685,43.005687,45.005687,45.005687,0.000000,0.000000
0.85,2,engagement_g05_d0.25,3076,1691,0.549740,111.474147,50.192358,52.192358,52.192358,0.000000,0.000000
0.85,2,engagement_g05_d0.5,3076,1634,0.531209,111.100268,52.082765,54.082765,54.082765,0.000000,0.000000
0.85,2,engagement_g05_d1.0,3076,1505,0.489272,110.973496,56.677296,58.677296,58.677296,0.000000,0.000000
0.85,2,engagement_g05_d2.0,3076,1243,0.404096,111.410217,66.389769,68.389769,68.389769,0.000000,0.000000
0.85,2,engagement_g05_d5.0,3076,523,0.170026,111.657807,92.673076,94.673076,94.673076,0.000000,0.000000
0.85,2,engagement_g05_d10.0,3076,26,0.008453,107.210936,106.304731,108.304731,108.304731,0.000000,0.000000
0.85,2,oracle_a1,3076,2469,0.802666,38.217524,7.541625,9.541625,9.541625,0.000000,0.000000
0.85,3,static,2993,146,0.048780,97.544912,92.786623,94.786623,94.786623,0.000000,0.000000
0.85,3,nearest,2993,165,0.055129,94.202053,89.008822,91.008822,91.008822,0.000000,0.000000
0.85,3,naive_target_aware,2993,1837,0.613765,103.504273,39.976926,41.976926,41.976926,0.000000,0.000000
0.85,3,engagement_g00_d0.0,2993,1837,0.613765,103.504273,39.976926,41.976926,41.976926,0.000000,0.000000
0.85,3,engagement_g00_d0.25,2993,1649,0.550952,103.874511,46.644618,48.644618,48.644618,0.000000,0.000000
0.85,3,engagement_g00_d0.5,2993,1588,0.530571,103.881912,48.765148,50.765148,50.765148,0.000000,0.000000
0.85,3,engagement_g00_d1.0,2993,1472,0.491814,104.387632,53.048309,55.048309,55.048309,0.000000,0.000000
0.85,3,engagement_g00_d2.0,2993,1225,0.409288,104.916881,61.975625,63.975625,63.975625,0.000000,0.000000
0.85,3,engagement_g00_d5.0,2993,466,0.155697,103.735854,87.584532,89.584532,89.584532,0.000000,0.000000
0.85,3,engagement_g00_d10.0,2993,19,0.006348,104.123197,103.462208,105.462208,105.462208,0.000000,0.000000
0.85,3,engagement_g05_d0.0,2993,1807,0.603742,103.403304,40.974380,42.974380,42.974380,0.000000,0.000000
0.85,3,engagement_g05_d0.25,2993,1645,0.549616,103.798242,46.749092,48.749092,48.749092,0.000000,0.000000
0.85,3,engagement_g05_d0.5,2993,1586,0.529903,103.785458,48.789221,50.789221,50.789221,0.000000,0.000000
0.85,3,engagement_g05_d1.0,2993,1471,0.491480,104.356774,53.067494,55.067494,55.067494,0.000000,0.000000
0.85,3,engagement_g05_d2.0,2993,1225,0.409288,104.916881,61.975625,63.975625,63.975625,0.000000,0.000000
0.85,3,engagement_g05_d5.0,2993,466,0.155697,103.735854,87.584532,89.584532,89.584532,0.000000,0.000000
0.85,3,engagement_g05_d10.0,2993,20,0.006682,106.191494,105.481895,107.481895,107.481895,0.000000,0.000000
0.85,3,oracle_a1,2993,2455,0.820247,42.115757,7.570423,9.570423,9.570423,0.000000,0.000000
0.85,4,static,2947,163,0.055310,106.357026,100.474367,102.474367,102.474367,0.000000,0.000000
0.85,4,nearest,2947,151,0.051239,102.181678,96.946037,98.946037,98.946037,0.000000,0.000000
0.85,4,naive_target_aware,2947,1786,0.606040,109.798898,43.256369,45.256369,45.256369,0.000000,0.000000
0.85,4,engagement_g00_d0.0,2947,1786,0.606040,109.798898,43.256369,45.256369,45.256369,0.000000,0.000000
0.85,4,engagement_g00_d0.25,2947,1599,0.542586,110.913202,50.733287,52.733287,52.733287,0.000000,0.000000
0.85,4,engagement_g00_d0.5,2947,1543,0.523583,110.700336,52.739488,54.739488,54.739488,0.000000,0.000000
0.85,4,engagement_g00_d1.0,2947,1443,0.489650,110.676895,56.483899,58.483899,58.483899,0.000000,0.000000
0.85,4,engagement_g00_d2.0,2947,1214,0.411944,110.805660,65.159894,67.159894,67.159894,0.000000,0.000000
0.85,4,engagement_g00_d5.0,2947,475,0.161181,109.311306,91.692416,93.692416,93.692416,0.000000,0.000000
0.85,4,engagement_g00_d10.0,2947,15,0.005090,114.109738,113.528928,115.528928,115.528928,0.000000,0.000000
0.85,4,engagement_g05_d0.0,2947,1759,0.596878,109.498748,44.141335,46.141335,46.141335,0.000000,0.000000
0.85,4,engagement_g05_d0.25,2947,1597,0.541907,110.901469,50.803184,52.803184,52.803184,0.000000,0.000000
0.85,4,engagement_g05_d0.5,2947,1541,0.522905,110.689374,52.809386,54.809386,54.809386,0.000000,0.000000
0.85,4,engagement_g05_d1.0,2947,1441,0.488972,110.662834,56.551825,58.551825,58.551825,0.000000,0.000000
0.85,4,engagement_g05_d2.0,2947,1214,0.411944,110.805660,65.159894,67.159894,67.159894,0.000000,0.000000
0.85,4,engagement_g05_d5.0,2947,475,0.161181,109.466684,91.822750,93.822750,93.822750,0.000000,0.000000
0.85,4,engagement_g05_d10.0,2947,16,0.005429,111.504286,110.898901,112.898901,112.898901,0.000000,0.000000
0.85,4,oracle_a1,2947,2338,0.793349,35.158830,7.265601,9.265601,9.265601,0.000000,0.000000
0.85,5,static,2961,175,0.059102,104.431459,98.259387,100.259387,100.259387,0.000000,0.000000
0.85,5,nearest,2961,173,0.058426,104.091894,98.010200,100.010200,100.010200,0.000000,0.000000
0.85,5,naive_target_aware,2961,1771,0.598109,112.444793,45.190579,47.190579,47.190579,0.000000,0.000000
0.85,5,engagement_g00_d0.0,2961,1771,0.598109,112.444793,45.190579,47.190579,47.190579,0.000000,0.000000
0.85,5,engagement_g00_d0.25,2961,1585,0.535292,112.653894,52.351151,54.351151,54.351151,0.000000,0.000000
0.85,5,engagement_g00_d0.5,2961,1511,0.510301,112.430739,55.057268,57.057268,57.057268,0.000000,0.000000
0.85,5,engagement_g00_d1.0,2961,1395,0.471125,112.738404,59.624566,61.624566,61.624566,0.000000,0.000000
0.85,5,engagement_g00_d2.0,2961,1153,0.389395,112.458478,68.667656,70.667656,70.667656,0.000000,0.000000
0.85,5,engagement_g00_d5.0,2961,422,0.142519,111.952131,95.996778,97.996778,97.996778,0.000000,0.000000
0.85,5,engagement_g00_d10.0,2961,37,0.012496,107.461498,106.118683,108.118683,108.118683,0.000000,0.000000
0.85,5,engagement_g05_d0.0,2961,1737,0.586626,112.789940,46.624413,48.624413,48.624413,0.000000,0.000000
0.85,5,engagement_g05_d0.25,2961,1580,0.533604,113.067330,52.734206,54.734206,54.734206,0.000000,0.000000
0.85,5,engagement_g05_d0.5,2961,1507,0.508950,112.911241,55.445101,57.445101,57.445101,0.000000,0.000000
0.85,5,engagement_g05_d1.0,2961,1392,0.470111,112.733798,59.736349,61.736349,61.736349,0.000000,0.000000
0.85,5,engagement_g05_d2.0,2961,1153,0.389395,112.458478,68.667656,70.667656,70.667656,0.000000,0.000000
0.85,5,engagement_g05_d5.0,2961,420,0.141844,111.850555,95.985228,97.985228,97.985228,0.000000,0.000000
0.85,5,engagement_g05_d10.0,2961,40,0.013509,109.006577,107.534012,109.534012,109.534012,0.000000,0.000000
0.85,5,oracle_a1,2961,2299,0.776427,41.944515,9.377666,11.377666,11.377666,0.000000,0.000000
0.85,6,static,2952,113,0.038279,103.984284,100.003855,102.003855,102.003855,0.000000,0.000000
0.85,6,nearest,2952,153,0.051829,111.673436,105.885483,107.885483,107.885483,0.000000,0.000000
0.85,6,naive_target_aware,2952,1805,0.611450,102.029482,39.643569,41.643569,41.643569,0.000000,0.000000
0.85,6,engagement_g00_d0.0,2952,1805,0.611450,102.029482,39.643569,41.643569,41.643569,0.000000,0.000000
0.85,6,engagement_g00_d0.25,2952,1601,0.542344,100.723521,46.096706,48.096706,48.096706,0.000000,0.000000
0.85,6,engagement_g00_d0.5,2952,1545,0.523374,99.719573,47.528943,49.528943,49.528943,0.000000,0.000000
0.85,6,engagement_g00_d1.0,2952,1423,0.482046,100.408078,52.006758,54.006758,54.006758,0.000000,0.000000
0.85,6,engagement_g00_d2.0,2952,1183,0.400745,99.460363,59.602094,61.602094,61.602094,0.000000,0.000000
0.85,6,engagement_g00_d5.0,2952,465,0.157520,100.135637,84.362239,86.362239,86.362239,0.000000,0.000000
0.85,6,engagement_g00_d10.0,2952,27,0.009146,104.094480,103.142396,105.142396,105.142396,0.000000,0.000000
0.85,6,engagement_g05_d0.0,2952,1764,0.597561,101.685030,40.922024,42.922024,42.922024,0.000000,0.000000
0.85,6,engagement_g05_d0.25,2952,1600,0.542005,100.713361,46.126174,48.126174,48.126174,0.000000,0.000000
0.85,6,engagement_g05_d0.5,2952,1544,0.523035,99.675963,47.541923,49.541923,49.541923,0.000000,0.000000
0.85,6,engagement_g05_d1.0,2952,1422,0.481707,100.367494,52.019738,54.019738,54.019738,0.000000,0.000000
0.85,6,engagement_g05_d2.0,2952,1183,0.400745,99.460363,59.602094,61.602094,61.602094,0.000000,0.000000
0.85,6,engagement_g05_d5.0,2952,465,0.157520,99.772740,84.056506,86.056506,86.056506,0.000000,0.000000
0.85,6,engagement_g05_d10.0,2952,22,0.007453,102.121612,101.360543,103.360543,103.360543,0.000000,0.000000
0.85,6,oracle_a1,2952,2310,0.782520,34.165438,7.430288,9.430288,9.430288,0.000000,0.000000
0.85,7,static,2971,170,0.057220,117.780855,111.041459,113.041459,113.041459,0.000000,0.000000
0.85,7,nearest,2971,181,0.060922,110.498738,103.766907,105.766907,105.766907,0.000000,0.000000
0.85,7,naive_target_aware,2971,1817,0.611579,107.170079,41.627153,43.627153,43.627153,0.000000,0.000000
0.85,7,engagement_g00_d0.0,2971,1817,0.611579,107.170079,41.627153,43.627153,43.627153,0.000000,0.000000
0.85,7,engagement_g00_d0.25,2971,1619,0.544934,106.674938,48.544098,50.544098,50.544098,0.000000,0.000000
0.85,7,engagement_g00_d0.5,2971,1562,0.525749,106.877568,50.686803,52.686803,52.686803,0.000000,0.000000
0.85,7,engagement_g00_d1.0,2971,1429,0.480983,106.757283,55.408863,57.408863,57.408863,0.000000,0.000000
0.85,7,engagement_g00_d2.0,2971,1166,0.392460,107.069712,65.049085,67.049085,67.049085,0.000000,0.000000
0.85,7,engagement_g00_d5.0,2971,445,0.149781,108.781283,92.487890,94.487890,94.487890,0.000000,0.000000
0.85,7,engagement_g00_d10.0,2971,25,0.008415,117.463247,116.474832,118.474832,118.474832,0.000000,0.000000
0.85,7,engagement_g05_d0.0,2971,1787,0.601481,107.092617,42.678444,44.678444,44.678444,0.000000,0.000000
0.85,7,engagement_g05_d0.25,2971,1616,0.543925,106.580769,48.608867,50.608867,50.608867,0.000000,0.000000
0.85,7,engagement_g05_d0.5,2971,1560,0.525076,106.840301,50.741052,52.741052,52.741052,0.000000,0.000000
0.85,7,engagement_g05_d1.0,2971,1428,0.480646,106.710026,55.420253,57.420253,57.420253,0.000000,0.000000
0.85,7,engagement_g05_d2.0,2971,1166,0.392460,107.069712,65.049085,67.049085,67.049085,0.000000,0.000000
0.85,7,engagement_g05_d5.0,2971,446,0.150118,108.568563,92.270489,94.270489,94.270489,0.000000,0.000000
0.85,7,engagement_g05_d10.0,2971,25,0.008415,114.649472,113.684734,115.684734,115.684734,0.000000,0.000000
0.85,7,oracle_a1,2971,2432,0.818580,52.441202,9.513904,11.513904,11.513904,0.000000,0.000000
0.85,8,static,2983,166,0.055649,96.531351,91.159509,93.159509,93.159509,0.000000,0.000000
0.85,8,nearest,2983,144,0.048274,99.791226,94.973950,96.973950,96.973950,0.000000,0.000000
0.85,8,naive_target_aware,2983,1822,0.610795,94.696059,36.856227,38.856227,38.856227,0.000000,0.000000
0.85,8,engagement_g00_d0.0,2983,1822,0.610795,94.696059,36.856227,38.856227,38.856227,0.000000,0.000000
0.85,8,engagement_g00_d0.25,2983,1634,0.547771,94.845162,42.891761,44.891761,44.891761,0.000000,0.000000
0.85,8,engagement_g00_d0.5,2983,1573,0.527321,94.968012,44.889339,46.889339,46.889339,0.000000,0.000000
0.85,8,engagement_g00_d1.0,2983,1471,0.493128,95.258525,48.283905,50.283905,50.283905,0.000000,0.000000
0.85,8,engagement_g00_d2.0,2983,1227,0.411331,94.496866,55.627388,57.627388,57.627388,0.000000,0.000000
0.85,8,engagement_g00_d5.0,2983,483,0.161918,94.658011,79.331220,81.331220,81.331220,0.000000,0.000000
0.85,8,engagement_g00_d10.0,2983,37,0.012404,97.557935,96.347863,98.347863,98.347863,0.000000,0.000000
0.85,8,engagement_g05_d0.0,2983,1784,0.598056,94.980199,38.176754,40.176754,40.176754,0.000000,0.000000
0.85,8,engagement_g05_d0.25,2983,1631,0.546765,94.538134,42.847991,44.847991,44.847991,0.000000,0.000000
0.85,8,engagement_g05_d0.5,2983,1571,0.526651,94.962926,44.950604,46.950604,46.950604,0.000000,0.000000
0.85,8,engagement_g05_d1.0,2983,1470,0.492792,95.210882,48.291674,50.291674,50.291674,0.000000,0.000000
0.85,8,engagement_g05_d2.0,2983,1226,0.410996,94.456274,55.635157,57.635157,57.635157,0.000000,0.000000
0.85,8,engagement_g05_d5.0,2983,483,0.161918,94.737925,79.398194,81.398194,81.398194,0.000000,0.000000
0.85,8,engagement_g05_d10.0,2983,34,0.011398,98.918541,97.791075,99.791075,99.791075,0.000000,0.000000
0.85,8,oracle_a1,2983,2404,0.805900,40.314406,7.825022,9.825022,9.825022,0.000000,0.000000
0.85,9,static,2932,170,0.057981,98.339356,92.637551,94.637551,94.637551,0.000000,0.000000
0.85,9,nearest,2932,128,0.043656,110.701423,105.868619,107.868619,107.868619,0.000000,0.000000
0.85,9,naive_target_aware,2932,1764,0.601637,99.222775,39.526672,41.526672,41.526672,0.000000,0.000000
0.85,9,engagement_g00_d0.0,2932,1764,0.601637,99.222775,39.526672,41.526672,41.526672,0.000000,0.000000
0.85,9,engagement_g00_d0.25,2932,1579,0.538540,98.313365,45.367661,47.367661,47.367661,0.000000,0.000000
0.85,9,engagement_g00_d0.5,2932,1508,0.514325,98.202388,47.694475,49.694475,49.694475,0.000000,0.000000
0.85,9,engagement_g00_d1.0,2932,1391,0.474420,98.618812,51.832057,53.832057,53.832057,0.000000,0.000000
0.85,9,engagement_g00_d2.0,2932,1147,0.391201,97.873296,59.585209,61.585209,61.585209,0.000000,0.000000
0.85,9,engagement_g00_d5.0,2932,416,0.141883,96.646253,82.933824,84.933824,84.933824,0.000000,0.000000
0.85,9,engagement_g00_d10.0,2932,35,0.011937,98.222040,97.049539,99.049539,99.049539,0.000000,0.000000
0.85,9,engagement_g05_d0.0,2932,1729,0.589700,98.849881,40.558120,42.558120,42.558120,0.000000,0.000000
0.85,9,engagement_g05_d0.25,2932,1571,0.535812,98.336614,45.646703,47.646703,47.646703,0.000000,0.000000
0.85,9,engagement_g05_d0.5,2932,1502,0.512278,98.311593,47.948696,49.948696,49.948696,0.000000,0.000000
0.85,9,engagement_g05_d1.0,2932,1387,0.473056,98.653330,51.984787,53.984787,53.984787,0.000000,0.000000
0.85,9,engagement_g05_d2.0,2932,1146,0.390859,97.883001,59.624502,61.624502,61.624502,0.000000,0.000000
0.85,9,engagement_g05_d5.0,2932,416,0.141883,97.160387,83.375012,85.375012,85.375012,0.000000,0.000000
0.85,9,engagement_g05_d10.0,2932,31,0.010573,98.111166,97.073838,99.073838,99.073838,0.000000,0.000000
0.85,9,oracle_a1,2932,2379,0.811392,45.018247,8.490822,10.490822,10.490822,0.000000,0.000000
0.85,10,static,3006,109,0.036261,107.680504,103.775921,105.775921,105.775921,0.000000,0.000000
0.85,10,nearest,3006,168,0.055888,89.035155,84.059138,86.059138,86.059138,0.000000,0.000000
0.85,10,naive_target_aware,3006,1858,0.618097,105.249458,40.195069,42.195069,42.195069,0.000000,0.000000
0.85,10,engagement_g00_d0.0,3006,1858,0.618097,105.249458,40.195069,42.195069,42.195069,0.000000,0.000000
0.85,10,engagement_g00_d0.25,3006,1672,0.556221,105.463064,46.802305,48.802305,48.802305,0.000000,0.000000
0.85,10,engagement_g00_d0.5,3006,1620,0.538922,105.403575,48.599253,50.599253,50.599253,0.000000,0.000000
0.85,10,engagement_g00_d1.0,3006,1482,0.493014,105.583540,53.529379,55.529379,55.529379,0.000000,0.000000
0.85,10,engagement_g00_d2.0,3006,1239,0.412176,106.291859,62.480943,64.480943,64.480943,0.000000,0.000000
0.85,10,engagement_g00_d5.0,3006,509,0.169328,106.574266,88.528258,90.528258,90.528258,0.000000,0.000000
0.85,10,engagement_g00_d10.0,3006,25,0.008317,101.203180,100.361503,102.361503,102.361503,0.000000,0.000000
0.85,10,engagement_g05_d0.0,3006,1823,0.606454,105.392168,41.476691,43.476691,43.476691,0.000000,0.000000
0.85,10,engagement_g05_d0.25,3006,1668,0.554890,105.266643,46.855212,48.855212,48.855212,0.000000,0.000000
0.85,10,engagement_g05_d0.5,3006,1616,0.537591,105.214673,48.652161,50.652161,50.652161,0.000000,0.000000
0.85,10,engagement_g05_d1.0,3006,1481,0.492681,105.543612,53.544248,55.544248,55.544248,0.000000,0.000000
0.85,10,engagement_g05_d2.0,3006,1239,0.412176,106.291859,62.480943,64.480943,64.480943,0.000000,0.000000
0.85,10,engagement_g05_d5.0,3006,509,0.169328,106.574266,88.528258,90.528258,90.528258,0.000000,0.000000
0.85,10,engagement_g05_d10.0,3006,26,0.008649,104.365872,103.463173,105.463173,105.463173,0.000000,0.000000
0.85,10,oracle_a1,3006,2468,0.821025,46.310110,8.288370,10.288370,10.288370,0.000000,0.000000
0.85,11,static,3002,142,0.047302,106.111765,101.092487,103.092487,103.092487,0.000000,0.000000
0.85,11,nearest,3002,159,0.052965,105.289410,99.712789,101.712789,101.712789,0.000000,0.000000
0.85,11,naive_target_aware,3002,1827,0.608594,109.228931,42.752829,44.752829,44.752829,0.000000,0.000000
0.85,11,engagement_g00_d0.0,3002,1827,0.608594,109.228931,42.752829,44.752829,44.752829,0.000000,0.000000
0.85,11,engagement_g00_d0.25,3002,1649,0.549300,109.815519,49.493803,51.493803,51.493803,0.000000,0.000000
0.85,11,engagement_g00_d0.5,3002,1593,0.530646,109.953556,51.607115,53.607115,53.607115,0.000000,0.000000
0.85,11,engagement_g00_d1.0,3002,1470,0.489674,109.999398,56.135602,58.135602,58.135602,0.000000,0.000000
0.85,11,engagement_g00_d2.0,3002,1213,0.404064,110.157209,65.646651,67.646651,67.646651,0.000000,0.000000
0.85,11,engagement_g00_d5.0,3002,471,0.156895,110.827322,93.439025,95.439025,95.439025,0.000000,0.000000
0.85,11,engagement_g00_d10.0,3002,32,0.010660,100.570920,99.498878,101.498878,101.498878,0.000000,0.000000
0.85,11,engagement_g05_d0.0,3002,1800,0.599600,109.576376,43.874352,45.874352,45.874352,0.000000,0.000000
0.85,11,engagement_g05_d0.25,3002,1645,0.547968,109.830019,49.646681,51.646681,51.646681,0.000000,0.000000
0.85,11,engagement_g05_d0.5,3002,1590,0.529647,110.120575,51.795553,53.795553,53.795553,0.000000,0.000000
0.85,11,engagement_g05_d1.0,3002,1469,0.489340,110.068110,56.207332,58.207332,58.207332,0.000000,0.000000
0.85,11,engagement_g05_d2.0,3002,1213,0.404064,110.157209,65.646651,67.646651,67.646651,0.000000,0.000000
0.85,11,engagement_g05_d5.0,3002,471,0.156895,110.827322,93.439025,95.439025,95.439025,0.000000,0.000000
0.85,11,engagement_g05_d10.0,3002,30,0.009993,99.878075,98.879960,100.879960,100.879960,0.000000,0.000000
0.85,11,oracle_a1,3002,2372,0.790140,39.006408,8.185888,10.185888,10.185888,0.000000,0.000000
0.85,12,static,3026,150,0.049570,101.928454,96.875820,98.875820,98.875820,0.000000,0.000000
0.85,12,nearest,3026,135,0.044613,116.328114,111.138327,113.138327,113.138327,0.000000,0.000000
0.85,12,naive_target_aware,3026,1875,0.619630,105.938211,40.295731,42.295731,42.295731,0.000000,0.000000
0.85,12,engagement_g00_d0.0,3026,1875,0.619630,105.938211,40.295731,42.295731,42.295731,0.000000,0.000000
0.85,12,engagement_g00_d0.25,3026,1669,0.551553,104.571466,46.894739,48.894739,48.894739,0.000000,0.000000
0.85,12,engagement_g00_d0.5,3026,1608,0.531395,104.970025,49.189523,51.189523,51.189523,0.000000,0.000000
0.85,12,engagement_g00_d1.0,3026,1480,0.489095,105.074385,53.683080,55.683080,55.683080,0.000000,0.000000
0.85,12,engagement_g00_d2.0,3026,1207,0.398876,105.401914,63.359578,65.359578,65.359578,0.000000,0.000000
0.85,12,engagement_g00_d5.0,3026,480,0.158625,105.933579,89.129839,91.129839,91.129839,0.000000,0.000000
0.85,12,engagement_g00_d10.0,3026,21,0.006940,94.228104,93.574175,95.574175,95.574175,0.000000,0.000000
0.85,12,engagement_g05_d0.0,3026,1851,0.611699,105.852716,41.102756,43.102756,43.102756,0.000000,0.000000
0.85,12,engagement_g05_d0.25,3026,1667,0.550892,104.649860,46.999062,48.999062,48.999062,0.000000,0.000000
0.85,12,engagement_g05_d0.5,3026,1606,0.530734,105.058425,49.300384,51.300384,51.300384,0.000000,0.000000
0.85,12,engagement_g05_d1.0,3026,1479,0.488764,105.114046,53.738079,55.738079,55.738079,0.000000,0.000000
0.85,12,engagement_g05_d2.0,3026,1207,0.398876,105.401914,63.359578,65.359578,65.359578,0.000000,0.000000
0.85,12,engagement_g05_d5.0,3026,479,0.158295,105.902984,89.139095,91.139095,91.139095,0.000000,0.000000
0.85,12,engagement_g05_d10.0,3026,23,0.007601,93.104766,92.397096,94.397096,94.397096,0.000000,0.000000
0.85,12,oracle_a1,3026,2409,0.796100,36.733392,7.489922,9.489922,9.489922,0.000000,0.000000
0.85,13,static,3014,187,0.062044,99.895809,93.697893,95.697893,95.697893,0.000000,0.000000
0.85,13,nearest,3014,133,0.044127,105.652335,100.990172,102.990172,102.990172,0.000000,0.000000
0.85,13,naive_target_aware,3014,1840,0.610484,96.489615,37.584210,39.584210,39.584210,0.000000,0.000000
0.85,13,engagement_g00_d0.0,3014,1840,0.610484,96.489615,37.584210,39.584210,39.584210,0.000000,0.000000
0.85,13,engagement_g00_d0.25,3014,1654,0.548772,95.848871,43.249656,45.249656,45.249656,0.000000,0.000000
0.85,13,engagement_g00_d0.5,3014,1602,0.531520,95.604797,44.788976,46.788976,46.788976,0.000000,0.000000
0.85,13,engagement_g00_d1.0,3014,1474,0.489051,95.522159,48.806942,50.806942,50.806942,0.000000,0.000000
0.85,13,engagement_g00_d2.0,3014,1196,0.396815,95.152002,57.394273,59.394273,59.394273,0.000000,0.000000
0.85,13,engagement_g00_d5.0,3014,446,0.147976,93.198239,79.407126,81.407126,81.407126,0.000000,0.000000
0.85,13,engagement_g00_d10.0,3014,25,0.008295,92.734849,91.965648,93.965648,93.965648,0.000000,0.000000
0.85,13,engagement_g05_d0.0,3014,1805,0.598872,96.401744,38.669446,40.669446,40.669446,0.000000,0.000000
0.85,13,engagement_g05_d0.25,3014,1643,0.545123,95.566003,43.470800,45.470800,45.470800,0.000000,0.000000
0.85,13,engagement_g05_d0.5,3014,1593,0.528534,95.482054,45.016589,47.016589,47.016589,0.000000,0.000000
0.85,13,engagement_g05_d1.0,3014,1467,0.486729,95.447067,48.990250,50.990250,50.990250,0.000000,0.000000
0.85,13,engagement_g05_d2.0,3014,1193,0.395820,95.058616,57.432561,59.432561,59.432561,0.000000,0.000000
0.85,13,engagement_g05_d5.0,3014,446,0.147976,93.198239,79.407126,81.407126,81.407126,0.000000,0.000000
0.85,13,engagement_g05_d10.0,3014,25,0.008295,96.329424,95.530407,97.530407,97.530407,0.000000,0.000000
0.85,13,oracle_a1,3014,2401,0.796616,37.914275,7.711165,9.711165,9.711165,0.000000,0.000000
0.85,14,static,3050,139,0.045574,106.192716,101.353113,103.353113,103.353113,0.000000,0.000000
0.85,14,nearest,3050,147,0.048197,116.347414,110.739850,112.739850,112.739850,0.000000,0.000000
0.85,14,naive_target_aware,3050,1889,0.619344,104.497506,39.777575,41.777575,41.777575,0.000000,0.000000
0.85,14,engagement_g00_d0.0,3050,1889,0.619344,104.497506,39.777575,41.777575,41.777575,0.000000,0.000000
0.85,14,engagement_g00_d0.25,3050,1694,0.555410,103.881636,46.184753,48.184753,48.184753,0.000000,0.000000
0.85,14,engagement_g00_d0.5,3050,1637,0.536721,103.895392,48.132521,50.132521,50.132521,0.000000,0.000000
0.85,14,engagement_g00_d1.0,3050,1515,0.496721,102.815646,51.744923,53.744923,53.744923,0.000000,0.000000
0.85,14,engagement_g00_d2.0,3050,1276,0.418361,102.236090,59.464532,61.464532,61.464532,0.000000,0.000000
0.85,14,engagement_g00_d5.0,3050,525,0.172131,102.129125,84.549522,86.549522,86.549522,0.000000,0.000000
0.85,14,engagement_g00_d10.0,3050,26,0.008525,113.064120,112.100295,114.100295,114.100295,0.000000,0.000000
0.85,14,engagement_g05_d0.0,3050,1860,0.609836,104.401942,40.733873,42.733873,42.733873,0.000000,0.000000
0.85,14,engagement_g05_d0.25,3050,1690,0.554098,103.857193,46.310093,48.310093,48.310093,0.000000,0.000000
0.85,14,engagement_g05_d0.5,3050,1634,0.535738,103.917423,48.244941,50.244941,50.244941,0.000000,0.000000
0.85,14,engagement_g05_d1.0,3050,1512,0.495738,102.838035,51.857344,53.857344,53.857344,0.000000,0.000000
0.85,14,engagement_g05_d2.0,3050,1275,0.418033,102.253547,59.508212,61.508212,61.508212,0.000000,0.000000
0.85,14,engagement_g05_d5.0,3050,525,0.172131,101.811390,84.286479,86.286479,86.286479,0.000000,0.000000
0.85,14,engagement_g05_d10.0,3050,22,0.007213,110.183631,109.388864,111.388864,111.388864,0.000000,0.000000
0.85,14,oracle_a1,3050,2450,0.803279,44.475392,8.749257,10.749257,10.749257,0.000000,0.000000
0.85,15,static,3022,167,0.055261,104.729086,98.941609,100.941609,100.941609,0.000000,0.000000
0.85,15,nearest,3022,127,0.042025,112.791986,108.051886,110.051886,110.051886,0.000000,0.000000
0.85,15,naive_target_aware,3022,1840,0.608868,102.862231,40.232679,42.232679,42.232679,0.000000,0.000000
0.85,15,engagement_g00_d0.0,3022,1840,0.608868,102.862231,40.232679,42.232679,42.232679,0.000000,0.000000
0.85,15,engagement_g00_d0.25,3022,1662,0.549967,102.552370,46.151960,48.151960,48.151960,0.000000,0.000000
0.85,15,engagement_g00_d0.5,3022,1602,0.530113,102.457216,48.143364,50.143364,50.143364,0.000000,0.000000
0.85,15,engagement_g00_d1.0,3022,1492,0.493713,102.574145,51.931979,53.931979,53.931979,0.000000,0.000000
0.85,15,engagement_g00_d2.0,3022,1229,0.406684,102.813014,61.000574,63.000574,63.000574,0.000000,0.000000
0.85,15,engagement_g00_d5.0,3022,498,0.164792,103.886970,86.767277,88.767277,88.767277,0.000000,0.000000
0.85,15,engagement_g00_d10.0,3022,26,0.008604,118.257876,117.240435,119.240435,119.240435,0.000000,0.000000
0.85,15,engagement_g05_d0.0,3022,1792,0.592985,102.675944,41.790672,43.790672,43.790672,0.000000,0.000000
0.85,15,engagement_g05_d0.25,3022,1652,0.546658,102.865446,46.633243,48.633243,48.633243,0.000000,0.000000
0.85,15,engagement_g05_d0.5,3022,1595,0.527796,102.564464,48.431334,50.431334,50.431334,0.000000,0.000000
0.85,15,engagement_g05_d1.0,3022,1487,0.492058,102.691736,52.161421,54.161421,54.161421,0.000000,0.000000
0.85,15,engagement_g05_d2.0,3022,1229,0.406684,102.813014,61.000574,63.000574,63.000574,0.000000,0.000000
0.85,15,engagement_g05_d5.0,3022,498,0.164792,104.887435,87.602874,89.602874,89.602874,0.000000,0.000000
0.85,15,engagement_g05_d10.0,3022,27,0.008934,116.998639,115.953317,117.953317,117.953317,0.000000,0.000000
0.85,15,oracle_a1,3022,2444,0.808736,45.996754,8.797526,10.797526,10.797526,0.000000,0.000000
0.85,16,static,3097,204,0.065870,93.993986,87.802584,89.802584,89.802584,0.000000,0.000000
0.85,16,nearest,3097,170,0.054892,99.895795,94.412332,96.412332,96.412332,0.000000,0.000000
0.85,16,naive_target_aware,3097,1930,0.623184,96.130025,36.223358,38.223358,38.223358,0.000000,0.000000
0.85,16,engagement_g00_d0.0,3097,1930,0.623184,96.130025,36.223358,38.223358,38.223358,0.000000,0.000000
0.85,16,engagement_g00_d0.25,3097,1736,0.560542,96.719313,42.504031,44.504031,44.504031,0.000000,0.000000
0.85,16,engagement_g00_d0.5,3097,1670,0.539232,95.872889,44.175206,46.175206,46.175206,0.000000,0.000000
0.85,16,engagement_g00_d1.0,3097,1540,0.497255,95.576518,48.050577,50.050577,50.050577,0.000000,0.000000
0.85,16,engagement_g00_d2.0,3097,1261,0.407168,94.995158,56.316148,58.316148,58.316148,0.000000,0.000000
0.85,16,engagement_g00_d5.0,3097,530,0.171133,95.450972,79.116127,81.116127,81.116127,0.000000,0.000000
0.85,16,engagement_g00_d10.0,3097,81,0.026154,94.312674,91.845988,93.845988,93.845988,0.000000,0.000000
0.85,16,engagement_g05_d0.0,3097,1896,0.612205,96.261512,37.329698,39.329698,39.329698,0.000000,0.000000
0.85,16,engagement_g05_d0.25,3097,1734,0.559897,96.746387,42.578407,44.578407,44.578407,0.000000,0.000000
0.85,16,engagement_g05_d0.5,3097,1668,0.538586,95.899897,44.249581,46.249581,46.249581,0.000000,0.000000
0.85,16,engagement_g05_d1.0,3097,1540,0.497255,95.576518,48.050577,50.050577,50.050577,0.000000,0.000000
0.85,16,engagement_g05_d2.0,3097,1261,0.407168,94.995158,56.316148,58.316148,58.316148,0.000000,0.000000
0.85,16,engagement_g05_d5.0,3097,530,0.171133,95.024037,78.762254,80.762254,80.762254,0.000000,0.000000
0.85,16,engagement_g05_d10.0,3097,80,0.025831,93.606316,91.188329,93.188329,93.188329,0.000000,0.000000
0.85,16,oracle_a1,3097,2515,0.812076,38.172833,7.173584,9.173584,9.173584,0.000000,0.000000
0.85,17,static,2945,141,0.047878,117.983385,112.334605,114.334605,114.334605,0.000000,0.000000
0.85,17,nearest,2945,110,0.037351,91.908752,88.475827,90.475827,90.475827,0.000000,0.000000
0.85,17,naive_target_aware,2945,1801,0.611545,109.992699,42.727215,44.727215,44.727215,0.000000,0.000000
0.85,17,engagement_g00_d0.0,2945,1801,0.611545,109.992699,42.727215,44.727215,44.727215,0.000000,0.000000
0.85,17,engagement_g00_d0.25,2945,1611,0.547029,111.100405,50.325277,52.325277,52.325277,0.000000,0.000000
0.85,17,engagement_g00_d0.5,2945,1545,0.524618,110.616355,52.585024,54.585024,54.585024,0.000000,0.000000
0.85,17,engagement_g00_d1.0,2945,1452,0.493039,110.747287,56.144550,58.144550,58.144550,0.000000,0.000000
0.85,17,engagement_g00_d2.0,2945,1197,0.406452,111.669175,66.281059,68.281059,68.281059,0.000000,0.000000
0.85,17,engagement_g00_d5.0,2945,482,0.163667,112.771430,94.314442,96.314442,96.314442,0.000000,0.000000
0.85,17,engagement_g00_d10.0,2945,43,0.014601,96.286588,94.880706,96.880706,96.880706,0.000000,0.000000
0.85,17,engagement_g05_d0.0,2945,1767,0.600000,109.989672,43.995869,45.995869,45.995869,0.000000,0.000000
0.85,17,engagement_g05_d0.25,2945,1605,0.544992,111.174535,50.585357,52.585357,52.585357,0.000000,0.000000
0.85,17,engagement_g05_d0.5,2945,1541,0.523260,110.716780,52.783144,54.783144,54.783144,0.000000,0.000000
0.85,17,engagement_g05_d1.0,2945,1447,0.491341,110.782578,56.350527,58.350527,58.350527,0.000000,0.000000
0.85,17,engagement_g05_d2.0,2945,1197,0.406452,111.669175,66.281059,68.281059,68.281059,0.000000,0.000000
0.85,17,engagement_g05_d5.0,2945,482,0.163667,112.771430,94.314442,96.314442,96.314442,0.000000,0.000000
0.85,17,engagement_g05_d10.0,2945,39,0.013243,93.751479,92.509948,94.509948,94.509948,0.000000,0.000000
0.85,17,oracle_a1,2945,2355,0.799660,37.850334,7.582919,9.582919,9.582919,0.000000,0.000000
0.85,18,static,3040,188,0.061842,106.028816,99.471771,101.471771,101.471771,0.000000,0.000000
0.85,18,nearest,3040,169,0.055592,105.289913,99.436625,101.436625,101.436625,0.000000,0.000000
0.85,18,naive_target_aware,3040,1875,0.616776,108.615695,41.624107,43.624107,43.624107,0.000000,0.000000
0.85,18,engagement_g00_d0.0,3040,1875,0.616776,108.615695,41.624107,43.624107,43.624107,0.000000,0.000000
0.85,18,engagement_g00_d0.25,3040,1688,0.555263,109.748019,48.808987,50.808987,50.808987,0.000000,0.000000
0.85,18,engagement_g00_d0.5,3040,1615,0.531250,109.772078,51.455661,53.455661,53.455661,0.000000,0.000000
0.85,18,engagement_g00_d1.0,3040,1494,0.491447,110.349099,56.118325,58.118325,58.118325,0.000000,0.000000
0.85,18,engagement_g00_d2.0,3040,1222,0.401974,111.328275,66.577238,68.577238,68.577238,0.000000,0.000000
0.85,18,engagement_g00_d5.0,3040,525,0.172697,112.306043,92.911085,94.911085,94.911085,0.000000,0.000000
0.85,18,engagement_g00_d10.0,3040,62,0.020395,110.966328,108.703199,110.703199,110.703199,0.000000,0.000000
0.85,18,engagement_g05_d0.0,3040,1845,0.606908,108.716087,42.735436,44.735436,44.735436,0.000000,0.000000
0.85,18,engagement_g05_d0.25,3040,1683,0.553618,109.857975,49.038576,51.038576,51.038576,0.000000,0.000000
0.85,18,engagement_g05_d0.5,3040,1611,0.529934,109.885821,51.653565,53.653565,53.653565,0.000000,0.000000
0.85,18,engagement_g05_d1.0,3040,1493,0.491118,110.312158,56.135825,58.135825,58.135825,0.000000,0.000000
0.85,18,engagement_g05_d2.0,3040,1221,0.401645,111.296320,66.594739,68.594739,68.594739,0.000000,0.000000
0.85,18,engagement_g05_d5.0,3040,525,0.172697,112.306043,92.911085,94.911085,94.911085,0.000000,0.000000
0.85,18,engagement_g05_d10.0,3040,56,0.018421,110.550063,108.513614,110.513614,110.513614,0.000000,0.000000
0.85,18,oracle_a1,3040,2420,0.796053,34.959650,7.129929,9.129929,9.129929,0.000000,0.000000
0.85,19,static,2979,176,0.059080,112.795895,106.131888,108.131888,108.131888,0.000000,0.000000
0.85,19,nearest,2979,137,0.045989,106.130283,101.249501,103.249501,103.249501,0.000000,0.000000
0.85,19,naive_target_aware,2979,1836,0.616314,121.889010,46.767082,48.767082,48.767082,0.000000,0.000000
0.85,19,engagement_g00_d0.0,2979,1836,0.616314,121.889010,46.767082,48.767082,48.767082,0.000000,0.000000
0.85,19,engagement_g00_d0.25,2979,1651,0.554213,123.119951,54.885295,56.885295,56.885295,0.000000,0.000000
0.85,19,engagement_g00_d0.5,2979,1582,0.531051,122.846755,57.608901,59.608901,59.608901,0.000000,0.000000
0.85,19,engagement_g00_d1.0,2979,1460,0.490097,122.941176,62.688032,64.688032,64.688032,0.000000,0.000000
0.85,19,engagement_g00_d2.0,2979,1201,0.403155,124.102310,74.069791,76.069791,76.069791,0.000000,0.000000
0.85,19,engagement_g00_d5.0,2979,480,0.161128,125.113830,104.954502,106.954502,106.954502,0.000000,0.000000
0.85,19,engagement_g00_d10.0,2979,39,0.013092,109.511818,108.078129,110.078129,110.078129,0.000000,0.000000
0.85,19,engagement_g05_d0.0,2979,1797,0.603223,121.588099,48.243415,50.243415,50.243415,0.000000,0.000000
0.85,19,engagement_g05_d0.25,2979,1646,0.552534,123.087960,55.077627,57.077627,57.077627,0.000000,0.000000
0.85,19,engagement_g05_d0.5,2979,1578,0.529708,122.840746,57.771025,59.771025,59.771025,0.000000,0.000000
0.85,19,engagement_g05_d1.0,2979,1457,0.489090,122.947219,62.814927,64.814927,64.814927,0.000000,0.000000
0.85,19,engagement_g05_d2.0,2979,1200,0.402820,124.083135,74.099999,76.099999,76.099999,0.000000,0.000000
0.85,19,engagement_g05_d5.0,2979,480,0.161128,125.113830,104.954502,106.954502,106.954502,0.000000,0.000000
0.85,19,engagement_g05_d10.0,2979,42,0.014099,101.889907,100.453393,102.453393,102.453393,0.000000,0.000000
0.85,19,oracle_a1,2979,2337,0.784491,33.308183,7.178198,9.178198,9.178198,0.000000,0.000000
0.85,20,static,3045,158,0.051888,109.449047,103.769917,105.769917,105.769917,0.000000,0.000000
0.85,20,nearest,3045,191,0.062726,107.057459,100.342197,102.342197,102.342197,0.000000,0.000000
0.85,20,naive_target_aware,3045,1867,0.613136,105.965153,40.994072,42.994072,42.994072,0.000000,0.000000
0.85,20,engagement_g00_d0.0,3045,1867,0.613136,105.965153,40.994072,42.994072,42.994072,0.000000,0.000000
0.85,20,engagement_g00_d0.25,3045,1672,0.549097,105.730519,47.674221,49.674221,49.674221,0.000000,0.000000
0.85,20,engagement_g00_d0.5,3045,1611,0.529064,105.632727,49.746250,51.746250,51.746250,0.000000,0.000000
0.85,20,engagement_g00_d1.0,3045,1480,0.486043,105.707343,54.329061,56.329061,56.329061,0.000000,0.000000
0.85,20,engagement_g00_d2.0,3045,1190,0.390805,105.723394,64.406205,66.406205,66.406205,0.000000,0.000000
0.85,20,engagement_g00_d5.0,3045,475,0.155993,105.870310,89.355237,91.355237,91.355237,0.000000,0.000000
0.85,20,engagement_g00_d10.0,3045,29,0.009524,107.870614,106.843275,108.843275,108.843275,0.000000,0.000000
0.85,20,engagement_g05_d0.0,3045,1832,0.601642,105.717113,42.113254,44.113254,44.113254,0.000000,0.000000
0.85,20,engagement_g05_d0.25,3045,1666,0.547126,105.677395,47.858498,49.858498,49.858498,0.000000,0.000000
0.85,20,engagement_g05_d0.5,3045,1607,0.527750,105.626185,49.881922,51.881922,51.881922,0.000000,0.000000
0.85,20,engagement_g05_d1.0,3045,1479,0.485714,105.691585,54.355672,56.355672,56.355672,0.000000,0.000000
0.85,20,engagement_g05_d2.0,3045,1189,0.390476,105.740289,64.451224,66.451224,66.451224,0.000000,0.000000
0.85,20,engagement_g05_d5.0,3045,476,0.156322,106.132880,89.541993,91.541993,91.541993,0.000000,0.000000
0.85,20,engagement_g05_d10.0,3045,27,0.008867,105.693720,104.756534,106.756534,106.756534,0.000000,0.000000
0.85,20,oracle_a1,3045,2447,0.803612,43.925968,8.626512,10.626512,10.626512,0.000000,0.000000
0.85,21,static,3058,194,0.063440,115.791525,108.445692,110.445692,110.445692,0.000000,0.000000
0.85,21,nearest,3058,132,0.043165,100.005935,95.689132,97.689132,97.689132,0.000000,0.000000
0.85,21,naive_target_aware,3058,1919,0.627534,117.081869,43.608976,45.608976,45.608976,0.000000,0.000000
0.85,21,engagement_g00_d0.0,3058,1919,0.627534,117.081869,43.608976,45.608976,45.608976,0.000000,0.000000
0.85,21,engagement_g00_d0.25,3058,1740,0.568999,117.618883,50.693815,52.693815,52.693815,0.000000,0.000000
0.85,21,engagement_g00_d0.5,3058,1679,0.549052,118.331616,53.361445,55.361445,55.361445,0.000000,0.000000
0.85,21,engagement_g00_d1.0,3058,1548,0.506213,118.753273,58.638797,60.638797,60.638797,0.000000,0.000000
0.85,21,engagement_g00_d2.0,3058,1302,0.425768,119.001656,68.334503,70.334503,70.334503,0.000000,0.000000
0.85,21,engagement_g00_d5.0,3058,516,0.168738,119.279478,99.152529,101.152529,101.152529,0.000000,0.000000
0.85,21,engagement_g00_d10.0,3058,47,0.015370,112.593922,110.863407,112.863407,112.863407,0.000000,0.000000
0.85,21,engagement_g05_d0.0,3058,1893,0.619032,117.297566,44.686613,46.686613,46.686613,0.000000,0.000000
0.85,21,engagement_g05_d0.25,3058,1738,0.568345,117.659909,50.788450,52.788450,52.788450,0.000000,0.000000
0.85,21,engagement_g05_d0.5,3058,1678,0.548725,118.314218,53.392289,55.392289,55.392289,0.000000,0.000000
0.85,21,engagement_g05_d1.0,3058,1548,0.506213,118.753273,58.638797,60.638797,60.638797,0.000000,0.000000
0.85,21,engagement_g05_d2.0,3058,1302,0.425768,119.001656,68.334503,70.334503,70.334503,0.000000,0.000000
0.85,21,engagement_g05_d5.0,3058,514,0.168084,118.676241,98.728697,100.728697,100.728697,0.000000,0.000000
0.85,21,engagement_g05_d10.0,3058,48,0.015697,109.926657,108.201190,110.201190,110.201190,0.000000,0.000000
0.85,21,oracle_a1,3058,2492,0.814912,40.302078,7.459443,9.459443,9.459443,0.000000,0.000000
0.85,22,static,3009,149,0.049518,102.098881,97.043137,99.043137,99.043137,0.000000,0.000000
0.85,22,nearest,3009,159,0.052841,100.560574,95.246805,97.246805,97.246805,0.000000,0.000000
0.85,22,naive_target_aware,3009,1877,0.623795,107.068821,40.279796,42.279796,42.279796,0.000000,0.000000
0.85,22,engagement_g00_d0.0,3009,1877,0.623795,107.068821,40.279796,42.279796,42.279796,0.000000,0.000000
0.85,22,engagement_g00_d0.25,3009,1680,0.558325,107.081131,47.295056,49.295056,49.295056,0.000000,0.000000
0.85,22,engagement_g00_d0.5,3009,1611,0.535394,107.349745,49.875355,51.875355,51.875355,0.000000,0.000000
0.85,22,engagement_g00_d1.0,3009,1474,0.489864,107.048930,54.609541,56.609541,56.609541,0.000000,0.000000
0.85,22,engagement_g00_d2.0,3009,1209,0.401795,107.408454,64.252315,66.252315,66.252315,0.000000,0.000000
0.85,22,engagement_g00_d5.0,3009,486,0.161515,106.731337,89.492577,91.492577,91.492577,0.000000,0.000000
0.85,22,engagement_g00_d10.0,3009,26,0.008641,100.996086,100.123404,102.123404,102.123404,0.000000,0.000000
0.85,22,engagement_g05_d0.0,3009,1850,0.614822,107.425517,41.377924,43.377924,43.377924,0.000000,0.000000
0.85,22,engagement_g05_d0.25,3009,1675,0.556663,107.221022,47.535010,49.535010,49.535010,0.000000,0.000000
0.85,22,engagement_g05_d0.5,3009,1607,0.534064,107.441074,50.060614,52.060614,52.060614,0.000000,0.000000
0.85,22,engagement_g05_d1.0,3009,1471,0.488867,107.112840,54.748936,56.748936,56.748936,0.000000,0.000000
0.85,22,engagement_g05_d2.0,3009,1207,0.401130,107.383194,64.308580,66.308580,66.308580,0.000000,0.000000
0.85,22,engagement_g05_d5.0,3009,486,0.161515,106.731337,89.492577,91.492577,91.492577,0.000000,0.000000
0.85,22,engagement_g05_d10.0,3009,26,0.008641,106.050143,105.133791,107.133791,107.133791,0.000000,0.000000
0.85,22,oracle_a1,3009,2408,0.800266,36.672849,7.324820,9.324820,9.324820,0.000000,0.000000
0.85,23,static,3060,128,0.041830,104.418678,100.050838,102.050838,102.050838,0.000000,0.000000
0.85,23,nearest,3060,186,0.060784,96.625953,90.752611,92.752611,92.752611,0.000000,0.000000
0.85,23,naive_target_aware,3060,1867,0.610131,101.198903,39.454344,41.454344,41.454344,0.000000,0.000000
0.85,23,engagement_g00_d0.0,3060,1867,0.610131,101.198903,39.454344,41.454344,41.454344,0.000000,0.000000
0.85,23,engagement_g00_d0.25,3060,1679,0.548693,101.042305,45.601119,47.601119,47.601119,0.000000,0.000000
0.85,23,engagement_g00_d0.5,3060,1607,0.525163,101.121397,48.016141,50.016141,50.016141,0.000000,0.000000
0.85,23,engagement_g00_d1.0,3060,1483,0.484641,101.202823,52.155834,54.155834,54.155834,0.000000,0.000000
0.85,23,engagement_g00_d2.0,3060,1230,0.401961,101.414875,60.650072,62.650072,62.650072,0.000000,0.000000
0.85,23,engagement_g00_d5.0,3060,495,0.161765,101.210038,84.837826,86.837826,86.837826,0.000000,0.000000
0.85,23,engagement_g00_d10.0,3060,25,0.008170,106.719902,105.848007,107.848007,107.848007,0.000000,0.000000
0.85,23,engagement_g05_d0.0,3060,1826,0.596732,101.966152,41.119684,43.119684,43.119684,0.000000,0.000000
0.85,23,engagement_g05_d0.25,3060,1674,0.547059,101.195025,45.835394,47.835394,47.835394,0.000000,0.000000
0.85,23,engagement_g05_d0.5,3060,1602,0.523529,101.346618,48.288683,50.288683,50.288683,0.000000,0.000000
0.85,23,engagement_g05_d1.0,3060,1480,0.483660,101.313209,52.312049,54.312049,54.312049,0.000000,0.000000
0.85,23,engagement_g05_d2.0,3060,1229,0.401634,101.429649,60.692055,62.692055,62.692055,0.000000,0.000000
0.85,23,engagement_g05_d5.0,3060,495,0.161765,101.210038,84.837826,86.837826,86.837826,0.000000,0.000000
0.85,23,engagement_g05_d10.0,3060,25,0.008170,104.098738,103.248258,105.248258,105.248258,0.000000,0.000000
0.85,23,oracle_a1,3060,2434,0.795425,39.468669,8.074309,10.074309,10.074309,0.000000,0.000000
0.85,24,static,2894,128,0.044229,101.140770,96.667370,98.667370,98.667370,0.000000,0.000000
0.85,24,nearest,2894,122,0.042156,99.193179,95.011573,97.011573,97.011573,0.000000,0.000000
0.85,24,naive_target_aware,2894,1741,0.601589,108.441144,43.204091,45.204091,45.204091,0.000000,0.000000
0.85,24,engagement_g00_d0.0,2894,1741,0.601589,108.441144,43.204091,45.204091,45.204091,0.000000,0.000000
0.85,24,engagement_g00_d0.25,2894,1566,0.541120,108.617170,49.842295,51.842295,51.842295,0.000000,0.000000
0.85,24,engagement_g00_d0.5,2894,1492,0.515549,108.155129,52.395816,54.395816,54.395816,0.000000,0.000000
0.85,24,engagement_g00_d1.0,2894,1370,0.473393,108.358047,57.062082,59.062082,59.062082,0.000000,0.000000
0.85,24,engagement_g00_d2.0,2894,1144,0.395301,108.879281,65.839233,67.839233,67.839233,0.000000,0.000000
0.85,24,engagement_g00_d5.0,2894,455,0.157222,110.264460,92.928479,94.928479,94.928479,0.000000,0.000000
0.85,24,engagement_g00_d10.0,2894,19,0.006565,104.913814,104.225022,106.225022,106.225022,0.000000,0.000000
0.85,24,engagement_g05_d0.0,2894,1704,0.588804,108.478170,44.605744,46.605744,46.605744,0.000000,0.000000
0.85,24,engagement_g05_d0.25,2894,1561,0.539392,108.532117,49.990778,51.990778,51.990778,0.000000,0.000000
0.85,24,engagement_g05_d0.5,2894,1489,0.514513,108.181797,52.520879,54.520879,54.520879,0.000000,0.000000
0.85,24,engagement_g05_d1.0,2894,1368,0.472702,108.331861,57.123158,59.123158,59.123158,0.000000,0.000000
0.85,24,engagement_g05_d2.0,2894,1144,0.395301,108.879281,65.839233,67.839233,67.839233,0.000000,0.000000
0.85,24,engagement_g05_d5.0,2894,452,0.156185,110.356492,93.120440,95.120440,95.120440,0.000000,0.000000
0.85,24,engagement_g05_d10.0,2894,19,0.006565,104.484279,103.798308,105.798308,105.798308,0.000000,0.000000
0.85,24,oracle_a1,2894,2313,0.799240,43.501474,8.733364,10.733364,10.733364,0.000000,0.000000
0.85,25,static,2903,126,0.043403,98.619712,94.339283,96.339283,96.339283,0.000000,0.000000
0.85,25,nearest,2903,96,0.033069,95.078914,91.934726,93.934726,93.934726,0.000000,0.000000
0.85,25,naive_target_aware,2903,1779,0.612814,110.037816,42.605066,44.605066,44.605066,0.000000,0.000000
0.85,25,engagement_g00_d0.0,2903,1779,0.612814,110.037816,42.605066,44.605066,44.605066,0.000000,0.000000
0.85,25,engagement_g00_d0.25,2903,1576,0.542887,110.624597,50.567978,52.567978,52.567978,0.000000,0.000000
0.85,25,engagement_g00_d0.5,2903,1526,0.525663,110.984137,52.643871,54.643871,54.643871,0.000000,0.000000
0.85,25,engagement_g00_d1.0,2903,1410,0.485704,110.835833,57.002376,59.002376,59.002376,0.000000,0.000000
0.85,25,engagement_g00_d2.0,2903,1172,0.403720,111.476334,66.471076,68.471076,68.471076,0.000000,0.000000
0.85,25,engagement_g00_d5.0,2903,435,0.149845,111.652001,94.921508,96.921508,96.921508,0.000000,0.000000
0.85,25,engagement_g00_d10.0,2903,22,0.007578,103.294535,102.511731,104.511731,104.511731,0.000000,0.000000
0.85,25,engagement_g05_d0.0,2903,1749,0.602480,110.450220,43.906150,45.906150,45.906150,0.000000,0.000000
0.85,25,engagement_g05_d0.25,2903,1571,0.541164,110.860517,50.866762,52.866762,52.866762,0.000000,0.000000
0.85,25,engagement_g05_d0.5,2903,1523,0.524630,111.164196,52.844158,54.844158,54.844158,0.000000,0.000000
0.85,25,engagement_g05_d1.0,2903,1408,0.485016,110.903813,57.113745,59.113745,59.113745,0.000000,0.000000
0.85,25,engagement_g05_d2.0,2903,1172,0.403720,111.476334,66.471076,68.471076,68.471076,0.000000,0.000000
0.85,25,engagement_g05_d5.0,2903,436,0.150189,111.304388,94.587642,96.587642,96.587642,0.000000,0.000000
0.85,25,engagement_g05_d10.0,2903,25,0.008612,99.893337,99.033078,101.033078,101.033078,0.000000,0.000000
0.85,25,oracle_a1,2903,2358,0.812263,41.115989,7.718985,9.718985,9.718985,0.000000,0.000000
0.85,26,static,3057,148,0.048413,113.018972,107.547330,109.547330,109.547330,0.000000,0.000000
0.85,26,nearest,3057,124,0.040563,114.142269,109.512357,111.512357,111.512357,0.000000,0.000000
0.85,26,naive_target_aware,3057,1888,0.617599,109.160284,41.743007,43.743007,43.743007,0.000000,0.000000
0.85,26,engagement_g00_d0.0,3057,1888,0.617599,109.160284,41.743007,43.743007,43.743007,0.000000,0.000000
0.85,26,engagement_g00_d0.25,3057,1698,0.555447,108.581548,48.270305,50.270305,50.270305,0.000000,0.000000
0.85,26,engagement_g00_d0.5,3057,1644,0.537782,108.927182,50.348089,52.348089,52.348089,0.000000,0.000000
0.85,26,engagement_g00_d1.0,3057,1497,0.489696,108.834903,55.538910,57.538910,57.538910,0.000000,0.000000
0.85,26,engagement_g00_d2.0,3057,1261,0.412496,108.453067,63.716620,65.716620,65.716620,0.000000,0.000000
0.85,26,engagement_g00_d5.0,3057,494,0.161596,107.926027,90.485576,92.485576,92.485576,0.000000,0.000000
0.85,26,engagement_g00_d10.0,3057,30,0.009814,106.834194,105.785772,107.785772,107.785772,0.000000,0.000000
0.85,26,engagement_g05_d0.0,3057,1860,0.608440,108.997706,42.679180,44.679180,44.679180,0.000000,0.000000
0.85,26,engagement_g05_d0.25,3057,1692,0.553484,108.529268,48.460076,50.460076,50.460076,0.000000,0.000000
0.85,26,engagement_g05_d0.5,3057,1640,0.536474,108.880867,50.469149,52.469149,52.469149,0.000000,0.000000
0.85,26,engagement_g05_d1.0,3057,1495,0.489042,108.798058,55.591287,57.591287,57.591287,0.000000,0.000000
0.85,26,engagement_g05_d2.0,3057,1261,0.412496,108.453067,63.716620,65.716620,65.716620,0.000000,0.000000
0.85,26,engagement_g05_d5.0,3057,494,0.161596,107.562027,90.180397,92.180397,92.180397,0.000000,0.000000
0.85,26,engagement_g05_d10.0,3057,29,0.009486,107.189669,106.172823,108.172823,108.172823,0.000000,0.000000
0.85,26,oracle_a1,3057,2430,0.794897,40.331728,8.272160,10.272160,10.272160,0.000000,0.000000
0.85,27,static,2968,126,0.042453,108.212821,103.618880,105.618880,105.618880,0.000000,0.000000
0.85,27,nearest,2968,192,0.064690,108.094556,101.101916,103.101916,103.101916,0.000000,0.000000
0.85,27,naive_target_aware,2968,1803,0.607480,108.453834,42.570322,44.570322,44.570322,0.000000,0.000000
0.85,27,engagement_g00_d0.0,2968,1803,0.607480,108.453834,42.570322,44.570322,44.570322,0.000000,0.000000
0.85,27,engagement_g00_d0.25,2968,1607,0.541442,109.372357,50.153564,52.153564,52.153564,0.000000,0.000000
0.85,27,engagement_g00_d0.5,2968,1540,0.518868,109.278758,52.577516,54.577516,54.577516,0.000000,0.000000
0.85,27,engagement_g00_d1.0,2968,1407,0.474057,108.830105,57.238475,59.238475,59.238475,0.000000,0.000000
0.85,27,engagement_g00_d2.0,2968,1153,0.388477,110.035877,67.289460,69.289460,69.289460,0.000000,0.000000
0.85,27,engagement_g00_d5.0,2968,476,0.160377,111.707324,93.791999,95.791999,95.791999,0.000000,0.000000
0.85,27,engagement_g00_d10.0,2968,27,0.009097,102.056063,101.127655,103.127655,103.127655,0.000000,0.000000
0.85,27,engagement_g05_d0.0,2968,1772,0.597035,108.541582,43.738454,45.738454,45.738454,0.000000,0.000000
0.85,27,engagement_g05_d0.25,2968,1604,0.540431,109.416716,50.284502,52.284502,52.284502,0.000000,0.000000
0.85,27,engagement_g05_d0.5,2968,1538,0.518194,109.384747,52.702220,54.702220,54.702220,0.000000,0.000000
0.85,27,engagement_g05_d1.0,2968,1406,0.473720,108.826742,57.273373,59.273373,59.273373,0.000000,0.000000
0.85,27,engagement_g05_d2.0,2968,1153,0.388477,110.035877,67.289460,69.289460,69.289460,0.000000,0.000000
0.85,27,engagement_g05_d5.0,2968,476,0.160377,111.707324,93.791999,95.791999,95.791999,0.000000,0.000000
0.85,27,engagement_g05_d10.0,2968,29,0.009771,102.462306,101.461158,103.461158,103.461158,0.000000,0.000000
0.85,27,oracle_a1,2968,2403,0.809636,43.638445,8.307184,10.307184,10.307184,0.000000,0.000000
0.85,28,static,3014,113,0.037492,117.808207,113.391377,115.391377,115.391377,0.000000,0.000000
0.85,28,nearest,3014,180,0.059721,114.230185,107.408210,109.408210,109.408210,0.000000,0.000000
0.85,28,naive_target_aware,3014,1858,0.616457,109.967425,42.177287,44.177287,44.177287,0.000000,0.000000
0.85,28,engagement_g00_d0.0,3014,1858,0.616457,109.967425,42.177287,44.177287,44.177287,0.000000,0.000000
0.85,28,engagement_g00_d0.25,3014,1654,0.548772,111.214454,50.183032,52.183032,52.183032,0.000000,0.000000
0.85,28,engagement_g00_d0.5,3014,1592,0.528202,111.334831,52.527581,54.527581,54.527581,0.000000,0.000000
0.85,28,engagement_g00_d1.0,3014,1447,0.480093,111.130763,57.777673,59.777673,59.777673,0.000000,0.000000
0.85,28,engagement_g00_d2.0,3014,1186,0.393497,110.882147,67.250353,69.250353,69.250353,0.000000,0.000000
0.85,28,engagement_g00_d5.0,3014,472,0.156603,110.935750,93.562932,95.562932,95.562932,0.000000,0.000000
0.85,28,engagement_g00_d10.0,3014,29,0.009622,101.849409,100.869438,102.869438,102.869438,0.000000,0.000000
0.85,28,engagement_g05_d0.0,3014,1822,0.604512,110.091453,43.539818,45.539818,45.539818,0.000000,0.000000
0.85,28,engagement_g05_d0.25,3014,1652,0.548109,111.201795,50.251110,52.251110,52.251110,0.000000,0.000000
0.85,28,engagement_g05_d0.5,3014,1591,0.527870,111.380332,52.586003,54.586003,54.586003,0.000000,0.000000
0.85,28,engagement_g05_d1.0,3014,1447,0.480093,111.130763,57.777673,59.777673,59.777673,0.000000,0.000000
0.85,28,engagement_g05_d2.0,3014,1186,0.393497,110.882147,67.250353,69.250353,69.250353,0.000000,0.000000
0.85,28,engagement_g05_d5.0,3014,469,0.155607,111.187230,93.885700,95.885700,95.885700,0.000000,0.000000
0.85,28,engagement_g05_d10.0,3014,26,0.008626,103.157954,102.268071,104.268071,104.268071,0.000000,0.000000
0.85,28,oracle_a1,3014,2422,0.803583,37.736936,7.412165,9.412165,9.412165,0.000000,0.000000
0.85,29,static,3063,157,0.051257,97.626422,92.622391,94.622391,94.622391,0.000000,0.000000
0.85,29,nearest,3063,207,0.067581,97.883522,91.268475,93.268475,93.268475,0.000000,0.000000
0.85,29,naive_target_aware,3063,1899,0.619980,100.050733,38.021238,40.021238,40.021238,0.000000,0.000000
0.85,29,engagement_g00_d0.0,3063,1899,0.619980,100.050733,38.021238,40.021238,40.021238,0.000000,0.000000
0.85,29,engagement_g00_d0.25,3063,1707,0.557297,99.880747,44.217530,46.217530,46.217530,0.000000,0.000000
0.85,29,engagement_g00_d0.5,3063,1637,0.534443,99.296545,46.228166,48.228166,48.228166,0.000000,0.000000
0.85,29,engagement_g00_d1.0,3063,1506,0.491675,99.936260,50.800116,52.800116,52.800116,0.000000,0.000000
0.85,29,engagement_g00_d2.0,3063,1253,0.409076,99.552812,58.828139,60.828139,60.828139,0.000000,0.000000
0.85,29,engagement_g00_d5.0,3063,485,0.158341,99.577999,83.810670,85.810670,85.810670,0.000000,0.000000
0.85,29,engagement_g00_d10.0,3063,33,0.010774,97.077551,96.031661,98.031661,98.031661,0.000000,0.000000
0.85,29,engagement_g05_d0.0,3063,1866,0.609207,100.289448,39.192449,41.192449,41.192449,0.000000,0.000000
0.85,29,engagement_g05_d0.25,3063,1704,0.556317,99.989850,44.363763,46.363763,46.363763,0.000000,0.000000
0.85,29,engagement_g05_d0.5,3063,1634,0.533464,99.401530,46.374400,48.374400,48.374400,0.000000,0.000000
0.85,29,engagement_g05_d1.0,3063,1506,0.491675,99.936260,50.800116,52.800116,52.800116,0.000000,0.000000
0.85,29,engagement_g05_d2.0,3063,1253,0.409076,99.552812,58.828139,60.828139,60.828139,0.000000,0.000000
0.85,29,engagement_g05_d5.0,3063,485,0.158341,99.577999,83.810670,85.810670,85.810670,0.000000,0.000000
0.85,29,engagement_g05_d10.0,3063,29,0.009468,101.126250,100.168803,102.168803,102.168803,0.000000,0.000000
0.85,29,oracle_a1,3063,2473,0.807378,37.967807,7.313420,9.313420,9.313420,0.000000,0.000000
0.85,30,static,2933,121,0.041255,107.354404,102.925531,104.925531,104.925531,0.000000,0.000000
0.85,30,nearest,2933,171,0.058302,101.989129,96.042951,98.042951,98.042951,0.000000,0.000000
0.85,30,naive_target_aware,2933,1779,0.606546,116.287574,45.753788,47.753788,47.753788,0.000000,0.000000
0.85,30,engagement_g00_d0.0,2933,1779,0.606546,116.287574,45.753788,47.753788,47.753788,0.000000,0.000000
0.85,30,engagement_g00_d0.25,2933,1588,0.541425,116.411304,53.383295,55.383295,55.383295,0.000000,0.000000
0.85,30,engagement_g00_d0.5,2933,1520,0.518241,116.505523,56.127618,58.127618,58.127618,0.000000,0.000000
0.85,30,engagement_g00_d1.0,2933,1409,0.480395,117.226240,60.911282,62.911282,62.911282,0.000000,0.000000
0.85,30,engagement_g00_d2.0,2933,1187,0.404705,117.387984,69.880471,71.880471,71.880471,0.000000,0.000000
0.85,30,engagement_g00_d5.0,2933,419,0.142857,118.804884,101.832757,103.832757,103.832757,0.000000,0.000000
0.85,30,engagement_g00_d10.0,2933,15,0.005114,119.403413,118.792758,120.792758,120.792758,0.000000,0.000000
0.85,30,engagement_g05_d0.0,2933,1754,0.598023,116.600746,46.870876,48.870876,48.870876,0.000000,0.000000
0.85,30,engagement_g05_d0.25,2933,1584,0.540061,116.473069,53.570464,55.570464,55.570464,0.000000,0.000000
0.85,30,engagement_g05_d0.5,2933,1517,0.517218,116.566787,56.276362,58.276362,58.276362,0.000000,0.000000
0.85,30,engagement_g05_d1.0,2933,1408,0.480055,117.225809,60.951026,62.951026,62.951026,0.000000,0.000000
0.85,30,engagement_g05_d2.0,2933,1187,0.404705,117.387984,69.880471,71.880471,71.880471,0.000000,0.000000
0.85,30,engagement_g05_d5.0,2933,419,0.142857,118.390690,101.477734,103.477734,103.477734,0.000000,0.000000
0.85,30,engagement_g05_d10.0,2933,14,0.004773,119.650168,119.079046,121.079046,121.079046,0.000000,0.000000
0.85,30,oracle_a1,2933,2397,0.817252,51.991188,9.501288,11.501288,11.501288,0.000000,0.000000
0.7,1,static,3072,160,0.052083,96.315021,91.298614,93.298614,93.298614,0.000000,0.000000
0.7,1,nearest,3072,149,0.048503,98.921298,94.123357,96.123357,96.123357,0.000000,0.000000
0.7,1,naive_target_aware,3072,1566,0.509766,92.763382,45.475798,47.475798,47.475798,0.000000,0.000000
0.7,1,engagement_g00_d0.0,3072,1566,0.509766,92.763382,45.475798,47.475798,47.475798,0.000000,0.000000
0.7,1,engagement_g00_d0.25,3072,1414,0.460286,92.235111,49.780539,51.780539,51.780539,0.000000,0.000000
0.7,1,engagement_g00_d0.5,3072,1345,0.437826,91.912138,51.670659,53.670659,53.670659,0.000000,0.000000
0.7,1,engagement_g00_d1.0,3072,1242,0.404297,91.358293,54.422420,56.422420,56.422420,0.000000,0.000000
0.7,1,engagement_g00_d2.0,3072,1016,0.330729,90.644027,60.665404,62.665404,62.665404,0.000000,0.000000
0.7,1,engagement_g00_d5.0,3072,405,0.131836,87.354857,75.838347,77.838347,77.838347,0.000000,0.000000
0.7,1,engagement_g00_d10.0,3072,39,0.012695,95.543773,94.330815,96.330815,96.330815,0.000000,0.000000
0.7,1,engagement_g05_d0.0,3072,1442,0.469401,91.097627,48.336306,50.336306,50.336306,0.000000,0.000000
0.7,1,engagement_g05_d0.25,3072,1365,0.444336,91.287482,50.725173,52.725173,52.725173,0.000000,0.000000
0.7,1,engagement_g05_d0.5,3072,1310,0.426432,90.853938,52.110885,54.110885,54.110885,0.000000,0.000000
0.7,1,engagement_g05_d1.0,3072,1221,0.397461,90.480309,54.517921,56.517921,56.517921,0.000000,0.000000
0.7,1,engagement_g05_d2.0,3072,1008,0.328125,89.757652,60.305922,62.305922,62.305922,0.000000,0.000000
0.7,1,engagement_g05_d5.0,3072,398,0.129557,88.097156,76.683527,78.683527,78.683527,0.000000,0.000000
0.7,1,engagement_g05_d10.0,3072,41,0.013346,99.056313,97.734273,99.734273,99.734273,0.000000,0.000000
0.7,1,oracle_a1,3072,1950,0.634766,35.642354,13.017813,15.017813,15.017813,0.000000,0.000000
0.7,2,static,3076,162,0.052666,100.289341,95.007522,97.007522,97.007522,0.000000,0.000000
0.7,2,nearest,3076,149,0.048440,91.765975,87.320875,89.320875,89.320875,0.000000,0.000000
0.7,2,naive_target_aware,3076,1582,0.514304,108.991653,52.936778,54.936778,54.936778,0.000000,0.000000
0.7,2,engagement_g00_d0.0,3076,1582,0.514304,108.991653,52.936778,54.936778,54.936778,0.000000,0.000000
0.7,2,engagement_g00_d0.25,3076,1400,0.455137,109.327413,59.568512,61.568512,61.568512,0.000000,0.000000
0.7,2,engagement_g00_d0.5,3076,1350,0.438882,109.414852,61.394680,63.394680,63.394680,0.000000,0.000000
0.7,2,engagement_g00_d1.0,3076,1253,0.407347,108.573667,64.346487,66.346487,66.346487,0.000000,0.000000
0.7,2,engagement_g00_d2.0,3076,1037,0.337126,109.108175,72.324957,74.324957,74.324957,0.000000,0.000000
0.7,2,engagement_g00_d5.0,3076,454,0.147594,110.326619,94.043041,96.043041,96.043041,0.000000,0.000000
0.7,2,engagement_g00_d10.0,3076,36,0.011704,104.467213,103.244580,105.244580,105.244580,0.000000,0.000000
0.7,2,engagement_g05_d0.0,3076,1479,0.480819,109.287480,56.739956,58.739956,58.739956,0.000000,0.000000
0.7,2,engagement_g05_d0.25,3076,1372,0.446034,109.374800,60.589941,62.589941,62.589941,0.000000,0.000000
0.7,2,engagement_g05_d0.5,3076,1321,0.429454,109.067953,62.228302,64.228302,64.228302,0.000000,0.000000
0.7,2,engagement_g05_d1.0,3076,1233,0.400845,108.500424,65.008544,67.008544,67.008544,0.000000,0.000000
0.7,2,engagement_g05_d2.0,3076,1025,0.333225,109.047337,72.710042,74.710042,74.710042,0.000000,0.000000
0.7,2,engagement_g05_d5.0,3076,448,0.145644,109.323344,93.401089,95.401089,95.401089,0.000000,0.000000
0.7,2,engagement_g05_d10.0,3076,40,0.013004,106.389772,105.006290,107.006290,107.006290,0.000000,0.000000
0.7,2,oracle_a1,3076,1986,0.645644,38.262773,13.558655,15.558655,15.558655,0.000000,0.000000
0.7,3,static,2993,151,0.050451,98.390841,93.426920,95.426920,95.426920,0.000000,0.000000
0.7,3,nearest,2993,166,0.055463,94.152558,88.930599,90.930599,90.930599,0.000000,0.000000
0.7,3,naive_target_aware,2993,1487,0.496826,102.719520,51.685799,53.685799,53.685799,0.000000,0.000000
0.7,3,engagement_g00_d0.0,2993,1487,0.496826,102.719520,51.685799,53.685799,53.685799,0.000000,0.000000
0.7,3,engagement_g00_d0.25,2993,1340,0.447711,103.085143,56.932757,58.932757,58.932757,0.000000,0.000000
0.7,3,engagement_g00_d0.5,2993,1290,0.431006,103.135016,58.683238,60.683238,60.683238,0.000000,0.000000
0.7,3,engagement_g00_d1.0,2993,1201,0.401270,103.357442,61.883240,63.883240,63.883240,0.000000,0.000000
0.7,3,engagement_g00_d2.0,2993,1007,0.336452,104.386915,69.265758,71.265758,71.265758,0.000000,0.000000
0.7,3,engagement_g00_d5.0,2993,393,0.131306,103.991193,90.336485,92.336485,92.336485,0.000000,0.000000
0.7,3,engagement_g00_d10.0,2993,47,0.015703,100.635161,99.054856,101.054856,101.054856,0.000000,0.000000
0.7,3,engagement_g05_d0.0,2993,1348,0.450384,103.259557,56.753081,58.753081,58.753081,0.000000,0.000000
0.7,3,engagement_g05_d0.25,2993,1290,0.431006,103.663359,58.983863,60.983863,60.983863,0.000000,0.000000
0.7,3,engagement_g05_d0.5,2993,1252,0.418309,103.488143,60.198081,62.198081,62.198081,0.000000,0.000000
0.7,3,engagement_g05_d1.0,2993,1175,0.392583,103.800799,63.050402,65.050402,65.050402,0.000000,0.000000
0.7,3,engagement_g05_d2.0,2993,987,0.329769,104.604920,70.109412,72.109412,72.109412,0.000000,0.000000
0.7,3,engagement_g05_d5.0,2993,380,0.126963,103.995389,90.791832,92.791832,92.791832,0.000000,0.000000
0.7,3,engagement_g05_d10.0,2993,51,0.017040,104.283876,102.506904,104.506904,104.506904,0.000000,0.000000
0.7,3,oracle_a1,2993,1922,0.642165,40.082447,14.342900,16.342900,16.342900,0.000000,0.000000
0.7,4,static,2947,155,0.052596,105.541264,99.990230,101.990230,101.990230,0.000000,0.000000
0.7,4,nearest,2947,144,0.048863,102.182401,97.189437,99.189437,99.189437,0.000000,0.000000
0.7,4,naive_target_aware,2947,1483,0.503224,104.964776,52.144022,54.144022,54.144022,0.000000,0.000000
0.7,4,engagement_g00_d0.0,2947,1483,0.503224,104.964776,52.144022,54.144022,54.144022,0.000000,0.000000
0.7,4,engagement_g00_d0.25,2947,1351,0.458432,105.799010,57.297326,59.297326,59.297326,0.000000,0.000000
0.7,4,engagement_g00_d0.5,2947,1304,0.442484,105.916922,59.050391,61.050391,61.050391,0.000000,0.000000
0.7,4,engagement_g00_d1.0,2947,1228,0.416695,106.204209,61.949452,63.949452,63.949452,0.000000,0.000000
0.7,4,engagement_g00_d2.0,2947,1020,0.346115,106.485808,69.629505,71.629505,71.629505,0.000000,0.000000
0.7,4,engagement_g00_d5.0,2947,412,0.139803,107.598990,92.556308,94.556308,94.556308,0.000000,0.000000
0.7,4,engagement_g00_d10.0,2947,33,0.011198,110.140617,108.907281,110.907281,110.907281,0.000000,0.000000
0.7,4,engagement_g05_d0.0,2947,1355,0.459790,105.775523,57.141036,59.141036,59.141036,0.000000,0.000000
0.7,4,engagement_g05_d0.25,2947,1292,0.438412,106.231100,59.658117,61.658117,61.658117,0.000000,0.000000
0.7,4,engagement_g05_d0.5,2947,1250,0.424160,106.026138,61.054074,63.054074,63.054074,0.000000,0.000000
0.7,4,engagement_g05_d1.0,2947,1188,0.403122,106.159870,63.364510,65.364510,65.364510,0.000000,0.000000
0.7,4,engagement_g05_d2.0,2947,1005,0.341025,106.566261,70.224527,72.224527,72.224527,0.000000,0.000000
0.7,4,engagement_g05_d5.0,2947,407,0.138107,107.737079,92.857882,94.857882,94.857882,0.000000,0.000000
0.7,4,engagement_g05_d10.0,2947,45,0.015270,104.431712,102.837064,104.837064,104.837064,0.000000,0.000000
0.7,4,oracle_a1,2947,1873,0.635562,34.832966,12.694471,14.694471,14.694471,0.000000,0.000000
0.7,5,static,2961,176,0.059439,105.336393,99.075263,101.075263,101.075263,0.000000,0.000000
0.7,5,nearest,2961,152,0.051334,104.417151,99.057000,101.057000,101.057000,0.000000,0.000000
0.7,5,naive_target_aware,2961,1460,0.493077,109.553239,55.535094,57.535094,57.535094,0.000000,0.000000
0.7,5,engagement_g00_d0.0,2961,1460,0.493077,109.553239,55.535094,57.535094,57.535094,0.000000,0.000000
0.7,5,engagement_g00_d0.25,2961,1321,0.446133,110.032273,60.943238,62.943238,62.943238,0.000000,0.000000
0.7,5,engagement_g00_d0.5,2961,1273,0.429922,110.579849,63.039104,65.039104,65.039104,0.000000,0.000000
0.7,5,engagement_g00_d1.0,2961,1181,0.398852,110.110508,66.192740,68.192740,68.192740,0.000000,0.000000
0.7,5,engagement_g00_d2.0,2961,977,0.329956,110.246019,73.869673,75.869673,75.869673,0.000000,0.000000
0.7,5,engagement_g00_d5.0,2961,376,0.126984,111.265066,97.136169,99.136169,99.136169,0.000000,0.000000
0.7,5,engagement_g00_d10.0,2961,71,0.023978,104.386475,101.883456,103.883456,103.883456,0.000000,0.000000
0.7,5,engagement_g05_d0.0,2961,1328,0.448497,110.314180,60.838587,62.838587,62.838587,0.000000,0.000000
0.7,5,engagement_g05_d0.25,2961,1268,0.428234,110.398601,63.122199,65.122199,65.122199,0.000000,0.000000
0.7,5,engagement_g05_d0.5,2961,1229,0.415062,110.750147,64.781917,66.781917,66.781917,0.000000,0.000000
0.7,5,engagement_g05_d1.0,2961,1154,0.389733,110.128500,67.207768,69.207768,69.207768,0.000000,0.000000
0.7,5,engagement_g05_d2.0,2961,962,0.324890,109.900700,74.195035,76.195035,76.195035,0.000000,0.000000
0.7,5,engagement_g05_d5.0,2961,363,0.122594,109.648785,96.206533,98.206533,98.206533,0.000000,0.000000
0.7,5,engagement_g05_d10.0,2961,76,0.025667,109.998659,107.175323,109.175323,109.175323,0.000000,0.000000
0.7,5,oracle_a1,2961,1893,0.639311,41.702890,15.041772,17.041772,17.041772,0.000000,0.000000
0.7,6,static,2952,117,0.039634,104.001560,99.879547,101.879547,101.879547,0.000000,0.000000
0.7,6,nearest,2952,165,0.055894,111.260040,105.041237,107.041237,107.041237,0.000000,0.000000
0.7,6,naive_target_aware,2952,1507,0.510501,102.091283,49.973545,51.973545,51.973545,0.000000,0.000000
0.7,6,engagement_g00_d0.0,2952,1507,0.510501,102.091283,49.973545,51.973545,51.973545,0.000000,0.000000
0.7,6,engagement_g00_d0.25,2952,1347,0.456301,101.718665,55.304355,57.304355,57.304355,0.000000,0.000000
0.7,6,engagement_g00_d0.5,2952,1295,0.438686,101.089837,56.743178,58.743178,58.743178,0.000000,0.000000
0.7,6,engagement_g00_d1.0,2952,1184,0.401084,101.196837,60.608404,62.608404,62.608404,0.000000,0.000000
0.7,6,engagement_g00_d2.0,2952,976,0.330623,101.118063,67.686074,69.686074,69.686074,0.000000,0.000000
0.7,6,engagement_g00_d5.0,2952,406,0.137534,101.206136,87.286864,89.286864,89.286864,0.000000,0.000000
0.7,6,engagement_g00_d10.0,2952,48,0.016260,102.091170,100.431151,102.431151,102.431151,0.000000,0.000000
0.7,6,engagement_g05_d0.0,2952,1363,0.461721,101.670574,54.727148,56.727148,56.727148,0.000000,0.000000
0.7,6,engagement_g05_d0.25,2952,1294,0.438347,101.702526,57.121541,59.121541,59.121541,0.000000,0.000000
0.7,6,engagement_g05_d0.5,2952,1257,0.425813,100.977519,57.979978,59.979978,59.979978,0.000000,0.000000
0.7,6,engagement_g05_d1.0,2952,1166,0.394986,101.059176,61.142171,63.142171,63.142171,0.000000,0.000000
0.7,6,engagement_g05_d2.0,2952,963,0.326220,101.155544,68.156632,70.156632,70.156632,0.000000,0.000000
0.7,6,engagement_g05_d5.0,2952,395,0.133808,101.222987,87.678583,89.678583,89.678583,0.000000,0.000000
0.7,6,engagement_g05_d10.0,2952,58,0.019648,102.703814,100.685921,102.685921,102.685921,0.000000,0.000000
0.7,6,oracle_a1,2952,1843,0.624322,34.982416,13.142107,15.142107,15.142107,0.000000,0.000000
0.7,7,static,2971,170,0.057220,117.116612,110.415223,112.415223,112.415223,0.000000,0.000000
0.7,7,nearest,2971,200,0.067317,111.857067,104.327140,106.327140,106.327140,0.000000,0.000000
0.7,7,naive_target_aware,2971,1490,0.501515,109.298509,54.483706,56.483706,56.483706,0.000000,0.000000
0.7,7,engagement_g00_d0.0,2971,1490,0.501515,109.298509,54.483706,56.483706,56.483706,0.000000,0.000000
0.7,7,engagement_g00_d0.25,2971,1357,0.456749,109.594796,59.537530,61.537530,61.537530,0.000000,0.000000
0.7,7,engagement_g00_d0.5,2971,1304,0.438909,109.696031,61.549405,63.549405,63.549405,0.000000,0.000000
0.7,7,engagement_g00_d1.0,2971,1185,0.398856,108.568074,65.265089,67.265089,67.265089,0.000000,0.000000
0.7,7,engagement_g00_d2.0,2971,945,0.318075,108.499679,73.988673,75.988673,75.988673,0.000000,0.000000
0.7,7,engagement_g00_d5.0,2971,384,0.129249,109.494705,95.342579,97.342579,97.342579,0.000000,0.000000
0.7,7,engagement_g00_d10.0,2971,46,0.015483,118.056630,116.228759,118.228759,118.228759,0.000000,0.000000
0.7,7,engagement_g05_d0.0,2971,1360,0.457758,108.735763,58.961061,60.961061,60.961061,0.000000,0.000000
0.7,7,engagement_g05_d0.25,2971,1303,0.438573,109.024241,61.209167,63.209167,63.209167,0.000000,0.000000
0.7,7,engagement_g05_d0.5,2971,1260,0.424100,109.239126,62.910853,64.910853,64.910853,0.000000,0.000000
0.7,7,engagement_g05_d1.0,2971,1158,0.389768,108.667162,66.312206,68.312206,68.312206,0.000000,0.000000
0.7,7,engagement_g05_d2.0,2971,930,0.313026,109.019504,74.893574,76.893574,76.893574,0.000000,0.000000
0.7,7,engagement_g05_d5.0,2971,375,0.126220,109.621267,95.784857,97.784857,97.784857,0.000000,0.000000
0.7,7,engagement_g05_d10.0,2971,46,0.015483,111.144174,109.423328,111.423328,111.423328,0.000000,0.000000
0.7,7,oracle_a1,2971,1961,0.660047,48.735628,16.567817,18.567817,18.567817,0.000000,0.000000
0.7,8,static,2983,156,0.052296,96.831894,91.767940,93.767940,93.767940,0.000000,0.000000
0.7,8,nearest,2983,151,0.050620,100.592041,95.500054,97.500054,97.500054,0.000000,0.000000
0.7,8,naive_target_aware,2983,1480,0.496145,100.055093,50.413277,52.413277,52.413277,0.000000,0.000000
0.7,8,engagement_g00_d0.0,2983,1480,0.496145,100.055093,50.413277,52.413277,52.413277,0.000000,0.000000
0.7,8,engagement_g00_d0.25,2983,1328,0.445189,99.150572,55.009788,57.009788,57.009788,0.000000,0.000000
0.7,8,engagement_g00_d0.5,2983,1266,0.424405,99.335081,57.176780,59.176780,59.176780,0.000000,0.000000
0.7,8,engagement_g00_d1.0,2983,1179,0.395240,98.761536,59.727057,61.727057,61.727057,0.000000,0.000000
0.7,8,engagement_g00_d2.0,2983,983,0.329534,97.717075,65.515974,67.515974,67.515974,0.000000,0.000000
0.7,8,engagement_g00_d5.0,2983,405,0.135769,96.775502,83.636354,85.636354,85.636354,0.000000,0.000000
0.7,8,engagement_g00_d10.0,2983,68,0.022796,99.920750,97.642972,99.642972,99.642972,0.000000,0.000000
0.7,8,engagement_g05_d0.0,2983,1333,0.446866,99.965170,55.294177,57.294177,57.294177,0.000000,0.000000
0.7,8,engagement_g05_d0.25,2983,1268,0.425075,99.156539,57.007531,59.007531,59.007531,0.000000,0.000000
0.7,8,engagement_g05_d0.5,2983,1223,0.409990,99.374680,58.632061,60.632061,60.632061,0.000000,0.000000
0.7,8,engagement_g05_d1.0,2983,1155,0.387194,98.817566,60.555988,62.555988,62.555988,0.000000,0.000000
0.7,8,engagement_g05_d2.0,2983,969,0.324841,97.698684,65.962169,67.962169,67.962169,0.000000,0.000000
0.7,8,engagement_g05_d5.0,2983,392,0.131411,97.456918,84.649975,86.649975,86.649975,0.000000,0.000000
0.7,8,engagement_g05_d10.0,2983,63,0.021120,100.493530,98.371139,100.371139,100.371139,0.000000,0.000000
0.7,8,oracle_a1,2983,1874,0.628227,37.635024,13.991700,15.991700,15.991700,0.000000,0.000000
0.7,9,static,2932,183,0.062415,98.907893,92.734583,94.734583,94.734583,0.000000,0.000000
0.7,9,nearest,2932,127,0.043315,110.481220,105.695710,107.695710,107.695710,0.000000,0.000000
0.7,9,naive_target_aware,2932,1464,0.499318,100.415652,50.276322,52.276322,52.276322,0.000000,0.000000
0.7,9,engagement_g00_d0.0,2932,1464,0.499318,100.415652,50.276322,52.276322,52.276322,0.000000,0.000000
0.7,9,engagement_g00_d0.25,2932,1305,0.445089,100.468296,55.750995,57.750995,57.750995,0.000000,0.000000
0.7,9,engagement_g00_d0.5,2932,1240,0.422920,100.050454,57.737165,59.737165,59.737165,0.000000,0.000000
0.7,9,engagement_g00_d1.0,2932,1141,0.389154,99.996595,61.082504,63.082504,63.082504,0.000000,0.000000
0.7,9,engagement_g00_d2.0,2932,955,0.325716,100.365533,67.674850,69.674850,69.674850,0.000000,0.000000
0.7,9,engagement_g00_d5.0,2932,384,0.130969,99.169813,86.181679,88.181679,88.181679,0.000000,0.000000
0.7,9,engagement_g00_d10.0,2932,58,0.019782,100.299594,98.315495,100.315495,100.315495,0.000000,0.000000
0.7,9,engagement_g05_d0.0,2932,1340,0.457026,100.335048,54.479330,56.479330,56.479330,0.000000,0.000000
0.7,9,engagement_g05_d0.25,2932,1256,0.428377,100.054048,57.193242,59.193242,59.193242,0.000000,0.000000
0.7,9,engagement_g05_d0.5,2932,1197,0.408254,99.709623,59.002795,61.002795,61.002795,0.000000,0.000000
0.7,9,engagement_g05_d1.0,2932,1113,0.379604,99.826817,61.932121,63.932121,63.932121,0.000000,0.000000
0.7,9,engagement_g05_d2.0,2932,941,0.320941,99.818559,67.782657,69.782657,69.782657,0.000000,0.000000
0.7,9,engagement_g05_d5.0,2932,381,0.129945,99.901044,86.919360,88.919360,88.919360,0.000000,0.000000
0.7,9,engagement_g05_d10.0,2932,57,0.019441,101.166003,99.199269,101.199269,101.199269,0.000000,0.000000
0.7,9,oracle_a1,2932,1892,0.645293,41.084468,14.572935,16.572935,16.572935,0.000000,0.000000
0.7,10,static,3006,136,0.045243,107.380844,102.522628,104.522628,104.522628,0.000000,0.000000
0.7,10,nearest,3006,160,0.053227,88.187882,83.493917,85.493917,85.493917,0.000000,0.000000
0.7,10,naive_target_aware,3006,1527,0.507984,102.652137,50.506491,52.506491,52.506491,0.000000,0.000000
0.7,10,engagement_g00_d0.0,3006,1527,0.507984,102.652137,50.506491,52.506491,52.506491,0.000000,0.000000
0.7,10,engagement_g00_d0.25,3006,1362,0.453094,102.748633,56.193863,58.193863,58.193863,0.000000,0.000000
0.7,10,engagement_g00_d0.5,3006,1325,0.440785,103.316144,57.775927,59.775927,59.775927,0.000000,0.000000
0.7,10,engagement_g00_d1.0,3006,1214,0.403859,103.763369,61.857604,63.857604,63.857604,0.000000,0.000000
0.7,10,engagement_g00_d2.0,3006,1014,0.337325,104.011116,68.925530,70.925530,70.925530,0.000000,0.000000
0.7,10,engagement_g00_d5.0,3006,438,0.145709,104.538819,89.306615,91.306615,91.306615,0.000000,0.000000
0.7,10,engagement_g00_d10.0,3006,49,0.016301,100.109673,98.477812,100.477812,100.477812,0.000000,0.000000
0.7,10,engagement_g05_d0.0,3006,1399,0.465403,103.019021,55.073708,57.073708,57.073708,0.000000,0.000000
0.7,10,engagement_g05_d0.25,3006,1322,0.439787,102.976091,57.688535,59.688535,59.688535,0.000000,0.000000
0.7,10,engagement_g05_d0.5,3006,1288,0.428476,103.403999,59.097828,61.097828,61.097828,0.000000,0.000000
0.7,10,engagement_g05_d1.0,3006,1187,0.394877,103.719618,62.763135,64.763135,64.763135,0.000000,0.000000
0.7,10,engagement_g05_d2.0,3006,997,0.331670,103.800499,69.372988,71.372988,71.372988,0.000000,0.000000
0.7,10,engagement_g05_d5.0,3006,426,0.141717,103.976530,89.241333,91.241333,91.241333,0.000000,0.000000
0.7,10,engagement_g05_d10.0,3006,44,0.014637,105.149408,103.610295,105.610295,105.610295,0.000000,0.000000
0.7,10,oracle_a1,3006,1987,0.661011,43.648912,14.796487,16.796487,16.796487,0.000000,0.000000
0.7,11,static,3002,136,0.045303,107.809666,102.925551,104.925551,104.925551,0.000000,0.000000
0.7,11,nearest,3002,166,0.055296,104.627481,98.841951,100.841951,100.841951,0.000000,0.000000
0.7,11,naive_target_aware,3002,1493,0.497335,108.176527,54.376542,56.376542,56.376542,0.000000,0.000000
0.7,11,engagement_g00_d0.0,3002,1493,0.497335,108.176527,54.376542,56.376542,56.376542,0.000000,0.000000
0.7,11,engagement_g00_d0.25,3002,1358,0.452365,109.138470,59.768036,61.768036,61.768036,0.000000,0.000000
0.7,11,engagement_g00_d0.5,3002,1307,0.435376,109.458116,61.802634,63.802634,63.802634,0.000000,0.000000
0.7,11,engagement_g00_d1.0,3002,1215,0.404730,109.978802,65.467062,67.467062,67.467062,0.000000,0.000000
0.7,11,engagement_g00_d2.0,3002,986,0.328448,109.990911,73.864649,75.864649,75.864649,0.000000,0.000000
0.7,11,engagement_g00_d5.0,3002,385,0.128248,109.788868,95.708683,97.708683,97.708683,0.000000,0.000000
0.7,11,engagement_g00_d10.0,3002,58,0.019320,101.727523,99.762101,101.762101,101.762101,0.000000,0.000000
0.7,11,engagement_g05_d0.0,3002,1373,0.457362,109.104326,59.204180,61.204180,61.204180,0.000000,0.000000
0.7,11,engagement_g05_d0.25,3002,1307,0.435376,109.162187,61.635545,63.635545,63.635545,0.000000,0.000000
0.7,11,engagement_g05_d0.5,3002,1269,0.422718,109.494432,63.209144,65.209144,65.209144,0.000000,0.000000
0.7,11,engagement_g05_d1.0,3002,1189,0.396069,109.970804,66.414746,68.414746,68.414746,0.000000,0.000000
0.7,11,engagement_g05_d2.0,3002,967,0.322119,109.932325,74.521080,76.521080,76.521080,0.000000,0.000000
0.7,11,engagement_g05_d5.0,3002,378,0.125916,109.552319,95.757923,97.757923,97.757923,0.000000,0.000000
0.7,11,engagement_g05_d10.0,3002,47,0.015656,104.275872,102.643305,104.643305,104.643305,0.000000,0.000000
0.7,11,oracle_a1,3002,1914,0.637575,39.657400,14.372835,16.372835,16.372835,0.000000,0.000000
0.7,12,static,3026,146,0.048249,102.484747,97.540010,99.540010,99.540010,0.000000,0.000000
0.7,12,nearest,3026,152,0.050231,114.921505,109.148845,111.148845,111.148845,0.000000,0.000000
0.7,12,naive_target_aware,3026,1531,0.505948,101.864569,50.326349,52.326349,52.326349,0.000000,0.000000
0.7,12,engagement_g00_d0.0,3026,1531,0.505948,101.864569,50.326349,52.326349,52.326349,0.000000,0.000000
0.7,12,engagement_g00_d0.25,3026,1373,0.453734,101.722714,55.567630,57.567630,57.567630,0.000000,0.000000
0.7,12,engagement_g00_d0.5,3026,1324,0.437541,101.761485,57.236632,59.236632,59.236632,0.000000,0.000000
0.7,12,engagement_g00_d1.0,3026,1214,0.401190,102.263139,61.236222,63.236222,63.236222,0.000000,0.000000
0.7,12,engagement_g00_d2.0,3026,1000,0.330469,103.642988,69.392166,71.392166,71.392166,0.000000,0.000000
0.7,12,engagement_g00_d5.0,3026,406,0.134171,104.207241,90.225701,92.225701,92.225701,0.000000,0.000000
0.7,12,engagement_g00_d10.0,3026,43,0.014210,97.348439,95.965100,97.965100,97.965100,0.000000,0.000000
0.7,12,engagement_g05_d0.0,3026,1389,0.459022,101.830147,55.087889,57.087889,57.087889,0.000000,0.000000
0.7,12,engagement_g05_d0.25,3026,1326,0.438202,101.892933,57.243221,59.243221,59.243221,0.000000,0.000000
0.7,12,engagement_g05_d0.5,3026,1288,0.425644,101.686594,58.404263,60.404263,60.404263,0.000000,0.000000
0.7,12,engagement_g05_d1.0,3026,1187,0.392267,101.823404,61.881441,63.881441,63.881441,0.000000,0.000000
0.7,12,engagement_g05_d2.0,3026,982,0.324521,103.455491,69.882030,71.882030,71.882030,0.000000,0.000000
0.7,12,engagement_g05_d5.0,3026,401,0.132518,104.179187,90.373552,92.373552,92.373552,0.000000,0.000000
0.7,12,engagement_g05_d10.0,3026,58,0.019167,93.179163,91.393178,93.393178,93.393178,0.000000,0.000000
0.7,12,oracle_a1,3026,1851,0.611699,34.572378,13.424503,15.424503,15.424503,0.000000,0.000000
0.7,13,static,3014,176,0.058394,99.220238,93.426355,95.426355,95.426355,0.000000,0.000000
0.7,13,nearest,3014,144,0.047777,104.901825,99.889927,101.889927,101.889927,0.000000,0.000000
0.7,13,naive_target_aware,3014,1530,0.507631,97.179608,47.848221,49.848221,49.848221,0.000000,0.000000
0.7,13,engagement_g00_d0.0,3014,1530,0.507631,97.179608,47.848221,49.848221,49.848221,0.000000,0.000000
0.7,13,engagement_g00_d0.25,3014,1384,0.459190,96.273197,52.065465,54.065465,54.065465,0.000000,0.000000
0.7,13,engagement_g00_d0.5,3014,1343,0.445587,96.362297,53.424485,55.424485,55.424485,0.000000,0.000000
0.7,13,engagement_g00_d1.0,3014,1249,0.414399,96.060477,56.253066,58.253066,58.253066,0.000000,0.000000
0.7,13,engagement_g00_d2.0,3014,1012,0.335766,95.787835,63.625496,65.625496,65.625496,0.000000,0.000000
0.7,13,engagement_g00_d5.0,3014,390,0.129396,95.382234,83.040140,85.040140,85.040140,0.000000,0.000000
0.7,13,engagement_g00_d10.0,3014,51,0.016921,92.613933,91.046809,93.046809,93.046809,0.000000,0.000000
0.7,13,engagement_g05_d0.0,3014,1412,0.468480,96.621562,51.356252,53.356252,53.356252,0.000000,0.000000
0.7,13,engagement_g05_d0.25,3014,1339,0.444260,96.363449,53.553012,55.553012,55.553012,0.000000,0.000000
0.7,13,engagement_g05_d0.5,3014,1307,0.433643,96.302906,54.541825,56.541825,56.541825,0.000000,0.000000
0.7,13,engagement_g05_d1.0,3014,1227,0.407100,95.865345,56.838544,58.838544,58.838544,0.000000,0.000000
0.7,13,engagement_g05_d2.0,3014,992,0.329131,95.427186,64.019167,66.019167,66.019167,0.000000,0.000000
0.7,13,engagement_g05_d5.0,3014,382,0.126742,94.138244,82.206987,84.206987,84.206987,0.000000,0.000000
0.7,13,engagement_g05_d10.0,3014,53,0.017585,100.743598,98.972062,100.972062,100.972062,0.000000,0.000000
0.7,13,oracle_a1,3014,1963,0.651294,38.376816,13.382228,15.382228,15.382228,0.000000,0.000000
0.7,14,static,3050,148,0.048525,106.302307,101.144031,103.144031,103.144031,0.000000,0.000000
0.7,14,nearest,3050,145,0.047541,115.011548,109.543786,111.543786,111.543786,0.000000,0.000000
0.7,14,naive_target_aware,3050,1537,0.503934,107.031778,53.094780,55.094780,55.094780,0.000000,0.000000
0.7,14,engagement_g00_d0.0,3050,1537,0.503934,107.031778,53.094780,55.094780,55.094780,0.000000,0.000000
0.7,14,engagement_g00_d0.25,3050,1362,0.446557,106.682743,59.042777,61.042777,61.042777,0.000000,0.000000
0.7,14,engagement_g00_d0.5,3050,1321,0.433115,106.482222,60.363201,62.363201,62.363201,0.000000,0.000000
0.7,14,engagement_g00_d1.0,3050,1226,0.401967,106.130112,63.469287,65.469287,65.469287,0.000000,0.000000
0.7,14,engagement_g00_d2.0,3050,1025,0.336066,105.029441,69.732662,71.732662,71.732662,0.000000,0.000000
0.7,14,engagement_g00_d5.0,3050,430,0.140984,105.193484,90.362927,92.362927,92.362927,0.000000,0.000000
0.7,14,engagement_g00_d10.0,3050,54,0.017705,113.587200,111.576148,113.576148,113.576148,0.000000,0.000000
0.7,14,engagement_g05_d0.0,3050,1423,0.466557,106.863062,57.005312,59.005312,59.005312,0.000000,0.000000
0.7,14,engagement_g05_d0.25,3050,1336,0.438033,106.349966,59.765194,61.765194,61.765194,0.000000,0.000000
0.7,14,engagement_g05_d0.5,3050,1296,0.424918,106.179588,61.061966,63.061966,63.061966,0.000000,0.000000
0.7,14,engagement_g05_d1.0,3050,1206,0.395410,106.015990,64.096225,66.096225,66.096225,0.000000,0.000000
0.7,14,engagement_g05_d2.0,3050,1019,0.334098,105.132080,70.007624,72.007624,72.007624,0.000000,0.000000
0.7,14,engagement_g05_d5.0,3050,422,0.138361,104.993256,90.466321,92.466321,92.466321,0.000000,0.000000
0.7,14,engagement_g05_d10.0,3050,77,0.025246,109.892614,107.118276,109.118276,109.118276,0.000000,0.000000
0.7,14,oracle_a1,3050,1923,0.630492,44.044352,16.274749,18.274749,18.274749,0.000000,0.000000
0.7,15,static,3022,154,0.050960,105.554025,100.175031,102.175031,102.175031,0.000000,0.000000
0.7,15,nearest,3022,155,0.051291,113.293806,107.482906,109.482906,109.482906,0.000000,0.000000
0.7,15,naive_target_aware,3022,1500,0.496360,105.532618,53.150445,55.150445,55.150445,0.000000,0.000000
0.7,15,engagement_g00_d0.0,3022,1500,0.496360,105.532618,53.150445,55.150445,55.150445,0.000000,0.000000
0.7,15,engagement_g00_d0.25,3022,1351,0.447055,105.703550,58.448257,60.448257,60.448257,0.000000,0.000000
0.7,15,engagement_g00_d0.5,3022,1294,0.428193,106.132453,60.687253,62.687253,62.687253,0.000000,0.000000
0.7,15,engagement_g00_d1.0,3022,1201,0.397419,105.229571,63.409348,65.409348,65.409348,0.000000,0.000000
0.7,15,engagement_g00_d2.0,3022,996,0.329583,104.537229,70.083529,72.083529,72.083529,0.000000,0.000000
0.7,15,engagement_g00_d5.0,3022,424,0.140304,105.277162,90.506309,92.506309,92.506309,0.000000,0.000000
0.7,15,engagement_g00_d10.0,3022,59,0.019523,117.594012,115.298166,117.298166,117.298166,0.000000,0.000000
0.7,15,engagement_g05_d0.0,3022,1370,0.453342,105.509148,57.677403,59.677403,59.677403,0.000000,0.000000
0.7,15,engagement_g05_d0.25,3022,1299,0.429848,105.600911,60.208594,62.208594,62.208594,0.000000,0.000000
0.7,15,engagement_g05_d0.5,3022,1255,0.415288,105.951757,61.951276,63.951276,63.951276,0.000000,0.000000
0.7,15,engagement_g05_d1.0,3022,1175,0.388815,105.287649,64.350194,66.350194,66.350194,0.000000,0.000000
0.7,15,engagement_g05_d2.0,3022,981,0.324619,104.486580,70.568203,72.568203,72.568203,0.000000,0.000000
0.7,15,engagement_g05_d5.0,3022,411,0.136003,105.883273,91.482868,93.482868,93.482868,0.000000,0.000000
0.7,15,engagement_g05_d10.0,3022,40,0.013236,111.376785,109.902572,111.902572,111.902572,0.000000,0.000000
0.7,15,oracle_a1,3022,1930,0.638650,42.506857,15.359857,17.359857,17.359857,0.000000,0.000000
0.7,16,static,3097,208,0.067162,94.057082,87.740042,89.740042,89.740042,0.000000,0.000000
0.7,16,nearest,3097,166,0.053600,98.172703,92.910621,94.910621,94.910621,0.000000,0.000000
0.7,16,naive_target_aware,3097,1618,0.522441,96.676674,46.168809,48.168809,48.168809,0.000000,0.000000
0.7,16,engagement_g00_d0.0,3097,1618,0.522441,96.676674,46.168809,48.168809,48.168809,0.000000,0.000000
0.7,16,engagement_g00_d0.25,3097,1454,0.469487,96.223039,51.047612,53.047612,53.047612,0.000000,0.000000
0.7,16,engagement_g00_d0.5,3097,1396,0.450759,96.224577,52.850502,54.850502,54.850502,0.000000,0.000000
0.7,16,engagement_g00_d1.0,3097,1274,0.411366,95.777763,56.378063,58.378063,58.378063,0.000000,0.000000
0.7,16,engagement_g00_d2.0,3097,1035,0.334194,95.672899,63.699554,65.699554,65.699554,0.000000,0.000000
0.7,16,engagement_g00_d5.0,3097,456,0.147239,97.067307,82.775188,84.775188,84.775188,0.000000,0.000000
0.7,16,engagement_g00_d10.0,3097,76,0.024540,92.548713,90.277579,92.277579,92.277579,0.000000,0.000000
0.7,16,engagement_g05_d0.0,3097,1493,0.482079,96.390056,49.922393,51.922393,51.922393,0.000000,0.000000
0.7,16,engagement_g05_d0.25,3097,1419,0.458185,96.147046,52.093879,54.093879,54.093879,0.000000,0.000000
0.7,16,engagement_g05_d0.5,3097,1370,0.442364,96.440627,53.778806,55.778806,55.778806,0.000000,0.000000
0.7,16,engagement_g05_d1.0,3097,1261,0.407168,95.926565,56.868315,58.868315,58.868315,0.000000,0.000000
0.7,16,engagement_g05_d2.0,3097,1028,0.331934,95.488524,63.792624,65.792624,65.792624,0.000000,0.000000
0.7,16,engagement_g05_d5.0,3097,449,0.144979,96.260254,82.304537,84.304537,84.304537,0.000000,0.000000
0.7,16,engagement_g05_d10.0,3097,82,0.026477,99.084418,96.460937,98.460937,98.460937,0.000000,0.000000
0.7,16,oracle_a1,3097,2002,0.646432,37.064860,13.104947,15.104947,15.104947,0.000000,0.000000
0.7,17,static,2945,137,0.046520,118.185525,112.687590,114.687590,114.687590,0.000000,0.000000
0.7,17,nearest,2945,124,0.042105,91.489683,87.637486,89.637486,89.637486,0.000000,0.000000
0.7,17,naive_target_aware,2945,1475,0.500849,105.760055,52.790248,54.790248,54.790248,0.000000,0.000000
0.7,17,engagement_g00_d0.0,2945,1475,0.500849,105.760055,52.790248,54.790248,54.790248,0.000000,0.000000
0.7,17,engagement_g00_d0.25,2945,1321,0.448557,106.484682,58.720245,60.720245,60.720245,0.000000,0.000000
0.7,17,engagement_g00_d0.5,2945,1276,0.433277,106.427144,60.314738,62.314738,62.314738,0.000000,0.000000
0.7,17,engagement_g00_d1.0,2945,1185,0.402377,107.003436,63.947724,65.947724,65.947724,0.000000,0.000000
0.7,17,engagement_g00_d2.0,2945,980,0.332767,108.281906,72.249217,74.249217,74.249217,0.000000,0.000000
0.7,17,engagement_g00_d5.0,2945,398,0.135144,109.479817,94.684243,96.684243,96.684243,0.000000,0.000000
0.7,17,engagement_g00_d10.0,2945,62,0.021053,93.526783,91.557799,93.557799,93.557799,0.000000,0.000000
0.7,17,engagement_g05_d0.0,2945,1355,0.460102,106.436792,57.465025,59.465025,59.465025,0.000000,0.000000
0.7,17,engagement_g05_d0.25,2945,1277,0.433616,106.712646,60.440303,62.440303,62.440303,0.000000,0.000000
0.7,17,engagement_g05_d0.5,2945,1244,0.422411,106.794709,61.683463,63.683463,63.683463,0.000000,0.000000
0.7,17,engagement_g05_d1.0,2945,1158,0.393209,107.279498,65.096252,67.096252,67.096252,0.000000,0.000000
0.7,17,engagement_g05_d2.0,2945,965,0.327674,108.404562,72.883203,74.883203,74.883203,0.000000,0.000000
0.7,17,engagement_g05_d5.0,2945,390,0.132428,109.296762,94.822827,96.822827,96.822827,0.000000,0.000000
0.7,17,engagement_g05_d10.0,2945,65,0.022071,94.199899,92.120784,94.120784,94.120784,0.000000,0.000000
0.7,17,oracle_a1,2945,1865,0.633277,38.144408,13.988442,15.988442,15.988442,0.000000,0.000000
0.7,18,static,3040,188,0.061842,106.706752,100.107781,102.107781,102.107781,0.000000,0.000000
0.7,18,nearest,3040,159,0.052303,105.254542,99.749452,101.749452,101.749452,0.000000,0.000000
0.7,18,naive_target_aware,3040,1563,0.514145,108.946719,52.932337,54.932337,54.932337,0.000000,0.000000
0.7,18,engagement_g00_d0.0,3040,1563,0.514145,108.946719,52.932337,54.932337,54.932337,0.000000,0.000000
0.7,18,engagement_g00_d0.25,3040,1415,0.465461,110.044962,58.823376,60.823376,60.823376,0.000000,0.000000
0.7,18,engagement_g00_d0.5,3040,1362,0.448026,109.818737,60.617053,62.617053,62.617053,0.000000,0.000000
0.7,18,engagement_g00_d1.0,3040,1250,0.411184,109.593115,64.530157,66.530157,66.530157,0.000000,0.000000
0.7,18,engagement_g00_d2.0,3040,1034,0.340132,110.588622,72.973940,74.973940,74.973940,0.000000,0.000000
0.7,18,engagement_g00_d5.0,3040,444,0.146053,110.878377,94.684298,96.684298,96.684298,0.000000,0.000000
0.7,18,engagement_g00_d10.0,3040,91,0.029934,109.942977,106.651920,108.651920,108.651920,0.000000,0.000000
0.7,18,engagement_g05_d0.0,3040,1438,0.473026,109.264221,57.579369,59.579369,59.579369,0.000000,0.000000
0.7,18,engagement_g05_d0.25,3040,1362,0.448026,109.888341,60.655472,62.655472,62.655472,0.000000,0.000000
0.7,18,engagement_g05_d0.5,3040,1322,0.434868,109.924174,62.121622,64.121622,64.121622,0.000000,0.000000
0.7,18,engagement_g05_d1.0,3040,1226,0.403289,109.532110,65.358963,67.358963,67.358963,0.000000,0.000000
0.7,18,engagement_g05_d2.0,3040,1025,0.337171,110.231939,73.064920,75.064920,75.064920,0.000000,0.000000
0.7,18,engagement_g05_d5.0,3040,438,0.144079,110.398903,94.492745,96.492745,96.492745,0.000000,0.000000
0.7,18,engagement_g05_d10.0,3040,91,0.029934,110.376043,107.072024,109.072024,109.072024,0.000000,0.000000
0.7,18,oracle_a1,3040,1921,0.631908,33.638443,12.382045,14.382045,14.382045,0.000000,0.000000
0.7,19,static,2979,151,0.050688,113.105871,107.372743,109.372743,109.372743,0.000000,0.000000
0.7,19,nearest,2979,137,0.045989,104.472196,99.667667,101.667667,101.667667,0.000000,0.000000
0.7,19,naive_target_aware,2979,1530,0.513595,115.892839,56.370837,58.370837,58.370837,0.000000,0.000000
0.7,19,engagement_g00_d0.0,2979,1530,0.513595,115.892839,56.370837,58.370837,58.370837,0.000000,0.000000
0.7,19,engagement_g00_d0.25,2979,1369,0.459550,117.201829,63.341707,65.341707,65.341707,0.000000,0.000000
0.7,19,engagement_g00_d0.5,2979,1317,0.442095,117.403050,65.499788,67.499788,67.499788,0.000000,0.000000
0.7,19,engagement_g00_d1.0,2979,1210,0.406177,117.750523,69.923020,71.923020,71.923020,0.000000,0.000000
0.7,19,engagement_g00_d2.0,2979,989,0.331991,119.154592,79.596387,81.596387,81.596387,0.000000,0.000000
0.7,19,engagement_g00_d5.0,2979,414,0.138973,121.632855,104.729195,106.729195,106.729195,0.000000,0.000000
0.7,19,engagement_g00_d10.0,2979,61,0.020477,105.860672,103.692998,105.692998,105.692998,0.000000,0.000000
0.7,19,engagement_g05_d0.0,2979,1391,0.466935,117.619155,62.698630,64.698630,64.698630,0.000000,0.000000
0.7,19,engagement_g05_d0.25,2979,1321,0.443437,117.539071,65.417851,67.417851,67.417851,0.000000,0.000000
0.7,19,engagement_g05_d0.5,2979,1283,0.430681,117.621738,66.964239,68.964239,68.964239,0.000000,0.000000
0.7,19,engagement_g05_d1.0,2979,1191,0.399799,117.834390,70.724367,72.724367,72.724367,0.000000,0.000000
0.7,19,engagement_g05_d2.0,2979,981,0.329305,119.191949,79.941428,81.941428,81.941428,0.000000,0.000000
0.7,19,engagement_g05_d5.0,2979,414,0.138973,121.700409,104.787361,106.787361,106.787361,0.000000,0.000000
0.7,19,engagement_g05_d10.0,2979,62,0.020812,106.407532,104.192941,106.192941,106.192941,0.000000,0.000000
0.7,19,oracle_a1,2979,1869,0.627392,34.272081,12.770060,14.770060,14.770060,0.000000,0.000000
0.7,20,static,3045,169,0.055501,110.136172,104.023524,106.023524,106.023524,0.000000,0.000000
0.7,20,nearest,3045,173,0.056814,108.841294,102.657535,104.657535,104.657535,0.000000,0.000000
0.7,20,naive_target_aware,3045,1525,0.500821,105.683007,52.754736,54.754736,54.754736,0.000000,0.000000
0.7,20,engagement_g00_d0.0,3045,1525,0.500821,105.683007,52.754736,54.754736,54.754736,0.000000,0.000000
0.7,20,engagement_g00_d0.25,3045,1370,0.449918,105.701853,58.144697,60.144697,60.144697,0.000000,0.000000
0.7,20,engagement_g00_d0.5,3045,1322,0.434154,105.726757,59.825025,61.825025,61.825025,0.000000,0.000000
0.7,20,engagement_g00_d1.0,3045,1227,0.402956,105.799990,63.167285,65.167285,65.167285,0.000000,0.000000
0.7,20,engagement_g00_d2.0,3045,985,0.323481,105.933793,71.666211,73.666211,73.666211,0.000000,0.000000
0.7,20,engagement_g00_d5.0,3045,412,0.135304,105.950169,91.614711,93.614711,93.614711,0.000000,0.000000
0.7,20,engagement_g00_d10.0,3045,48,0.015764,100.570299,98.984955,100.984955,100.984955,0.000000,0.000000
0.7,20,engagement_g05_d0.0,3045,1394,0.457800,106.065378,57.508683,59.508683,59.508683,0.000000,0.000000
0.7,20,engagement_g05_d0.25,3045,1315,0.431856,106.056489,60.255411,62.255411,62.255411,0.000000,0.000000
0.7,20,engagement_g05_d0.5,3045,1280,0.420361,106.168838,61.539573,63.539573,63.539573,0.000000,0.000000
0.7,20,engagement_g05_d1.0,3045,1200,0.394089,105.907046,64.170279,66.170279,66.170279,0.000000,0.000000
0.7,20,engagement_g05_d2.0,3045,967,0.317570,105.760253,72.173992,74.173992,74.173992,0.000000,0.000000
0.7,20,engagement_g05_d5.0,3045,396,0.130049,105.709258,91.961847,93.961847,93.961847,0.000000,0.000000
0.7,20,engagement_g05_d10.0,3045,63,0.020690,98.876918,96.831189,98.831189,98.831189,0.000000,0.000000
0.7,20,oracle_a1,3045,1989,0.653202,43.596920,15.119326,17.119326,17.119326,0.000000,0.000000
0.7,21,static,3058,174,0.056900,115.481462,108.910574,110.910574,110.910574,0.000000,0.000000
0.7,21,nearest,3058,141,0.046109,100.708175,96.064665,98.064665,98.064665,0.000000,0.000000
0.7,21,naive_target_aware,3058,1587,0.518967,112.277764,54.009350,56.009350,56.009350,0.000000,0.000000
0.7,21,engagement_g00_d0.0,3058,1587,0.518967,112.277764,54.009350,56.009350,56.009350,0.000000,0.000000
0.7,21,engagement_g00_d0.25,3058,1439,0.470569,112.717761,59.676277,61.676277,61.676277,0.000000,0.000000
0.7,21,engagement_g00_d0.5,3058,1386,0.453237,113.043301,61.807848,63.807848,63.807848,0.000000,0.000000
0.7,21,engagement_g00_d1.0,3058,1274,0.416612,113.475554,66.200258,68.200258,68.200258,0.000000,0.000000
0.7,21,engagement_g00_d2.0,3058,1071,0.350229,113.820677,73.957386,75.957386,75.957386,0.000000,0.000000
0.7,21,engagement_g00_d5.0,3058,450,0.147155,116.718437,99.542735,101.542735,101.542735,0.000000,0.000000
0.7,21,engagement_g00_d10.0,3058,65,0.021256,110.252001,107.908515,109.908515,109.908515,0.000000,0.000000
0.7,21,engagement_g05_d0.0,3058,1481,0.484303,112.405157,57.966950,59.966950,59.966950,0.000000,0.000000
0.7,21,engagement_g05_d0.25,3058,1400,0.457816,112.713543,61.111529,63.111529,63.111529,0.000000,0.000000
0.7,21,engagement_g05_d0.5,3058,1351,0.441792,113.160770,63.167245,65.167245,65.167245,0.000000,0.000000
0.7,21,engagement_g05_d1.0,3058,1253,0.409745,113.278114,66.862981,68.862981,68.862981,0.000000,0.000000
0.7,21,engagement_g05_d2.0,3058,1060,0.346632,113.538134,74.182208,76.182208,76.182208,0.000000,0.000000
0.7,21,engagement_g05_d5.0,3058,436,0.142577,116.168297,99.605388,101.605388,101.605388,0.000000,0.000000
0.7,21,engagement_g05_d10.0,3058,67,0.021910,107.539991,105.183817,107.183817,107.183817,0.000000,0.000000
0.7,21,oracle_a1,3058,1967,0.643231,38.983501,13.908110,15.908110,15.908110,0.000000,0.000000
0.7,22,static,3009,152,0.050515,102.509718,97.331427,99.331427,99.331427,0.000000,0.000000
0.7,22,nearest,3009,145,0.048189,102.340334,97.408680,99.408680,99.408680,0.000000,0.000000
0.7,22,naive_target_aware,3009,1533,0.509472,108.126433,53.039088,55.039088,55.039088,0.000000,0.000000
0.7,22,engagement_g00_d0.0,3009,1533,0.509472,108.126433,53.039088,55.039088,55.039088,0.000000,0.000000
0.7,22,engagement_g00_d0.25,3009,1391,0.462280,107.837442,57.986368,59.986368,59.986368,0.000000,0.000000
0.7,22,engagement_g00_d0.5,3009,1333,0.443004,107.595784,59.930387,61.930387,61.930387,0.000000,0.000000
0.7,22,engagement_g00_d1.0,3009,1232,0.409438,106.997729,63.188755,65.188755,65.188755,0.000000,0.000000
0.7,22,engagement_g00_d2.0,3009,1023,0.339980,107.475439,70.935933,72.935933,72.935933,0.000000,0.000000
0.7,22,engagement_g00_d5.0,3009,458,0.152210,106.485609,90.277430,92.277430,92.277430,0.000000,0.000000
0.7,22,engagement_g00_d10.0,3009,41,0.013626,97.732786,96.401100,98.401100,98.401100,0.000000,0.000000
0.7,22,engagement_g05_d0.0,3009,1409,0.468262,107.667358,57.250838,59.250838,59.250838,0.000000,0.000000
0.7,22,engagement_g05_d0.25,3009,1337,0.444334,107.770643,59.884518,61.884518,61.884518,0.000000,0.000000
0.7,22,engagement_g05_d0.5,3009,1296,0.430708,107.670379,61.295899,63.295899,63.295899,0.000000,0.000000
0.7,22,engagement_g05_d1.0,3009,1206,0.400798,107.264863,64.273363,66.273363,66.273363,0.000000,0.000000
0.7,22,engagement_g05_d2.0,3009,998,0.331672,107.729976,71.998997,73.998997,73.998997,0.000000,0.000000
0.7,22,engagement_g05_d5.0,3009,453,0.150548,106.569513,90.525648,92.525648,92.525648,0.000000,0.000000
0.7,22,engagement_g05_d10.0,3009,45,0.014955,102.927732,101.388434,103.388434,103.388434,0.000000,0.000000
0.7,22,oracle_a1,3009,1860,0.618146,35.710780,13.636320,15.636320,15.636320,0.000000,0.000000
0.7,23,static,3060,132,0.043137,105.797695,101.233873,103.233873,103.233873,0.000000,0.000000
0.7,23,nearest,3060,176,0.057516,96.619441,91.062244,93.062244,93.062244,0.000000,0.000000
0.7,23,naive_target_aware,3060,1533,0.500980,100.755489,50.278965,52.278965,52.278965,0.000000,0.000000
0.7,23,engagement_g00_d0.0,3060,1533,0.500980,100.755489,50.278965,52.278965,52.278965,0.000000,0.000000
0.7,23,engagement_g00_d0.25,3060,1374,0.449020,100.999329,55.648650,57.648650,57.648650,0.000000,0.000000
0.7,23,engagement_g00_d0.5,3060,1320,0.431373,100.822975,57.330711,59.330711,59.330711,0.000000,0.000000
0.7,23,engagement_g00_d1.0,3060,1187,0.387908,100.841790,61.724403,63.724403,63.724403,0.000000,0.000000
0.7,23,engagement_g00_d2.0,3060,983,0.321242,100.272962,68.061092,70.061092,70.061092,0.000000,0.000000
0.7,23,engagement_g00_d5.0,3060,400,0.130719,101.174309,87.948909,89.948909,89.948909,0.000000,0.000000
0.7,23,engagement_g00_d10.0,3060,39,0.012745,103.665310,102.344085,104.344085,104.344085,0.000000,0.000000
0.7,23,engagement_g05_d0.0,3060,1381,0.451307,101.668035,55.784520,57.784520,57.784520,0.000000,0.000000
0.7,23,engagement_g05_d0.25,3060,1319,0.431046,101.503505,57.750851,59.750851,59.750851,0.000000,0.000000
0.7,23,engagement_g05_d0.5,3060,1270,0.415033,101.263214,59.235671,61.235671,61.235671,0.000000,0.000000
0.7,23,engagement_g05_d1.0,3060,1155,0.377451,101.010982,62.884288,64.884288,64.884288,0.000000,0.000000
0.7,23,engagement_g05_d2.0,3060,958,0.313072,100.312619,68.907557,70.907557,70.907557,0.000000,0.000000
0.7,23,engagement_g05_d5.0,3060,389,0.127124,101.812525,88.869691,90.869691,90.869691,0.000000,0.000000
0.7,23,engagement_g05_d10.0,3060,44,0.014379,103.775308,102.283114,104.283114,104.283114,0.000000,0.000000
0.7,23,oracle_a1,3060,1984,0.648366,39.029435,13.724076,15.724076,15.724076,0.000000,0.000000
0.7,24,static,2894,128,0.044229,101.746950,97.246739,99.246739,99.246739,0.000000,0.000000
0.7,24,nearest,2894,111,0.038355,98.934632,95.139972,97.139972,97.139972,0.000000,0.000000
0.7,24,naive_target_aware,2894,1432,0.494817,107.391076,54.252161,56.252161,56.252161,0.000000,0.000000
0.7,24,engagement_g00_d0.0,2894,1432,0.494817,107.391076,54.252161,56.252161,56.252161,0.000000,0.000000
0.7,24,engagement_g00_d0.25,2894,1278,0.441603,107.606405,60.087060,62.087060,62.087060,0.000000,0.000000
0.7,24,engagement_g00_d0.5,2894,1221,0.421907,108.035030,62.454252,64.454252,64.454252,0.000000,0.000000
0.7,24,engagement_g00_d1.0,2894,1104,0.381479,108.357289,67.021267,69.021267,69.021267,0.000000,0.000000
0.7,24,engagement_g00_d2.0,2894,918,0.317208,108.391435,74.008803,76.008803,76.008803,0.000000,0.000000
0.7,24,engagement_g00_d5.0,2894,373,0.128887,109.145890,95.078365,97.078365,97.078365,0.000000,0.000000
0.7,24,engagement_g00_d10.0,2894,45,0.015549,104.576981,102.950870,104.950870,104.950870,0.000000,0.000000
0.7,24,engagement_g05_d0.0,2894,1293,0.446786,107.236049,59.324435,61.324435,61.324435,0.000000,0.000000
0.7,24,engagement_g05_d0.25,2894,1224,0.422944,107.132142,61.821243,63.821243,63.821243,0.000000,0.000000
0.7,24,engagement_g05_d0.5,2894,1185,0.409468,107.641399,63.565705,65.565705,65.565705,0.000000,0.000000
0.7,24,engagement_g05_d1.0,2894,1080,0.373186,107.865333,67.611512,69.611512,69.611512,0.000000,0.000000
0.7,24,engagement_g05_d2.0,2894,899,0.310643,107.897237,74.379747,76.379747,76.379747,0.000000,0.000000
0.7,24,engagement_g05_d5.0,2894,363,0.125432,109.597832,95.850764,97.850764,97.850764,0.000000,0.000000
0.7,24,engagement_g05_d10.0,2894,54,0.018659,102.889554,100.969707,102.969707,102.969707,0.000000,0.000000
0.7,24,oracle_a1,2894,1881,0.649965,44.507607,15.579200,17.579200,17.579200,0.000000,0.000000
0.7,25,static,2903,122,0.042025,98.757982,94.607629,96.607629,96.607629,0.000000,0.000000
0.7,25,nearest,2903,114,0.039270,96.001326,92.231380,94.231380,94.231380,0.000000,0.000000
0.7,25,naive_target_aware,2903,1458,0.502239,107.631971,53.574991,55.574991,55.574991,0.000000,0.000000
0.7,25,engagement_g00_d0.0,2903,1458,0.502239,107.631971,53.574991,55.574991,55.574991,0.000000,0.000000
0.7,25,engagement_g00_d0.25,2903,1296,0.446435,108.197840,59.894567,61.894567,61.894567,0.000000,0.000000
0.7,25,engagement_g00_d0.5,2903,1262,0.434723,107.989699,61.044125,63.044125,63.044125,0.000000,0.000000
0.7,25,engagement_g00_d1.0,2903,1164,0.400965,108.480777,64.983835,66.983835,66.983835,0.000000,0.000000
0.7,25,engagement_g00_d2.0,2903,978,0.336893,109.405419,72.547514,74.547514,74.547514,0.000000,0.000000
0.7,25,engagement_g00_d5.0,2903,381,0.131244,109.208083,94.875228,96.875228,96.875228,0.000000,0.000000
0.7,25,engagement_g00_d10.0,2903,63,0.021702,103.977147,101.720668,103.720668,103.720668,0.000000,0.000000
0.7,25,engagement_g05_d0.0,2903,1330,0.458147,107.705178,58.360401,60.360401,60.360401,0.000000,0.000000
0.7,25,engagement_g05_d0.25,2903,1249,0.430245,107.818993,61.430456,63.430456,63.430456,0.000000,0.000000
0.7,25,engagement_g05_d0.5,2903,1220,0.420255,107.518434,62.333284,64.333284,64.333284,0.000000,0.000000
0.7,25,engagement_g05_d1.0,2903,1142,0.393386,107.687536,65.324751,67.324751,67.324751,0.000000,0.000000
0.7,25,engagement_g05_d2.0,2903,970,0.334137,108.646917,72.343951,74.343951,74.343951,0.000000,0.000000
0.7,25,engagement_g05_d5.0,2903,378,0.130210,109.749027,95.458592,97.458592,97.458592,0.000000,0.000000
0.7,25,engagement_g05_d10.0,2903,64,0.022046,96.622364,94.492212,96.492212,96.492212,0.000000,0.000000
0.7,25,oracle_a1,2903,1869,0.643817,39.679900,14.133316,16.133316,16.133316,0.000000,0.000000
0.7,26,static,3057,155,0.050703,112.314830,106.620097,108.620097,108.620097,0.000000,0.000000
0.7,26,nearest,3057,147,0.048086,115.061913,109.529004,111.529004,111.529004,0.000000,0.000000
0.7,26,naive_target_aware,3057,1577,0.515865,109.685578,53.102602,55.102602,55.102602,0.000000,0.000000
0.7,26,engagement_g00_d0.0,3057,1577,0.515865,109.685578,53.102602,55.102602,55.102602,0.000000,0.000000
0.7,26,engagement_g00_d0.25,3057,1433,0.468760,109.604554,58.226299,60.226299,60.226299,0.000000,0.000000
0.7,26,engagement_g00_d0.5,3057,1374,0.449460,109.625717,60.353314,62.353314,62.353314,0.000000,0.000000
0.7,26,engagement_g00_d1.0,3057,1263,0.413150,109.279586,64.130709,66.130709,66.130709,0.000000,0.000000
0.7,26,engagement_g00_d2.0,3057,1066,0.348708,108.358533,70.573059,72.573059,72.573059,0.000000,0.000000
0.7,26,engagement_g00_d5.0,3057,447,0.146222,108.281883,92.448713,94.448713,94.448713,0.000000,0.000000
0.7,26,engagement_g00_d10.0,3057,41,0.013412,108.906589,107.445951,109.445951,109.445951,0.000000,0.000000
0.7,26,engagement_g05_d0.0,3057,1477,0.483153,109.182036,56.430362,58.430362,58.430362,0.000000,0.000000
0.7,26,engagement_g05_d0.25,3057,1399,0.457638,108.947618,59.089026,61.089026,61.089026,0.000000,0.000000
0.7,26,engagement_g05_d0.5,3057,1353,0.442591,109.199997,60.869086,62.869086,62.869086,0.000000,0.000000
0.7,26,engagement_g05_d1.0,3057,1253,0.409879,108.823220,64.218871,66.218871,66.218871,0.000000,0.000000
0.7,26,engagement_g05_d2.0,3057,1056,0.345437,108.552594,71.054544,73.054544,73.054544,0.000000,0.000000
0.7,26,engagement_g05_d5.0,3057,444,0.145240,107.932050,92.255953,94.255953,94.255953,0.000000,0.000000
0.7,26,engagement_g05_d10.0,3057,38,0.012430,111.472662,110.087002,112.087002,112.087002,0.000000,0.000000
0.7,26,oracle_a1,3057,1978,0.647040,39.688569,14.008494,16.008494,16.008494,0.000000,0.000000
0.7,27,static,2968,119,0.040094,106.562600,102.290043,104.290043,104.290043,0.000000,0.000000
0.7,27,nearest,2968,198,0.066712,108.112917,100.900532,102.900532,102.900532,0.000000,0.000000
0.7,27,naive_target_aware,2968,1470,0.495283,109.044625,55.036674,57.036674,57.036674,0.000000,0.000000
0.7,27,engagement_g00_d0.0,2968,1470,0.495283,109.044625,55.036674,57.036674,57.036674,0.000000,0.000000
0.7,27,engagement_g00_d0.25,2968,1311,0.441712,108.913593,60.805197,62.805197,62.805197,0.000000,0.000000
0.7,27,engagement_g00_d0.5,2968,1262,0.425202,108.657827,62.456284,64.456284,64.456284,0.000000,0.000000
0.7,27,engagement_g00_d1.0,2968,1149,0.387129,108.890333,66.735686,68.735686,68.735686,0.000000,0.000000
0.7,27,engagement_g00_d2.0,2968,948,0.319407,108.720973,73.994732,75.994732,75.994732,0.000000,0.000000
0.7,27,engagement_g00_d5.0,2968,388,0.130728,109.762044,95.413098,97.413098,97.413098,0.000000,0.000000
0.7,27,engagement_g00_d10.0,2968,54,0.018194,100.000772,98.181351,100.181351,100.181351,0.000000,0.000000
0.7,27,engagement_g05_d0.0,2968,1349,0.454515,109.360753,59.654669,61.654669,61.654669,0.000000,0.000000
0.7,27,engagement_g05_d0.25,2968,1267,0.426887,109.222892,62.597082,64.597082,64.597082,0.000000,0.000000
0.7,27,engagement_g05_d0.5,2968,1228,0.413747,108.865460,63.822743,65.822743,65.822743,0.000000,0.000000
0.7,27,engagement_g05_d1.0,2968,1129,0.380391,108.914853,67.484641,69.484641,69.484641,0.000000,0.000000
0.7,27,engagement_g05_d2.0,2968,941,0.317049,108.707083,74.241663,76.241663,76.241663,0.000000,0.000000
0.7,27,engagement_g05_d5.0,2968,382,0.128706,109.622412,95.513328,97.513328,97.513328,0.000000,0.000000
0.7,27,engagement_g05_d10.0,2968,60,0.020216,94.449939,92.540573,94.540573,94.540573,0.000000,0.000000
0.7,27,oracle_a1,2968,1894,0.638140,41.360199,14.966595,16.966595,16.966595,0.000000,0.000000
0.7,28,static,3014,117,0.038819,117.005561,112.463540,114.463540,114.463540,0.000000,0.000000
0.7,28,nearest,3014,167,0.055408,113.554402,107.262568,109.262568,109.262568,0.000000,0.000000
0.7,28,naive_target_aware,3014,1535,0.509290,108.949017,53.462374,55.462374,55.462374,0.000000,0.000000
0.7,28,engagement_g00_d0.0,3014,1535,0.509290,108.949017,53.462374,55.462374,55.462374,0.000000,0.000000
0.7,28,engagement_g00_d0.25,3014,1357,0.450232,109.704872,60.312201,62.312201,62.312201,0.000000,0.000000
0.7,28,engagement_g00_d0.5,3014,1305,0.432979,109.730749,62.219592,64.219592,64.219592,0.000000,0.000000
0.7,28,engagement_g00_d1.0,3014,1195,0.396483,109.360940,66.001178,68.001178,68.001178,0.000000,0.000000
0.7,28,engagement_g00_d2.0,3014,1018,0.337757,109.946831,72.811505,74.811505,74.811505,0.000000,0.000000
0.7,28,engagement_g00_d5.0,3014,429,0.142336,111.005214,95.205202,97.205202,97.205202,0.000000,0.000000
0.7,28,engagement_g00_d10.0,3014,50,0.016589,103.289060,101.575572,103.575572,103.575572,0.000000,0.000000
0.7,28,engagement_g05_d0.0,3014,1409,0.467485,109.608746,58.368294,60.368294,60.368294,0.000000,0.000000
0.7,28,engagement_g05_d0.25,3014,1317,0.436961,110.013330,61.941812,63.941812,63.941812,0.000000,0.000000
0.7,28,engagement_g05_d0.5,3014,1275,0.423026,109.922291,63.422317,65.422317,65.422317,0.000000,0.000000
0.7,28,engagement_g05_d1.0,3014,1176,0.390179,109.805845,66.961892,68.961892,68.961892,0.000000,0.000000
0.7,28,engagement_g05_d2.0,3014,997,0.330790,110.442383,73.909186,75.909186,75.909186,0.000000,0.000000
0.7,28,engagement_g05_d5.0,3014,422,0.140013,112.485708,96.736216,98.736216,98.736216,0.000000,0.000000
0.7,28,engagement_g05_d10.0,3014,52,0.017253,103.496267,101.710664,103.710664,103.710664,0.000000,0.000000
0.7,28,oracle_a1,3014,1854,0.615129,34.381854,13.232565,15.232565,15.232565,0.000000,0.000000
0.7,29,static,3063,160,0.052236,96.853615,91.794334,93.794334,93.794334,0.000000,0.000000
0.7,29,nearest,3063,190,0.062031,97.620310,91.564855,93.564855,93.564855,0.000000,0.000000
0.7,29,naive_target_aware,3063,1562,0.509958,99.211119,48.617659,50.617659,50.617659,0.000000,0.000000
0.7,29,engagement_g00_d0.0,3063,1562,0.509958,99.211119,48.617659,50.617659,50.617659,0.000000,0.000000
0.7,29,engagement_g00_d0.25,3063,1422,0.464251,99.130281,53.108975,55.108975,55.108975,0.000000,0.000000
0.7,29,engagement_g00_d0.5,3063,1373,0.448253,99.258277,54.765422,56.765422,56.765422,0.000000,0.000000
0.7,29,engagement_g00_d1.0,3063,1243,0.405811,99.287065,58.995252,60.995252,60.995252,0.000000,0.000000
0.7,29,engagement_g00_d2.0,3063,1047,0.341822,99.548859,65.520895,67.520895,67.520895,0.000000,0.000000
0.7,29,engagement_g00_d5.0,3063,422,0.137773,99.916016,86.150245,88.150245,88.150245,0.000000,0.000000
0.7,29,engagement_g00_d10.0,3063,46,0.015018,97.816045,96.347048,98.347048,98.347048,0.000000,0.000000
0.7,29,engagement_g05_d0.0,3063,1441,0.470454,98.202983,52.003016,54.003016,54.003016,0.000000,0.000000
0.7,29,engagement_g05_d0.25,3063,1372,0.447927,98.474154,54.364934,56.364934,56.364934,0.000000,0.000000
0.7,29,engagement_g05_d0.5,3063,1332,0.434868,98.891681,55.886875,57.886875,57.886875,0.000000,0.000000
0.7,29,engagement_g05_d1.0,3063,1218,0.397649,99.022254,59.646118,61.646118,61.646118,0.000000,0.000000
0.7,29,engagement_g05_d2.0,3063,1036,0.338230,99.618640,65.924578,67.924578,67.924578,0.000000,0.000000
0.7,29,engagement_g05_d5.0,3063,415,0.135488,99.983677,86.437080,88.437080,88.437080,0.000000,0.000000
0.7,29,engagement_g05_d10.0,3063,46,0.015018,96.389044,94.941478,96.941478,96.941478,0.000000,0.000000
0.7,29,oracle_a1,3063,1955,0.638263,36.824093,13.320632,15.320632,15.320632,0.000000,0.000000
0.7,30,static,2933,128,0.043641,105.924358,101.301679,103.301679,103.301679,0.000000,0.000000
0.7,30,nearest,2933,179,0.061030,101.976167,95.752596,97.752596,97.752596,0.000000,0.000000
0.7,30,naive_target_aware,2933,1481,0.504944,115.356992,57.108201,59.108201,59.108201,0.000000,0.000000
0.7,30,engagement_g00_d0.0,2933,1481,0.504944,115.356992,57.108201,59.108201,59.108201,0.000000,0.000000
0.7,30,engagement_g00_d0.25,2933,1323,0.451074,115.829707,63.581940,65.581940,65.581940,0.000000,0.000000
0.7,30,engagement_g00_d0.5,2933,1270,0.433004,115.915430,65.723614,67.723614,67.723614,0.000000,0.000000
0.7,30,engagement_g00_d1.0,2933,1172,0.399591,115.499445,69.346922,71.346922,71.346922,0.000000,0.000000
0.7,30,engagement_g00_d2.0,2933,984,0.335493,116.046669,77.113862,79.113862,79.113862,0.000000,0.000000
0.7,30,engagement_g00_d5.0,2933,363,0.123764,118.731465,104.036777,106.036777,106.036777,0.000000,0.000000
0.7,30,engagement_g00_d10.0,2933,34,0.011592,116.478370,115.128126,117.128126,117.128126,0.000000,0.000000
0.7,30,engagement_g05_d0.0,2933,1360,0.463689,115.775089,62.091447,64.091447,64.091447,0.000000,0.000000
0.7,30,engagement_g05_d0.25,2933,1274,0.434368,116.706033,66.012720,68.012720,68.012720,0.000000,0.000000
0.7,30,engagement_g05_d0.5,2933,1231,0.419707,116.743325,67.745359,69.745359,69.745359,0.000000,0.000000
0.7,30,engagement_g05_d1.0,2933,1149,0.391749,116.512837,70.869042,72.869042,72.869042,0.000000,0.000000
0.7,30,engagement_g05_d2.0,2933,970,0.330719,117.012704,78.314333,80.314333,80.314333,0.000000,0.000000
0.7,30,engagement_g05_d5.0,2933,361,0.123082,118.427954,103.851585,105.851585,105.851585,0.000000,0.000000
0.7,30,engagement_g05_d10.0,2933,40,0.013638,116.502371,114.913522,116.913522,116.913522,0.000000,0.000000
0.7,30,oracle_a1,2933,1944,0.662803,48.942135,16.503161,18.503161,18.503161,0.000000,0.000000
0.6,1,static,3072,149,0.048503,95.662237,91.022369,93.022369,93.022369,0.000000,0.000000
0.6,1,nearest,3072,154,0.050130,97.756782,92.856214,94.856214,94.856214,0.000000,0.000000
0.6,1,naive_target_aware,3072,1307,0.425456,94.021361,54.019434,56.019434,56.019434,0.000000,0.000000
0.6,1,engagement_g00_d0.0,3072,1307,0.425456,94.021361,54.019434,56.019434,56.019434,0.000000,0.000000
0.6,1,engagement_g00_d0.25,3072,1188,0.386719,93.507904,57.346644,59.346644,59.346644,0.000000,0.000000
0.6,1,engagement_g00_d0.5,3072,1144,0.372396,93.176379,58.477884,60.477884,60.477884,0.000000,0.000000
0.6,1,engagement_g00_d1.0,3072,1054,0.343099,91.679583,60.224413,62.224413,62.224413,0.000000,0.000000
0.6,1,engagement_g00_d2.0,3072,856,0.278646,90.740888,65.456317,67.456317,67.456317,0.000000,0.000000
0.6,1,engagement_g00_d5.0,3072,370,0.120443,89.938843,79.106365,81.106365,81.106365,0.000000,0.000000
0.6,1,engagement_g00_d10.0,3072,63,0.020508,92.289828,90.397166,92.397166,92.397166,0.000000,0.000000
0.6,1,engagement_g05_d0.0,3072,1111,0.361654,92.908905,59.308061,61.308061,61.308061,0.000000,0.000000
0.6,1,engagement_g05_d0.25,3072,1082,0.352214,92.907049,60.183928,62.183928,62.183928,0.000000,0.000000
0.6,1,engagement_g05_d0.5,3072,1056,0.343750,92.809556,60.906271,62.906271,62.906271,0.000000,0.000000
0.6,1,engagement_g05_d1.0,3072,993,0.323242,92.544027,62.629893,64.629893,64.629893,0.000000,0.000000
0.6,1,engagement_g05_d2.0,3072,827,0.269206,92.353443,67.491367,69.491367,69.491367,0.000000,0.000000
0.6,1,engagement_g05_d5.0,3072,354,0.115234,90.462278,80.037914,82.037914,82.037914,0.000000,0.000000
0.6,1,engagement_g05_d10.0,3072,81,0.026367,98.149451,95.561526,97.561526,97.561526,0.000000,0.000000
0.6,1,oracle_a1,3072,1630,0.530599,34.618214,16.249826,18.249826,18.249826,0.000000,0.000000
0.6,2,static,3076,162,0.052666,100.493833,95.201245,97.201245,97.201245,0.000000,0.000000
0.6,2,nearest,3076,141,0.045839,90.713041,86.554868,88.554868,88.554868,0.000000,0.000000
0.6,2,naive_target_aware,3076,1337,0.434655,107.302796,60.663056,62.663056,62.663056,0.000000,0.000000
0.6,2,engagement_g00_d0.0,3076,1337,0.434655,107.302796,60.663056,62.663056,62.663056,0.000000,0.000000
0.6,2,engagement_g00_d0.25,3076,1196,0.388817,107.812890,65.893444,67.893444,67.893444,0.000000,0.000000
0.6,2,engagement_g00_d0.5,3076,1141,0.370936,108.076113,67.986762,69.986762,69.986762,0.000000,0.000000
0.6,2,engagement_g00_d1.0,3076,1039,0.337776,107.453411,71.158192,73.158192,73.158192,0.000000,0.000000
0.6,2,engagement_g00_d2.0,3076,858,0.278934,108.115382,77.958361,79.958361,79.958361,0.000000,0.000000
0.6,2,engagement_g00_d5.0,3076,380,0.123537,110.411444,96.771539,98.771539,98.771539,0.000000,0.000000
0.6,2,engagement_g00_d10.0,3076,71,0.023082,109.226284,106.705132,108.705132,108.705132,0.000000,0.000000
0.6,2,engagement_g05_d0.0,3076,1147,0.372887,108.357374,67.952332,69.952332,69.952332,0.000000,0.000000
0.6,2,engagement_g05_d0.25,3076,1099,0.357282,108.429423,69.689522,71.689522,71.689522,0.000000,0.000000
0.6,2,engagement_g05_d0.5,3076,1061,0.344928,108.387016,71.001247,73.001247,73.001247,0.000000,0.000000
0.6,2,engagement_g05_d1.0,3076,988,0.321196,107.797542,73.173364,75.173364,75.173364,0.000000,0.000000
0.6,2,engagement_g05_d2.0,3076,829,0.269506,108.060273,78.937397,80.937397,80.937397,0.000000,0.000000
0.6,2,engagement_g05_d5.0,3076,363,0.118010,109.212862,96.324608,98.324608,98.324608,0.000000,0.000000
0.6,2,engagement_g05_d10.0,3076,92,0.029909,106.958490,103.759472,105.759472,105.759472,0.000000,0.000000
0.6,2,oracle_a1,3076,1617,0.525683,36.163257,17.152858,19.152858,19.152858,0.000000,0.000000
0.6,3,static,2993,135,0.045105,98.544548,94.099672,96.099672,96.099672,0.000000,0.000000
0.6,3,nearest,2993,160,0.053458,93.682206,88.674136,90.674136,90.674136,0.000000,0.000000
0.6,3,naive_target_aware,2993,1243,0.415302,102.900785,60.165845,62.165845,62.165845,0.000000,0.000000
0.6,3,engagement_g00_d0.0,2993,1243,0.415302,102.900785,60.165845,62.165845,62.165845,0.000000,0.000000
0.6,3,engagement_g00_d0.25,2993,1130,0.377548,103.060948,64.150533,66.150533,66.150533,0.000000,0.000000
0.6,3,engagement_g00_d0.5,2993,1097,0.366522,103.040220,65.273725,67.273725,67.273725,0.000000,0.000000
0.6,3,engagement_g00_d1.0,2993,1018,0.340127,103.111661,68.040605,70.040605,70.040605,0.000000,0.000000
0.6,3,engagement_g00_d2.0,2993,835,0.278984,103.747501,74.803577,76.803577,76.803577,0.000000,0.000000
0.6,3,engagement_g00_d5.0,2993,341,0.113933,103.609653,91.805145,93.805145,93.805145,0.000000,0.000000
0.6,3,engagement_g00_d10.0,2993,67,0.022386,104.582193,102.241062,104.241062,104.241062,0.000000,0.000000
0.6,3,engagement_g05_d0.0,2993,1032,0.344805,103.148761,67.582600,69.582600,69.582600,0.000000,0.000000
0.6,3,engagement_g05_d0.25,2993,1006,0.336118,103.842737,68.939365,70.939365,70.939365,0.000000,0.000000
0.6,3,engagement_g05_d0.5,2993,990,0.330772,103.799689,69.465679,71.465679,71.465679,0.000000,0.000000
0.6,3,engagement_g05_d1.0,2993,925,0.309054,104.328116,72.085047,74.085047,74.085047,0.000000,0.000000
0.6,3,engagement_g05_d2.0,2993,785,0.262279,105.195111,77.604679,79.604679,79.604679,0.000000,0.000000
0.6,3,engagement_g05_d5.0,2993,314,0.104911,103.224446,92.395019,94.395019,94.395019,0.000000,0.000000
0.6,3,engagement_g05_d10.0,2993,65,0.021717,103.443433,101.196917,103.196917,103.196917,0.000000,0.000000
0.6,3,oracle_a1,2993,1629,0.544270,39.335467,17.926354,19.926354,19.926354,0.000000,0.000000
0.6,4,static,2947,157,0.053275,105.736656,100.103587,102.103587,102.103587,0.000000,0.000000
0.6,4,nearest,2947,153,0.051917,102.199800,96.893872,98.893872,98.893872,0.000000,0.000000
0.6,4,naive_target_aware,2947,1246,0.422803,105.458072,60.870098,62.870098,62.870098,0.000000,0.000000
0.6,4,engagement_g00_d0.0,2947,1246,0.422803,105.458072,60.870098,62.870098,62.870098,0.000000,0.000000
0.6,4,engagement_g00_d0.25,2947,1136,0.385477,105.961882,65.116039,67.116039,67.116039,0.000000,0.000000
0.6,4,engagement_g00_d0.5,2947,1091,0.370207,106.390730,67.004138,69.004138,69.004138,0.000000,0.000000
0.6,4,engagement_g00_d1.0,2947,1012,0.343400,107.423386,70.534188,72.534188,72.534188,0.000000,0.000000
0.6,4,engagement_g00_d2.0,2947,855,0.290126,108.154752,76.776295,78.776295,78.776295,0.000000,0.000000
0.6,4,engagement_g00_d5.0,2947,350,0.118765,108.198415,95.348247,97.348247,97.348247,0.000000,0.000000
0.6,4,engagement_g00_d10.0,2947,73,0.024771,109.990353,107.265787,109.265787,109.265787,0.000000,0.000000
0.6,4,engagement_g05_d0.0,2947,1036,0.351544,106.250716,68.898920,70.898920,70.898920,0.000000,0.000000
0.6,4,engagement_g05_d0.25,2947,1010,0.342721,106.343031,69.896997,71.896997,71.896997,0.000000,0.000000
0.6,4,engagement_g05_d0.5,2947,982,0.333220,106.513768,71.021226,73.021226,73.021226,0.000000,0.000000
0.6,4,engagement_g05_d1.0,2947,935,0.317272,107.008006,73.057383,75.057383,75.057383,0.000000,0.000000
0.6,4,engagement_g05_d2.0,2947,804,0.272820,107.015456,77.819519,79.819519,79.819519,0.000000,0.000000
0.6,4,engagement_g05_d5.0,2947,336,0.114014,106.752641,94.581319,96.581319,96.581319,0.000000,0.000000
0.6,4,engagement_g05_d10.0,2947,105,0.035629,107.968844,104.121973,106.121973,106.121973,0.000000,0.000000
0.6,4,oracle_a1,2947,1533,0.520190,33.971791,16.300004,18.300004,18.300004,0.000000,0.000000
0.6,5,static,2961,184,0.062141,105.755678,99.183897,101.183897,101.183897,0.000000,0.000000
0.6,5,nearest,2961,159,0.053698,105.909765,100.222615,102.222615,102.222615,0.000000,0.000000
0.6,5,naive_target_aware,2961,1211,0.408983,106.948142,63.208122,65.208122,65.208122,0.000000,0.000000
0.6,5,engagement_g00_d0.0,2961,1211,0.408983,106.948142,63.208122,65.208122,65.208122,0.000000,0.000000
0.6,5,engagement_g00_d0.25,2961,1101,0.371834,107.936239,67.801893,69.801893,69.801893,0.000000,0.000000
0.6,5,engagement_g00_d0.5,2961,1058,0.357312,108.357657,69.640196,71.640196,71.640196,0.000000,0.000000
0.6,5,engagement_g00_d1.0,2961,977,0.329956,107.426404,71.980407,73.980407,73.980407,0.000000,0.000000
0.6,5,engagement_g00_d2.0,2961,819,0.276596,107.710848,77.918486,79.918486,79.918486,0.000000,0.000000
0.6,5,engagement_g00_d5.0,2961,324,0.109422,108.865047,96.952762,98.952762,98.952762,0.000000,0.000000
0.6,5,engagement_g00_d10.0,2961,73,0.024654,105.878184,103.267881,105.267881,105.267881,0.000000,0.000000
0.6,5,engagement_g05_d0.0,2961,1001,0.338061,108.691724,71.947241,73.947241,73.947241,0.000000,0.000000
0.6,5,engagement_g05_d0.25,2961,975,0.329281,108.533033,72.795206,74.795206,74.795206,0.000000,0.000000
0.6,5,engagement_g05_d0.5,2961,951,0.321175,108.885111,73.913905,75.913905,75.913905,0.000000,0.000000
0.6,5,engagement_g05_d1.0,2961,892,0.301250,108.760713,75.996594,77.996594,77.996594,0.000000,0.000000
0.6,5,engagement_g05_d2.0,2961,749,0.252955,108.680573,81.189270,83.189270,83.189270,0.000000,0.000000
0.6,5,engagement_g05_d5.0,2961,297,0.100304,107.325298,96.560147,98.560147,98.560147,0.000000,0.000000
0.6,5,engagement_g05_d10.0,2961,107,0.036136,107.751480,103.857725,105.857725,105.857725,0.000000,0.000000
0.6,5,oracle_a1,2961,1570,0.530226,39.640058,18.621858,20.621858,20.621858,0.000000,0.000000
0.6,6,static,2952,124,0.042005,104.807718,100.405226,102.405226,102.405226,0.000000,0.000000
0.6,6,nearest,2952,146,0.049458,111.706508,106.181728,108.181728,108.181728,0.000000,0.000000
0.6,6,naive_target_aware,2952,1274,0.431572,102.426906,58.222340,60.222340,60.222340,0.000000,0.000000
0.6,6,engagement_g00_d0.0,2952,1274,0.431572,102.426906,58.222340,60.222340,60.222340,0.000000,0.000000
0.6,6,engagement_g00_d0.25,2952,1142,0.386856,101.502230,62.235446,64.235446,64.235446,0.000000,0.000000
0.6,6,engagement_g00_d0.5,2952,1105,0.374322,102.033872,63.840299,65.840299,65.840299,0.000000,0.000000
0.6,6,engagement_g00_d1.0,2952,1019,0.345190,101.487453,66.455029,68.455029,68.455029,0.000000,0.000000
0.6,6,engagement_g00_d2.0,2952,853,0.288957,100.872997,71.725075,73.725075,73.725075,0.000000,0.000000
0.6,6,engagement_g00_d5.0,2952,377,0.127710,101.569647,88.598184,90.598184,90.598184,0.000000,0.000000
0.6,6,engagement_g00_d10.0,2952,80,0.027100,104.292774,101.466412,103.466412,103.466412,0.000000,0.000000
0.6,6,engagement_g05_d0.0,2952,1075,0.364160,102.866934,65.406923,67.406923,67.406923,0.000000,0.000000
0.6,6,engagement_g05_d0.25,2952,1044,0.353659,102.603508,66.316901,68.316901,68.316901,0.000000,0.000000
0.6,6,engagement_g05_d0.5,2952,1018,0.344851,102.882473,67.403355,69.403355,69.403355,0.000000,0.000000
0.6,6,engagement_g05_d1.0,2952,958,0.324526,102.343915,69.130680,71.130680,71.130680,0.000000,0.000000
0.6,6,engagement_g05_d2.0,2952,805,0.272696,102.278265,74.387343,76.387343,76.387343,0.000000,0.000000
0.6,6,engagement_g05_d5.0,2952,353,0.119580,102.763263,90.474837,92.474837,92.474837,0.000000,0.000000
0.6,6,engagement_g05_d10.0,2952,80,0.027100,105.918775,103.048348,105.048348,105.048348,0.000000,0.000000
0.6,6,oracle_a1,2952,1541,0.522019,33.977074,16.240397,18.240397,18.240397,0.000000,0.000000
0.6,7,static,2971,170,0.057220,119.105207,112.290032,114.290032,114.290032,0.000000,0.000000
0.6,7,nearest,2971,183,0.061595,111.563842,104.692020,106.692020,106.692020,0.000000,0.000000
0.6,7,naive_target_aware,2971,1256,0.422753,110.896826,64.014829,66.014829,66.014829,0.000000,0.000000
0.6,7,engagement_g00_d0.0,2971,1256,0.422753,110.896826,64.014829,66.014829,66.014829,0.000000,0.000000
0.6,7,engagement_g00_d0.25,2971,1142,0.384382,111.082937,68.384615,70.384615,70.384615,0.000000,0.000000
0.6,7,engagement_g00_d0.5,2971,1104,0.371592,111.243771,69.906469,71.906469,71.906469,0.000000,0.000000
0.6,7,engagement_g00_d1.0,2971,1015,0.341636,110.546952,72.780154,74.780154,74.780154,0.000000,0.000000
0.6,7,engagement_g00_d2.0,2971,814,0.273982,110.157910,79.976645,81.976645,81.976645,0.000000,0.000000
0.6,7,engagement_g00_d5.0,2971,327,0.110064,110.120366,98.000083,100.000083,100.000083,0.000000,0.000000
0.6,7,engagement_g00_d10.0,2971,59,0.019859,111.162944,108.955400,110.955400,110.955400,0.000000,0.000000
0.6,7,engagement_g05_d0.0,2971,1048,0.352743,110.916535,71.791483,73.791483,73.791483,0.000000,0.000000
0.6,7,engagement_g05_d0.25,2971,1021,0.343655,110.421515,72.474572,74.474572,74.474572,0.000000,0.000000
0.6,7,engagement_g05_d0.5,2971,1001,0.336924,110.689733,73.395750,75.395750,75.395750,0.000000,0.000000
0.6,7,engagement_g05_d1.0,2971,940,0.316392,110.367346,75.448024,77.448024,77.448024,0.000000,0.000000
0.6,7,engagement_g05_d2.0,2971,777,0.261528,110.646407,81.709262,83.709262,83.709262,0.000000,0.000000
0.6,7,engagement_g05_d5.0,2971,309,0.104005,111.056926,99.506408,101.506408,101.506408,0.000000,0.000000
0.6,7,engagement_g05_d10.0,2971,78,0.026254,107.601928,104.776970,106.776970,106.776970,0.000000,0.000000
0.6,7,oracle_a1,2971,1602,0.539212,47.907804,22.075323,24.075323,24.075323,0.000000,0.000000
0.6,8,static,2983,149,0.049950,96.573181,91.749378,93.749378,93.749378,0.000000,0.000000
0.6,8,nearest,2983,152,0.050955,100.521919,95.399783,97.399783,97.399783,0.000000,0.000000
0.6,8,naive_target_aware,2983,1263,0.423399,98.221357,56.634507,58.634507,58.634507,0.000000,0.000000
0.6,8,engagement_g00_d0.0,2983,1263,0.423399,98.221357,56.634507,58.634507,58.634507,0.000000,0.000000
0.6,8,engagement_g00_d0.25,2983,1148,0.384847,98.078461,60.333213,62.333213,62.333213,0.000000,0.000000
0.6,8,engagement_g00_d0.5,2983,1113,0.373114,98.364600,61.663359,63.663359,63.663359,0.000000,0.000000
0.6,8,engagement_g00_d1.0,2983,1025,0.343614,98.219662,64.470029,66.470029,66.470029,0.000000,0.000000
0.6,8,engagement_g00_d2.0,2983,869,0.291317,96.892647,68.666127,70.666127,70.666127,0.000000,0.000000
0.6,8,engagement_g00_d5.0,2983,374,0.125377,96.996430,84.835296,86.835296,86.835296,0.000000,0.000000
0.6,8,engagement_g00_d10.0,2983,80,0.026819,100.673303,97.973382,99.973382,99.973382,0.000000,0.000000
0.6,8,engagement_g05_d0.0,2983,1042,0.349313,98.454028,64.062779,66.062779,66.062779,0.000000,0.000000
0.6,8,engagement_g05_d0.25,2983,1018,0.341267,98.436557,64.843391,66.843391,66.843391,0.000000,0.000000
0.6,8,engagement_g05_d0.5,2983,994,0.333222,98.518465,65.689986,67.689986,67.689986,0.000000,0.000000
0.6,8,engagement_g05_d1.0,2983,942,0.315789,98.396379,67.323838,69.323838,69.323838,0.000000,0.000000
0.6,8,engagement_g05_d2.0,2983,812,0.272209,97.520256,70.974347,72.974347,72.974347,0.000000,0.000000
0.6,8,engagement_g05_d5.0,2983,343,0.114985,97.835618,86.585998,88.585998,88.585998,0.000000,0.000000
0.6,8,engagement_g05_d10.0,2983,102,0.034194,97.886417,94.539312,96.539312,96.539312,0.000000,0.000000
0.6,8,oracle_a1,2983,1590,0.533020,37.404821,17.467287,19.467287,19.467287,0.000000,0.000000
0.6,9,static,2932,164,0.055935,99.888870,94.301634,96.301634,96.301634,0.000000,0.000000
0.6,9,nearest,2932,118,0.040246,110.444558,105.999654,107.999654,107.999654,0.000000,0.000000
0.6,9,naive_target_aware,2932,1229,0.419168,102.264168,59.398321,61.398321,61.398321,0.000000,0.000000
0.6,9,engagement_g00_d0.0,2932,1229,0.419168,102.264168,59.398321,61.398321,61.398321,0.000000,0.000000
0.6,9,engagement_g00_d0.25,2932,1093,0.372783,100.697776,63.159349,65.159349,65.159349,0.000000,0.000000
0.6,9,engagement_g00_d0.5,2932,1041,0.355048,100.477309,64.803066,66.803066,66.803066,0.000000,0.000000
0.6,9,engagement_g00_d1.0,2932,964,0.328786,99.954255,67.090714,69.090714,69.090714,0.000000,0.000000
0.6,9,engagement_g00_d2.0,2932,788,0.268759,99.870174,73.029213,75.029213,75.029213,0.000000,0.000000
0.6,9,engagement_g00_d5.0,2932,317,0.108117,100.678530,89.793437,91.793437,91.793437,0.000000,0.000000
0.6,9,engagement_g00_d10.0,2932,71,0.024216,101.733851,99.270309,101.270309,101.270309,0.000000,0.000000
0.6,9,engagement_g05_d0.0,2932,1013,0.345498,101.348298,66.332668,68.332668,68.332668,0.000000,0.000000
0.6,9,engagement_g05_d0.25,2932,978,0.333561,100.721287,67.124623,69.124623,69.124623,0.000000,0.000000
0.6,9,engagement_g05_d0.5,2932,941,0.320941,100.612413,68.321731,70.321731,70.321731,0.000000,0.000000
0.6,9,engagement_g05_d1.0,2932,888,0.302865,100.524860,70.079404,72.079404,72.079404,0.000000,0.000000
0.6,9,engagement_g05_d2.0,2932,746,0.254434,100.607665,75.009671,77.009671,77.009671,0.000000,0.000000
0.6,9,engagement_g05_d5.0,2932,292,0.099591,104.222382,93.842800,95.842800,95.842800,0.000000,0.000000
0.6,9,engagement_g05_d10.0,2932,60,0.020464,98.905402,96.881417,98.881417,98.881417,0.000000,0.000000
0.6,9,oracle_a1,2932,1583,0.539905,39.621463,18.229657,20.229657,20.229657,0.000000,0.000000
0.6,10,static,3006,122,0.040585,105.916771,101.618087,103.618087,103.618087,0.000000,0.000000
0.6,10,nearest,3006,154,0.051231,89.676608,85.082397,87.082397,87.082397,0.000000,0.000000
0.6,10,naive_target_aware,3006,1293,0.430140,102.024156,58.139514,60.139514,60.139514,0.000000,0.000000
0.6,10,engagement_g00_d0.0,3006,1293,0.430140,102.024156,58.139514,60.139514,60.139514,0.000000,0.000000
0.6,10,engagement_g00_d0.25,3006,1154,0.383899,101.836071,62.741319,64.741319,64.741319,0.000000,0.000000
0.6,10,engagement_g00_d0.5,3006,1129,0.375582,101.931816,63.648044,65.648044,65.648044,0.000000,0.000000
0.6,10,engagement_g00_d1.0,3006,1041,0.346307,102.410141,66.944753,68.944753,68.944753,0.000000,0.000000
0.6,10,engagement_g00_d2.0,3006,869,0.289088,102.897965,73.151348,75.151348,75.151348,0.000000,0.000000
0.6,10,engagement_g00_d5.0,3006,373,0.124085,101.720981,89.098916,91.098916,91.098916,0.000000,0.000000
0.6,10,engagement_g00_d10.0,3006,73,0.024285,98.440482,96.049878,98.049878,98.049878,0.000000,0.000000
0.6,10,engagement_g05_d0.0,3006,1089,0.362275,102.412688,65.311085,67.311085,67.311085,0.000000,0.000000
0.6,10,engagement_g05_d0.25,3006,1045,0.347638,102.313451,66.745402,68.745402,68.745402,0.000000,0.000000
0.6,10,engagement_g05_d0.5,3006,1026,0.341317,102.187101,67.308869,69.308869,69.308869,0.000000,0.000000
0.6,10,engagement_g05_d1.0,3006,956,0.318031,102.558468,69.941736,71.941736,71.941736,0.000000,0.000000
0.6,10,engagement_g05_d2.0,3006,816,0.271457,103.186579,75.175851,77.175851,77.175851,0.000000,0.000000
0.6,10,engagement_g05_d5.0,3006,333,0.110778,102.795538,91.408008,93.408008,93.408008,0.000000,0.000000
0.6,10,engagement_g05_d10.0,3006,65,0.021623,103.159243,100.928587,102.928587,102.928587,0.000000,0.000000
0.6,10,oracle_a1,3006,1674,0.556886,41.978707,18.601343,20.601343,20.601343,0.000000,0.000000
0.6,11,static,3002,141,0.046969,107.106271,102.075630,104.075630,104.075630,0.000000,0.000000
0.6,11,nearest,3002,157,0.052298,103.617969,98.198908,100.198908,100.198908,0.000000,0.000000
0.6,11,naive_target_aware,3002,1291,0.430047,107.394970,61.210124,63.210124,63.210124,0.000000,0.000000
0.6,11,engagement_g00_d0.0,3002,1291,0.430047,107.394970,61.210124,63.210124,63.210124,0.000000,0.000000
0.6,11,engagement_g00_d0.25,3002,1177,0.392072,108.126187,65.732942,67.732942,67.732942,0.000000,0.000000
0.6,11,engagement_g00_d0.5,3002,1127,0.375416,107.796001,67.327616,69.327616,69.327616,0.000000,0.000000
0.6,11,engagement_g00_d1.0,3002,1055,0.351432,107.506212,69.725048,71.725048,71.725048,0.000000,0.000000
0.6,11,engagement_g00_d2.0,3002,854,0.284477,107.542958,76.949458,78.949458,78.949458,0.000000,0.000000
0.6,11,engagement_g00_d5.0,3002,352,0.117255,109.311516,96.494177,98.494177,98.494177,0.000000,0.000000
0.6,11,engagement_g00_d10.0,3002,66,0.021985,101.111848,98.888869,100.888869,100.888869,0.000000,0.000000
0.6,11,engagement_g05_d0.0,3002,1087,0.362092,107.993083,68.889658,70.889658,70.889658,0.000000,0.000000
0.6,11,engagement_g05_d0.25,3002,1051,0.350100,108.195725,70.316409,72.316409,72.316409,0.000000,0.000000
0.6,11,engagement_g05_d0.5,3002,1028,0.342438,108.138802,71.107927,73.107927,73.107927,0.000000,0.000000
0.6,11,engagement_g05_d1.0,3002,976,0.325117,107.729554,72.704889,74.704889,74.704889,0.000000,0.000000
0.6,11,engagement_g05_d2.0,3002,801,0.266822,108.153511,79.295762,81.295762,81.295762,0.000000,0.000000
0.6,11,engagement_g05_d5.0,3002,329,0.109594,109.298143,97.319765,99.319765,99.319765,0.000000,0.000000
0.6,11,engagement_g05_d10.0,3002,87,0.028981,105.107789,102.061694,104.061694,104.061694,0.000000,0.000000
0.6,11,oracle_a1,3002,1556,0.518321,37.789254,18.202286,20.202286,20.202286,0.000000,0.000000
0.6,12,static,3026,159,0.052545,102.281801,96.907443,98.907443,98.907443,0.000000,0.000000
0.6,12,nearest,3026,136,0.044944,116.422296,111.189833,113.189833,113.189833,0.000000,0.000000
0.6,12,naive_target_aware,3026,1310,0.432915,100.389013,56.929129,58.929129,58.929129,0.000000,0.000000
0.6,12,engagement_g00_d0.0,3026,1310,0.432915,100.389013,56.929129,58.929129,58.929129,0.000000,0.000000
0.6,12,engagement_g00_d0.25,3026,1181,0.390284,101.441812,61.850675,63.850675,63.850675,0.000000,0.000000
0.6,12,engagement_g00_d0.5,3026,1131,0.373761,101.588766,63.618874,65.618874,65.618874,0.000000,0.000000
0.6,12,engagement_g00_d1.0,3026,1029,0.340053,101.856326,67.219790,69.219790,69.219790,0.000000,0.000000
0.6,12,engagement_g00_d2.0,3026,837,0.276603,103.322379,74.743123,76.743123,76.743123,0.000000,0.000000
0.6,12,engagement_g00_d5.0,3026,350,0.115664,103.124399,91.196594,93.196594,93.196594,0.000000,0.000000
0.6,12,engagement_g00_d10.0,3026,66,0.021811,99.123436,96.961458,98.961458,98.961458,0.000000,0.000000
0.6,12,engagement_g05_d0.0,3026,1088,0.359551,102.290996,65.512211,67.512211,67.512211,0.000000,0.000000
0.6,12,engagement_g05_d0.25,3026,1061,0.350628,102.425071,66.511984,68.511984,68.511984,0.000000,0.000000
0.6,12,engagement_g05_d0.5,3026,1031,0.340714,102.510764,67.583931,69.583931,69.583931,0.000000,0.000000
0.6,12,engagement_g05_d1.0,3026,964,0.318572,102.239891,69.669086,71.669086,71.669086,0.000000,0.000000
0.6,12,engagement_g05_d2.0,3026,794,0.262393,103.284665,76.183534,78.183534,78.183534,0.000000,0.000000
0.6,12,engagement_g05_d5.0,3026,320,0.105750,103.552370,92.601690,94.601690,94.601690,0.000000,0.000000
0.6,12,engagement_g05_d10.0,3026,81,0.026768,100.135128,97.454709,99.454709,99.454709,0.000000,0.000000
0.6,12,oracle_a1,3026,1563,0.516523,33.161284,16.032703,18.032703,18.032703,0.000000,0.000000
0.6,13,static,3014,161,0.053417,99.126970,93.831866,95.831866,95.831866,0.000000,0.000000
0.6,13,nearest,3014,150,0.049768,105.354122,100.110884,102.110884,102.110884,0.000000,0.000000
0.6,13,naive_target_aware,3014,1291,0.428334,100.127315,57.239338,59.239338,59.239338,0.000000,0.000000
0.6,13,engagement_g00_d0.0,3014,1291,0.428334,100.127315,57.239338,59.239338,59.239338,0.000000,0.000000
0.6,13,engagement_g00_d0.25,3014,1159,0.384539,99.813305,61.431214,63.431214,63.431214,0.000000,0.000000
0.6,13,engagement_g00_d0.5,3014,1124,0.372926,99.767901,62.561822,64.561822,64.561822,0.000000,0.000000
0.6,13,engagement_g00_d1.0,3014,1036,0.343729,99.731529,65.450884,67.450884,67.450884,0.000000,0.000000
0.6,13,engagement_g00_d2.0,3014,850,0.282017,98.700302,70.865114,72.865114,72.865114,0.000000,0.000000
0.6,13,engagement_g00_d5.0,3014,324,0.107498,95.495951,85.230295,87.230295,87.230295,0.000000,0.000000
0.6,13,engagement_g00_d10.0,3014,77,0.025547,101.702642,99.104400,101.104400,101.104400,0.000000,0.000000
0.6,13,engagement_g05_d0.0,3014,1096,0.363636,98.596060,62.742947,64.742947,64.742947,0.000000,0.000000
0.6,13,engagement_g05_d0.25,3014,1061,0.352024,98.257605,63.668581,65.668581,65.668581,0.000000,0.000000
0.6,13,engagement_g05_d0.5,3014,1043,0.346052,98.025648,64.103700,66.103700,66.103700,0.000000,0.000000
0.6,13,engagement_g05_d1.0,3014,983,0.326145,98.199298,66.172121,68.172121,68.172121,0.000000,0.000000
0.6,13,engagement_g05_d2.0,3014,815,0.270405,97.907941,71.433166,73.433166,73.433166,0.000000,0.000000
0.6,13,engagement_g05_d5.0,3014,318,0.105508,94.954806,84.936350,86.936350,86.936350,0.000000,0.000000
0.6,13,engagement_g05_d10.0,3014,64,0.021234,102.754653,100.572736,102.572736,102.572736,0.000000,0.000000
0.6,13,oracle_a1,3014,1671,0.554413,36.315461,16.181707,18.181707,18.181707,0.000000,0.000000
0.6,14,static,3050,163,0.053443,106.801332,101.093589,103.093589,103.093589,0.000000,0.000000
0.6,14,nearest,3050,158,0.051803,115.249999,109.279671,111.279671,111.279671,0.000000,0.000000
0.6,14,naive_target_aware,3050,1320,0.432787,108.993082,61.822306,63.822306,63.822306,0.000000,0.000000
0.6,14,engagement_g00_d0.0,3050,1320,0.432787,108.993082,61.822306,63.822306,63.822306,0.000000,0.000000
0.6,14,engagement_g00_d0.25,3050,1197,0.392459,108.171850,65.718832,67.718832,67.718832,0.000000,0.000000
0.6,14,engagement_g00_d0.5,3050,1161,0.380656,107.474779,66.563888,68.563888,68.563888,0.000000,0.000000
0.6,14,engagement_g00_d1.0,3050,1087,0.356393,107.241827,69.021543,71.021543,71.021543,0.000000,0.000000
0.6,14,engagement_g00_d2.0,3050,922,0.302295,106.119870,74.040355,76.040355,76.040355,0.000000,0.000000
0.6,14,engagement_g00_d5.0,3050,405,0.132787,105.643262,91.615222,93.615222,93.615222,0.000000,0.000000
0.6,14,engagement_g00_d10.0,3050,67,0.021967,113.828445,111.327951,113.327951,113.327951,0.000000,0.000000
0.6,14,engagement_g05_d0.0,3050,1135,0.372131,107.116109,67.254869,69.254869,69.254869,0.000000,0.000000
0.6,14,engagement_g05_d0.25,3050,1101,0.360984,107.242968,68.530015,70.530015,70.530015,0.000000,0.000000
0.6,14,engagement_g05_d0.5,3050,1076,0.352787,106.859671,69.160981,71.160981,71.160981,0.000000,0.000000
0.6,14,engagement_g05_d1.0,3050,1020,0.334426,106.477784,70.868820,72.868820,72.868820,0.000000,0.000000
0.6,14,engagement_g05_d2.0,3050,886,0.290492,105.495873,74.850187,76.850187,76.850187,0.000000,0.000000
0.6,14,engagement_g05_d5.0,3050,376,0.123279,106.692509,93.539596,95.539596,95.539596,0.000000,0.000000
0.6,14,engagement_g05_d10.0,3050,90,0.029508,105.090736,101.989698,103.989698,103.989698,0.000000,0.000000
0.6,14,oracle_a1,3050,1597,0.523607,43.150296,20.556518,22.556518,22.556518,0.000000,0.000000
0.6,15,static,3022,170,0.056254,104.302560,98.435110,100.435110,100.435110,0.000000,0.000000
0.6,15,nearest,3022,155,0.051291,113.488139,107.667271,109.667271,109.667271,0.000000,0.000000
0.6,15,naive_target_aware,3022,1280,0.423561,106.005881,61.105971,63.105971,63.105971,0.000000,0.000000
0.6,15,engagement_g00_d0.0,3022,1280,0.423561,106.005881,61.105971,63.105971,63.105971,0.000000,0.000000
0.6,15,engagement_g00_d0.25,3022,1149,0.380212,105.071769,65.122245,67.122245,67.122245,0.000000,0.000000
0.6,15,engagement_g00_d0.5,3022,1096,0.362674,104.589917,66.657902,68.657902,68.657902,0.000000,0.000000
0.6,15,engagement_g00_d1.0,3022,1011,0.334547,104.657822,69.644897,71.644897,71.644897,0.000000,0.000000
0.6,15,engagement_g00_d2.0,3022,825,0.272998,105.321582,76.568999,78.568999,78.568999,0.000000,0.000000
0.6,15,engagement_g00_d5.0,3022,347,0.114825,108.178092,95.756583,97.756583,97.756583,0.000000,0.000000
0.6,15,engagement_g00_d10.0,3022,57,0.018862,116.139238,113.948657,115.948657,115.948657,0.000000,0.000000
0.6,15,engagement_g05_d0.0,3022,1065,0.352416,105.953729,68.613980,70.613980,70.613980,0.000000,0.000000
0.6,15,engagement_g05_d0.25,3022,1025,0.339179,106.018511,70.059221,72.059221,72.059221,0.000000,0.000000
0.6,15,engagement_g05_d0.5,3022,1001,0.331238,105.657933,70.660054,72.660054,72.660054,0.000000,0.000000
0.6,15,engagement_g05_d1.0,3022,942,0.311714,105.550203,72.648717,74.648717,74.648717,0.000000,0.000000
0.6,15,engagement_g05_d2.0,3022,787,0.260424,105.498149,78.023945,80.023945,80.023945,0.000000,0.000000
0.6,15,engagement_g05_d5.0,3022,312,0.103243,110.690305,99.262318,101.262318,101.262318,0.000000,0.000000
0.6,15,engagement_g05_d10.0,3022,80,0.026473,106.484772,103.665850,105.665850,105.665850,0.000000,0.000000
0.6,15,oracle_a1,3022,1662,0.549967,40.036339,18.017677,20.017677,20.017677,0.000000,0.000000
0.6,16,static,3097,172,0.055538,93.043043,87.875654,89.875654,89.875654,0.000000,0.000000
0.6,16,nearest,3097,158,0.051017,99.223681,94.161575,96.161575,96.161575,0.000000,0.000000
0.6,16,naive_target_aware,3097,1377,0.444624,99.528760,55.275902,57.275902,57.275902,0.000000,0.000000
0.6,16,engagement_g00_d0.0,3097,1377,0.444624,99.528760,55.275902,57.275902,57.275902,0.000000,0.000000
0.6,16,engagement_g00_d0.25,3097,1230,0.397159,99.646563,60.071079,62.071079,62.071079,0.000000,0.000000
0.6,16,engagement_g00_d0.5,3097,1180,0.381014,99.527144,61.605920,63.605920,63.605920,0.000000,0.000000
0.6,16,engagement_g00_d1.0,3097,1082,0.349370,99.236360,64.566118,66.566118,66.566118,0.000000,0.000000
0.6,16,engagement_g00_d2.0,3097,896,0.289312,99.365543,70.617876,72.617876,72.617876,0.000000,0.000000
0.6,16,engagement_g00_d5.0,3097,417,0.134646,99.382342,86.000864,88.000864,88.000864,0.000000,0.000000
0.6,16,engagement_g00_d10.0,3097,98,0.031644,97.307683,94.228525,96.228525,96.228525,0.000000,0.000000
0.6,16,engagement_g05_d0.0,3097,1172,0.378431,99.436240,61.806510,63.806510,63.806510,0.000000,0.000000
0.6,16,engagement_g05_d0.25,3097,1136,0.366807,99.216389,62.823164,64.823164,64.823164,0.000000,0.000000
0.6,16,engagement_g05_d0.5,3097,1102,0.355828,99.412540,64.038753,66.038753,66.038753,0.000000,0.000000
0.6,16,engagement_g05_d1.0,3097,1025,0.330965,99.203202,66.370370,68.370370,68.370370,0.000000,0.000000
0.6,16,engagement_g05_d2.0,3097,853,0.275428,99.229084,71.898632,73.898632,73.898632,0.000000,0.000000
0.6,16,engagement_g05_d5.0,3097,391,0.126251,99.020688,86.519206,88.519206,88.519206,0.000000,0.000000
0.6,16,engagement_g05_d10.0,3097,111,0.035841,97.674876,94.174097,96.174097,96.174097,0.000000,0.000000
0.6,16,oracle_a1,3097,1708,0.551501,36.432392,16.339875,18.339875,18.339875,0.000000,0.000000
0.6,17,static,2945,153,0.051952,117.119865,111.035200,113.035200,113.035200,0.000000,0.000000
0.6,17,nearest,2945,131,0.044482,92.089980,87.993618,89.993618,89.993618,0.000000,0.000000
0.6,17,naive_target_aware,2945,1265,0.429542,104.334120,59.518276,61.518276,61.518276,0.000000,0.000000
0.6,17,engagement_g00_d0.0,2945,1265,0.429542,104.334120,59.518276,61.518276,61.518276,0.000000,0.000000
0.6,17,engagement_g00_d0.25,2945,1125,0.382003,104.446497,64.547581,66.547581,66.547581,0.000000,0.000000
0.6,17,engagement_g00_d0.5,2945,1086,0.368761,104.586027,66.018820,68.018820,68.018820,0.000000,0.000000
0.6,17,engagement_g00_d1.0,2945,998,0.338879,105.627829,69.832728,71.832728,71.832728,0.000000,0.000000
0.6,17,engagement_g00_d2.0,2945,838,0.284550,105.622854,75.567862,77.567862,77.567862,0.000000,0.000000
0.6,17,engagement_g00_d5.0,2945,350,0.118846,107.888809,95.066709,97.066709,97.066709,0.000000,0.000000
0.6,17,engagement_g00_d10.0,2945,81,0.027504,96.694805,94.035288,96.035288,96.035288,0.000000,0.000000
0.6,17,engagement_g05_d0.0,2945,1069,0.362988,105.497067,67.202885,69.202885,69.202885,0.000000,0.000000
0.6,17,engagement_g05_d0.25,2945,1022,0.347029,105.489205,68.881406,70.881406,70.881406,0.000000,0.000000
0.6,17,engagement_g05_d0.5,2945,998,0.338879,105.716554,69.891386,71.891386,71.891386,0.000000,0.000000
0.6,17,engagement_g05_d1.0,2945,925,0.314092,106.427522,72.999522,74.999522,74.999522,0.000000,0.000000
0.6,17,engagement_g05_d2.0,2945,794,0.269610,106.152498,77.532775,79.532775,79.532775,0.000000,0.000000
0.6,17,engagement_g05_d5.0,2945,321,0.108998,105.492490,93.993987,95.993987,95.993987,0.000000,0.000000
0.6,17,engagement_g05_d10.0,2945,89,0.030221,99.487032,96.480463,98.480463,98.480463,0.000000,0.000000
0.6,17,oracle_a1,2945,1591,0.540238,37.055459,17.036703,19.036703,19.036703,0.000000,0.000000
0.6,18,static,3040,189,0.062171,105.848372,99.267668,101.267668,101.267668,0.000000,0.000000
0.6,18,nearest,3040,175,0.057566,104.856554,98.820403,100.820403,100.820403,0.000000,0.000000
0.6,18,naive_target_aware,3040,1314,0.432237,106.535338,60.486840,62.486840,62.486840,0.000000,0.000000
0.6,18,engagement_g00_d0.0,3040,1314,0.432237,106.535338,60.486840,62.486840,62.486840,0.000000,0.000000
0.6,18,engagement_g00_d0.25,3040,1191,0.391776,107.632965,65.464919,67.464919,67.464919,0.000000,0.000000
0.6,18,engagement_g00_d0.5,3040,1146,0.376974,108.337646,67.497204,69.497204,69.497204,0.000000,0.000000
0.6,18,engagement_g00_d1.0,3040,1060,0.348684,108.582716,70.721637,72.721637,72.721637,0.000000,0.000000
0.6,18,engagement_g00_d2.0,3040,867,0.285197,110.424002,78.931367,80.931367,80.931367,0.000000,0.000000
0.6,18,engagement_g00_d5.0,3040,379,0.124671,110.150492,96.417914,98.417914,98.417914,0.000000,0.000000
0.6,18,engagement_g00_d10.0,3040,98,0.032237,110.148303,106.597469,108.597469,108.597469,0.000000,0.000000
0.6,18,engagement_g05_d0.0,3040,1113,0.366118,108.918266,69.041282,71.041282,71.041282,0.000000,0.000000
0.6,18,engagement_g05_d0.25,3040,1074,0.353289,108.913133,70.435270,72.435270,72.435270,0.000000,0.000000
0.6,18,engagement_g05_d0.5,3040,1049,0.345066,109.654143,71.816250,73.816250,73.816250,0.000000,0.000000
0.6,18,engagement_g05_d1.0,3040,982,0.323026,109.604477,74.199347,76.199347,76.199347,0.000000,0.000000
0.6,18,engagement_g05_d2.0,3040,812,0.267105,110.401077,80.912368,82.912368,82.912368,0.000000,0.000000
0.6,18,engagement_g05_d5.0,3040,361,0.118750,111.128639,97.932113,99.932113,99.932113,0.000000,0.000000
0.6,18,engagement_g05_d10.0,3040,105,0.034539,106.413164,102.737709,104.737709,104.737709,0.000000,0.000000
0.6,18,oracle_a1,3040,1579,0.519408,31.602359,15.187844,17.187844,17.187844,0.000000,0.000000
0.6,19,static,2979,149,0.050017,112.833425,107.189860,109.189860,109.189860,0.000000,0.000000
0.6,19,nearest,2979,137,0.045989,106.331578,101.441539,103.441539,103.441539,0.000000,0.000000
0.6,19,naive_target_aware,2979,1329,0.446123,113.127394,62.658677,64.658677,64.658677,0.000000,0.000000
0.6,19,engagement_g00_d0.0,2979,1329,0.446123,113.127394,62.658677,64.658677,64.658677,0.000000,0.000000
0.6,19,engagement_g00_d0.25,2979,1194,0.400806,114.708296,68.732564,70.732564,70.732564,0.000000,0.000000
0.6,19,engagement_g00_d0.5,2979,1150,0.386036,114.422187,70.251152,72.251152,72.251152,0.000000,0.000000
0.6,19,engagement_g00_d1.0,2979,1063,0.356831,114.911431,73.907453,75.907453,75.907453,0.000000,0.000000
0.6,19,engagement_g00_d2.0,2979,860,0.288687,117.291580,83.430969,85.430969,85.430969,0.000000,0.000000
0.6,19,engagement_g00_d5.0,2979,370,0.124203,119.500152,104.657904,106.657904,106.657904,0.000000,0.000000
0.6,19,engagement_g00_d10.0,2979,68,0.022826,107.982037,105.517190,107.517190,107.517190,0.000000,0.000000
0.6,19,engagement_g05_d0.0,2979,1129,0.378986,115.709562,71.857230,73.857230,73.857230,0.000000,0.000000
0.6,19,engagement_g05_d0.25,2979,1092,0.366566,115.998536,73.477421,75.477421,75.477421,0.000000,0.000000
0.6,19,engagement_g05_d0.5,2979,1066,0.357838,116.066885,74.533720,76.533720,76.533720,0.000000,0.000000
0.6,19,engagement_g05_d1.0,2979,1005,0.337362,115.941446,76.827262,78.827262,78.827262,0.000000,0.000000
0.6,19,engagement_g05_d2.0,2979,834,0.279960,117.066649,84.292703,86.292703,86.292703,0.000000,0.000000
0.6,19,engagement_g05_d5.0,2979,359,0.120510,118.132906,103.896682,105.896682,105.896682,0.000000,0.000000
0.6,19,engagement_g05_d10.0,2979,76,0.025512,109.686095,106.887792,108.887792,108.887792,0.000000,0.000000
0.6,19,oracle_a1,2979,1587,0.532729,32.268462,15.078113,17.078113,17.078113,0.000000,0.000000
0.6,20,static,3045,159,0.052217,108.794326,103.113440,105.113440,105.113440,0.000000,0.000000
0.6,20,nearest,3045,162,0.053202,107.518454,101.798260,103.798260,103.798260,0.000000,0.000000
0.6,20,naive_target_aware,3045,1304,0.428243,104.892755,59.973165,61.973165,61.973165,0.000000,0.000000
0.6,20,engagement_g00_d0.0,3045,1304,0.428243,104.892755,59.973165,61.973165,61.973165,0.000000,0.000000
0.6,20,engagement_g00_d0.25,3045,1179,0.387192,105.010183,64.351068,66.351068,66.351068,0.000000,0.000000
0.6,20,engagement_g00_d0.5,3045,1140,0.374384,105.377023,65.925527,67.925527,67.925527,0.000000,0.000000
0.6,20,engagement_g00_d1.0,3045,1049,0.344499,105.059656,68.866691,70.866691,70.866691,0.000000,0.000000
0.6,20,engagement_g00_d2.0,3045,850,0.279146,104.781878,75.532421,77.532421,77.532421,0.000000,0.000000
0.6,20,engagement_g00_d5.0,3045,352,0.115599,105.184685,93.025404,95.025404,95.025404,0.000000,0.000000
0.6,20,engagement_g00_d10.0,3045,58,0.019048,105.422795,103.414741,105.414741,105.414741,0.000000,0.000000
0.6,20,engagement_g05_d0.0,3045,1107,0.363547,105.309217,67.024388,69.024388,69.024388,0.000000,0.000000
0.6,20,engagement_g05_d0.25,3045,1066,0.350082,105.274678,68.419897,70.419897,70.419897,0.000000,0.000000
0.6,20,engagement_g05_d0.5,3045,1043,0.342529,105.528393,69.381886,71.381886,71.381886,0.000000,0.000000
0.6,20,engagement_g05_d1.0,3045,991,0.325452,105.892889,71.429883,73.429883,73.429883,0.000000,0.000000
0.6,20,engagement_g05_d2.0,3045,809,0.265681,105.880421,77.749958,79.749958,79.749958,0.000000,0.000000
0.6,20,engagement_g05_d5.0,3045,311,0.102135,105.616987,94.829834,96.829834,96.829834,0.000000,0.000000
0.6,20,engagement_g05_d10.0,3045,73,0.023974,101.162339,98.737101,100.737101,100.737101,0.000000,0.000000
0.6,20,oracle_a1,3045,1667,0.547455,41.543707,18.800403,20.800403,20.800403,0.000000,0.000000
0.6,21,static,3058,183,0.059843,115.877720,108.943246,110.943246,110.943246,0.000000,0.000000
0.6,21,nearest,3058,150,0.049052,102.665517,97.629602,99.629602,99.629602,0.000000,0.000000
0.6,21,naive_target_aware,3058,1345,0.439830,111.455869,62.434239,64.434239,64.434239,0.000000,0.000000
0.6,21,engagement_g00_d0.0,3058,1345,0.439830,111.455869,62.434239,64.434239,64.434239,0.000000,0.000000
0.6,21,engagement_g00_d0.25,3058,1212,0.396337,112.559898,67.948192,69.948192,69.948192,0.000000,0.000000
0.6,21,engagement_g00_d0.5,3058,1163,0.380314,112.700470,69.838911,71.838911,71.838911,0.000000,0.000000
0.6,21,engagement_g00_d1.0,3058,1068,0.349248,113.034765,73.557614,75.557614,75.557614,0.000000,0.000000
0.6,21,engagement_g00_d2.0,3058,888,0.290386,112.610989,79.910349,81.910349,81.910349,0.000000,0.000000
0.6,21,engagement_g00_d5.0,3058,374,0.122302,115.087106,101.011705,103.011705,103.011705,0.000000,0.000000
0.6,21,engagement_g00_d10.0,3058,77,0.025180,109.361613,106.607904,108.607904,108.607904,0.000000,0.000000
0.6,21,engagement_g05_d0.0,3058,1167,0.381622,113.212850,70.008338,72.008338,72.008338,0.000000,0.000000
0.6,21,engagement_g05_d0.25,3058,1120,0.366252,113.569620,71.974468,73.974468,73.974468,0.000000,0.000000
0.6,21,engagement_g05_d0.5,3058,1087,0.355461,113.738397,73.308823,75.308823,75.308823,0.000000,0.000000
0.6,21,engagement_g05_d1.0,3058,1016,0.332243,113.678947,75.909879,77.909879,77.909879,0.000000,0.000000
0.6,21,engagement_g05_d2.0,3058,860,0.281230,113.294335,81.432619,83.432619,83.432619,0.000000,0.000000
0.6,21,engagement_g05_d5.0,3058,346,0.113146,112.915707,100.139763,102.139763,102.139763,0.000000,0.000000
0.6,21,engagement_g05_d10.0,3058,97,0.031720,104.653920,101.334290,103.334290,103.334290,0.000000,0.000000
0.6,21,oracle_a1,3058,1704,0.557227,40.817450,18.072867,20.072867,20.072867,0.000000,0.000000
0.6,22,static,3009,143,0.047524,103.656389,98.730213,100.730213,100.730213,0.000000,0.000000
0.6,22,nearest,3009,147,0.048853,101.899678,96.921529,98.921529,98.921529,0.000000,0.000000
0.6,22,naive_target_aware,3009,1288,0.428049,107.702245,61.600387,63.600387,63.600387,0.000000,0.000000
0.6,22,engagement_g00_d0.0,3009,1288,0.428049,107.702245,61.600387,63.600387,63.600387,0.000000,0.000000
0.6,22,engagement_g00_d0.25,3009,1166,0.387504,107.942516,66.114343,68.114343,68.114343,0.000000,0.000000
0.6,22,engagement_g00_d0.5,3009,1116,0.370887,107.990694,67.938313,69.938313,69.938313,0.000000,0.000000
0.6,22,engagement_g00_d1.0,3009,1017,0.337986,107.538370,71.191902,73.191902,73.191902,0.000000,0.000000
0.6,22,engagement_g00_d2.0,3009,847,0.281489,108.123780,77.688139,79.688139,79.688139,0.000000,0.000000
0.6,22,engagement_g00_d5.0,3009,366,0.121635,106.763349,93.777179,95.777179,95.777179,0.000000,0.000000
0.6,22,engagement_g00_d10.0,3009,76,0.025258,100.887905,98.339722,100.339722,100.339722,0.000000,0.000000
0.6,22,engagement_g05_d0.0,3009,1073,0.356597,106.925814,68.796403,70.796403,70.796403,0.000000,0.000000
0.6,22,engagement_g05_d0.25,3009,1049,0.348621,106.962453,69.673117,71.673117,71.673117,0.000000,0.000000
0.6,22,engagement_g05_d0.5,3009,1018,0.338318,106.983908,70.789286,72.789286,72.789286,0.000000,0.000000
0.6,22,engagement_g05_d1.0,3009,936,0.311067,106.969065,73.694540,75.694540,75.694540,0.000000,0.000000
0.6,22,engagement_g05_d2.0,3009,783,0.260219,107.327031,79.398461,81.398461,81.398461,0.000000,0.000000
0.6,22,engagement_g05_d5.0,3009,345,0.114656,105.614883,93.505500,95.505500,95.505500,0.000000,0.000000
0.6,22,engagement_g05_d10.0,3009,106,0.035228,104.793376,101.101752,103.101752,103.101752,0.000000,0.000000
0.6,22,oracle_a1,3009,1521,0.505484,35.594218,17.601926,19.601926,19.601926,0.000000,0.000000
0.6,23,static,3060,123,0.040196,106.037826,101.775521,103.775521,103.775521,0.000000,0.000000
0.6,23,nearest,3060,169,0.055229,96.018244,90.715275,92.715275,92.715275,0.000000,0.000000
0.6,23,naive_target_aware,3060,1317,0.430392,102.376407,58.314404,60.314404,60.314404,0.000000,0.000000
0.6,23,engagement_g00_d0.0,3060,1317,0.430392,102.376407,58.314404,60.314404,60.314404,0.000000,0.000000
0.6,23,engagement_g00_d0.25,3060,1177,0.384641,101.648039,62.550084,64.550084,64.550084,0.000000,0.000000
0.6,23,engagement_g00_d0.5,3060,1130,0.369281,101.060352,63.740679,65.740679,65.740679,0.000000,0.000000
0.6,23,engagement_g00_d1.0,3060,1028,0.335948,102.225567,67.883121,69.883121,69.883121,0.000000,0.000000
0.6,23,engagement_g00_d2.0,3060,864,0.282353,102.816434,73.785912,75.785912,75.785912,0.000000,0.000000
0.6,23,engagement_g00_d5.0,3060,374,0.122222,101.886452,89.433663,91.433663,91.433663,0.000000,0.000000
0.6,23,engagement_g00_d10.0,3060,79,0.025817,104.256411,101.564824,103.564824,103.564824,0.000000,0.000000
0.6,23,engagement_g05_d0.0,3060,1094,0.357516,103.360816,66.407635,68.407635,68.407635,0.000000,0.000000
0.6,23,engagement_g05_d0.25,3060,1066,0.348366,103.295681,67.310977,69.310977,69.310977,0.000000,0.000000
0.6,23,engagement_g05_d0.5,3060,1034,0.337908,102.481308,67.852003,69.852003,69.852003,0.000000,0.000000
0.6,23,engagement_g05_d1.0,3060,960,0.313725,102.614701,70.421853,72.421853,72.421853,0.000000,0.000000
0.6,23,engagement_g05_d2.0,3060,823,0.268954,103.483488,75.651164,77.651164,77.651164,0.000000,0.000000
0.6,23,engagement_g05_d5.0,3060,356,0.116340,103.257498,91.244534,93.244534,93.244534,0.000000,0.000000
0.6,23,engagement_g05_d10.0,3060,75,0.024510,102.769338,100.250481,102.250481,102.250481,0.000000,0.000000
0.6,23,oracle_a1,3060,1676,0.547712,36.771113,16.631118,18.631118,18.631118,0.000000,0.000000
0.6,24,static,2894,132,0.045612,101.460738,96.832951,98.832951,98.832951,0.000000,0.000000
0.6,24,nearest,2894,121,0.041811,99.103897,94.960299,96.960299,96.960299,0.000000,0.000000
0.6,24,naive_target_aware,2894,1247,0.430891,106.144490,60.407732,62.407732,62.407732,0.000000,0.000000
0.6,24,engagement_g00_d0.0,2894,1247,0.430891,106.144490,60.407732,62.407732,62.407732,0.000000,0.000000
0.6,24,engagement_g00_d0.25,2894,1111,0.383898,105.884023,65.235388,67.235388,67.235388,0.000000,0.000000
0.6,24,engagement_g00_d0.5,2894,1067,0.368694,105.976567,66.903659,68.903659,68.903659,0.000000,0.000000
0.6,24,engagement_g00_d1.0,2894,982,0.339323,106.615389,70.438363,72.438363,72.438363,0.000000,0.000000
0.6,24,engagement_g00_d2.0,2894,802,0.277125,107.718341,77.866886,79.866886,79.866886,0.000000,0.000000
0.6,24,engagement_g00_d5.0,2894,354,0.122322,108.431888,95.168278,97.168278,97.168278,0.000000,0.000000
0.6,24,engagement_g00_d10.0,2894,71,0.024534,102.782237,100.260628,102.260628,102.260628,0.000000,0.000000
0.6,24,engagement_g05_d0.0,2894,1033,0.356945,105.983635,68.153264,70.153264,70.153264,0.000000,0.000000
0.6,24,engagement_g05_d0.25,2894,1004,0.346925,106.268681,69.401454,71.401454,71.401454,0.000000,0.000000
0.6,24,engagement_g05_d0.5,2894,981,0.338977,106.284525,70.256495,72.256495,72.256495,0.000000,0.000000
0.6,24,engagement_g05_d1.0,2894,917,0.316862,106.166881,72.526580,74.526580,74.526580,0.000000,0.000000
0.6,24,engagement_g05_d2.0,2894,764,0.263994,106.809872,78.612656,80.612656,80.612656,0.000000,0.000000
0.6,24,engagement_g05_d5.0,2894,338,0.116793,107.982782,95.371110,97.371110,97.371110,0.000000,0.000000
0.6,24,engagement_g05_d10.0,2894,85,0.029371,102.935031,99.911714,101.911714,101.911714,0.000000,0.000000
0.6,24,oracle_a1,2894,1640,0.566690,42.163206,18.269751,20.269751,20.269751,0.000000,0.000000
0.6,25,static,2903,124,0.042714,100.184656,95.905325,97.905325,97.905325,0.000000,0.000000
0.6,25,nearest,2903,130,0.044781,95.745787,91.458169,93.458169,93.458169,0.000000,0.000000
0.6,25,naive_target_aware,2903,1262,0.434723,103.942250,58.756194,60.756194,60.756194,0.000000,0.000000
0.6,25,engagement_g00_d0.0,2903,1262,0.434723,103.942250,58.756194,60.756194,60.756194,0.000000,0.000000
0.6,25,engagement_g00_d0.25,2903,1129,0.388908,106.134374,64.857864,66.857864,66.857864,0.000000,0.000000
0.6,25,engagement_g00_d0.5,2903,1100,0.378918,106.010287,65.841043,67.841043,67.841043,0.000000,0.000000
0.6,25,engagement_g00_d1.0,2903,1008,0.347227,106.365916,69.432797,71.432797,71.432797,0.000000,0.000000
0.6,25,engagement_g00_d2.0,2903,848,0.292112,107.360464,75.999226,77.999226,77.999226,0.000000,0.000000
0.6,25,engagement_g00_d5.0,2903,343,0.118154,108.921124,96.051697,98.051697,98.051697,0.000000,0.000000
0.6,25,engagement_g00_d10.0,2903,54,0.018601,103.037879,101.121226,103.121226,103.121226,0.000000,0.000000
0.6,25,engagement_g05_d0.0,2903,1032,0.355494,105.482640,67.984161,69.984161,69.984161,0.000000,0.000000
0.6,25,engagement_g05_d0.25,2903,997,0.343438,106.239397,69.752770,71.752770,71.752770,0.000000,0.000000
0.6,25,engagement_g05_d0.5,2903,976,0.336204,106.388554,70.620304,72.620304,72.620304,0.000000,0.000000
0.6,25,engagement_g05_d1.0,2903,918,0.316225,106.336357,72.710186,74.710186,74.710186,0.000000,0.000000
0.6,25,engagement_g05_d2.0,2903,799,0.275233,107.422599,77.856406,79.856406,79.856406,0.000000,0.000000
0.6,25,engagement_g05_d5.0,2903,328,0.112987,109.013256,96.696222,98.696222,98.696222,0.000000,0.000000
0.6,25,engagement_g05_d10.0,2903,53,0.018257,95.277736,93.538253,95.538253,95.538253,0.000000,0.000000
0.6,25,oracle_a1,2903,1595,0.549432,39.419570,17.761212,19.761212,19.761212,0.000000,0.000000
0.6,26,static,3057,161,0.052666,112.516086,106.590313,108.590313,108.590313,0.000000,0.000000
0.6,26,nearest,3057,116,0.037946,113.311833,109.012137,111.012137,111.012137,0.000000,0.000000
0.6,26,naive_target_aware,3057,1326,0.433759,108.869583,61.646467,63.646467,63.646467,0.000000,0.000000
0.6,26,engagement_g00_d0.0,3057,1326,0.433759,108.869583,61.646467,63.646467,63.646467,0.000000,0.000000
0.6,26,engagement_g00_d0.25,3057,1216,0.397776,109.525446,65.958896,67.958896,67.958896,0.000000,0.000000
0.6,26,engagement_g00_d0.5,3057,1165,0.381093,108.866509,67.378291,69.378291,69.378291,0.000000,0.000000
0.6,26,engagement_g00_d1.0,3057,1088,0.355904,108.694596,70.009702,72.009702,72.009702,0.000000,0.000000
0.6,26,engagement_g00_d2.0,3057,915,0.299313,108.570504,76.073935,78.073935,78.073935,0.000000,0.000000
0.6,26,engagement_g00_d5.0,3057,388,0.126922,109.804406,95.867831,97.867831,97.867831,0.000000,0.000000
0.6,26,engagement_g00_d10.0,3057,42,0.013739,109.542852,108.037848,110.037848,110.037848,0.000000,0.000000
0.6,26,engagement_g05_d0.0,3057,1149,0.375859,106.697964,66.594608,68.594608,68.594608,0.000000,0.000000
0.6,26,engagement_g05_d0.25,3057,1103,0.360811,107.715286,68.850399,70.850399,70.850399,0.000000,0.000000
0.6,26,engagement_g05_d0.5,3057,1072,0.350671,107.716039,69.943192,71.943192,71.943192,0.000000,0.000000
0.6,26,engagement_g05_d1.0,3057,1011,0.330716,107.840598,72.175945,74.175945,74.175945,0.000000,0.000000
0.6,26,engagement_g05_d2.0,3057,873,0.285574,108.797208,77.727544,79.727544,79.727544,0.000000,0.000000
0.6,26,engagement_g05_d5.0,3057,361,0.118090,109.406196,96.486459,98.486459,98.486459,0.000000,0.000000
0.6,26,engagement_g05_d10.0,3057,56,0.018319,104.728105,102.809631,104.809631,104.809631,0.000000,0.000000
0.6,26,oracle_a1,3057,1589,0.519791,36.924920,17.731692,19.731692,19.731692,0.000000,0.000000
0.6,27,static,2968,131,0.044137,106.666010,101.958042,103.958042,103.958042,0.000000,0.000000
0.6,27,nearest,2968,176,0.059299,107.964908,101.562676,103.562676,103.562676,0.000000,0.000000
0.6,27,naive_target_aware,2968,1222,0.411725,105.867493,62.279192,64.279192,64.279192,0.000000,0.000000
0.6,27,engagement_g00_d0.0,2968,1222,0.411725,105.867493,62.279192,64.279192,64.279192,0.000000,0.000000
0.6,27,engagement_g00_d0.25,2968,1096,0.369272,106.426326,67.126038,69.126038,69.126038,0.000000,0.000000
0.6,27,engagement_g00_d0.5,2968,1061,0.357480,107.352075,68.975878,70.975878,70.975878,0.000000,0.000000
0.6,27,engagement_g00_d1.0,2968,969,0.326482,107.948076,72.704920,74.704920,74.704920,0.000000,0.000000
0.6,27,engagement_g00_d2.0,2968,800,0.269542,108.490001,79.247413,81.247413,81.247413,0.000000,0.000000
0.6,27,engagement_g00_d5.0,2968,325,0.109501,108.783995,96.872001,98.872001,98.872001,0.000000,0.000000
0.6,27,engagement_g00_d10.0,2968,66,0.022237,100.336024,98.104832,100.104832,100.104832,0.000000,0.000000
0.6,27,engagement_g05_d0.0,2968,1013,0.341307,105.676682,69.608461,71.608461,71.608461,0.000000,0.000000
0.6,27,engagement_g05_d0.25,2968,983,0.331199,105.551939,70.593193,72.593193,72.593193,0.000000,0.000000
0.6,27,engagement_g05_d0.5,2968,966,0.325472,106.150902,71.601787,73.601787,73.601787,0.000000,0.000000
0.6,27,engagement_g05_d1.0,2968,910,0.306604,106.762115,74.028447,76.028447,76.028447,0.000000,0.000000
0.6,27,engagement_g05_d2.0,2968,756,0.254717,107.679434,80.251654,82.251654,82.251654,0.000000,0.000000
0.6,27,engagement_g05_d5.0,2968,296,0.099730,108.433523,97.619398,99.619398,99.619398,0.000000,0.000000
0.6,27,engagement_g05_d10.0,2968,90,0.030323,98.254790,95.275366,97.275366,97.275366,0.000000,0.000000
0.6,27,oracle_a1,2968,1586,0.534367,40.559221,18.885729,20.885729,20.885729,0.000000,0.000000
0.6,28,static,3014,129,0.042800,118.790441,113.706178,115.706178,115.706178,0.000000,0.000000
0.6,28,nearest,3014,169,0.056072,114.951192,108.505687,110.505687,110.505687,0.000000,0.000000
0.6,28,naive_target_aware,3014,1295,0.429662,105.947914,60.426166,62.426166,62.426166,0.000000,0.000000
0.6,28,engagement_g00_d0.0,3014,1295,0.429662,105.947914,60.426166,62.426166,62.426166,0.000000,0.000000
0.6,28,engagement_g00_d0.25,3014,1167,0.387193,106.795361,65.444934,67.444934,67.444934,0.000000,0.000000
0.6,28,engagement_g00_d0.5,3014,1117,0.370604,107.577686,67.708981,69.708981,69.708981,0.000000,0.000000
0.6,28,engagement_g00_d1.0,3014,1029,0.341407,107.535024,70.821839,72.821839,72.821839,0.000000,0.000000
0.6,28,engagement_g00_d2.0,3014,848,0.281354,108.106610,77.690417,79.690417,79.690417,0.000000,0.000000
0.6,28,engagement_g00_d5.0,3014,370,0.122760,108.801447,95.444932,97.444932,97.444932,0.000000,0.000000
0.6,28,engagement_g00_d10.0,3014,64,0.021234,105.905244,103.656427,105.656427,105.656427,0.000000,0.000000
0.6,28,engagement_g05_d0.0,3014,1103,0.365959,108.523935,68.808639,70.808639,70.808639,0.000000,0.000000
0.6,28,engagement_g05_d0.25,3014,1067,0.354015,108.562099,70.129531,72.129531,72.129531,0.000000,0.000000
0.6,28,engagement_g05_d0.5,3014,1034,0.343066,108.875316,71.523930,73.523930,73.523930,0.000000,0.000000
0.6,28,engagement_g05_d1.0,3014,967,0.320836,108.558279,73.728865,75.728865,75.728865,0.000000,0.000000
0.6,28,engagement_g05_d2.0,3014,810,0.268746,108.826801,79.580049,81.580049,81.580049,0.000000,0.000000
0.6,28,engagement_g05_d5.0,3014,344,0.114134,109.448383,96.956597,98.956597,98.956597,0.000000,0.000000
0.6,28,engagement_g05_d10.0,3014,55,0.018248,102.615698,100.743149,102.743149,102.743149,0.000000,0.000000
0.6,28,oracle_a1,3014,1565,0.519244,33.753388,16.227160,18.227160,18.227160,0.000000,0.000000
0.6,29,static,3063,153,0.049951,98.409657,93.493994,95.493994,95.493994,0.000000,0.000000
0.6,29,nearest,3063,194,0.063337,97.717035,91.527970,93.527970,93.527970,0.000000,0.000000
0.6,29,naive_target_aware,3063,1328,0.433562,100.358341,56.846791,58.846791,58.846791,0.000000,0.000000
0.6,29,engagement_g00_d0.0,3063,1328,0.433562,100.358341,56.846791,58.846791,58.846791,0.000000,0.000000
0.6,29,engagement_g00_d0.25,3063,1201,0.392099,100.124486,60.865750,62.865750,62.865750,0.000000,0.000000
0.6,29,engagement_g00_d0.5,3063,1154,0.376755,100.301479,62.512414,64.512414,64.512414,0.000000,0.000000
0.6,29,engagement_g00_d1.0,3063,1057,0.345087,100.668267,65.929005,67.929005,67.929005,0.000000,0.000000
0.6,29,engagement_g00_d2.0,3063,883,0.288279,100.639289,71.627049,73.627049,73.627049,0.000000,0.000000
0.6,29,engagement_g00_d5.0,3063,369,0.120470,100.901582,88.745956,90.745956,90.745956,0.000000,0.000000
0.6,29,engagement_g00_d10.0,3063,74,0.024159,96.492070,94.160887,96.160887,96.160887,0.000000,0.000000
0.6,29,engagement_g05_d0.0,3063,1120,0.365655,99.756688,63.280198,65.280198,65.280198,0.000000,0.000000
0.6,29,engagement_g05_d0.25,3063,1090,0.355860,99.753734,64.255344,66.255344,66.255344,0.000000,0.000000
0.6,29,engagement_g05_d0.5,3063,1067,0.348351,99.783749,65.023951,67.023951,67.023951,0.000000,0.000000
0.6,29,engagement_g05_d1.0,3063,1005,0.328110,100.135169,67.279849,69.279849,69.279849,0.000000,0.000000
0.6,29,engagement_g05_d2.0,3063,840,0.274241,101.064401,73.348405,75.348405,75.348405,0.000000,0.000000
0.6,29,engagement_g05_d5.0,3063,345,0.112635,99.883961,88.633564,90.633564,90.633564,0.000000,0.000000
0.6,29,engagement_g05_d10.0,3063,101,0.032974,98.273275,95.032792,97.032792,97.032792,0.000000,0.000000
0.6,29,oracle_a1,3063,1543,0.503754,34.179376,16.961362,18.961362,18.961362,0.000000,0.000000
0.6,30,static,2933,124,0.042278,106.162189,101.673914,103.673914,103.673914,0.000000,0.000000
0.6,30,nearest,2933,165,0.056256,102.041381,96.300901,98.300901,98.300901,0.000000,0.000000
0.6,30,naive_target_aware,2933,1252,0.426867,112.654400,64.565989,66.565989,66.565989,0.000000,0.000000
0.6,30,engagement_g00_d0.0,2933,1252,0.426867,112.654400,64.565989,66.565989,66.565989,0.000000,0.000000
0.6,30,engagement_g00_d0.25,2933,1109,0.378111,113.849348,70.801640,72.801640,72.801640,0.000000,0.000000
0.6,30,engagement_g00_d0.5,2933,1064,0.362768,113.714494,72.462458,74.462458,74.462458,0.000000,0.000000
0.6,30,engagement_g00_d1.0,2933,986,0.336175,114.327799,75.893701,77.893701,77.893701,0.000000,0.000000
0.6,30,engagement_g00_d2.0,2933,817,0.278554,114.427789,82.553427,84.553427,84.553427,0.000000,0.000000
0.6,30,engagement_g00_d5.0,2933,299,0.101943,115.978643,104.155386,106.155386,106.155386,0.000000,0.000000
0.6,30,engagement_g00_d10.0,2933,56,0.019093,115.416869,113.213206,115.213206,115.213206,0.000000,0.000000
0.6,30,engagement_g05_d0.0,2933,1045,0.356290,113.705727,73.193458,75.193458,75.193458,0.000000,0.000000
0.6,30,engagement_g05_d0.25,2933,1009,0.344016,113.982985,74.770973,76.770973,76.770973,0.000000,0.000000
0.6,30,engagement_g05_d0.5,2933,980,0.334129,114.299486,76.108727,78.108727,78.108727,0.000000,0.000000
0.6,30,engagement_g05_d1.0,2933,931,0.317422,114.647488,78.255803,80.255803,80.255803,0.000000,0.000000
0.6,30,engagement_g05_d2.0,2933,786,0.267985,115.087364,84.245677,86.245677,86.245677,0.000000,0.000000
0.6,30,engagement_g05_d5.0,2933,280,0.095465,114.035575,103.149124,105.149124,105.149124,0.000000,0.000000
0.6,30,engagement_g05_d10.0,2933,74,0.025230,111.451241,108.639311,110.639311,110.639311,0.000000,0.000000
0.6,30,oracle_a1,2933,1615,0.550631,45.756740,20.561672,22.561672,22.561672,0.000000,0.000000
0.5,1,static,3072,155,0.050456,96.209418,91.355102,93.355102,93.355102,0.000000,0.000000
0.5,1,nearest,3072,143,0.046549,98.836672,94.235876,96.235876,96.235876,0.000000,0.000000
0.5,1,naive_target_aware,3072,1071,0.348633,95.115618,61.955193,63.955193,63.955193,0.000000,0.000000
0.5,1,engagement_g00_d0.0,3072,1071,0.348633,95.115618,61.955193,63.955193,63.955193,0.000000,0.000000
0.5,1,engagement_g00_d0.25,3072,984,0.320312,95.488724,64.902492,66.902492,66.902492,0.000000,0.000000
0.5,1,engagement_g00_d0.5,3072,941,0.306315,95.493913,66.242685,68.242685,68.242685,0.000000,0.000000
0.5,1,engagement_g00_d1.0,3072,884,0.287760,94.534869,67.331476,69.331476,69.331476,0.000000,0.000000
0.5,1,engagement_g00_d2.0,3072,716,0.233073,93.954187,72.056011,74.056011,74.056011,0.000000,0.000000
0.5,1,engagement_g00_d5.0,3072,335,0.109049,92.197330,82.143259,84.143259,84.143259,0.000000,0.000000
0.5,1,engagement_g00_d10.0,3072,92,0.029948,95.670479,92.805347,94.805347,94.805347,0.000000,0.000000
0.5,1,engagement_g05_d0.0,3072,814,0.264974,93.645557,68.831923,70.831923,70.831923,0.000000,0.000000
0.5,1,engagement_g05_d0.25,3072,800,0.260417,93.579460,69.209809,71.209809,71.209809,0.000000,0.000000
0.5,1,engagement_g05_d0.5,3072,776,0.252604,93.334368,69.757718,71.757718,71.757718,0.000000,0.000000
0.5,1,engagement_g05_d1.0,3072,741,0.241211,93.433873,70.896601,72.896601,72.896601,0.000000,0.000000
0.5,1,engagement_g05_d2.0,3072,639,0.208008,92.907475,73.581994,75.581994,75.581994,0.000000,0.000000
0.5,1,engagement_g05_d5.0,3072,287,0.093424,92.371770,83.741985,85.741985,85.741985,0.000000,0.000000
0.5,1,engagement_g05_d10.0,3072,133,0.043294,92.456416,88.453583,90.453583,90.453583,0.000000,0.000000
0.5,1,oracle_a1,3072,1355,0.441081,33.691929,18.831069,20.831069,20.831069,0.000000,0.000000
0.5,2,static,3076,152,0.049415,99.561349,94.641542,96.641542,96.641542,0.000000,0.000000
0.5,2,nearest,3076,139,0.045189,92.068614,87.908167,89.908167,89.908167,0.000000,0.000000
0.5,2,naive_target_aware,3076,1094,0.355657,107.576797,69.316389,71.316389,71.316389,0.000000,0.000000
0.5,2,engagement_g00_d0.0,3076,1094,0.355657,107.576797,69.316389,71.316389,71.316389,0.000000,0.000000
0.5,2,engagement_g00_d0.25,3076,992,0.322497,106.758765,72.329410,74.329410,74.329410,0.000000,0.000000
0.5,2,engagement_g00_d0.5,3076,945,0.307217,106.452431,73.748417,75.748417,75.748417,0.000000,0.000000
0.5,2,engagement_g00_d1.0,3076,864,0.280884,106.605975,76.662034,78.662034,78.662034,0.000000,0.000000
0.5,2,engagement_g00_d2.0,3076,715,0.232445,106.275418,81.572256,83.572256,83.572256,0.000000,0.000000
0.5,2,engagement_g00_d5.0,3076,334,0.108583,107.928033,96.208929,98.208929,98.208929,0.000000,0.000000
0.5,2,engagement_g00_d10.0,3076,94,0.030559,108.027269,104.726045,106.726045,106.726045,0.000000,0.000000
0.5,2,engagement_g05_d0.0,3076,820,0.266580,108.567321,79.625447,81.625447,81.625447,0.000000,0.000000
0.5,2,engagement_g05_d0.25,3076,799,0.259753,108.687756,80.455793,82.455793,82.455793,0.000000,0.000000
0.5,2,engagement_g05_d0.5,3076,778,0.252926,108.830825,81.304693,83.304693,83.304693,0.000000,0.000000
0.5,2,engagement_g05_d1.0,3076,735,0.238947,108.283488,82.409508,84.409508,84.409508,0.000000,0.000000
0.5,2,engagement_g05_d2.0,3076,616,0.200260,108.904488,87.095267,89.095267,89.095267,0.000000,0.000000
0.5,2,engagement_g05_d5.0,3076,281,0.091352,110.351037,100.270205,102.270205,102.270205,0.000000,0.000000
0.5,2,engagement_g05_d10.0,3076,112,0.036411,100.597297,96.934457,98.934457,98.934457,0.000000,0.000000
0.5,2,oracle_a1,3076,1325,0.430754,35.775780,20.365212,22.365212,22.365212,0.000000,0.000000
0.5,3,static,2993,139,0.046442,97.654128,93.118904,95.118904,95.118904,0.000000,0.000000
0.5,3,nearest,2993,181,0.060474,93.355864,87.710221,89.710221,89.710221,0.000000,0.000000
0.5,3,naive_target_aware,2993,1003,0.335115,103.491371,68.809832,70.809832,70.809832,0.000000,0.000000
0.5,3,engagement_g00_d0.0,2993,1003,0.335115,103.491371,68.809832,70.809832,70.809832,0.000000,0.000000
0.5,3,engagement_g00_d0.25,2993,912,0.304711,103.576294,72.015459,74.015459,74.015459,0.000000,0.000000
0.5,3,engagement_g00_d0.5,2993,867,0.289676,103.378439,73.432196,75.432196,75.432196,0.000000,0.000000
0.5,3,engagement_g00_d1.0,2993,816,0.272636,103.391026,75.202894,77.202894,77.202894,0.000000,0.000000
0.5,3,engagement_g00_d2.0,2993,664,0.221851,102.801759,79.995088,81.995088,81.995088,0.000000,0.000000
0.5,3,engagement_g00_d5.0,2993,276,0.092215,101.023553,91.707649,93.707649,93.707649,0.000000,0.000000
0.5,3,engagement_g00_d10.0,2993,72,0.024056,102.956143,100.479416,102.479416,102.479416,0.000000,0.000000
0.5,3,engagement_g05_d0.0,2993,692,0.231206,104.313183,80.195334,82.195334,82.195334,0.000000,0.000000
0.5,3,engagement_g05_d0.25,2993,680,0.227197,104.940449,81.098316,83.098316,83.098316,0.000000,0.000000
0.5,3,engagement_g05_d0.5,2993,673,0.224858,104.841371,81.266950,83.266950,83.266950,0.000000,0.000000
0.5,3,engagement_g05_d1.0,2993,642,0.214501,104.183235,81.835879,83.835879,83.835879,0.000000,0.000000
0.5,3,engagement_g05_d2.0,2993,536,0.179085,102.465561,84.115564,86.115564,86.115564,0.000000,0.000000
0.5,3,engagement_g05_d5.0,2993,228,0.076178,102.781184,94.951545,96.951545,96.951545,0.000000,0.000000
0.5,3,engagement_g05_d10.0,2993,92,0.030738,99.563112,96.502703,98.502703,98.502703,0.000000,0.000000
0.5,3,oracle_a1,2993,1325,0.442700,38.054189,21.207613,23.207613,23.207613,0.000000,0.000000
0.5,4,static,2947,157,0.053275,106.176145,100.519662,102.519662,102.519662,0.000000,0.000000
0.5,4,nearest,2947,142,0.048185,101.859240,96.951194,98.951194,98.951194,0.000000,0.000000
0.5,4,naive_target_aware,2947,1010,0.342721,102.735774,67.526025,69.526025,69.526025,0.000000,0.000000
0.5,4,engagement_g00_d0.0,2947,1010,0.342721,102.735774,67.526025,69.526025,69.526025,0.000000,0.000000
0.5,4,engagement_g00_d0.25,2947,911,0.309128,103.116409,71.240247,73.240247,73.240247,0.000000,0.000000
0.5,4,engagement_g00_d0.5,2947,886,0.300645,103.204398,72.176541,74.176541,74.176541,0.000000,0.000000
0.5,4,engagement_g00_d1.0,2947,825,0.279946,104.117671,74.970376,76.970376,76.970376,0.000000,0.000000
0.5,4,engagement_g00_d2.0,2947,680,0.230743,104.602151,80.465923,82.465923,82.465923,0.000000,0.000000
0.5,4,engagement_g00_d5.0,2947,293,0.099423,103.864721,93.538164,95.538164,95.538164,0.000000,0.000000
0.5,4,engagement_g00_d10.0,2947,80,0.027146,106.905302,104.003224,106.003224,106.003224,0.000000,0.000000
0.5,4,engagement_g05_d0.0,2947,724,0.245674,103.492776,78.067336,80.067336,80.067336,0.000000,0.000000
0.5,4,engagement_g05_d0.25,2947,702,0.238208,103.370807,78.747018,80.747018,80.747018,0.000000,0.000000
0.5,4,engagement_g05_d0.5,2947,692,0.234815,103.331677,79.067843,81.067843,81.067843,0.000000,0.000000
0.5,4,engagement_g05_d1.0,2947,659,0.223617,103.888969,80.657605,82.657605,82.657605,0.000000,0.000000
0.5,4,engagement_g05_d2.0,2947,560,0.190024,103.882367,84.142250,86.142250,86.142250,0.000000,0.000000
0.5,4,engagement_g05_d5.0,2947,233,0.079063,101.886694,93.831180,95.831180,95.831180,0.000000,0.000000
0.5,4,engagement_g05_d10.0,2947,123,0.041737,108.698095,104.161323,106.161323,106.161323,0.000000,0.000000
0.5,4,oracle_a1,2947,1263,0.428571,32.553318,18.601896,20.601896,20.601896,0.000000,0.000000
0.5,5,static,2961,180,0.060790,104.386365,98.040690,100.040690,100.040690,0.000000,0.000000
0.5,5,nearest,2961,150,0.050659,103.765837,98.509209,100.509209,100.509209,0.000000,0.000000
0.5,5,naive_target_aware,2961,980,0.330969,105.193685,70.377808,72.377808,72.377808,0.000000,0.000000
0.5,5,engagement_g00_d0.0,2961,980,0.330969,105.193685,70.377808,72.377808,72.377808,0.000000,0.000000
0.5,5,engagement_g00_d0.25,2961,885,0.298886,105.379517,73.883106,75.883106,75.883106,0.000000,0.000000
0.5,5,engagement_g00_d0.5,2961,848,0.286390,105.705265,75.432362,77.432362,77.432362,0.000000,0.000000
0.5,5,engagement_g00_d1.0,2961,787,0.265789,105.107891,77.171414,79.171414,79.171414,0.000000,0.000000
0.5,5,engagement_g00_d2.0,2961,666,0.224924,107.562584,83.369176,85.369176,85.369176,0.000000,0.000000
0.5,5,engagement_g00_d5.0,2961,283,0.095576,108.655145,98.270340,100.270340,100.270340,0.000000,0.000000
0.5,5,engagement_g00_d10.0,2961,81,0.027356,103.078534,100.258756,102.258756,102.258756,0.000000,0.000000
0.5,5,engagement_g05_d0.0,2961,722,0.243837,107.372821,81.191403,83.191403,83.191403,0.000000,0.000000
0.5,5,engagement_g05_d0.25,2961,710,0.239784,106.563958,81.011641,83.011641,83.011641,0.000000,0.000000
0.5,5,engagement_g05_d0.5,2961,699,0.236069,106.476511,81.340719,83.340719,83.340719,0.000000,0.000000
0.5,5,engagement_g05_d1.0,2961,657,0.221884,106.399370,82.790999,84.790999,84.790999,0.000000,0.000000
0.5,5,engagement_g05_d2.0,2961,576,0.194529,107.787524,86.819738,88.819738,88.819738,0.000000,0.000000
0.5,5,engagement_g05_d5.0,2961,249,0.084093,105.848392,96.947261,98.947261,98.947261,0.000000,0.000000
0.5,5,engagement_g05_d10.0,2961,103,0.034786,108.182888,104.419688,106.419688,106.419688,0.000000,0.000000
0.5,5,oracle_a1,2961,1310,0.442418,37.488217,20.902751,22.902751,22.902751,0.000000,0.000000
0.5,6,static,2952,141,0.047764,104.793364,99.787990,101.787990,101.787990,0.000000,0.000000
0.5,6,nearest,2952,151,0.051152,111.278584,105.586488,107.586488,107.586488,0.000000,0.000000
0.5,6,naive_target_aware,2952,1020,0.345528,102.034530,66.778697,68.778697,68.778697,0.000000,0.000000
0.5,6,engagement_g00_d0.0,2952,1020,0.345528,102.034530,66.778697,68.778697,68.778697,0.000000,0.000000
0.5,6,engagement_g00_d0.25,2952,901,0.305217,101.288821,70.373771,72.373771,72.373771,0.000000,0.000000
0.5,6,engagement_g00_d0.5,2952,868,0.294038,101.125780,71.390964,73.390964,73.390964,0.000000,0.000000
0.5,6,engagement_g00_d1.0,2952,795,0.269309,101.339029,74.047522,76.047522,76.047522,0.000000,0.000000
0.5,6,engagement_g00_d2.0,2952,662,0.224255,101.028440,78.372334,80.372334,80.372334,0.000000,0.000000
0.5,6,engagement_g00_d5.0,2952,296,0.100271,100.858255,90.745097,92.745097,92.745097,0.000000,0.000000
0.5,6,engagement_g00_d10.0,2952,95,0.032182,101.740221,98.466061,100.466061,100.466061,0.000000,0.000000
0.5,6,engagement_g05_d0.0,2952,743,0.251694,102.506521,76.706269,78.706269,78.706269,0.000000,0.000000
0.5,6,engagement_g05_d0.25,2952,729,0.246951,102.481296,77.173415,79.173415,79.173415,0.000000,0.000000
0.5,6,engagement_g05_d0.5,2952,713,0.241531,101.347788,76.869138,78.869138,78.869138,0.000000,0.000000
0.5,6,engagement_g05_d1.0,2952,687,0.232724,101.371358,77.779853,79.779853,79.779853,0.000000,0.000000
0.5,6,engagement_g05_d2.0,2952,595,0.201558,100.833196,80.509432,82.509432,82.509432,0.000000,0.000000
0.5,6,engagement_g05_d5.0,2952,259,0.087737,99.134349,90.436586,92.436586,92.436586,0.000000,0.000000
0.5,6,engagement_g05_d10.0,2952,93,0.031504,105.721531,102.390873,104.390873,104.390873,0.000000,0.000000
0.5,6,oracle_a1,2952,1243,0.421070,32.646495,18.900020,20.900020,20.900020,0.000000,0.000000
0.5,7,static,2971,163,0.054864,118.181511,111.697638,113.697638,113.697638,0.000000,0.000000
0.5,7,nearest,2971,180,0.060586,112.197647,105.400078,107.400078,107.400078,0.000000,0.000000
0.5,7,naive_target_aware,2971,1026,0.345338,109.659472,71.789860,73.789860,73.789860,0.000000,0.000000
0.5,7,engagement_g00_d0.0,2971,1026,0.345338,109.659472,71.789860,73.789860,73.789860,0.000000,0.000000
0.5,7,engagement_g00_d0.25,2971,933,0.314036,110.005417,75.459791,77.459791,77.459791,0.000000,0.000000
0.5,7,engagement_g00_d0.5,2971,895,0.301245,109.802674,76.725127,78.725127,78.725127,0.000000,0.000000
0.5,7,engagement_g00_d1.0,2971,813,0.273645,108.299691,78.663996,80.663996,80.663996,0.000000,0.000000
0.5,7,engagement_g00_d2.0,2971,670,0.225513,107.552620,83.298074,85.298074,85.298074,0.000000,0.000000
0.5,7,engagement_g00_d5.0,2971,284,0.095591,109.440742,98.979224,100.979224,100.979224,0.000000,0.000000
0.5,7,engagement_g00_d10.0,2971,83,0.027937,110.453868,107.368149,109.368149,109.368149,0.000000,0.000000
0.5,7,engagement_g05_d0.0,2971,753,0.253450,111.097158,82.939582,84.939582,84.939582,0.000000,0.000000
0.5,7,engagement_g05_d0.25,2971,734,0.247055,110.465727,83.174632,85.174632,85.174632,0.000000,0.000000
0.5,7,engagement_g05_d0.5,2971,722,0.243016,110.300951,83.496075,85.496075,85.496075,0.000000,0.000000
0.5,7,engagement_g05_d1.0,2971,675,0.227196,109.545932,84.657509,86.657509,86.657509,0.000000,0.000000
0.5,7,engagement_g05_d2.0,2971,561,0.188825,109.124414,88.518963,90.518963,90.518963,0.000000,0.000000
0.5,7,engagement_g05_d5.0,2971,247,0.083137,111.022361,101.792296,103.792296,103.792296,0.000000,0.000000
0.5,7,engagement_g05_d10.0,2971,124,0.041737,112.405164,107.713733,109.713733,109.713733,0.000000,0.000000
0.5,7,oracle_a1,2971,1389,0.467519,47.410496,25.245172,27.245172,27.245172,0.000000,0.000000
0.5,8,static,2983,161,0.053973,96.956821,91.723817,93.723817,93.723817,0.000000,0.000000
0.5,8,nearest,2983,151,0.050620,100.114678,95.046855,97.046855,97.046855,0.000000,0.000000
0.5,8,naive_target_aware,2983,1046,0.350654,99.229675,64.434422,66.434422,66.434422,0.000000,0.000000
0.5,8,engagement_g00_d0.0,2983,1046,0.350654,99.229675,64.434422,66.434422,66.434422,0.000000,0.000000
0.5,8,engagement_g00_d0.25,2983,952,0.319142,99.745923,67.912829,69.912829,69.912829,0.000000,0.000000
0.5,8,engagement_g00_d0.5,2983,934,0.313108,99.686610,68.473974,70.473974,70.473974,0.000000,0.000000
0.5,8,engagement_g00_d1.0,2983,865,0.289977,99.097985,70.361895,72.361895,72.361895,0.000000,0.000000
0.5,8,engagement_g00_d2.0,2983,717,0.240362,98.342177,74.704449,76.704449,76.704449,0.000000,0.000000
0.5,8,engagement_g00_d5.0,2983,291,0.097553,99.065963,89.401801,91.401801,91.401801,0.000000,0.000000
0.5,8,engagement_g00_d10.0,2983,84,0.028160,99.192362,96.399148,98.399148,98.399148,0.000000,0.000000
0.5,8,engagement_g05_d0.0,2983,742,0.248743,98.610538,74.081869,76.081869,76.081869,0.000000,0.000000
0.5,8,engagement_g05_d0.25,2983,732,0.245391,98.971124,74.684546,76.684546,76.684546,0.000000,0.000000
0.5,8,engagement_g05_d0.5,2983,724,0.242709,98.946835,74.931579,76.931579,76.931579,0.000000,0.000000
0.5,8,engagement_g05_d1.0,2983,695,0.232987,98.772612,75.759884,77.759884,77.759884,0.000000,0.000000
0.5,8,engagement_g05_d2.0,2983,605,0.202816,99.143863,79.035905,81.035905,81.035905,0.000000,0.000000
0.5,8,engagement_g05_d5.0,2983,251,0.084143,97.925711,89.685901,91.685901,91.685901,0.000000,0.000000
0.5,8,engagement_g05_d10.0,2983,95,0.031847,104.499089,101.171092,103.171092,103.171092,0.000000,0.000000
0.5,8,oracle_a1,2983,1275,0.427422,35.060759,20.075017,22.075017,22.075017,0.000000,0.000000
0.5,9,static,2932,171,0.058322,98.418838,92.678858,94.678858,94.678858,0.000000,0.000000
0.5,9,nearest,2932,133,0.045362,111.255858,106.209122,108.209122,108.209122,0.000000,0.000000
0.5,9,naive_target_aware,2932,1002,0.341746,100.950455,66.451015,68.451015,68.451015,0.000000,0.000000
0.5,9,engagement_g00_d0.0,2932,1002,0.341746,100.950455,66.451015,68.451015,68.451015,0.000000,0.000000
0.5,9,engagement_g00_d0.25,2932,896,0.305593,99.479831,69.079446,71.079446,71.079446,0.000000,0.000000
0.5,9,engagement_g00_d0.5,2932,864,0.294679,98.833650,69.709409,71.709409,71.709409,0.000000,0.000000
0.5,9,engagement_g00_d1.0,2932,803,0.273874,98.468964,71.500827,73.500827,73.500827,0.000000,0.000000
0.5,9,engagement_g00_d2.0,2932,679,0.231583,97.673790,75.054246,77.054246,77.054246,0.000000,0.000000
0.5,9,engagement_g00_d5.0,2932,283,0.096521,99.091760,89.527310,91.527310,91.527310,0.000000,0.000000
0.5,9,engagement_g00_d10.0,2932,90,0.030696,100.244554,97.167470,99.167470,99.167470,0.000000,0.000000
0.5,9,engagement_g05_d0.0,2932,728,0.248295,100.307124,75.401399,77.401399,77.401399,0.000000,0.000000
0.5,9,engagement_g05_d0.25,2932,713,0.243179,99.972953,75.661659,77.661659,77.661659,0.000000,0.000000
0.5,9,engagement_g05_d0.5,2932,697,0.237722,99.760912,76.045579,78.045579,78.045579,0.000000,0.000000
0.5,9,engagement_g05_d1.0,2932,667,0.227490,99.801801,77.097913,79.097913,79.097913,0.000000,0.000000
0.5,9,engagement_g05_d2.0,2932,577,0.196794,99.238232,79.708743,81.708743,81.708743,0.000000,0.000000
0.5,9,engagement_g05_d5.0,2932,241,0.082196,103.614676,95.097917,97.097917,97.097917,0.000000,0.000000
0.5,9,engagement_g05_d10.0,2932,96,0.032742,96.389181,93.233191,95.233191,95.233191,0.000000,0.000000
0.5,9,oracle_a1,2932,1325,0.451910,38.014851,20.835561,22.835561,22.835561,0.000000,0.000000
0.5,10,static,3006,131,0.043580,106.835063,102.179244,104.179244,104.179244,0.000000,0.000000
0.5,10,nearest,3006,154,0.051231,89.886058,85.281117,87.281117,87.281117,0.000000,0.000000
0.5,10,naive_target_aware,3006,1052,0.349967,102.337568,66.522824,68.522824,68.522824,0.000000,0.000000
0.5,10,engagement_g00_d0.0,3006,1052,0.349967,102.337568,66.522824,68.522824,68.522824,0.000000,0.000000
0.5,10,engagement_g00_d0.25,3006,940,0.312708,102.465356,70.423628,72.423628,72.423628,0.000000,0.000000
0.5,10,engagement_g00_d0.5,3006,912,0.303393,103.152526,71.856750,73.856750,73.856750,0.000000,0.000000
0.5,10,engagement_g00_d1.0,3006,831,0.276447,102.767065,74.357407,76.357407,76.357407,0.000000,0.000000
0.5,10,engagement_g00_d2.0,3006,703,0.233866,103.502431,79.296772,81.296772,81.296772,0.000000,0.000000
0.5,10,engagement_g00_d5.0,3006,306,0.101796,103.764803,93.201919,95.201919,95.201919,0.000000,0.000000
0.5,10,engagement_g00_d10.0,3006,82,0.027279,103.190919,100.375997,102.375997,102.375997,0.000000,0.000000
0.5,10,engagement_g05_d0.0,3006,777,0.258483,105.530569,78.252707,80.252707,80.252707,0.000000,0.000000
0.5,10,engagement_g05_d0.25,3006,763,0.253826,105.319098,78.586406,80.586406,80.586406,0.000000,0.000000
0.5,10,engagement_g05_d0.5,3006,755,0.251164,105.579457,79.061663,81.061663,81.061663,0.000000,0.000000
0.5,10,engagement_g05_d1.0,3006,702,0.233533,105.009291,80.486164,82.486164,82.486164,0.000000,0.000000
0.5,10,engagement_g05_d2.0,3006,608,0.202262,105.883790,84.467508,86.467508,86.467508,0.000000,0.000000
0.5,10,engagement_g05_d5.0,3006,262,0.087159,105.483197,96.289385,98.289385,98.289385,0.000000,0.000000
0.5,10,engagement_g05_d10.0,3006,79,0.026281,103.803257,101.075227,103.075227,103.075227,0.000000,0.000000
0.5,10,oracle_a1,3006,1394,0.463739,41.548281,22.280715,24.280715,24.280715,0.000000,0.000000
0.5,11,static,3002,148,0.049300,107.069777,101.791187,103.791187,103.791187,0.000000,0.000000
0.5,11,nearest,3002,138,0.045969,104.269636,99.476429,101.476429,101.476429,0.000000,0.000000
0.5,11,naive_target_aware,3002,1042,0.347102,106.659607,69.637851,71.637851,71.637851,0.000000,0.000000
0.5,11,engagement_g00_d0.0,3002,1042,0.347102,106.659607,69.637851,71.637851,71.637851,0.000000,0.000000
0.5,11,engagement_g00_d0.25,3002,960,0.319787,107.389241,73.047578,75.047578,75.047578,0.000000,0.000000
0.5,11,engagement_g00_d0.5,3002,921,0.306795,107.145363,74.273651,76.273651,76.273651,0.000000,0.000000
0.5,11,engagement_g00_d1.0,3002,851,0.283478,107.283110,76.870743,78.870743,78.870743,0.000000,0.000000
0.5,11,engagement_g00_d2.0,3002,698,0.232512,106.992261,82.115313,84.115313,84.115313,0.000000,0.000000
0.5,11,engagement_g00_d5.0,3002,306,0.101932,109.081550,97.962645,99.962645,99.962645,0.000000,0.000000
0.5,11,engagement_g00_d10.0,3002,91,0.030313,101.288823,98.218443,100.218443,100.218443,0.000000,0.000000
0.5,11,engagement_g05_d0.0,3002,789,0.262825,107.816530,79.479674,81.479674,81.479674,0.000000,0.000000
0.5,11,engagement_g05_d0.25,3002,776,0.258494,108.105212,80.160627,82.160627,82.160627,0.000000,0.000000
0.5,11,engagement_g05_d0.5,3002,764,0.254497,108.058882,80.558221,82.558221,82.558221,0.000000,0.000000
0.5,11,engagement_g05_d1.0,3002,727,0.242172,108.437052,82.176647,84.176647,84.176647,0.000000,0.000000
0.5,11,engagement_g05_d2.0,3002,618,0.205863,108.502558,86.165922,88.165922,88.165922,0.000000,0.000000
0.5,11,engagement_g05_d5.0,3002,252,0.083944,107.052394,98.065984,100.065984,100.065984,0.000000,0.000000
0.5,11,engagement_g05_d10.0,3002,132,0.043971,101.008635,96.567216,98.567216,98.567216,0.000000,0.000000
0.5,11,oracle_a1,3002,1313,0.437375,35.111327,19.754507,21.754507,21.754507,0.000000,0.000000
0.5,12,static,3026,166,0.054858,102.034300,96.436913,98.436913,98.436913,0.000000,0.000000
0.5,12,nearest,3026,148,0.048909,115.761438,110.099609,112.099609,112.099609,0.000000,0.000000
0.5,12,naive_target_aware,3026,1070,0.353602,103.303051,66.774874,68.774874,68.774874,0.000000,0.000000
0.5,12,engagement_g00_d0.0,3026,1070,0.353602,103.303051,66.774874,68.774874,68.774874,0.000000,0.000000
0.5,12,engagement_g00_d0.25,3026,944,0.311963,102.941898,70.827836,72.827836,72.827836,0.000000,0.000000
0.5,12,engagement_g00_d0.5,3026,915,0.302379,102.915811,71.796192,73.796192,73.796192,0.000000,0.000000
0.5,12,engagement_g00_d1.0,3026,838,0.276933,103.041644,74.505987,76.505987,76.505987,0.000000,0.000000
0.5,12,engagement_g00_d2.0,3026,673,0.222406,103.269842,80.302029,82.302029,82.302029,0.000000,0.000000
0.5,12,engagement_g00_d5.0,3026,313,0.103437,100.836931,90.406673,92.406673,92.406673,0.000000,0.000000
0.5,12,engagement_g00_d10.0,3026,67,0.022141,96.921577,94.775594,96.775594,96.775594,0.000000,0.000000
0.5,12,engagement_g05_d0.0,3026,753,0.248843,102.936647,77.321546,79.321546,79.321546,0.000000,0.000000
0.5,12,engagement_g05_d0.25,3026,739,0.244217,102.857537,77.738000,79.738000,79.738000,0.000000,0.000000
0.5,12,engagement_g05_d0.5,3026,729,0.240912,103.042578,78.218375,80.218375,80.218375,0.000000,0.000000
0.5,12,engagement_g05_d1.0,3026,691,0.228354,102.192425,78.856349,80.856349,80.856349,0.000000,0.000000
0.5,12,engagement_g05_d2.0,3026,578,0.191011,102.169995,82.654378,84.654378,84.654378,0.000000,0.000000
0.5,12,engagement_g05_d5.0,3026,270,0.089227,102.251203,93.127666,95.127666,95.127666,0.000000,0.000000
0.5,12,engagement_g05_d10.0,3026,125,0.041309,104.505054,100.188091,102.188091,102.188091,0.000000,0.000000
0.5,12,oracle_a1,3026,1202,0.397224,31.614155,19.056252,21.056252,21.056252,0.000000,0.000000
0.5,13,static,3014,166,0.055076,100.505451,94.969982,96.969982,96.969982,0.000000,0.000000
0.5,13,nearest,3014,133,0.044127,103.646908,99.073239,101.073239,101.073239,0.000000,0.000000
0.5,13,naive_target_aware,3014,1054,0.349701,101.178140,65.796004,67.796004,67.796004,0.000000,0.000000
0.5,13,engagement_g00_d0.0,3014,1054,0.349701,101.178140,65.796004,67.796004,67.796004,0.000000,0.000000
0.5,13,engagement_g00_d0.25,3014,960,0.318514,101.302455,69.036245,71.036245,71.036245,0.000000,0.000000
0.5,13,engagement_g00_d0.5,3014,930,0.308560,101.714642,70.329567,72.329567,72.329567,0.000000,0.000000
0.5,13,engagement_g00_d1.0,3014,870,0.288653,101.413920,72.140492,74.140492,74.140492,0.000000,0.000000
0.5,13,engagement_g00_d2.0,3014,706,0.234240,100.078603,76.636170,78.636170,78.636170,0.000000,0.000000
0.5,13,engagement_g00_d5.0,3014,286,0.094891,97.050268,87.841118,89.841118,89.841118,0.000000,0.000000
0.5,13,engagement_g00_d10.0,3014,83,0.027538,96.364926,93.711214,95.711214,95.711214,0.000000,0.000000
0.5,13,engagement_g05_d0.0,3014,796,0.264101,98.931376,72.803514,74.803514,74.803514,0.000000,0.000000
0.5,13,engagement_g05_d0.25,3014,785,0.260451,99.231177,73.386295,75.386295,75.386295,0.000000,0.000000
0.5,13,engagement_g05_d0.5,3014,777,0.257797,99.083808,73.540304,75.540304,75.540304,0.000000,0.000000
0.5,13,engagement_g05_d1.0,3014,745,0.247180,99.137945,74.633045,76.633045,76.633045,0.000000,0.000000
0.5,13,engagement_g05_d2.0,3014,631,0.209356,99.417749,78.604013,80.604013,80.604013,0.000000,0.000000
0.5,13,engagement_g05_d5.0,3014,266,0.088255,99.237098,90.478947,92.478947,92.478947,0.000000,0.000000
0.5,13,engagement_g05_d10.0,3014,110,0.036496,107.389133,103.469821,105.469821,105.469821,0.000000,0.000000
0.5,13,oracle_a1,3014,1387,0.460186,35.563233,19.197538,21.197538,21.197538,0.000000,0.000000
0.5,14,static,3050,145,0.047541,107.438517,102.330784,104.330784,104.330784,0.000000,0.000000
0.5,14,nearest,3050,157,0.051475,114.309678,108.425541,110.425541,110.425541,0.000000,0.000000
0.5,14,naive_target_aware,3050,1051,0.344590,111.057915,72.788450,74.788450,74.788450,0.000000,0.000000
0.5,14,engagement_g00_d0.0,3050,1051,0.344590,111.057915,72.788450,74.788450,74.788450,0.000000,0.000000
0.5,14,engagement_g00_d0.25,3050,952,0.312131,110.131015,75.755695,77.755695,77.755695,0.000000,0.000000
0.5,14,engagement_g00_d0.5,3050,922,0.302295,109.545453,76.430401,78.430401,78.430401,0.000000,0.000000
0.5,14,engagement_g00_d1.0,3050,857,0.280984,109.414371,78.670727,80.670727,80.670727,0.000000,0.000000
0.5,14,engagement_g00_d2.0,3050,737,0.241639,107.976101,81.884827,83.884827,83.884827,0.000000,0.000000
0.5,14,engagement_g00_d5.0,3050,311,0.101967,107.325843,96.382126,98.382126,98.382126,0.000000,0.000000
0.5,14,engagement_g00_d10.0,3050,71,0.023279,109.701630,107.147920,109.147920,109.147920,0.000000,0.000000
0.5,14,engagement_g05_d0.0,3050,781,0.256066,109.461011,81.431814,83.431814,83.431814,0.000000,0.000000
0.5,14,engagement_g05_d0.25,3050,770,0.252459,109.507138,81.861074,83.861074,83.861074,0.000000,0.000000
0.5,14,engagement_g05_d0.5,3050,757,0.248197,109.650077,82.435288,84.435288,84.435288,0.000000,0.000000
0.5,14,engagement_g05_d1.0,3050,727,0.238361,109.010089,83.026372,85.026372,85.026372,0.000000,0.000000
0.5,14,engagement_g05_d2.0,3050,630,0.206557,108.532842,86.114583,88.114583,88.114583,0.000000,0.000000
0.5,14,engagement_g05_d5.0,3050,238,0.078033,107.684149,99.281254,101.281254,101.281254,0.000000,0.000000
0.5,14,engagement_g05_d10.0,3050,110,0.036066,106.598188,102.753663,104.753663,104.753663,0.000000,0.000000
0.5,14,oracle_a1,3050,1318,0.432131,41.316403,23.462298,25.462298,25.462298,0.000000,0.000000
0.5,15,static,3022,170,0.056254,106.220796,100.245437,102.245437,102.245437,0.000000,0.000000
0.5,15,nearest,3022,151,0.049967,114.469128,108.749459,110.749459,110.749459,0.000000,0.000000
0.5,15,naive_target_aware,3022,1016,0.336201,106.495142,70.691348,72.691348,72.691348,0.000000,0.000000
0.5,15,engagement_g00_d0.0,3022,1016,0.336201,106.495142,70.691348,72.691348,72.691348,0.000000,0.000000
0.5,15,engagement_g00_d0.25,3022,919,0.304103,106.323333,73.990062,75.990062,75.990062,0.000000,0.000000
0.5,15,engagement_g00_d0.5,3022,877,0.290205,105.983770,75.226733,77.226733,77.226733,0.000000,0.000000
0.5,15,engagement_g00_d1.0,3022,822,0.272005,106.183026,77.300681,79.300681,79.300681,0.000000,0.000000
0.5,15,engagement_g00_d2.0,3022,683,0.226009,106.118653,82.134854,84.134854,84.134854,0.000000,0.000000
0.5,15,engagement_g00_d5.0,3022,269,0.089014,109.673674,99.911193,101.911193,101.911193,0.000000,0.000000
0.5,15,engagement_g00_d10.0,3022,84,0.027796,113.388244,110.236486,112.236486,112.236486,0.000000,0.000000
0.5,15,engagement_g05_d0.0,3022,749,0.247849,108.192334,81.376961,83.376961,83.376961,0.000000,0.000000
0.5,15,engagement_g05_d0.25,3022,731,0.241893,108.322768,82.120272,84.120272,84.120272,0.000000,0.000000
0.5,15,engagement_g05_d0.5,3022,717,0.237260,108.305407,82.608856,84.608856,84.608856,0.000000,0.000000
0.5,15,engagement_g05_d1.0,3022,690,0.228326,108.598371,83.802581,85.802581,85.802581,0.000000,0.000000
0.5,15,engagement_g05_d2.0,3022,574,0.189940,109.449613,88.660706,90.660706,90.660706,0.000000,0.000000
0.5,15,engagement_g05_d5.0,3022,223,0.073792,110.242201,102.107187,104.107187,104.107187,0.000000,0.000000
0.5,15,engagement_g05_d10.0,3022,120,0.039709,102.124930,98.069671,100.069671,100.069671,0.000000,0.000000
0.5,15,oracle_a1,3022,1388,0.459298,40.413543,21.851664,23.851664,23.851664,0.000000,0.000000
0.5,16,static,3097,175,0.056506,94.052526,88.737966,90.737966,90.737966,0.000000,0.000000
0.5,16,nearest,3097,146,0.047142,99.967306,95.254608,97.254608,97.254608,0.000000,0.000000
0.5,16,naive_target_aware,3097,1138,0.367452,100.263394,63.421372,65.421372,65.421372,0.000000,0.000000
0.5,16,engagement_g00_d0.0,3097,1138,0.367452,100.263394,63.421372,65.421372,65.421372,0.000000,0.000000
0.5,16,engagement_g00_d0.25,3097,1017,0.328382,99.875563,67.078196,69.078196,69.078196,0.000000,0.000000
0.5,16,engagement_g00_d0.5,3097,981,0.316758,99.254770,67.815013,69.815013,69.815013,0.000000,0.000000
0.5,16,engagement_g00_d1.0,3097,906,0.292541,99.193830,70.175551,72.175551,72.175551,0.000000,0.000000
0.5,16,engagement_g00_d2.0,3097,738,0.238295,99.842771,76.050725,78.050725,78.050725,0.000000,0.000000
0.5,16,engagement_g00_d5.0,3097,340,0.109784,98.488397,87.675980,89.675980,89.675980,0.000000,0.000000
0.5,16,engagement_g00_d10.0,3097,107,0.034550,92.748084,89.543678,91.543678,91.543678,0.000000,0.000000
0.5,16,engagement_g05_d0.0,3097,840,0.271230,97.849842,71.310007,73.310007,73.310007,0.000000,0.000000
0.5,16,engagement_g05_d0.25,3097,826,0.266710,97.691987,71.636584,73.636584,73.636584,0.000000,0.000000
0.5,16,engagement_g05_d0.5,3097,817,0.263804,97.607174,71.858042,73.858042,73.858042,0.000000,0.000000
0.5,16,engagement_g05_d1.0,3097,774,0.249919,97.548285,73.169088,75.169088,75.169088,0.000000,0.000000
0.5,16,engagement_g05_d2.0,3097,659,0.212787,97.605683,76.836504,78.836504,78.836504,0.000000,0.000000
0.5,16,engagement_g05_d5.0,3097,300,0.096868,96.616318,87.257294,89.257294,89.257294,0.000000,0.000000
0.5,16,engagement_g05_d10.0,3097,110,0.035518,101.242498,97.646542,99.646542,99.646542,0.000000,0.000000
0.5,16,oracle_a1,3097,1442,0.465612,34.650996,18.517080,20.517080,20.517080,0.000000,0.000000
0.5,17,static,2945,143,0.048557,117.372494,111.673252,113.673252,113.673252,0.000000,0.000000
0.5,17,nearest,2945,123,0.041766,92.848539,88.970655,90.970655,90.970655,0.000000,0.000000
0.5,17,naive_target_aware,2945,1025,0.348048,102.201694,66.630646,68.630646,68.630646,0.000000,0.000000
0.5,17,engagement_g00_d0.0,2945,1025,0.348048,102.201694,66.630646,68.630646,68.630646,0.000000,0.000000
0.5,17,engagement_g00_d0.25,2945,920,0.312394,102.636297,70.573345,72.573345,72.573345,0.000000,0.000000
0.5,17,engagement_g00_d0.5,2945,893,0.303226,102.733781,71.582247,73.582247,73.582247,0.000000,0.000000
0.5,17,engagement_g00_d1.0,2945,841,0.285569,103.113547,73.667539,75.667539,75.667539,0.000000,0.000000
0.5,17,engagement_g00_d2.0,2945,704,0.239049,104.865347,79.797366,81.797366,81.797366,0.000000,0.000000
0.5,17,engagement_g00_d5.0,2945,288,0.097793,106.021861,95.653679,97.653679,97.653679,0.000000,0.000000
0.5,17,engagement_g00_d10.0,2945,113,0.038370,100.720244,96.855596,98.855596,98.855596,0.000000,0.000000
0.5,17,engagement_g05_d0.0,2945,763,0.259083,103.297206,76.534636,78.534636,78.534636,0.000000,0.000000
0.5,17,engagement_g05_d0.25,2945,746,0.253311,103.425024,77.226360,79.226360,79.226360,0.000000,0.000000
0.5,17,engagement_g05_d0.5,2945,733,0.248896,103.392814,77.658711,79.658711,79.658711,0.000000,0.000000
0.5,17,engagement_g05_d1.0,2945,691,0.234635,103.933879,79.547356,81.547356,81.547356,0.000000,0.000000
0.5,17,engagement_g05_d2.0,2945,601,0.204075,103.928081,82.718989,84.718989,84.718989,0.000000,0.000000
0.5,17,engagement_g05_d5.0,2945,238,0.080815,103.587121,95.215734,97.215734,97.215734,0.000000,0.000000
0.5,17,engagement_g05_d10.0,2945,129,0.043803,108.959431,104.186675,106.186675,106.186675,0.000000,0.000000
0.5,17,oracle_a1,2945,1313,0.445840,36.068542,19.987728,21.987728,21.987728,0.000000,0.000000
0.5,18,static,3040,181,0.059539,107.001514,100.630700,102.630700,102.630700,0.000000,0.000000
0.5,18,nearest,3040,156,0.051316,104.916040,99.532190,101.532190,101.532190,0.000000,0.000000
0.5,18,naive_target_aware,3040,1058,0.348026,106.214888,69.249312,71.249312,71.249312,0.000000,0.000000
0.5,18,engagement_g00_d0.0,3040,1058,0.348026,106.214888,69.249312,71.249312,71.249312,0.000000,0.000000
0.5,18,engagement_g00_d0.25,3040,948,0.311842,106.994501,73.629110,75.629110,75.629110,0.000000,0.000000
0.5,18,engagement_g00_d0.5,3040,907,0.298355,107.333936,75.310291,77.310291,77.310291,0.000000,0.000000
0.5,18,engagement_g00_d1.0,3040,840,0.276316,107.623697,77.885570,79.885570,79.885570,0.000000,0.000000
0.5,18,engagement_g00_d2.0,3040,686,0.225658,107.636934,83.347810,85.347810,85.347810,0.000000,0.000000
0.5,18,engagement_g00_d5.0,3040,327,0.107566,110.010262,98.176921,100.176921,100.176921,0.000000,0.000000
0.5,18,engagement_g00_d10.0,3040,111,0.036513,111.529426,107.457134,109.457134,109.457134,0.000000,0.000000
0.5,18,engagement_g05_d0.0,3040,766,0.251974,108.398618,81.085019,83.085019,83.085019,0.000000,0.000000
0.5,18,engagement_g05_d0.25,3040,750,0.246711,108.021780,81.371670,83.371670,83.371670,0.000000,0.000000
0.5,18,engagement_g05_d0.5,3040,735,0.241776,108.029355,81.910416,83.910416,83.910416,0.000000,0.000000
0.5,18,engagement_g05_d1.0,3040,699,0.229934,108.233277,83.346744,85.346744,85.346744,0.000000,0.000000
0.5,18,engagement_g05_d2.0,3040,596,0.196053,108.591035,87.301477,89.301477,89.301477,0.000000,0.000000
0.5,18,engagement_g05_d5.0,3040,280,0.092105,110.738762,100.539139,102.539139,102.539139,0.000000,0.000000
0.5,18,engagement_g05_d10.0,3040,130,0.042763,105.232556,100.732480,102.732480,102.732480,0.000000,0.000000
0.5,18,oracle_a1,3040,1303,0.428618,32.204852,18.401259,20.401259,20.401259,0.000000,0.000000
0.5,19,static,2979,129,0.043303,111.850928,107.007434,109.007434,109.007434,0.000000,0.000000
0.5,19,nearest,2979,128,0.042967,105.240911,100.718979,102.718979,102.718979,0.000000,0.000000
0.5,19,naive_target_aware,2979,1080,0.362538,111.426386,71.030113,73.030113,73.030113,0.000000,0.000000
0.5,19,engagement_g00_d0.0,2979,1080,0.362538,111.426386,71.030113,73.030113,73.030113,0.000000,0.000000
0.5,19,engagement_g00_d0.25,2979,976,0.327627,112.642687,75.737933,77.737933,77.737933,0.000000,0.000000
0.5,19,engagement_g00_d0.5,2979,941,0.315878,112.640171,77.059641,79.059641,79.059641,0.000000,0.000000
0.5,19,engagement_g00_d1.0,2979,876,0.294058,113.529674,80.145319,82.145319,82.145319,0.000000,0.000000
0.5,19,engagement_g00_d2.0,2979,707,0.237328,116.561409,88.898127,90.898127,90.898127,0.000000,0.000000
0.5,19,engagement_g00_d5.0,2979,301,0.101041,119.216231,107.170549,109.170549,109.170549,0.000000,0.000000
0.5,19,engagement_g00_d10.0,2979,80,0.026855,109.384301,106.446824,108.446824,108.446824,0.000000,0.000000
0.5,19,engagement_g05_d0.0,2979,793,0.266197,114.787199,84.231224,86.231224,86.231224,0.000000,0.000000
0.5,19,engagement_g05_d0.25,2979,781,0.262169,115.116125,84.936302,86.936302,86.936302,0.000000,0.000000
0.5,19,engagement_g05_d0.5,2979,766,0.257133,115.287071,85.642930,87.642930,87.642930,0.000000,0.000000
0.5,19,engagement_g05_d1.0,2979,729,0.244713,115.619589,87.325974,89.325974,89.325974,0.000000,0.000000
0.5,19,engagement_g05_d2.0,2979,619,0.207788,116.368294,92.188377,94.188377,94.188377,0.000000,0.000000
0.5,19,engagement_g05_d5.0,2979,271,0.090970,118.668564,107.873270,109.873270,109.873270,0.000000,0.000000
0.5,19,engagement_g05_d10.0,2979,104,0.034911,106.908652,103.176360,105.176360,105.176360,0.000000,0.000000
0.5,19,oracle_a1,2979,1231,0.413226,31.933264,18.737612,20.737612,20.737612,0.000000,0.000000
0.5,20,static,3045,149,0.048933,108.437420,103.131286,105.131286,105.131286,0.000000,0.000000
0.5,20,nearest,3045,175,0.057471,107.795790,101.600630,103.600630,103.600630,0.000000,0.000000
0.5,20,naive_target_aware,3045,1053,0.345813,105.756588,69.184605,71.184605,71.184605,0.000000,0.000000
0.5,20,engagement_g00_d0.0,3045,1053,0.345813,105.756588,69.184605,71.184605,71.184605,0.000000,0.000000
0.5,20,engagement_g00_d0.25,3045,968,0.317898,106.028825,72.322453,74.322453,74.322453,0.000000,0.000000
0.5,20,engagement_g00_d0.5,3045,932,0.306076,106.387738,73.825054,75.825054,75.825054,0.000000,0.000000
0.5,20,engagement_g00_d1.0,3045,851,0.279475,105.990481,76.368839,78.368839,78.368839,0.000000,0.000000
0.5,20,engagement_g00_d2.0,3045,696,0.228571,105.544256,81.419855,83.419855,83.419855,0.000000,0.000000
0.5,20,engagement_g00_d5.0,3045,290,0.095238,106.234573,96.116995,98.116995,98.116995,0.000000,0.000000
0.5,20,engagement_g00_d10.0,3045,81,0.026601,105.322858,102.521166,104.521166,104.521166,0.000000,0.000000
0.5,20,engagement_g05_d0.0,3045,781,0.256486,107.098108,79.628938,81.628938,81.628938,0.000000,0.000000
0.5,20,engagement_g05_d0.25,3045,761,0.249918,107.277945,80.467266,82.467266,82.467266,0.000000,0.000000
0.5,20,engagement_g05_d0.5,3045,744,0.244335,107.127982,80.952869,82.952869,82.952869,0.000000,0.000000
0.5,20,engagement_g05_d1.0,3045,716,0.235140,106.873141,81.743036,83.743036,83.743036,0.000000,0.000000
0.5,20,engagement_g05_d2.0,3045,603,0.198030,107.166037,85.943994,87.943994,87.943994,0.000000,0.000000
0.5,20,engagement_g05_d5.0,3045,234,0.076847,107.575122,99.308265,101.308265,101.308265,0.000000,0.000000
0.5,20,engagement_g05_d10.0,3045,91,0.029885,112.943771,109.568440,111.568440,111.568440,0.000000,0.000000
0.5,20,oracle_a1,3045,1424,0.467652,39.819465,21.197817,23.197817,23.197817,0.000000,0.000000
0.5,21,static,3058,175,0.057227,115.615118,108.998818,110.998818,110.998818,0.000000,0.000000
0.5,21,nearest,3058,144,0.047090,101.628097,96.842470,98.842470,98.842470,0.000000,0.000000
0.5,21,naive_target_aware,3058,1094,0.357750,109.286610,70.189307,72.189307,72.189307,0.000000,0.000000
0.5,21,engagement_g00_d0.0,3058,1094,0.357750,109.286610,70.189307,72.189307,72.189307,0.000000,0.000000
0.5,21,engagement_g00_d0.25,3058,980,0.320471,109.863400,74.655378,76.655378,76.655378,0.000000,0.000000
0.5,21,engagement_g00_d0.5,3058,930,0.304120,109.936555,76.502613,78.502613,78.502613,0.000000,0.000000
0.5,21,engagement_g00_d1.0,3058,853,0.278940,110.132588,79.412151,81.412151,81.412151,0.000000,0.000000
0.5,21,engagement_g00_d2.0,3058,706,0.230870,112.570282,86.581198,88.581198,88.581198,0.000000,0.000000
0.5,21,engagement_g00_d5.0,3058,293,0.095814,113.968687,103.048862,105.048862,105.048862,0.000000,0.000000
0.5,21,engagement_g00_d10.0,3058,105,0.034336,110.341562,106.552855,108.552855,108.552855,0.000000,0.000000
0.5,21,engagement_g05_d0.0,3058,838,0.274035,112.360637,81.569854,83.569854,83.569854,0.000000,0.000000
0.5,21,engagement_g05_d0.25,3058,823,0.269130,112.130589,81.952867,83.952867,83.952867,0.000000,0.000000
0.5,21,engagement_g05_d0.5,3058,806,0.263571,112.163406,82.600389,84.600389,84.600389,0.000000,0.000000
0.5,21,engagement_g05_d1.0,3058,769,0.251472,112.390495,84.127483,86.127483,86.127483,0.000000,0.000000
0.5,21,engagement_g05_d2.0,3058,642,0.209941,112.244211,88.679533,90.679533,90.679533,0.000000,0.000000
0.5,21,engagement_g05_d5.0,3058,255,0.083388,113.075310,103.646204,105.646204,105.646204,0.000000,0.000000
0.5,21,engagement_g05_d10.0,3058,125,0.040876,104.739112,100.457755,102.457755,102.457755,0.000000,0.000000
0.5,21,oracle_a1,3058,1410,0.461086,38.742436,20.878854,22.878854,22.878854,0.000000,0.000000
0.5,22,static,3009,151,0.050183,101.700283,96.596679,98.596679,98.596679,0.000000,0.000000
0.5,22,nearest,3009,157,0.052177,100.921099,95.655359,97.655359,97.655359,0.000000,0.000000
0.5,22,naive_target_aware,3009,1039,0.345297,107.584945,70.436139,72.436139,72.436139,0.000000,0.000000
0.5,22,engagement_g00_d0.0,3009,1039,0.345297,107.584945,70.436139,72.436139,72.436139,0.000000,0.000000
0.5,22,engagement_g00_d0.25,3009,932,0.309737,107.698691,74.340373,76.340373,76.340373,0.000000,0.000000
0.5,22,engagement_g00_d0.5,3009,901,0.299435,107.415626,75.251625,77.251625,77.251625,0.000000,0.000000
0.5,22,engagement_g00_d1.0,3009,828,0.275174,106.923132,77.500615,79.500615,79.500615,0.000000,0.000000
0.5,22,engagement_g00_d2.0,3009,695,0.230974,107.431659,82.617766,84.617766,84.617766,0.000000,0.000000
0.5,22,engagement_g00_d5.0,3009,302,0.100366,107.205826,96.446052,98.446052,98.446052,0.000000,0.000000
0.5,22,engagement_g00_d10.0,3009,102,0.033898,103.412952,99.907428,101.907428,101.907428,0.000000,0.000000
0.5,22,engagement_g05_d0.0,3009,766,0.254570,106.962502,79.733098,81.733098,81.733098,0.000000,0.000000
0.5,22,engagement_g05_d0.25,3009,758,0.251911,106.616567,79.758688,81.758688,81.758688,0.000000,0.000000
0.5,22,engagement_g05_d0.5,3009,738,0.245264,105.899381,79.926053,81.926053,81.926053,0.000000,0.000000
0.5,22,engagement_g05_d1.0,3009,691,0.229644,105.528521,81.294487,83.294487,83.294487,0.000000,0.000000
0.5,22,engagement_g05_d2.0,3009,569,0.189099,106.516620,86.374394,88.374394,88.374394,0.000000,0.000000
0.5,22,engagement_g05_d5.0,3009,255,0.084746,105.702453,96.744618,98.744618,98.744618,0.000000,0.000000
0.5,22,engagement_g05_d10.0,3009,126,0.041874,100.125491,95.932798,97.932798,97.932798,0.000000,0.000000
0.5,22,oracle_a1,3009,1270,0.422067,33.556403,19.393348,21.393348,21.393348,0.000000,0.000000
0.5,23,static,3060,137,0.044771,105.164728,100.456372,102.456372,102.456372,0.000000,0.000000
0.5,23,nearest,3060,170,0.055556,97.014449,91.624757,93.624757,93.624757,0.000000,0.000000
0.5,23,naive_target_aware,3060,1082,0.353595,102.036045,65.956633,67.956633,67.956633,0.000000,0.000000
0.5,23,engagement_g00_d0.0,3060,1082,0.353595,102.036045,65.956633,67.956633,67.956633,0.000000,0.000000
0.5,23,engagement_g00_d0.25,3060,983,0.321242,101.509843,68.900635,70.900635,70.900635,0.000000,0.000000
0.5,23,engagement_g00_d0.5,3060,949,0.310131,100.852180,69.574821,71.574821,71.574821,0.000000,0.000000
0.5,23,engagement_g00_d1.0,3060,871,0.284641,100.709388,72.043415,74.043415,74.043415,0.000000,0.000000
0.5,23,engagement_g00_d2.0,3060,735,0.240196,101.008028,76.746296,78.746296,78.746296,0.000000,0.000000
0.5,23,engagement_g00_d5.0,3060,313,0.102288,101.359469,90.991654,92.991654,92.991654,0.000000,0.000000
0.5,23,engagement_g00_d10.0,3060,79,0.025817,104.523624,101.825139,103.825139,103.825139,0.000000,0.000000
0.5,23,engagement_g05_d0.0,3060,776,0.253595,102.496636,76.504025,78.504025,78.504025,0.000000,0.000000
0.5,23,engagement_g05_d0.25,3060,764,0.249673,102.373691,76.813724,78.813724,78.813724,0.000000,0.000000
0.5,23,engagement_g05_d0.5,3060,750,0.245098,102.315300,77.238021,79.238021,79.238021,0.000000,0.000000
0.5,23,engagement_g05_d1.0,3060,700,0.228758,102.142835,78.776827,80.776827,80.776827,0.000000,0.000000
0.5,23,engagement_g05_d2.0,3060,610,0.199346,101.441016,81.219114,83.219114,83.219114,0.000000,0.000000
0.5,23,engagement_g05_d5.0,3060,251,0.082026,101.750679,93.404463,95.404463,95.404463,0.000000,0.000000
0.5,23,engagement_g05_d10.0,3060,84,0.027451,106.122005,103.208852,105.208852,105.208852,0.000000,0.000000
0.5,23,oracle_a1,3060,1392,0.454902,36.361122,19.820376,21.820376,21.820376,0.000000,0.000000
0.5,24,static,2894,119,0.041120,101.588712,97.411429,99.411429,99.411429,0.000000,0.000000
0.5,24,nearest,2894,111,0.038355,98.039497,94.279171,96.279171,96.279171,0.000000,0.000000
0.5,24,naive_target_aware,2894,1026,0.354527,104.985945,67.765634,69.765634,69.765634,0.000000,0.000000
0.5,24,engagement_g00_d0.0,2894,1026,0.354527,104.985945,67.765634,69.765634,69.765634,0.000000,0.000000
0.5,24,engagement_g00_d0.25,2894,916,0.316517,105.569619,72.155047,74.155047,74.155047,0.000000,0.000000
0.5,24,engagement_g00_d0.5,2894,888,0.306842,105.290318,72.982853,74.982853,74.982853,0.000000,0.000000
0.5,24,engagement_g00_d1.0,2894,818,0.282654,105.502339,75.681706,77.681706,77.681706,0.000000,0.000000
0.5,24,engagement_g00_d2.0,2894,685,0.236697,105.699392,80.680704,82.680704,82.680704,0.000000,0.000000
0.5,24,engagement_g00_d5.0,2894,289,0.099862,106.417474,95.790435,97.790435,97.790435,0.000000,0.000000
0.5,24,engagement_g00_d10.0,2894,65,0.022460,100.693848,98.432237,100.432237,100.432237,0.000000,0.000000
0.5,24,engagement_g05_d0.0,2894,751,0.259502,105.321123,77.990037,79.990037,79.990037,0.000000,0.000000
0.5,24,engagement_g05_d0.25,2894,735,0.253974,105.157154,78.449999,80.449999,80.449999,0.000000,0.000000
0.5,24,engagement_g05_d0.5,2894,719,0.248445,104.987511,78.903883,80.903883,80.903883,0.000000,0.000000
0.5,24,engagement_g05_d1.0,2894,676,0.233587,105.094468,80.545794,82.545794,82.545794,0.000000,0.000000
0.5,24,engagement_g05_d2.0,2894,581,0.200760,104.821584,83.777582,85.777582,85.777582,0.000000,0.000000
0.5,24,engagement_g05_d5.0,2894,246,0.085003,103.397492,94.608348,96.608348,96.608348,0.000000,0.000000
0.5,24,engagement_g05_d10.0,2894,82,0.028334,104.687548,101.721280,103.721280,103.721280,0.000000,0.000000
0.5,24,oracle_a1,2894,1376,0.475466,41.745689,21.897013,23.897013,23.897013,0.000000,0.000000
0.5,25,static,2903,121,0.041681,100.959230,96.751146,98.751146,98.751146,0.000000,0.000000
0.5,25,nearest,2903,130,0.044781,94.335081,90.110637,92.110637,92.110637,0.000000,0.000000
0.5,25,naive_target_aware,2903,988,0.340338,104.043606,68.633657,70.633657,70.633657,0.000000,0.000000
0.5,25,engagement_g00_d0.0,2903,988,0.340338,104.043606,68.633657,70.633657,70.633657,0.000000,0.000000
0.5,25,engagement_g00_d0.25,2903,902,0.310713,104.069949,71.734057,73.734057,73.734057,0.000000,0.000000
0.5,25,engagement_g00_d0.5,2903,878,0.302446,104.286022,72.745158,74.745158,74.745158,0.000000,0.000000
0.5,25,engagement_g00_d1.0,2903,801,0.275921,104.815246,75.894470,77.894470,77.894470,0.000000,0.000000
0.5,25,engagement_g00_d2.0,2903,685,0.235963,105.956612,80.954793,82.954793,82.954793,0.000000,0.000000
0.5,25,engagement_g00_d5.0,2903,283,0.097485,107.266871,96.809921,98.809921,98.809921,0.000000,0.000000
0.5,25,engagement_g00_d10.0,2903,78,0.026869,106.383712,103.525314,105.525314,105.525314,0.000000,0.000000
0.5,25,engagement_g05_d0.0,2903,706,0.243197,107.475963,81.338164,83.338164,83.338164,0.000000,0.000000
0.5,25,engagement_g05_d0.25,2903,691,0.238030,107.262231,81.730643,83.730643,83.730643,0.000000,0.000000
0.5,25,engagement_g05_d0.5,2903,685,0.235963,107.172400,81.883701,83.883701,83.883701,0.000000,0.000000
0.5,25,engagement_g05_d1.0,2903,656,0.225973,107.101283,82.899271,84.899271,84.899271,0.000000,0.000000
0.5,25,engagement_g05_d2.0,2903,582,0.200482,107.110252,85.636547,87.636547,87.636547,0.000000,0.000000
0.5,25,engagement_g05_d5.0,2903,250,0.086118,107.862998,98.574073,100.574073,100.574073,0.000000,0.000000
0.5,25,engagement_g05_d10.0,2903,75,0.025835,102.298866,99.655940,101.655940,101.655940,0.000000,0.000000
0.5,25,oracle_a1,2903,1314,0.452635,36.689550,20.082568,22.082568,22.082568,0.000000,0.000000
0.5,26,static,3057,151,0.049395,112.294053,106.747307,108.747307,108.747307,0.000000,0.000000
0.5,26,nearest,3057,121,0.039581,114.319422,109.794512,111.794512,111.794512,0.000000,0.000000
0.5,26,naive_target_aware,3057,1058,0.346091,110.518791,72.269239,74.269239,74.269239,0.000000,0.000000
0.5,26,engagement_g00_d0.0,3057,1058,0.346091,110.518791,72.269239,74.269239,74.269239,0.000000,0.000000
0.5,26,engagement_g00_d0.25,3057,951,0.311089,110.501415,76.125607,78.125607,78.125607,0.000000,0.000000
0.5,26,engagement_g00_d0.5,3057,907,0.296696,110.251605,77.540383,79.540383,79.540383,0.000000,0.000000
0.5,26,engagement_g00_d1.0,3057,837,0.273798,109.961426,79.854225,81.854225,81.854225,0.000000,0.000000
0.5,26,engagement_g00_d2.0,3057,706,0.230945,110.602910,85.059680,87.059680,87.059680,0.000000,0.000000
0.5,26,engagement_g00_d5.0,3057,296,0.096827,108.600076,98.084661,100.084661,100.084661,0.000000,0.000000
0.5,26,engagement_g00_d10.0,3057,72,0.023553,108.468279,105.913580,107.913580,107.913580,0.000000,0.000000
0.5,26,engagement_g05_d0.0,3057,780,0.255152,107.920440,80.384312,82.384312,82.384312,0.000000,0.000000
0.5,26,engagement_g05_d0.25,3057,754,0.246647,109.163350,82.238533,84.238533,84.238533,0.000000,0.000000
0.5,26,engagement_g05_d0.5,3057,737,0.241086,109.507349,83.106657,85.106657,85.106657,0.000000,0.000000
0.5,26,engagement_g05_d1.0,3057,689,0.225384,110.172683,85.341483,87.341483,87.341483,0.000000,0.000000
0.5,26,engagement_g05_d2.0,3057,599,0.195944,110.917796,89.184149,91.184149,91.184149,0.000000,0.000000
0.5,26,engagement_g05_d5.0,3057,250,0.081780,109.930362,100.940310,102.940310,102.940310,0.000000,0.000000
0.5,26,engagement_g05_d10.0,3057,106,0.034675,103.969592,100.364496,102.364496,102.364496,0.000000,0.000000
0.5,26,oracle_a1,3057,1237,0.404645,35.330288,21.034061,23.034061,23.034061,0.000000,0.000000
0.5,27,static,2968,126,0.042453,105.480891,101.002929,103.002929,103.002929,0.000000,0.000000
0.5,27,nearest,2968,177,0.059636,106.678679,100.316777,102.316777,102.316777,0.000000,0.000000
0.5,27,naive_target_aware,2968,994,0.334906,105.730808,70.320962,72.320962,72.320962,0.000000,0.000000
0.5,27,engagement_g00_d0.0,2968,994,0.334906,105.730808,70.320962,72.320962,72.320962,0.000000,0.000000
0.5,27,engagement_g00_d0.25,2968,906,0.305256,106.761691,74.172038,76.172038,76.172038,0.000000,0.000000
0.5,27,engagement_g00_d0.5,2968,866,0.291779,106.592262,75.490881,77.490881,77.490881,0.000000,0.000000
0.5,27,engagement_g00_d1.0,2968,792,0.266846,107.025632,78.466232,80.466232,80.466232,0.000000,0.000000
0.5,27,engagement_g00_d2.0,2968,637,0.214623,107.271892,84.248915,86.248915,86.248915,0.000000,0.000000
0.5,27,engagement_g00_d5.0,2968,263,0.088612,108.643875,99.016740,101.016740,101.016740,0.000000,0.000000
0.5,27,engagement_g00_d10.0,2968,80,0.026954,105.019725,102.189005,104.189005,104.189005,0.000000,0.000000
0.5,27,engagement_g05_d0.0,2968,743,0.250337,104.533278,78.364738,80.364738,80.364738,0.000000,0.000000
0.5,27,engagement_g05_d0.25,2968,731,0.246294,104.722422,78.929938,80.929938,80.929938,0.000000,0.000000
0.5,27,engagement_g05_d0.5,2968,725,0.244272,104.662697,79.096506,81.096506,81.096506,0.000000,0.000000
0.5,27,engagement_g05_d1.0,2968,687,0.231469,105.365362,80.976546,82.976546,82.976546,0.000000,0.000000
0.5,27,engagement_g05_d2.0,2968,556,0.187332,106.552974,86.592241,88.592241,88.592241,0.000000,0.000000
0.5,27,engagement_g05_d5.0,2968,226,0.076146,105.390309,97.365306,99.365306,99.365306,0.000000,0.000000
0.5,27,engagement_g05_d10.0,2968,122,0.041105,109.551258,105.048140,107.048140,107.048140,0.000000,0.000000
0.5,27,oracle_a1,2968,1318,0.444070,38.118904,21.191439,23.191439,23.191439,0.000000,0.000000
0.5,28,static,3014,125,0.041473,117.066689,112.211568,114.211568,114.211568,0.000000,0.000000
0.5,28,nearest,3014,171,0.056735,114.704901,108.197091,110.197091,110.197091,0.000000,0.000000
0.5,28,naive_target_aware,3014,1045,0.346715,106.361288,69.484199,71.484199,71.484199,0.000000,0.000000
0.5,28,engagement_g00_d0.0,3014,1045,0.346715,106.361288,69.484199,71.484199,71.484199,0.000000,0.000000
0.5,28,engagement_g00_d0.25,3014,953,0.316191,106.640580,72.921777,74.921777,74.921777,0.000000,0.000000
0.5,28,engagement_g00_d0.5,3014,924,0.306569,106.411750,73.789170,75.789170,75.789170,0.000000,0.000000
0.5,28,engagement_g00_d1.0,3014,843,0.279695,107.408127,77.366637,79.366637,79.366637,0.000000,0.000000
0.5,28,engagement_g00_d2.0,3014,697,0.231254,108.488226,83.399874,85.399874,85.399874,0.000000,0.000000
0.5,28,engagement_g00_d5.0,3014,297,0.098540,108.349879,97.673067,99.673067,99.673067,0.000000,0.000000
0.5,28,engagement_g00_d10.0,3014,63,0.020902,107.033737,104.796469,106.796469,106.796469,0.000000,0.000000
0.5,28,engagement_g05_d0.0,3014,777,0.257797,109.418795,81.210964,83.210964,83.210964,0.000000,0.000000
0.5,28,engagement_g05_d0.25,3014,759,0.251825,109.461264,81.896201,83.896201,83.896201,0.000000,0.000000
0.5,28,engagement_g05_d0.5,3014,748,0.248175,109.372283,82.228797,84.228797,84.228797,0.000000,0.000000
0.5,28,engagement_g05_d1.0,3014,708,0.234904,109.447546,83.737904,85.737904,85.737904,0.000000,0.000000
0.5,28,engagement_g05_d2.0,3014,592,0.196417,109.652843,88.115191,90.115191,90.115191,0.000000,0.000000
0.5,28,engagement_g05_d5.0,3014,236,0.078301,110.951969,102.264290,104.264290,104.264290,0.000000,0.000000
0.5,28,engagement_g05_d10.0,3014,92,0.030524,113.115640,109.662874,111.662874,111.662874,0.000000,0.000000
0.5,28,oracle_a1,3014,1279,0.424353,32.768721,18.863215,20.863215,20.863215,0.000000,0.000000
0.5,29,static,3063,152,0.049625,98.008206,93.144592,95.144592,95.144592,0.000000,0.000000
0.5,29,nearest,3063,172,0.056154,97.064368,91.613806,93.613806,93.613806,0.000000,0.000000
0.5,29,naive_target_aware,3063,1105,0.360757,102.019776,65.215384,67.215384,67.215384,0.000000,0.000000
0.5,29,engagement_g00_d0.0,3063,1105,0.360757,102.019776,65.215384,67.215384,67.215384,0.000000,0.000000
0.5,29,engagement_g00_d0.25,3063,1005,0.328110,101.542804,68.225625,70.225625,70.225625,0.000000,0.000000
0.5,29,engagement_g00_d0.5,3063,969,0.316357,101.731126,69.547822,71.547822,71.547822,0.000000,0.000000
0.5,29,engagement_g00_d1.0,3063,881,0.287627,100.959801,71.921086,73.921086,73.921086,0.000000,0.000000
0.5,29,engagement_g00_d2.0,3063,747,0.243879,101.315087,76.606510,78.606510,78.606510,0.000000,0.000000
0.5,29,engagement_g00_d5.0,3063,306,0.099902,100.427659,90.394730,92.394730,92.394730,0.000000,0.000000
0.5,29,engagement_g00_d10.0,3063,78,0.025465,97.006947,94.536643,96.536643,96.536643,0.000000,0.000000
0.5,29,engagement_g05_d0.0,3063,803,0.262161,100.584774,74.215341,76.215341,76.215341,0.000000,0.000000
0.5,29,engagement_g05_d0.25,3063,791,0.258244,100.351772,74.436574,76.436574,76.436574,0.000000,0.000000
0.5,29,engagement_g05_d0.5,3063,774,0.252693,100.188011,74.871158,76.871158,76.871158,0.000000,0.000000
0.5,29,engagement_g05_d1.0,3063,732,0.238981,100.153473,76.218656,78.218656,78.218656,0.000000,0.000000
0.5,29,engagement_g05_d2.0,3063,649,0.211884,100.662852,79.334027,81.334027,81.334027,0.000000,0.000000
0.5,29,engagement_g05_d5.0,3063,274,0.089455,99.145023,90.276027,92.276027,92.276027,0.000000,0.000000
0.5,29,engagement_g05_d10.0,3063,90,0.029383,100.411523,97.461135,99.461135,99.461135,0.000000,0.000000
0.5,29,oracle_a1,3063,1270,0.414626,32.120879,18.802722,20.802722,20.802722,0.000000,0.000000
0.5,30,static,2933,130,0.044323,106.307729,101.595828,103.595828,103.595828,0.000000,0.000000
0.5,30,nearest,2933,153,0.052165,101.651253,96.348614,98.348614,98.348614,0.000000,0.000000
0.5,30,naive_target_aware,2933,1016,0.346403,112.980485,73.843706,75.843706,75.843706,0.000000,0.000000
0.5,30,engagement_g00_d0.0,2933,1016,0.346403,112.980485,73.843706,75.843706,75.843706,0.000000,0.000000
0.5,30,engagement_g00_d0.25,2933,910,0.310263,113.311841,78.155423,80.155423,80.155423,0.000000,0.000000
0.5,30,engagement_g00_d0.5,2933,881,0.300375,112.911344,78.995594,80.995594,80.995594,0.000000,0.000000
0.5,30,engagement_g00_d1.0,2933,823,0.280600,112.444483,80.892554,82.892554,82.892554,0.000000,0.000000
0.5,30,engagement_g00_d2.0,2933,689,0.234913,111.961721,85.660451,87.660451,87.660451,0.000000,0.000000
0.5,30,engagement_g00_d5.0,2933,271,0.092397,112.578223,102.176349,104.176349,104.176349,0.000000,0.000000
0.5,30,engagement_g00_d10.0,2933,65,0.022162,115.848387,113.281000,115.281000,115.281000,0.000000,0.000000
0.5,30,engagement_g05_d0.0,2933,739,0.251960,111.061837,83.078647,85.078647,85.078647,0.000000,0.000000
0.5,30,engagement_g05_d0.25,2933,716,0.244119,111.368537,84.181400,86.181400,86.181400,0.000000,0.000000
0.5,30,engagement_g05_d0.5,2933,706,0.240709,111.493939,84.656326,86.656326,86.656326,0.000000,0.000000
0.5,30,engagement_g05_d1.0,2933,670,0.228435,111.081796,85.706820,87.706820,87.706820,0.000000,0.000000
0.5,30,engagement_g05_d2.0,2933,580,0.197750,108.839741,87.316710,89.316710,89.316710,0.000000,0.000000
0.5,30,engagement_g05_d5.0,2933,218,0.074327,113.877379,105.413257,107.413257,107.413257,0.000000,0.000000
0.5,30,engagement_g05_d10.0,2933,89,0.030344,109.166756,105.854161,107.854161,107.854161,0.000000,0.000000
0.5,30,oracle_a1,2933,1336,0.455506,45.212062,24.617682,26.617682,26.617682,0.000000,0.000000
0.4,1,static,3072,158,0.051432,96.680186,91.707702,93.707702,93.707702,0.000000,0.000000
0.4,1,nearest,3072,144,0.046875,97.783936,93.200314,95.200314,95.200314,0.000000,0.000000
0.4,1,naive_target_aware,3072,814,0.264974,93.132269,68.454643,70.454643,70.454643,0.000000,0.000000
0.4,1,engagement_g00_d0.0,3072,814,0.264974,93.132269,68.454643,70.454643,70.454643,0.000000,0.000000
0.4,1,engagement_g00_d0.25,3072,746,0.242839,93.530922,70.818010,72.818010,72.818010,0.000000,0.000000
0.4,1,engagement_g00_d0.5,3072,720,0.234375,93.452291,71.549410,73.549410,73.549410,0.000000,0.000000
0.4,1,engagement_g00_d1.0,3072,680,0.221354,93.379384,72.709468,74.709468,74.709468,0.000000,0.000000
0.4,1,engagement_g00_d2.0,3072,555,0.180664,92.550261,75.829755,77.829755,77.829755,0.000000,0.000000
0.4,1,engagement_g00_d5.0,3072,270,0.087891,91.854090,83.780977,85.780977,85.780977,0.000000,0.000000
0.4,1,engagement_g00_d10.0,3072,112,0.036458,98.755532,95.155069,97.155069,97.155069,0.000000,0.000000
0.4,1,engagement_g05_d0.0,3072,522,0.169922,93.619552,77.711542,79.711542,79.711542,0.000000,0.000000
0.4,1,engagement_g05_d0.25,3072,517,0.168294,93.350509,77.640153,79.640153,79.640153,0.000000,0.000000
0.4,1,engagement_g05_d0.5,3072,509,0.165690,93.355996,77.887831,79.887831,79.887831,0.000000,0.000000
0.4,1,engagement_g05_d1.0,3072,490,0.159505,93.710569,78.763245,80.763245,80.763245,0.000000,0.000000
0.4,1,engagement_g05_d2.0,3072,426,0.138672,93.121855,80.208473,82.208473,82.208473,0.000000,0.000000
0.4,1,engagement_g05_d5.0,3072,208,0.067708,94.907307,88.481291,90.481291,90.481291,0.000000,0.000000
0.4,1,engagement_g05_d10.0,3072,161,0.052409,95.968079,90.938502,92.938502,92.938502,0.000000,0.000000
0.4,1,oracle_a1,3072,1214,0.395182,34.803768,21.049935,23.049935,23.049935,0.000000,0.000000
0.4,2,static,3076,158,0.051365,100.047005,94.908050,96.908050,96.908050,0.000000,0.000000
0.4,2,nearest,3076,144,0.046814,91.631515,87.341873,89.341873,89.341873,0.000000,0.000000
0.4,2,naive_target_aware,3076,850,0.276333,105.366837,76.250513,78.250513,78.250513,0.000000,0.000000
0.4,2,engagement_g00_d0.0,3076,850,0.276333,105.366837,76.250513,78.250513,78.250513,0.000000,0.000000
0.4,2,engagement_g00_d0.25,3076,768,0.249675,106.344504,79.792950,81.792950,81.792950,0.000000,0.000000
0.4,2,engagement_g00_d0.5,3076,738,0.239922,106.125813,80.663898,82.663898,82.663898,0.000000,0.000000
0.4,2,engagement_g00_d1.0,3076,679,0.220741,106.865520,83.275894,85.275894,85.275894,0.000000,0.000000
0.4,2,engagement_g00_d2.0,3076,555,0.180429,106.126740,86.978385,88.978385,88.978385,0.000000,0.000000
0.4,2,engagement_g00_d5.0,3076,248,0.080624,106.618094,98.022097,100.022097,100.022097,0.000000,0.000000
0.4,2,engagement_g00_d10.0,3076,77,0.025033,106.901499,104.225486,106.225486,106.225486,0.000000,0.000000
0.4,2,engagement_g05_d0.0,3076,536,0.174252,108.226065,89.367427,91.367427,91.367427,0.000000,0.000000
0.4,2,engagement_g05_d0.25,3076,530,0.172302,108.015417,89.404178,91.404178,91.404178,0.000000,0.000000
0.4,2,engagement_g05_d0.5,3076,523,0.170026,106.953383,88.768526,90.768526,90.768526,0.000000,0.000000
0.4,2,engagement_g05_d1.0,3076,499,0.162224,106.297709,89.053705,91.053705,91.053705,0.000000,0.000000
0.4,2,engagement_g05_d2.0,3076,431,0.140117,106.556456,91.626081,93.626081,93.626081,0.000000,0.000000
0.4,2,engagement_g05_d5.0,3076,180,0.058518,107.727036,101.423113,103.423113,103.423113,0.000000,0.000000
0.4,2,engagement_g05_d10.0,3076,141,0.045839,100.119512,95.530158,97.530158,97.530158,0.000000,0.000000
0.4,2,oracle_a1,3076,1097,0.356632,36.278086,23.340160,25.340160,25.340160,0.000000,0.000000
0.4,3,static,2993,139,0.046442,99.237123,94.628382,96.628382,96.628382,0.000000,0.000000
0.4,3,nearest,2993,158,0.052790,94.035830,89.071693,91.071693,91.071693,0.000000,0.000000
0.4,3,naive_target_aware,2993,752,0.251253,101.302782,75.850162,77.850162,77.850162,0.000000,0.000000
0.4,3,engagement_g00_d0.0,2993,752,0.251253,101.302782,75.850162,77.850162,77.850162,0.000000,0.000000
0.4,3,engagement_g00_d0.25,2993,694,0.231874,101.334358,77.837517,79.837517,79.837517,0.000000,0.000000
0.4,3,engagement_g00_d0.5,2993,677,0.226194,101.028524,78.176432,80.176432,80.176432,0.000000,0.000000
0.4,3,engagement_g00_d1.0,2993,625,0.208821,100.922053,79.847451,81.847451,81.847451,0.000000,0.000000
0.4,3,engagement_g00_d2.0,2993,509,0.170063,102.806298,85.322701,87.322701,87.322701,0.000000,0.000000
0.4,3,engagement_g00_d5.0,2993,203,0.067825,101.951178,95.036347,97.036347,97.036347,0.000000,0.000000
0.4,3,engagement_g00_d10.0,2993,94,0.031407,98.152592,95.069952,97.069952,97.069952,0.000000,0.000000
0.4,3,engagement_g05_d0.0,2993,426,0.142332,102.924758,88.275260,90.275260,90.275260,0.000000,0.000000
0.4,3,engagement_g05_d0.25,2993,426,0.142332,103.370666,88.657701,90.657701,90.657701,0.000000,0.000000
0.4,3,engagement_g05_d0.5,2993,420,0.140327,103.301899,88.805809,90.805809,90.805809,0.000000,0.000000
0.4,3,engagement_g05_d1.0,2993,400,0.133645,103.436179,89.612433,91.612433,91.612433,0.000000,0.000000
0.4,3,engagement_g05_d2.0,2993,351,0.117274,103.681510,91.522402,93.522402,93.522402,0.000000,0.000000
0.4,3,engagement_g05_d5.0,2993,169,0.056465,102.510089,96.721848,98.721848,98.721848,0.000000,0.000000
0.4,3,engagement_g05_d10.0,2993,128,0.042766,95.729641,91.635624,93.635624,93.635624,0.000000,0.000000
0.4,3,oracle_a1,2993,1105,0.369195,37.730256,23.800442,25.800442,25.800442,0.000000,0.000000
0.4,4,static,2947,147,0.049881,105.162501,99.916866,101.916866,101.916866,0.000000,0.000000
0.4,4,nearest,2947,147,0.049881,101.521765,96.457734,98.457734,98.457734,0.000000,0.000000
0.4,4,naive_target_aware,2947,746,0.253139,104.961653,78.391788,80.391788,80.391788,0.000000,0.000000
0.4,4,engagement_g00_d0.0,2947,746,0.253139,104.961653,78.391788,80.391788,80.391788,0.000000,0.000000
0.4,4,engagement_g00_d0.25,2947,679,0.230404,106.280044,81.792718,83.792718,83.792718,0.000000,0.000000
0.4,4,engagement_g00_d0.5,2947,657,0.222939,106.087432,82.436451,84.436451,84.436451,0.000000,0.000000
0.4,4,engagement_g00_d1.0,2947,617,0.209365,106.503659,84.205472,86.205472,86.205472,0.000000,0.000000
0.4,4,engagement_g00_d2.0,2947,511,0.173397,105.712132,87.382000,89.382000,89.382000,0.000000,0.000000
0.4,4,engagement_g00_d5.0,2947,224,0.076010,107.355286,99.195264,101.195264,101.195264,0.000000,0.000000
0.4,4,engagement_g00_d10.0,2947,101,0.034272,108.206153,104.497696,106.497696,106.497696,0.000000,0.000000
0.4,4,engagement_g05_d0.0,2947,425,0.144214,107.238682,91.773314,93.773314,93.773314,0.000000,0.000000
0.4,4,engagement_g05_d0.25,2947,409,0.138785,107.060509,92.202094,94.202094,94.202094,0.000000,0.000000
0.4,4,engagement_g05_d0.5,2947,399,0.135392,107.047715,92.554319,94.554319,94.554319,0.000000,0.000000
0.4,4,engagement_g05_d1.0,2947,381,0.129284,106.946353,93.119899,95.119899,95.119899,0.000000,0.000000
0.4,4,engagement_g05_d2.0,2947,333,0.112996,106.950511,94.865502,96.865502,96.865502,0.000000,0.000000
0.4,4,engagement_g05_d5.0,2947,160,0.054293,105.330239,99.611597,101.611597,101.611597,0.000000,0.000000
0.4,4,engagement_g05_d10.0,2947,141,0.047845,106.737704,101.630810,103.630810,103.630810,0.000000,0.000000
0.4,4,oracle_a1,2947,1063,0.360706,31.754873,20.300706,22.300706,22.300706,0.000000,0.000000
0.4,5,static,2961,168,0.056738,106.201814,100.176180,102.176180,102.176180,0.000000,0.000000
0.4,5,nearest,2961,153,0.051672,103.735828,98.375618,100.375618,100.375618,0.000000,0.000000
0.4,5,naive_target_aware,2961,744,0.251266,103.866475,77.768313,79.768313,79.768313,0.000000,0.000000
0.4,5,engagement_g00_d0.0,2961,744,0.251266,103.866475,77.768313,79.768313,79.768313,0.000000,0.000000
0.4,5,engagement_g00_d0.25,2961,686,0.231678,103.424620,79.463361,81.463361,81.463361,0.000000,0.000000
0.4,5,engagement_g00_d0.5,2961,652,0.220196,103.408094,80.638058,82.638058,82.638058,0.000000,0.000000
0.4,5,engagement_g00_d1.0,2961,598,0.201959,103.433872,82.544492,84.544492,84.544492,0.000000,0.000000
0.4,5,engagement_g00_d2.0,2961,507,0.171226,103.537591,85.809270,87.809270,87.809270,0.000000,0.000000
0.4,5,engagement_g00_d5.0,2961,207,0.069909,103.644815,96.399129,98.399129,98.399129,0.000000,0.000000
0.4,5,engagement_g00_d10.0,2961,130,0.043904,102.772500,98.260367,100.260367,100.260367,0.000000,0.000000
0.4,5,engagement_g05_d0.0,2961,488,0.164809,102.820871,85.875047,87.875047,87.875047,0.000000,0.000000
0.4,5,engagement_g05_d0.25,2961,476,0.160757,102.536619,86.053191,88.053191,88.053191,0.000000,0.000000
0.4,5,engagement_g05_d0.5,2961,468,0.158055,102.479697,86.282298,88.282298,88.282298,0.000000,0.000000
0.4,5,engagement_g05_d1.0,2961,447,0.150963,102.373771,86.919170,88.919170,88.919170,0.000000,0.000000
0.4,5,engagement_g05_d2.0,2961,388,0.131037,102.937837,89.449191,91.449191,91.449191,0.000000,0.000000
0.4,5,engagement_g05_d5.0,2961,176,0.059439,103.325417,97.183818,99.183818,99.183818,0.000000,0.000000
0.4,5,engagement_g05_d10.0,2961,151,0.050996,103.882859,98.585219,100.585219,100.585219,0.000000,0.000000
0.4,5,oracle_a1,2961,1097,0.370483,36.281257,22.839670,24.839670,24.839670,0.000000,0.000000
0.4,6,static,2952,139,0.047087,106.370675,101.362029,103.362029,103.362029,0.000000,0.000000
0.4,6,nearest,2952,148,0.050136,112.406312,106.770765,108.770765,108.770765,0.000000,0.000000
0.4,6,naive_target_aware,2952,761,0.257791,101.971966,75.684477,77.684477,77.684477,0.000000,0.000000
0.4,6,engagement_g00_d0.0,2952,761,0.257791,101.971966,75.684477,77.684477,77.684477,0.000000,0.000000
0.4,6,engagement_g00_d0.25,2952,706,0.239160,100.519429,76.479213,78.479213,78.479213,0.000000,0.000000
0.4,6,engagement_g00_d0.5,2952,689,0.233401,100.521560,77.059719,79.059719,79.059719,0.000000,0.000000
0.4,6,engagement_g00_d1.0,2952,631,0.213753,100.342198,78.893714,80.893714,80.893714,0.000000,0.000000
0.4,6,engagement_g00_d2.0,2952,520,0.176152,98.871853,81.455402,83.455402,83.455402,0.000000,0.000000
0.4,6,engagement_g00_d5.0,2952,246,0.083333,102.135842,93.624522,95.624522,95.624522,0.000000,0.000000
0.4,6,engagement_g00_d10.0,2952,112,0.037940,101.181340,97.342481,99.342481,99.342481,0.000000,0.000000
0.4,6,engagement_g05_d0.0,2952,489,0.165650,100.153426,83.562970,85.562970,85.562970,0.000000,0.000000
0.4,6,engagement_g05_d0.25,2952,484,0.163957,100.227300,83.794369,85.794369,85.794369,0.000000,0.000000
0.4,6,engagement_g05_d0.5,2952,478,0.161924,100.228152,83.998797,85.998797,85.998797,0.000000,0.000000
0.4,6,engagement_g05_d1.0,2952,457,0.154810,100.268592,84.745981,86.745981,86.745981,0.000000,0.000000
0.4,6,engagement_g05_d2.0,2952,399,0.135163,100.087562,86.559467,88.559467,88.559467,0.000000,0.000000
0.4,6,engagement_g05_d5.0,2952,191,0.064702,98.927839,92.527021,94.527021,94.527021,0.000000,0.000000
0.4,6,engagement_g05_d10.0,2952,131,0.044377,106.617612,101.886275,103.886275,103.886275,0.000000,0.000000
0.4,6,oracle_a1,2952,984,0.333333,32.001038,21.334026,23.334025,23.334026,0.000000,0.000000
0.4,7,static,2971,134,0.045103,119.579499,114.186146,116.186146,116.186146,0.000000,0.000000
0.4,7,nearest,2971,169,0.056883,112.311169,105.922550,107.922550,107.922550,0.000000,0.000000
0.4,7,naive_target_aware,2971,740,0.249074,109.286442,82.065989,84.065989,84.065989,0.000000,0.000000
0.4,7,engagement_g00_d0.0,2971,740,0.249074,109.286442,82.065989,84.065989,84.065989,0.000000,0.000000
0.4,7,engagement_g00_d0.25,2971,670,0.225513,109.474434,84.786493,86.786493,86.786493,0.000000,0.000000
0.4,7,engagement_g00_d0.5,2971,649,0.218445,109.797370,85.812687,87.812687,87.812687,0.000000,0.000000
0.4,7,engagement_g00_d1.0,2971,587,0.197577,109.246542,87.661985,89.661985,89.661985,0.000000,0.000000
0.4,7,engagement_g00_d2.0,2971,472,0.158869,108.747564,91.470940,93.470940,93.470940,0.000000,0.000000
0.4,7,engagement_g00_d5.0,2971,225,0.075732,109.830702,101.512995,103.512995,103.512995,0.000000,0.000000
0.4,7,engagement_g00_d10.0,2971,85,0.028610,114.578920,111.300829,113.300829,113.300829,0.000000,0.000000
0.4,7,engagement_g05_d0.0,2971,457,0.153820,112.038716,94.804891,96.804891,96.804891,0.000000,0.000000
0.4,7,engagement_g05_d0.25,2971,443,0.149108,111.871757,95.190778,97.190778,97.190778,0.000000,0.000000
0.4,7,engagement_g05_d0.5,2971,437,0.147089,111.748143,95.311273,97.311273,97.311273,0.000000,0.000000
0.4,7,engagement_g05_d1.0,2971,409,0.137664,111.687012,96.311721,98.311721,98.311721,0.000000,0.000000
0.4,7,engagement_g05_d2.0,2971,348,0.117132,111.565692,98.497749,100.497749,100.497749,0.000000,0.000000
0.4,7,engagement_g05_d5.0,2971,184,0.061932,114.791315,107.682059,109.682059,109.682059,0.000000,0.000000
0.4,7,engagement_g05_d10.0,2971,131,0.044093,117.603407,112.417932,114.417932,114.417932,0.000000,0.000000
0.4,7,oracle_a1,2971,1107,0.372602,43.819411,27.492219,29.492219,29.492219,0.000000,0.000000
0.4,8,static,2983,155,0.051961,96.319821,91.314936,93.314936,93.314936,0.000000,0.000000
0.4,8,nearest,2983,140,0.046933,98.624012,93.995329,95.995329,95.995329,0.000000,0.000000
0.4,8,naive_target_aware,2983,779,0.261146,99.208752,73.300734,75.300734,75.300734,0.000000,0.000000
0.4,8,engagement_g00_d0.0,2983,779,0.261146,99.208752,73.300734,75.300734,75.300734,0.000000,0.000000
0.4,8,engagement_g00_d0.25,2983,725,0.243044,99.331916,75.189899,77.189899,77.189899,0.000000,0.000000
0.4,8,engagement_g00_d0.5,2983,711,0.238351,99.433823,75.733706,77.733706,77.733706,0.000000,0.000000
0.4,8,engagement_g00_d1.0,2983,657,0.220248,98.620587,76.899593,78.899593,78.899593,0.000000,0.000000
0.4,8,engagement_g00_d2.0,2983,547,0.183372,99.356677,81.137401,83.137401,83.137401,0.000000,0.000000
0.4,8,engagement_g00_d5.0,2983,241,0.080791,99.283751,91.262502,93.262502,93.262502,0.000000,0.000000
0.4,8,engagement_g00_d10.0,2983,118,0.039557,96.404900,92.591364,94.591364,94.591364,0.000000,0.000000
0.4,8,engagement_g05_d0.0,2983,462,0.154878,100.122639,84.615881,86.615881,86.615881,0.000000,0.000000
0.4,8,engagement_g05_d0.25,2983,458,0.153537,100.171400,84.791413,86.791413,86.791413,0.000000,0.000000
0.4,8,engagement_g05_d0.5,2983,459,0.153872,100.187731,84.771650,86.771650,86.771650,0.000000,0.000000
0.4,8,engagement_g05_d1.0,2983,445,0.149179,99.535235,84.686700,86.686700,86.686700,0.000000,0.000000
0.4,8,engagement_g05_d2.0,2983,402,0.134764,99.187790,85.820881,87.820881,87.820881,0.000000,0.000000
0.4,8,engagement_g05_d5.0,2983,187,0.062689,97.852166,91.717953,93.717953,93.717953,0.000000,0.000000
0.4,8,engagement_g05_d10.0,2983,129,0.043245,97.545156,93.326811,95.326811,95.326811,0.000000,0.000000
0.4,8,oracle_a1,2983,1057,0.354341,34.699104,22.403780,24.403780,24.403780,0.000000,0.000000
0.4,9,static,2932,157,0.053547,97.300555,92.090396,94.090396,94.090396,0.000000,0.000000
0.4,9,nearest,2932,141,0.048090,108.951773,103.712278,105.712278,105.712278,0.000000,0.000000
0.4,9,naive_target_aware,2932,756,0.257844,101.819726,75.566072,77.566072,77.566072,0.000000,0.000000
0.4,9,engagement_g00_d0.0,2932,756,0.257844,101.819726,75.566072,77.566072,77.566072,0.000000,0.000000
0.4,9,engagement_g00_d0.25,2932,677,0.230900,102.686164,78.975887,80.975887,80.975887,0.000000,0.000000
0.4,9,engagement_g00_d0.5,2932,659,0.224761,102.929182,79.794690,81.794690,81.794690,0.000000,0.000000
0.4,9,engagement_g00_d1.0,2932,607,0.207026,103.016678,81.689556,83.689556,83.689556,0.000000,0.000000
0.4,9,engagement_g00_d2.0,2932,498,0.169850,101.014847,83.857482,85.857482,85.857482,0.000000,0.000000
0.4,9,engagement_g00_d5.0,2932,238,0.081173,101.562262,93.318122,95.318122,95.318122,0.000000,0.000000
0.4,9,engagement_g00_d10.0,2932,77,0.026262,99.299840,96.692034,98.692034,98.692034,0.000000,0.000000
0.4,9,engagement_g05_d0.0,2932,477,0.162688,103.112224,86.337145,88.337145,88.337145,0.000000,0.000000
0.4,9,engagement_g05_d0.25,2932,470,0.160300,103.301715,86.742436,88.742436,88.742436,0.000000,0.000000
0.4,9,engagement_g05_d0.5,2932,463,0.157913,103.509086,87.163688,89.163688,89.163688,0.000000,0.000000
0.4,9,engagement_g05_d1.0,2932,442,0.150750,102.471536,87.023917,89.023917,89.023917,0.000000,0.000000
0.4,9,engagement_g05_d2.0,2932,395,0.134720,102.307956,88.524995,90.524995,90.524995,0.000000,0.000000
0.4,9,engagement_g05_d5.0,2932,175,0.059686,106.283450,99.939793,101.939793,101.939793,0.000000,0.000000
0.4,9,engagement_g05_d10.0,2932,114,0.038881,97.758206,93.957239,95.957239,95.957239,0.000000,0.000000
0.4,9,oracle_a1,2932,1086,0.370396,36.527417,22.997821,24.997821,24.997821,0.000000,0.000000
0.4,10,static,3006,138,0.045908,106.313336,101.432684,103.432684,103.432684,0.000000,0.000000
0.4,10,nearest,3006,143,0.047572,90.294640,85.999186,87.999186,87.999186,0.000000,0.000000
0.4,10,naive_target_aware,3006,793,0.263806,102.968381,75.804733,77.804733,77.804733,0.000000,0.000000
0.4,10,engagement_g00_d0.0,3006,793,0.263806,102.968381,75.804733,77.804733,77.804733,0.000000,0.000000
0.4,10,engagement_g00_d0.25,3006,706,0.234864,103.456983,79.158703,81.158703,81.158703,0.000000,0.000000
0.4,10,engagement_g00_d0.5,3006,677,0.225216,104.221098,80.748815,82.748815,82.748815,0.000000,0.000000
0.4,10,engagement_g00_d1.0,3006,633,0.210579,104.061266,82.148165,84.148165,84.148165,0.000000,0.000000
0.4,10,engagement_g00_d2.0,3006,523,0.173985,104.051133,85.947759,87.947759,87.947759,0.000000,0.000000
0.4,10,engagement_g00_d5.0,3006,254,0.084498,104.976904,96.106600,98.106600,98.106600,0.000000,0.000000
0.4,10,engagement_g00_d10.0,3006,107,0.035595,104.252952,100.542019,102.542019,102.542019,0.000000,0.000000
0.4,10,engagement_g05_d0.0,3006,474,0.157685,105.321263,88.713719,90.713719,90.713719,0.000000,0.000000
0.4,10,engagement_g05_d0.25,3006,465,0.154691,105.230699,88.952497,90.952497,90.952497,0.000000,0.000000
0.4,10,engagement_g05_d0.5,3006,456,0.151697,105.274428,89.304655,91.304655,91.304655,0.000000,0.000000
0.4,10,engagement_g05_d1.0,3006,447,0.148703,104.769079,89.189645,91.189645,91.189645,0.000000,0.000000
0.4,10,engagement_g05_d2.0,3006,381,0.126747,106.704412,93.180000,95.180000,95.180000,0.000000,0.000000
0.4,10,engagement_g05_d5.0,3006,179,0.059548,109.195117,102.692813,104.692813,104.692813,0.000000,0.000000
0.4,10,engagement_g05_d10.0,3006,113,0.037591,106.134646,102.144888,104.144888,104.144888,0.000000,0.000000
0.4,10,oracle_a1,3006,1189,0.395542,39.718615,24.008225,26.008225,26.008225,0.000000,0.000000
0.4,11,static,3002,141,0.046969,105.859920,100.887818,102.887818,102.887818,0.000000,0.000000
0.4,11,nearest,3002,177,0.058961,103.260481,97.172171,99.172171,99.172171,0.000000,0.000000
0.4,11,naive_target_aware,3002,789,0.262825,105.757424,77.961752,79.961752,79.961752,0.000000,0.000000
0.4,11,engagement_g00_d0.0,3002,789,0.262825,105.757424,77.961752,79.961752,79.961752,0.000000,0.000000
0.4,11,engagement_g00_d0.25,3002,739,0.246169,105.906870,79.835858,81.835858,81.835858,0.000000,0.000000
0.4,11,engagement_g00_d0.5,3002,715,0.238175,106.112190,80.838967,82.838967,82.838967,0.000000,0.000000
0.4,11,engagement_g00_d1.0,3002,667,0.222185,105.504217,82.062740,84.062740,84.062740,0.000000,0.000000
0.4,11,engagement_g00_d2.0,3002,546,0.181879,106.257748,86.931722,88.931722,88.931722,0.000000,0.000000
0.4,11,engagement_g00_d5.0,3002,239,0.079614,109.405465,100.695303,102.695303,102.695303,0.000000,0.000000
0.4,11,engagement_g00_d10.0,3002,91,0.030313,101.860828,98.773108,100.773108,100.773108,0.000000,0.000000
0.4,11,engagement_g05_d0.0,3002,496,0.165223,106.281748,88.721539,90.721539,90.721539,0.000000,0.000000
0.4,11,engagement_g05_d0.25,3002,487,0.162225,106.448622,89.179975,91.179975,91.179975,0.000000,0.000000
0.4,11,engagement_g05_d0.5,3002,483,0.160893,106.021589,88.963485,90.963485,90.963485,0.000000,0.000000
0.4,11,engagement_g05_d1.0,3002,465,0.154897,105.849465,89.453728,91.453728,91.453728,0.000000,0.000000
0.4,11,engagement_g05_d2.0,3002,409,0.136243,106.411981,91.914146,93.914146,93.914146,0.000000,0.000000
0.4,11,engagement_g05_d5.0,3002,173,0.057628,102.619546,96.705761,98.705761,98.705761,0.000000,0.000000
0.4,11,engagement_g05_d10.0,3002,154,0.051299,104.686406,99.316084,101.316084,101.316084,0.000000,0.000000
0.4,11,oracle_a1,3002,1057,0.352099,34.014798,22.038235,24.038235,24.038235,0.000000,0.000000
0.4,12,static,3026,145,0.047918,101.810355,96.931802,98.931802,98.931802,0.000000,0.000000
0.4,12,nearest,3026,151,0.049901,114.766062,109.039137,111.039137,111.039137,0.000000,0.000000
0.4,12,naive_target_aware,3026,777,0.256775,102.395829,76.103179,78.103179,78.103179,0.000000,0.000000
0.4,12,engagement_g00_d0.0,3026,777,0.256775,102.395829,76.103179,78.103179,78.103179,0.000000,0.000000
0.4,12,engagement_g00_d0.25,3026,695,0.229676,101.619879,78.280218,80.280218,80.280218,0.000000,0.000000
0.4,12,engagement_g00_d0.5,3026,686,0.226702,101.857428,78.766154,80.766154,80.766154,0.000000,0.000000
0.4,12,engagement_g00_d1.0,3026,645,0.213153,101.356471,79.752068,81.752068,81.752068,0.000000,0.000000
0.4,12,engagement_g00_d2.0,3026,534,0.176471,101.951719,83.960239,85.960239,85.960239,0.000000,0.000000
0.4,12,engagement_g00_d5.0,3026,236,0.077991,98.940875,91.224403,93.224403,93.224403,0.000000,0.000000
0.4,12,engagement_g00_d10.0,3026,90,0.029742,98.132525,95.213845,97.213845,97.213845,0.000000,0.000000
0.4,12,engagement_g05_d0.0,3026,456,0.150694,99.523034,84.525511,86.525511,86.525511,0.000000,0.000000
0.4,12,engagement_g05_d0.25,3026,445,0.147059,99.656241,85.000912,87.000912,87.000912,0.000000,0.000000
0.4,12,engagement_g05_d0.5,3026,444,0.146728,99.763062,85.124992,87.124992,87.124992,0.000000,0.000000
0.4,12,engagement_g05_d1.0,3026,418,0.138136,100.503804,86.620595,88.620595,88.620595,0.000000,0.000000
0.4,12,engagement_g05_d2.0,3026,342,0.113020,100.104121,88.790304,90.790304,90.790304,0.000000,0.000000
0.4,12,engagement_g05_d5.0,3026,171,0.056510,98.236518,92.685148,94.685148,94.685148,0.000000,0.000000
0.4,12,engagement_g05_d10.0,3026,125,0.041309,103.127702,98.867635,100.867635,100.867635,0.000000,0.000000
0.4,12,oracle_a1,3026,1034,0.341705,32.147768,21.162708,23.162708,23.162708,0.000000,0.000000
0.4,13,static,3014,162,0.053749,98.962812,93.643643,95.643643,95.643643,0.000000,0.000000
0.4,13,nearest,3014,147,0.048772,104.536248,99.437764,101.437764,101.437764,0.000000,0.000000
0.4,13,naive_target_aware,3014,805,0.267087,100.508481,73.663979,75.663979,75.663979,0.000000,0.000000
0.4,13,engagement_g00_d0.0,3014,805,0.267087,100.508481,73.663979,75.663979,75.663979,0.000000,0.000000
0.4,13,engagement_g00_d0.25,3014,722,0.239549,100.113184,76.131194,78.131194,78.131194,0.000000,0.000000
0.4,13,engagement_g00_d0.5,3014,685,0.227273,99.765058,77.091181,79.091181,79.091181,0.000000,0.000000
0.4,13,engagement_g00_d1.0,3014,647,0.214665,100.199532,78.690210,80.690210,80.690210,0.000000,0.000000
0.4,13,engagement_g00_d2.0,3014,547,0.181486,100.424431,82.198763,84.198763,84.198763,0.000000,0.000000
0.4,13,engagement_g00_d5.0,3014,260,0.086264,98.558244,90.056206,92.056206,92.056206,0.000000,0.000000
0.4,13,engagement_g00_d10.0,3014,126,0.041805,102.637244,98.346503,100.346503,100.346503,0.000000,0.000000
0.4,13,engagement_g05_d0.0,3014,491,0.162906,98.422738,82.389040,84.389040,84.389040,0.000000,0.000000
0.4,13,engagement_g05_d0.25,3014,483,0.160252,98.308207,82.554105,84.554105,84.554105,0.000000,0.000000
0.4,13,engagement_g05_d0.5,3014,474,0.157266,98.306164,82.845938,84.845938,84.845938,0.000000,0.000000
0.4,13,engagement_g05_d1.0,3014,454,0.150630,98.549448,83.704906,85.704906,85.704906,0.000000,0.000000
0.4,13,engagement_g05_d2.0,3014,399,0.132382,98.034958,85.056873,87.056873,87.056873,0.000000,0.000000
0.4,13,engagement_g05_d5.0,3014,203,0.067352,99.991318,93.256667,95.256667,95.256667,0.000000,0.000000
0.4,13,engagement_g05_d10.0,3014,150,0.049768,101.191335,96.155270,98.155270,98.155270,0.000000,0.000000
0.4,13,oracle_a1,3014,1138,0.377571,35.636605,22.181244,24.181244,24.181244,0.000000,0.000000
0.4,14,static,3050,139,0.045574,105.441399,100.636037,102.636037,102.636037,0.000000,0.000000
0.4,14,nearest,3050,148,0.048525,114.011540,108.479176,110.479176,110.479176,0.000000,0.000000
0.4,14,naive_target_aware,3050,785,0.257377,106.452915,79.054378,81.054378,81.054378,0.000000,0.000000
0.4,14,engagement_g00_d0.0,3050,785,0.257377,106.452915,79.054378,81.054378,81.054378,0.000000,0.000000
0.4,14,engagement_g00_d0.25,3050,718,0.235410,106.298898,81.275092,83.275092,83.275092,0.000000,0.000000
0.4,14,engagement_g00_d0.5,3050,687,0.225246,106.066447,82.175415,84.175415,84.175415,0.000000,0.000000
0.4,14,engagement_g00_d1.0,3050,641,0.210164,106.103002,83.803978,85.803978,85.803978,0.000000,0.000000
0.4,14,engagement_g00_d2.0,3050,540,0.177049,105.542872,86.856593,88.856593,88.856593,0.000000,0.000000
0.4,14,engagement_g00_d5.0,3050,241,0.079016,108.627362,100.044019,102.044019,102.044019,0.000000,0.000000
0.4,14,engagement_g00_d10.0,3050,102,0.033443,107.321078,103.731979,105.731979,105.731979,0.000000,0.000000
0.4,14,engagement_g05_d0.0,3050,453,0.148525,108.182670,92.114883,94.114883,94.114883,0.000000,0.000000
0.4,14,engagement_g05_d0.25,3050,444,0.145574,107.928028,92.216538,94.216538,94.216538,0.000000,0.000000
0.4,14,engagement_g05_d0.5,3050,436,0.142951,107.736601,92.335566,94.335566,94.335566,0.000000,0.000000
0.4,14,engagement_g05_d1.0,3050,416,0.136393,107.642651,92.960899,94.960899,94.960899,0.000000,0.000000
0.4,14,engagement_g05_d2.0,3050,374,0.122623,106.447287,93.394406,95.394406,95.394406,0.000000,0.000000
0.4,14,engagement_g05_d5.0,3050,160,0.052459,106.491668,100.905220,102.905220,102.905220,0.000000,0.000000
0.4,14,engagement_g05_d10.0,3050,134,0.043934,109.156102,104.360392,106.360392,106.360392,0.000000,0.000000
0.4,14,oracle_a1,3050,1143,0.374754,40.661692,25.423556,27.423556,27.423556,0.000000,0.000000
0.4,15,static,3022,162,0.053607,105.779251,100.108755,102.108755,102.108755,0.000000,0.000000
0.4,15,nearest,3022,142,0.046989,113.242260,107.921148,109.921148,109.921148,0.000000,0.000000
0.4,15,naive_target_aware,3022,765,0.253144,107.272281,80.116988,82.116988,82.116988,0.000000,0.000000
0.4,15,engagement_g00_d0.0,3022,765,0.253144,107.272281,80.116988,82.116988,82.116988,0.000000,0.000000
0.4,15,engagement_g00_d0.25,3022,716,0.236929,106.801907,81.497418,83.497418,83.497418,0.000000,0.000000
0.4,15,engagement_g00_d0.5,3022,677,0.224024,107.363535,83.311545,85.311545,85.311545,0.000000,0.000000
0.4,15,engagement_g00_d1.0,3022,632,0.209133,106.943910,84.578406,86.578406,86.578406,0.000000,0.000000
0.4,15,engagement_g00_d2.0,3022,525,0.173726,107.327326,88.681778,90.681778,90.681778,0.000000,0.000000
0.4,15,engagement_g00_d5.0,3022,209,0.069159,111.693818,103.969130,105.969130,105.969130,0.000000,0.000000
0.4,15,engagement_g00_d10.0,3022,105,0.034745,108.830667,105.049323,107.049323,107.049323,0.000000,0.000000
0.4,15,engagement_g05_d0.0,3022,454,0.150232,110.580232,93.967583,95.967583,95.967583,0.000000,0.000000
0.4,15,engagement_g05_d0.25,3022,448,0.148246,110.666030,94.260213,96.260213,96.260213,0.000000,0.000000
0.4,15,engagement_g05_d0.5,3022,442,0.146261,110.843884,94.631774,96.631774,96.631774,0.000000,0.000000
0.4,15,engagement_g05_d1.0,3022,434,0.143614,110.915889,94.986870,96.986870,96.986870,0.000000,0.000000
0.4,15,engagement_g05_d2.0,3022,373,0.123428,111.783382,97.986161,99.986161,99.986161,0.000000,0.000000
0.4,15,engagement_g05_d5.0,3022,180,0.059563,111.247987,104.621700,106.621700,106.621700,0.000000,0.000000
0.4,15,engagement_g05_d10.0,3022,139,0.045996,104.118488,99.329451,101.329451,101.329451,0.000000,0.000000
0.4,15,oracle_a1,3022,1141,0.377565,38.336212,23.861818,25.861818,25.861818,0.000000,0.000000
0.4,16,static,3097,160,0.051663,92.964574,88.161754,90.161754,90.161754,0.000000,0.000000
0.4,16,nearest,3097,158,0.051017,99.390709,94.320082,96.320082,96.320082,0.000000,0.000000
0.4,16,naive_target_aware,3097,852,0.275105,101.100988,73.287606,75.287606,75.287606,0.000000,0.000000
0.4,16,engagement_g00_d0.0,3097,852,0.275105,101.100988,73.287606,75.287606,75.287606,0.000000,0.000000
0.4,16,engagement_g00_d0.25,3097,780,0.251857,100.964115,75.535633,77.535633,77.535633,0.000000,0.000000
0.4,16,engagement_g00_d0.5,3097,748,0.241524,100.099882,75.923353,77.923353,77.923353,0.000000,0.000000
0.4,16,engagement_g00_d1.0,3097,696,0.224734,99.712387,77.303662,79.303662,79.303662,0.000000,0.000000
0.4,16,engagement_g00_d2.0,3097,561,0.181143,99.655327,81.603458,83.603458,83.603458,0.000000,0.000000
0.4,16,engagement_g00_d5.0,3097,255,0.082338,97.975846,89.908736,91.908736,91.908736,0.000000,0.000000
0.4,16,engagement_g00_d10.0,3097,128,0.041330,96.100458,92.128595,94.128595,94.128595,0.000000,0.000000
0.4,16,engagement_g05_d0.0,3097,527,0.170165,97.428207,80.849368,82.849368,82.849368,0.000000,0.000000
0.4,16,engagement_g05_d0.25,3097,517,0.166936,97.785264,81.461408,83.461408,83.461408,0.000000,0.000000
0.4,16,engagement_g05_d0.5,3097,510,0.164675,97.801947,81.696363,83.696363,83.696363,0.000000,0.000000
0.4,16,engagement_g05_d1.0,3097,496,0.160155,97.717013,82.067146,84.067146,84.067146,0.000000,0.000000
0.4,16,engagement_g05_d2.0,3097,417,0.134646,97.887853,84.707603,86.707603,86.707603,0.000000,0.000000
0.4,16,engagement_g05_d5.0,3097,211,0.068130,97.419582,90.782342,92.782342,92.782342,0.000000,0.000000
0.4,16,engagement_g05_d10.0,3097,142,0.045851,95.855212,91.460172,93.460172,93.460172,0.000000,0.000000
0.4,16,oracle_a1,3097,1202,0.388118,34.135556,20.886948,22.886948,22.886948,0.000000,0.000000
0.4,17,static,2945,130,0.044143,115.940086,110.822188,112.822188,112.822188,0.000000,0.000000
0.4,17,nearest,2945,117,0.039728,92.736705,89.052428,91.052428,91.052428,0.000000,0.000000
0.4,17,naive_target_aware,2945,774,0.262818,100.958572,74.424808,76.424808,76.424808,0.000000,0.000000
0.4,17,engagement_g00_d0.0,2945,774,0.262818,100.958572,74.424808,76.424808,76.424808,0.000000,0.000000
0.4,17,engagement_g00_d0.25,2945,714,0.242445,100.389324,76.050452,78.050452,78.050452,0.000000,0.000000
0.4,17,engagement_g00_d0.5,2945,701,0.238031,101.150023,77.073226,79.073226,79.073226,0.000000,0.000000
0.4,17,engagement_g00_d1.0,2945,656,0.222750,102.220904,79.451154,81.451154,81.451154,0.000000,0.000000
0.4,17,engagement_g00_d2.0,2945,546,0.185399,102.683853,83.646372,85.646372,85.646372,0.000000,0.000000
0.4,17,engagement_g00_d5.0,2945,252,0.085569,103.349536,94.506044,96.506044,96.506044,0.000000,0.000000
0.4,17,engagement_g00_d10.0,2945,104,0.035314,100.077319,96.543179,98.543179,98.543179,0.000000,0.000000
0.4,17,engagement_g05_d0.0,2945,475,0.161290,102.286515,85.788690,87.788690,87.788690,0.000000,0.000000
0.4,17,engagement_g05_d0.25,2945,470,0.159593,102.648598,86.266649,88.266649,88.266649,0.000000,0.000000
0.4,17,engagement_g05_d0.5,2945,464,0.157555,102.843197,86.639719,88.639719,88.639719,0.000000,0.000000
0.4,17,engagement_g05_d1.0,2945,446,0.151443,102.945952,87.355495,89.355495,89.355495,0.000000,0.000000
0.4,17,engagement_g05_d2.0,2945,393,0.133447,101.481533,87.939176,89.939176,89.939176,0.000000,0.000000
0.4,17,engagement_g05_d5.0,2945,210,0.071307,103.816054,96.413212,98.413212,98.413212,0.000000,0.000000
0.4,17,engagement_g05_d10.0,2945,143,0.048557,108.155722,102.904018,104.904018,104.904018,0.000000,0.000000
0.4,17,oracle_a1,2945,1044,0.354499,34.925060,22.544156,24.544156,24.544156,0.000000,0.000000
0.4,18,static,3040,165,0.054276,106.201203,100.436993,102.436993,102.436993,0.000000,0.000000
0.4,18,nearest,3040,169,0.055592,105.075661,99.234284,101.234284,101.234284,0.000000,0.000000
0.4,18,naive_target_aware,3040,816,0.268421,103.421439,75.660948,77.660948,77.660948,0.000000,0.000000
0.4,18,engagement_g00_d0.0,3040,816,0.268421,103.421439,75.660948,77.660948,77.660948,0.000000,0.000000
0.4,18,engagement_g00_d0.25,3040,744,0.244737,104.831435,79.175321,81.175321,81.175321,0.000000,0.000000
0.4,18,engagement_g00_d0.5,3040,718,0.236184,105.050129,80.238947,82.238947,82.238947,0.000000,0.000000
0.4,18,engagement_g00_d1.0,3040,655,0.215461,105.202977,82.535888,84.535888,84.535888,0.000000,0.000000
0.4,18,engagement_g00_d2.0,3040,541,0.177961,105.723850,86.909178,88.909178,88.909178,0.000000,0.000000
0.4,18,engagement_g00_d5.0,3040,242,0.079605,105.983610,97.546756,99.546756,99.546756,0.000000,0.000000
0.4,18,engagement_g00_d10.0,3040,145,0.047697,108.258217,103.094585,105.094585,105.094585,0.000000,0.000000
0.4,18,engagement_g05_d0.0,3040,476,0.156579,106.420611,89.757384,91.757384,91.757384,0.000000,0.000000
0.4,18,engagement_g05_d0.25,3040,471,0.154934,106.296141,89.827232,91.827232,91.827232,0.000000,0.000000
0.4,18,engagement_g05_d0.5,3040,467,0.153618,106.312994,89.981360,91.981360,91.981360,0.000000,0.000000
0.4,18,engagement_g05_d1.0,3040,445,0.146382,106.001970,90.485234,92.485234,92.485234,0.000000,0.000000
0.4,18,engagement_g05_d2.0,3040,390,0.128289,104.396070,91.003153,93.003153,93.003153,0.000000,0.000000
0.4,18,engagement_g05_d5.0,3040,187,0.061513,104.540182,98.109585,100.109585,100.109585,0.000000,0.000000
0.4,18,engagement_g05_d10.0,3040,162,0.053289,107.278867,101.562033,103.562033,103.562033,0.000000,0.000000
0.4,18,oracle_a1,3040,1094,0.359868,31.729111,20.310806,22.310806,22.310806,0.000000,0.000000
0.4,19,static,2979,162,0.054381,111.387854,105.330509,107.330509,107.330509,0.000000,0.000000
0.4,19,nearest,2979,143,0.048003,105.237208,100.185540,102.185540,102.185540,0.000000,0.000000
0.4,19,naive_target_aware,2979,824,0.276603,110.561377,79.979781,81.979781,81.979781,0.000000,0.000000
0.4,19,engagement_g00_d0.0,2979,824,0.276603,110.561377,79.979781,81.979781,81.979781,0.000000,0.000000
0.4,19,engagement_g00_d0.25,2979,749,0.251427,111.591567,83.534473,85.534473,85.534473,0.000000,0.000000
0.4,19,engagement_g00_d0.5,2979,729,0.244713,111.521482,84.230727,86.230727,86.230727,0.000000,0.000000
0.4,19,engagement_g00_d1.0,2979,664,0.222894,111.970228,87.012782,89.012782,89.012782,0.000000,0.000000
0.4,19,engagement_g00_d2.0,2979,554,0.185968,112.906733,91.909643,93.909643,93.909643,0.000000,0.000000
0.4,19,engagement_g00_d5.0,2979,259,0.086942,113.961328,104.053311,106.053311,106.053311,0.000000,0.000000
0.4,19,engagement_g00_d10.0,2979,91,0.030547,107.676130,104.386930,106.386930,106.386930,0.000000,0.000000
0.4,19,engagement_g05_d0.0,2979,495,0.166163,109.268117,91.111783,93.111783,93.111783,0.000000,0.000000
0.4,19,engagement_g05_d0.25,2979,490,0.164485,109.325723,91.343311,93.343311,93.343311,0.000000,0.000000
0.4,19,engagement_g05_d0.5,2979,487,0.163478,109.040957,91.215195,93.215195,93.215195,0.000000,0.000000
0.4,19,engagement_g05_d1.0,2979,467,0.156764,109.524043,92.354615,94.354615,94.354615,0.000000,0.000000
0.4,19,engagement_g05_d2.0,2979,412,0.138301,109.872304,94.676806,96.676806,96.676806,0.000000,0.000000
0.4,19,engagement_g05_d5.0,2979,200,0.067137,109.243459,101.909222,103.909222,103.909222,0.000000,0.000000
0.4,19,engagement_g05_d10.0,2979,156,0.052367,107.379481,101.756386,103.756386,103.756386,0.000000,0.000000
0.4,19,oracle_a1,2979,1003,0.336690,31.760900,21.067317,23.067317,23.067317,0.000000,0.000000
0.4,20,static,3045,158,0.051888,109.214309,103.547360,105.547360,105.547360,0.000000,0.000000
0.4,20,nearest,3045,170,0.055829,107.999134,101.969626,103.969626,103.969626,0.000000,0.000000
0.4,20,naive_target_aware,3045,782,0.256814,102.868082,76.450072,78.450072,78.450072,0.000000,0.000000
0.4,20,engagement_g00_d0.0,3045,782,0.256814,102.868082,76.450072,78.450072,78.450072,0.000000,0.000000
0.4,20,engagement_g00_d0.25,3045,702,0.230542,103.155992,79.374217,81.374217,81.374217,0.000000,0.000000
0.4,20,engagement_g00_d0.5,3045,677,0.222332,103.012587,80.109624,82.109624,82.109624,0.000000,0.000000
0.4,20,engagement_g00_d1.0,3045,639,0.209852,103.520412,81.796424,83.796424,83.796424,0.000000,0.000000
0.4,20,engagement_g00_d2.0,3045,515,0.169130,104.009634,86.418514,88.418514,88.418514,0.000000,0.000000
0.4,20,engagement_g00_d5.0,3045,224,0.073563,105.877682,98.088979,100.088979,100.088979,0.000000,0.000000
0.4,20,engagement_g00_d10.0,3045,120,0.039409,108.431492,104.158330,106.158330,106.158330,0.000000,0.000000
0.4,20,engagement_g05_d0.0,3045,462,0.151724,103.321731,87.645331,89.645331,89.645331,0.000000,0.000000
0.4,20,engagement_g05_d0.25,3045,455,0.149425,103.212715,87.790125,89.790125,89.790125,0.000000,0.000000
0.4,20,engagement_g05_d0.5,3045,452,0.148440,103.263341,87.934924,89.934924,89.934924,0.000000,0.000000
0.4,20,engagement_g05_d1.0,3045,436,0.143186,103.245629,88.462347,90.462347,90.462347,0.000000,0.000000
0.4,20,engagement_g05_d2.0,3045,370,0.121511,103.823156,91.207535,93.207535,93.207535,0.000000,0.000000
0.4,20,engagement_g05_d5.0,3045,180,0.059113,106.726313,100.417368,102.417368,102.417368,0.000000,0.000000
0.4,20,engagement_g05_d10.0,3045,150,0.049261,106.214295,100.982064,102.982064,102.982064,0.000000,0.000000
0.4,20,oracle_a1,3045,1189,0.390476,39.615125,24.146362,26.146362,26.146362,0.000000,0.000000
0.4,21,static,3058,151,0.049379,113.480705,107.877178,109.877178,109.877178,0.000000,0.000000
0.4,21,nearest,3058,148,0.048398,102.149584,97.205785,99.205785,99.205785,0.000000,0.000000
0.4,21,naive_target_aware,3058,839,0.274362,108.404098,78.662098,80.662098,80.662098,0.000000,0.000000
0.4,21,engagement_g00_d0.0,3058,839,0.274362,108.404098,78.662098,80.662098,80.662098,0.000000,0.000000
0.4,21,engagement_g00_d0.25,3058,738,0.241334,110.922694,84.153254,86.153254,86.153254,0.000000,0.000000
0.4,21,engagement_g00_d0.5,3058,702,0.229562,110.663750,85.259580,87.259580,87.259580,0.000000,0.000000
0.4,21,engagement_g00_d1.0,3058,645,0.210922,110.234950,86.983955,88.983955,88.983955,0.000000,0.000000
0.4,21,engagement_g00_d2.0,3058,543,0.177567,111.719681,91.881948,93.881948,93.881948,0.000000,0.000000
0.4,21,engagement_g00_d5.0,3058,238,0.077829,111.100538,102.453734,104.453734,104.453734,0.000000,0.000000
0.4,21,engagement_g00_d10.0,3058,118,0.038587,102.749053,98.784244,100.784244,100.784244,0.000000,0.000000
0.4,21,engagement_g05_d0.0,3058,530,0.173316,112.876693,93.313368,95.313368,95.313368,0.000000,0.000000
0.4,21,engagement_g05_d0.25,3058,526,0.172008,112.896471,93.477392,95.477392,95.477392,0.000000,0.000000
0.4,21,engagement_g05_d0.5,3058,518,0.169392,113.613264,94.368113,96.368113,96.368113,0.000000,0.000000
0.4,21,engagement_g05_d1.0,3058,494,0.161543,112.914841,94.674183,96.674183,96.674183,0.000000,0.000000
0.4,21,engagement_g05_d2.0,3058,423,0.138326,113.533318,97.828742,99.828742,99.828742,0.000000,0.000000
0.4,21,engagement_g05_d5.0,3058,186,0.060824,111.034051,104.280509,106.280509,106.280509,0.000000,0.000000
0.4,21,engagement_g05_d10.0,3058,138,0.045128,111.904568,106.854591,108.854591,108.854591,0.000000,0.000000
0.4,21,oracle_a1,3058,1172,0.383257,37.150236,22.912147,24.912147,24.912147,0.000000,0.000000
0.4,22,static,3009,159,0.052841,101.406730,96.048249,98.048249,98.048249,0.000000,0.000000
0.4,22,nearest,3009,171,0.056830,100.229441,94.533451,96.533451,96.533451,0.000000,0.000000
0.4,22,naive_target_aware,3009,786,0.261216,105.413268,77.877599,79.877599,79.877599,0.000000,0.000000
0.4,22,engagement_g00_d0.0,3009,786,0.261216,105.413268,77.877599,79.877599,79.877599,0.000000,0.000000
0.4,22,engagement_g00_d0.25,3009,720,0.239282,106.144747,80.746204,82.746204,82.746204,0.000000,0.000000
0.4,22,engagement_g00_d0.5,3009,692,0.229977,106.277462,81.836118,83.836118,83.836118,0.000000,0.000000
0.4,22,engagement_g00_d1.0,3009,627,0.208375,106.989256,84.695383,86.695383,86.695383,0.000000,0.000000
0.4,22,engagement_g00_d2.0,3009,525,0.174477,106.548780,87.958514,89.958514,89.958514,0.000000,0.000000
0.4,22,engagement_g00_d5.0,3009,247,0.082087,106.392029,97.658619,99.658619,99.658619,0.000000,0.000000
0.4,22,engagement_g00_d10.0,3009,103,0.034231,107.294925,103.622151,105.622151,105.622151,0.000000,0.000000
0.4,22,engagement_g05_d0.0,3009,506,0.168162,105.683983,87.911934,89.911934,89.911934,0.000000,0.000000
0.4,22,engagement_g05_d0.25,3009,503,0.167165,105.564722,87.917977,89.917977,89.917977,0.000000,0.000000
0.4,22,engagement_g05_d0.5,3009,494,0.164174,105.653568,88.307984,90.307984,90.307984,0.000000,0.000000
0.4,22,engagement_g05_d1.0,3009,459,0.152542,104.532378,88.586761,90.586761,90.586761,0.000000,0.000000
0.4,22,engagement_g05_d2.0,3009,408,0.135593,104.796025,90.586395,92.586395,92.586395,0.000000,0.000000
0.4,22,engagement_g05_d5.0,3009,201,0.066800,102.906605,96.032485,98.032485,98.032485,0.000000,0.000000
0.4,22,engagement_g05_d10.0,3009,130,0.043204,105.346284,100.794933,102.794933,102.794933,0.000000,0.000000
0.4,22,oracle_a1,3009,1058,0.351612,33.873101,21.962918,23.962918,23.962918,0.000000,0.000000
0.4,23,static,3060,146,0.047712,105.240168,100.218905,102.218905,102.218905,0.000000,0.000000
0.4,23,nearest,3060,169,0.055229,97.204556,91.836069,93.836069,93.836069,0.000000,0.000000
0.4,23,naive_target_aware,3060,815,0.266340,104.821316,76.903221,78.903221,78.903221,0.000000,0.000000
0.4,23,engagement_g00_d0.0,3060,815,0.266340,104.821316,76.903221,78.903221,78.903221,0.000000,0.000000
0.4,23,engagement_g00_d0.25,3060,752,0.245752,105.478080,79.556669,81.556669,81.556669,0.000000,0.000000
0.4,23,engagement_g00_d0.5,3060,715,0.233660,105.301606,80.696819,82.696819,82.696819,0.000000,0.000000
0.4,23,engagement_g00_d1.0,3060,668,0.218301,104.306359,81.536212,83.536212,83.536212,0.000000,0.000000
0.4,23,engagement_g00_d2.0,3060,562,0.183660,104.751122,85.512517,87.512517,87.512517,0.000000,0.000000
0.4,23,engagement_g00_d5.0,3060,252,0.082353,102.892813,94.419288,96.419288,96.419288,0.000000,0.000000
0.4,23,engagement_g00_d10.0,3060,77,0.025163,102.661998,100.078674,102.078674,102.078674,0.000000,0.000000
0.4,23,engagement_g05_d0.0,3060,500,0.163399,105.617333,88.359599,90.359599,90.359599,0.000000,0.000000
0.4,23,engagement_g05_d0.25,3060,489,0.159804,105.389335,88.547706,90.547706,90.547706,0.000000,0.000000
0.4,23,engagement_g05_d0.5,3060,475,0.155229,105.167504,88.842483,90.842483,90.842483,0.000000,0.000000
0.4,23,engagement_g05_d1.0,3060,461,0.150654,104.660813,88.893285,90.893285,90.893285,0.000000,0.000000
0.4,23,engagement_g05_d2.0,3060,403,0.131699,103.814964,90.142601,92.142601,92.142601,0.000000,0.000000
0.4,23,engagement_g05_d5.0,3060,188,0.061438,101.566126,95.326116,97.326116,97.326116,0.000000,0.000000
0.4,23,engagement_g05_d10.0,3060,112,0.036601,108.719185,104.739921,106.739921,106.739921,0.000000,0.000000
0.4,23,oracle_a1,3060,1229,0.401634,36.905620,22.083069,24.083069,24.083069,0.000000,0.000000
0.4,24,static,2894,123,0.042502,100.326097,96.062065,98.062065,98.062065,0.000000,0.000000
0.4,24,nearest,2894,125,0.043193,100.194741,95.867048,97.867048,97.867048,0.000000,0.000000
0.4,24,naive_target_aware,2894,762,0.263303,105.173855,77.481223,79.481223,79.481223,0.000000,0.000000
0.4,24,engagement_g00_d0.0,2894,762,0.263303,105.173855,77.481223,79.481223,79.481223,0.000000,0.000000
0.4,24,engagement_g00_d0.25,2894,695,0.240152,104.608313,79.486413,81.486413,81.486413,0.000000,0.000000
0.4,24,engagement_g00_d0.5,2894,666,0.230131,104.543636,80.484873,82.484873,82.484873,0.000000,0.000000
0.4,24,engagement_g00_d1.0,2894,618,0.213545,104.722233,82.359296,84.359296,84.359296,0.000000,0.000000
0.4,24,engagement_g00_d2.0,2894,487,0.168279,104.826422,87.186316,89.186316,89.186316,0.000000,0.000000
0.4,24,engagement_g00_d5.0,2894,227,0.078438,103.976393,95.820678,97.820678,97.820678,0.000000,0.000000
0.4,24,engagement_g00_d10.0,2894,83,0.028680,99.064704,96.223526,98.223526,98.223526,0.000000,0.000000
0.4,24,engagement_g05_d0.0,2894,464,0.160332,106.051012,89.047670,91.047670,91.047670,0.000000,0.000000
0.4,24,engagement_g05_d0.25,2894,462,0.159641,105.944872,89.031765,91.031765,91.031765,0.000000,0.000000
0.4,24,engagement_g05_d0.5,2894,457,0.157913,106.061527,89.313042,91.313042,91.313042,0.000000,0.000000
0.4,24,engagement_g05_d1.0,2894,442,0.152730,106.022795,89.829956,91.829956,91.829956,0.000000,0.000000
0.4,24,engagement_g05_d2.0,2894,376,0.129924,104.887054,91.259711,93.259711,93.259711,0.000000,0.000000
0.4,24,engagement_g05_d5.0,2894,173,0.059779,98.743876,92.841081,94.841081,94.841081,0.000000,0.000000
0.4,24,engagement_g05_d10.0,2894,116,0.040083,102.064058,97.973031,99.973031,99.973031,0.000000,0.000000
0.4,24,oracle_a1,2894,1157,0.399793,40.529558,24.326137,26.326137,26.326137,0.000000,0.000000
0.4,25,static,2903,114,0.039270,100.531333,96.583496,98.583496,98.583496,0.000000,0.000000
0.4,25,nearest,2903,128,0.044092,97.283197,92.993755,94.993755,94.993755,0.000000,0.000000
0.4,25,naive_target_aware,2903,714,0.245952,103.610163,78.126988,80.126988,80.126988,0.000000,0.000000
0.4,25,engagement_g00_d0.0,2903,714,0.245952,103.610163,78.126988,80.126988,80.126988,0.000000,0.000000
0.4,25,engagement_g00_d0.25,2903,625,0.215295,104.737876,82.188385,84.188385,84.188385,0.000000,0.000000
0.4,25,engagement_g00_d0.5,2903,612,0.210816,104.649616,82.587761,84.587761,84.587761,0.000000,0.000000
0.4,25,engagement_g00_d1.0,2903,572,0.197038,104.891249,84.223735,86.223735,86.223735,0.000000,0.000000
0.4,25,engagement_g00_d2.0,2903,472,0.162590,107.091011,89.679038,91.679038,91.679038,0.000000,0.000000
0.4,25,engagement_g00_d5.0,2903,209,0.071994,105.200697,97.626827,99.626827,99.626827,0.000000,0.000000
0.4,25,engagement_g00_d10.0,2903,112,0.038581,105.836890,101.753621,103.753621,103.753621,0.000000,0.000000
0.4,25,engagement_g05_d0.0,2903,432,0.148812,108.588241,92.429054,94.429054,94.429054,0.000000,0.000000
0.4,25,engagement_g05_d0.25,2903,424,0.146056,108.602792,92.740724,94.740724,94.740724,0.000000,0.000000
0.4,25,engagement_g05_d0.5,2903,421,0.145022,108.636461,92.881742,94.881742,94.881742,0.000000,0.000000
0.4,25,engagement_g05_d1.0,2903,393,0.135377,108.530118,93.837615,95.837615,95.837615,0.000000,0.000000
0.4,25,engagement_g05_d2.0,2903,349,0.120220,109.981659,96.759613,98.759613,98.759613,0.000000,0.000000
0.4,25,engagement_g05_d5.0,2903,161,0.055460,113.212667,106.933907,108.933907,108.933907,0.000000,0.000000
0.4,25,engagement_g05_d10.0,2903,112,0.038581,99.873588,96.020387,98.020387,98.020387,0.000000,0.000000
0.4,25,oracle_a1,2903,1090,0.375474,37.120738,23.182879,25.182879,25.182879,0.000000,0.000000
0.4,26,static,3057,143,0.046778,111.402777,106.191590,108.191590,108.191590,0.000000,0.000000
0.4,26,nearest,3057,133,0.043507,114.541596,109.558269,111.558269,111.558269,0.000000,0.000000
0.4,26,naive_target_aware,3057,798,0.261040,110.506850,81.660116,83.660116,83.660116,0.000000,0.000000
0.4,26,engagement_g00_d0.0,3057,798,0.261040,110.506850,81.660116,83.660116,83.660116,0.000000,0.000000
0.4,26,engagement_g00_d0.25,3057,727,0.237815,110.700053,84.373937,86.373937,86.373937,0.000000,0.000000
0.4,26,engagement_g00_d0.5,3057,709,0.231927,110.495392,84.868557,86.868557,86.868557,0.000000,0.000000
0.4,26,engagement_g00_d1.0,3057,654,0.213935,109.282215,85.902899,87.902899,87.902899,0.000000,0.000000
0.4,26,engagement_g00_d2.0,3057,542,0.177298,110.176016,90.642028,92.642028,92.642028,0.000000,0.000000
0.4,26,engagement_g00_d5.0,3057,245,0.080144,110.071392,101.249838,103.249838,103.249838,0.000000,0.000000
0.4,26,engagement_g00_d10.0,3057,97,0.031730,104.653207,101.332513,103.332513,103.332513,0.000000,0.000000
0.4,26,engagement_g05_d0.0,3057,485,0.158652,108.342990,91.154128,93.154128,93.154128,0.000000,0.000000
0.4,26,engagement_g05_d0.25,3057,476,0.155708,108.520261,91.622765,93.622765,93.622765,0.000000,0.000000
0.4,26,engagement_g05_d0.5,3057,472,0.154400,108.580880,91.816020,93.816020,93.816020,0.000000,0.000000
0.4,26,engagement_g05_d1.0,3057,442,0.144586,107.891373,92.291770,94.291770,94.291770,0.000000,0.000000
0.4,26,engagement_g05_d2.0,3057,386,0.126268,109.142047,95.360944,97.360944,97.360944,0.000000,0.000000
0.4,26,engagement_g05_d5.0,3057,170,0.055610,111.047409,104.872054,106.872054,106.872054,0.000000,0.000000
0.4,26,engagement_g05_d10.0,3057,132,0.043180,114.895010,109.933891,111.933891,111.933891,0.000000,0.000000
0.4,26,oracle_a1,3057,1018,0.333006,35.025864,23.362034,25.362034,25.362034,0.000000,0.000000
0.4,27,static,2968,151,0.050876,108.193788,102.689319,104.689319,104.689319,0.000000,0.000000
0.4,27,nearest,2968,172,0.057951,107.126939,100.918774,102.918774,102.918774,0.000000,0.000000
0.4,27,naive_target_aware,2968,762,0.256739,107.292858,79.746645,81.746645,81.746645,0.000000,0.000000
0.4,27,engagement_g00_d0.0,2968,762,0.256739,107.292858,79.746645,81.746645,81.746645,0.000000,0.000000
0.4,27,engagement_g00_d0.25,2968,679,0.228774,106.896412,82.441337,84.441337,84.441337,0.000000,0.000000
0.4,27,engagement_g00_d0.5,2968,650,0.219003,107.013288,83.577090,85.577090,85.577090,0.000000,0.000000
0.4,27,engagement_g00_d1.0,2968,602,0.202830,106.722098,85.075635,87.075635,87.075635,0.000000,0.000000
0.4,27,engagement_g00_d2.0,2968,499,0.168127,105.483913,87.749252,89.749252,89.749252,0.000000,0.000000
0.4,27,engagement_g00_d5.0,2968,195,0.065701,105.246605,98.331818,100.331818,100.331818,0.000000,0.000000
0.4,27,engagement_g00_d10.0,2968,110,0.037062,108.863069,104.828386,106.828386,106.828386,0.000000,0.000000
0.4,27,engagement_g05_d0.0,2968,464,0.156334,103.754809,87.534381,89.534381,89.534381,0.000000,0.000000
0.4,27,engagement_g05_d0.25,2968,451,0.151954,103.775389,88.006285,90.006285,90.006285,0.000000,0.000000
0.4,27,engagement_g05_d0.5,2968,448,0.150943,103.698030,88.045497,90.045497,90.045497,0.000000,0.000000
0.4,27,engagement_g05_d1.0,2968,419,0.141173,103.280168,88.699848,90.699848,90.699848,0.000000,0.000000
0.4,27,engagement_g05_d2.0,2968,342,0.115229,103.492973,91.567569,93.567569,93.567569,0.000000,0.000000
0.4,27,engagement_g05_d5.0,2968,155,0.052224,104.003516,98.572066,100.572066,100.572066,0.000000,0.000000
0.4,27,engagement_g05_d10.0,2968,153,0.051550,108.593803,102.995807,104.995807,104.995807,0.000000,0.000000
0.4,27,oracle_a1,2968,1188,0.400270,39.289284,23.562980,25.562980,25.562980,0.000000,0.000000
0.4,28,static,3014,148,0.049104,117.640887,111.864228,113.864228,113.864228,0.000000,0.000000
0.4,28,nearest,3014,195,0.064698,115.061140,107.616906,109.616906,109.616906,0.000000,0.000000
0.4,28,naive_target_aware,3014,768,0.254811,106.430776,79.311056,81.311056,81.311056,0.000000,0.000000
0.4,28,engagement_g00_d0.0,3014,768,0.254811,106.430776,79.311056,81.311056,81.311056,0.000000,0.000000
0.4,28,engagement_g00_d0.25,3014,696,0.230922,105.033254,80.778727,82.778727,82.778727,0.000000,0.000000
0.4,28,engagement_g00_d0.5,3014,678,0.224950,105.778427,81.983545,83.983545,83.983545,0.000000,0.000000
0.4,28,engagement_g00_d1.0,3014,622,0.206370,106.308429,84.369530,86.369530,86.369530,0.000000,0.000000
0.4,28,engagement_g00_d2.0,3014,521,0.172860,106.164344,87.812777,89.812777,89.812777,0.000000,0.000000
0.4,28,engagement_g00_d5.0,3014,220,0.072993,106.018885,98.280280,100.280280,100.280280,0.000000,0.000000
0.4,28,engagement_g00_d10.0,3014,89,0.029529,107.634993,104.456654,106.456654,106.456654,0.000000,0.000000
0.4,28,engagement_g05_d0.0,3014,472,0.156603,109.239684,92.132474,94.132474,94.132474,0.000000,0.000000
0.4,28,engagement_g05_d0.25,3014,468,0.155275,109.020830,92.092579,94.092579,94.092579,0.000000,0.000000
0.4,28,engagement_g05_d0.5,3014,461,0.152953,109.203182,92.500240,94.500240,94.500240,0.000000,0.000000
0.4,28,engagement_g05_d1.0,3014,436,0.144658,109.608470,93.752699,95.752699,95.752699,0.000000,0.000000
0.4,28,engagement_g05_d2.0,3014,374,0.124088,109.046842,95.515482,97.515482,97.515482,0.000000,0.000000
0.4,28,engagement_g05_d5.0,3014,173,0.057399,110.786346,104.427342,106.427342,106.427342,0.000000,0.000000
0.4,28,engagement_g05_d10.0,3014,112,0.037160,116.235031,111.915747,113.915747,113.915747,0.000000,0.000000
0.4,28,oracle_a1,3014,1000,0.331785,31.735887,21.206395,23.206395,23.206395,0.000000,0.000000
0.4,29,static,3063,152,0.049625,96.983632,92.170863,94.170863,94.170863,0.000000,0.000000
0.4,29,nearest,3063,175,0.057134,97.208690,91.654814,93.654814,93.654814,0.000000,0.000000
0.4,29,naive_target_aware,3063,831,0.271303,100.789648,73.445150,75.445150,75.445150,0.000000,0.000000
0.4,29,engagement_g00_d0.0,3063,831,0.271303,100.789648,73.445150,75.445150,75.445150,0.000000,0.000000
0.4,29,engagement_g00_d0.25,3063,758,0.247470,101.182985,76.143252,78.143252,78.143252,0.000000,0.000000
0.4,29,engagement_g00_d0.5,3063,744,0.242899,100.800666,76.316273,78.316273,78.316273,0.000000,0.000000
0.4,29,engagement_g00_d1.0,3063,689,0.224943,101.825552,78.920621,80.920621,80.920621,0.000000,0.000000
0.4,29,engagement_g00_d2.0,3063,587,0.191642,102.160593,82.582314,84.582314,84.582314,0.000000,0.000000
0.4,29,engagement_g00_d5.0,3063,256,0.083578,101.493035,93.010430,95.010430,95.010430,0.000000,0.000000
0.4,29,engagement_g00_d10.0,3063,121,0.039504,98.961561,95.052208,97.052208,97.052208,0.000000,0.000000
0.4,29,engagement_g05_d0.0,3063,522,0.170421,103.236376,85.642714,87.642714,87.642714,0.000000,0.000000
0.4,29,engagement_g05_d0.25,3063,514,0.167809,103.394951,86.044313,88.044313,88.044313,0.000000,0.000000
0.4,29,engagement_g05_d0.5,3063,503,0.164218,103.183348,86.238776,88.238776,88.238776,0.000000,0.000000
0.4,29,engagement_g05_d1.0,3063,489,0.159647,103.335203,86.838006,88.838006,88.838006,0.000000,0.000000
0.4,29,engagement_g05_d2.0,3063,431,0.140712,104.082288,89.436691,91.436691,91.436691,0.000000,0.000000
0.4,29,engagement_g05_d5.0,3063,198,0.064643,102.068485,95.470523,97.470523,97.470523,0.000000,0.000000
0.4,29,engagement_g05_d10.0,3063,126,0.041136,97.535406,93.523176,95.523176,95.523176,0.000000,0.000000
0.4,29,oracle_a1,3063,1043,0.340516,31.914385,21.047032,23.047032,23.047032,0.000000,0.000000
0.4,30,static,2933,141,0.048074,106.676391,101.548068,103.548068,103.548068,0.000000,0.000000
0.4,30,nearest,2933,136,0.046369,101.331606,96.632970,98.632970,98.632970,0.000000,0.000000
0.4,30,naive_target_aware,2933,730,0.248892,110.893886,83.293294,85.293294,85.293294,0.000000,0.000000
0.4,30,engagement_g00_d0.0,2933,730,0.248892,110.893886,83.293294,85.293294,85.293294,0.000000,0.000000
0.4,30,engagement_g00_d0.25,2933,653,0.222639,112.344792,87.332467,89.332467,89.332467,0.000000,0.000000
0.4,30,engagement_g00_d0.5,2933,635,0.216502,112.449427,88.103915,90.103915,90.103915,0.000000,0.000000
0.4,30,engagement_g00_d1.0,2933,607,0.206955,113.522588,90.028483,92.028483,92.028483,0.000000,0.000000
0.4,30,engagement_g00_d2.0,2933,518,0.176611,113.262893,93.259423,95.259423,95.259423,0.000000,0.000000
0.4,30,engagement_g00_d5.0,2933,185,0.063075,115.757161,108.455738,110.455738,110.455738,0.000000,0.000000
0.4,30,engagement_g00_d10.0,2933,89,0.030344,111.269347,107.892950,109.892950,109.892950,0.000000,0.000000
0.4,30,engagement_g05_d0.0,2933,443,0.151040,113.028042,95.956299,97.956299,97.956299,0.000000,0.000000
0.4,30,engagement_g05_d0.25,2933,433,0.147630,113.169663,96.462379,98.462379,98.462379,0.000000,0.000000
0.4,30,engagement_g05_d0.5,2933,430,0.146608,113.137384,96.550587,98.550587,98.550587,0.000000,0.000000
0.4,30,engagement_g05_d1.0,2933,412,0.140471,113.362657,97.438547,99.438547,99.438547,0.000000,0.000000
0.4,30,engagement_g05_d2.0,2933,355,0.121036,115.276239,101.323608,103.323608,103.323608,0.000000,0.000000
0.4,30,engagement_g05_d5.0,2933,143,0.048756,115.757623,110.113797,112.113797,112.113797,0.000000,0.000000
0.4,30,engagement_g05_d10.0,2933,126,0.042959,107.928658,103.292105,105.292105,105.292105,0.000000,0.000000
0.4,30,oracle_a1,2933,1099,0.374702,43.790870,27.382358,29.382358,29.382358,0.000000,0.000000
0.3,1,static,3072,158,0.051432,96.765846,91.788956,93.788956,93.788956,0.000000,0.000000
0.3,1,nearest,3072,142,0.046224,100.398057,95.757261,97.757261,97.757261,0.000000,0.000000
0.3,1,naive_target_aware,3072,546,0.177734,96.228507,79.125394,81.125394,81.125394,0.000000,0.000000
0.3,1,engagement_g00_d0.0,3072,546,0.177734,96.228507,79.125394,81.125394,81.125394,0.000000,0.000000
0.3,1,engagement_g00_d0.25,3072,520,0.169271,95.947235,79.706166,81.706166,81.706166,0.000000,0.000000
0.3,1,engagement_g00_d0.5,3072,493,0.160482,95.596136,80.254699,82.254699,82.254699,0.000000,0.000000
0.3,1,engagement_g00_d1.0,3072,469,0.152669,94.836122,80.357561,82.357561,82.357561,0.000000,0.000000
0.3,1,engagement_g00_d2.0,3072,411,0.133789,94.218419,81.613025,83.613025,83.613025,0.000000,0.000000
0.3,1,engagement_g00_d5.0,3072,192,0.062500,93.432580,87.593044,89.593044,89.593044,0.000000,0.000000
0.3,1,engagement_g00_d10.0,3072,148,0.048177,103.887169,98.882188,100.882188,100.882188,0.000000,0.000000
0.3,1,engagement_g05_d0.0,3072,282,0.091797,93.962896,85.337396,87.337396,87.337396,0.000000,0.000000
0.3,1,engagement_g05_d0.25,3072,276,0.089844,94.283160,85.812407,87.812407,87.812407,0.000000,0.000000
0.3,1,engagement_g05_d0.5,3072,272,0.088542,93.873320,85.561620,87.561620,87.561620,0.000000,0.000000
0.3,1,engagement_g05_d1.0,3072,264,0.085938,94.153796,86.062454,88.062454,88.062454,0.000000,0.000000
0.3,1,engagement_g05_d2.0,3072,229,0.074544,93.319249,86.362834,88.362834,88.362834,0.000000,0.000000
0.3,1,engagement_g05_d5.0,3072,166,0.054036,96.778795,91.549212,93.549212,93.549212,0.000000,0.000000
0.3,1,engagement_g05_d10.0,3072,167,0.054362,104.334315,98.662495,100.662495,100.662495,0.000000,0.000000
0.3,1,oracle_a1,3072,986,0.320964,33.361524,22.653691,24.653691,24.653691,0.000000,0.000000
0.3,2,static,3076,160,0.052016,101.024750,95.769887,97.769887,97.769887,0.000000,0.000000
0.3,2,nearest,3076,142,0.046164,92.466308,88.197707,90.197707,90.197707,0.000000,0.000000
0.3,2,naive_target_aware,3076,535,0.173927,104.969703,86.712618,88.712618,88.712618,0.000000,0.000000
0.3,2,engagement_g00_d0.0,3076,535,0.173927,104.969703,86.712618,88.712618,88.712618,0.000000,0.000000
0.3,2,engagement_g00_d0.25,3076,506,0.164499,106.167322,88.702866,90.702866,90.702866,0.000000,0.000000
0.3,2,engagement_g00_d0.5,3076,503,0.163524,106.316814,88.931457,90.931457,90.931457,0.000000,0.000000
0.3,2,engagement_g00_d1.0,3076,474,0.154096,107.213292,90.692128,92.692128,92.692128,0.000000,0.000000
0.3,2,engagement_g00_d2.0,3076,383,0.124512,107.920419,94.482994,96.482994,96.482994,0.000000,0.000000
0.3,2,engagement_g00_d5.0,3076,182,0.059168,107.060497,100.725968,102.725968,102.725968,0.000000,0.000000
0.3,2,engagement_g00_d10.0,3076,141,0.045839,103.908975,99.145917,101.145917,101.145917,0.000000,0.000000
0.3,2,engagement_g05_d0.0,3076,288,0.093628,105.693258,95.797400,97.797400,97.797400,0.000000,0.000000
0.3,2,engagement_g05_d0.25,3076,289,0.093953,105.679843,95.750885,97.750885,97.750885,0.000000,0.000000
0.3,2,engagement_g05_d0.5,3076,279,0.090702,105.428278,95.865700,97.865700,97.865700,0.000000,0.000000
0.3,2,engagement_g05_d1.0,3076,275,0.089402,106.062096,96.579951,98.579951,98.579951,0.000000,0.000000
0.3,2,engagement_g05_d2.0,3076,234,0.076073,103.313929,95.454546,97.454546,97.454546,0.000000,0.000000
0.3,2,engagement_g05_d5.0,3076,136,0.044213,104.859037,100.222877,102.222877,102.222877,0.000000,0.000000
0.3,2,engagement_g05_d10.0,3076,154,0.050065,104.386247,99.160148,101.160148,101.160148,0.000000,0.000000
0.3,2,oracle_a1,3076,924,0.300390,36.049066,25.220283,27.220283,27.220283,0.000000,0.000000
0.3,3,static,2993,139,0.046442,98.312957,93.747137,95.747137,95.747137,0.000000,0.000000
0.3,3,nearest,2993,150,0.050117,95.903246,91.096869,93.096869,93.096869,0.000000,0.000000
0.3,3,naive_target_aware,2993,472,0.157701,101.485261,85.480903,87.480903,87.480903,0.000000,0.000000
0.3,3,engagement_g00_d0.0,2993,472,0.157701,101.485261,85.480903,87.480903,87.480903,0.000000,0.000000
0.3,3,engagement_g00_d0.25,2993,445,0.148680,102.022363,86.853652,88.853652,88.853652,0.000000,0.000000
0.3,3,engagement_g00_d0.5,2993,434,0.145005,101.866423,87.095281,89.095281,89.095281,0.000000,0.000000
0.3,3,engagement_g00_d1.0,2993,397,0.132643,103.074173,89.402122,91.402122,91.402122,0.000000,0.000000
0.3,3,engagement_g00_d2.0,2993,353,0.117942,103.402953,91.207416,93.207416,93.207416,0.000000,0.000000
0.3,3,engagement_g00_d5.0,2993,161,0.053792,100.341458,94.943872,96.943872,96.943872,0.000000,0.000000
0.3,3,engagement_g00_d10.0,2993,106,0.035416,100.096490,96.551475,98.551475,98.551475,0.000000,0.000000
0.3,3,engagement_g05_d0.0,2993,250,0.083528,101.113632,92.667789,94.667789,94.667789,0.000000,0.000000
0.3,3,engagement_g05_d0.25,2993,249,0.083194,101.165347,92.748985,94.748985,94.748985,0.000000,0.000000
0.3,3,engagement_g05_d0.5,2993,247,0.082526,101.095555,92.752554,94.752554,94.752554,0.000000,0.000000
0.3,3,engagement_g05_d1.0,2993,232,0.077514,100.392534,92.610687,94.610687,94.610687,0.000000,0.000000
0.3,3,engagement_g05_d2.0,2993,223,0.074507,99.435558,92.026895,94.026895,94.026895,0.000000,0.000000
0.3,3,engagement_g05_d5.0,2993,142,0.047444,99.837588,95.100890,97.100890,97.100890,0.000000,0.000000
0.3,3,engagement_g05_d10.0,2993,138,0.046108,97.962621,93.445802,95.445802,95.445802,0.000000,0.000000
0.3,3,oracle_a1,2993,952,0.318076,35.978589,24.534681,26.534681,26.534681,0.000000,0.000000
0.3,4,static,2947,148,0.050221,105.280152,99.992923,101.992923,101.992923,0.000000,0.000000
0.3,4,nearest,2947,151,0.051239,103.679408,98.367025,100.367025,100.367025,0.000000,0.000000
0.3,4,naive_target_aware,2947,510,0.173057,102.336038,84.626035,86.626035,86.626035,0.000000,0.000000
0.3,4,engagement_g00_d0.0,2947,510,0.173057,102.336038,84.626035,86.626035,86.626035,0.000000,0.000000
0.3,4,engagement_g00_d0.25,2947,460,0.156091,103.144573,87.044640,89.044640,89.044640,0.000000,0.000000
0.3,4,engagement_g00_d0.5,2947,452,0.153376,103.407438,87.547186,89.547186,89.547186,0.000000,0.000000
0.3,4,engagement_g00_d1.0,2947,424,0.143875,103.292796,88.431532,90.431532,90.431532,0.000000,0.000000
0.3,4,engagement_g00_d2.0,2947,352,0.119444,104.085088,91.652801,93.652801,93.652801,0.000000,0.000000
0.3,4,engagement_g00_d5.0,2947,169,0.057346,103.393597,97.464340,99.464340,99.464340,0.000000,0.000000
0.3,4,engagement_g00_d10.0,2947,149,0.050560,109.120553,103.603430,105.603430,105.603430,0.000000,0.000000
0.3,4,engagement_g05_d0.0,2947,239,0.081099,105.172331,96.642915,98.642915,98.642915,0.000000,0.000000
0.3,4,engagement_g05_d0.25,2947,237,0.080421,105.396395,96.920336,98.920336,98.920336,0.000000,0.000000
0.3,4,engagement_g05_d0.5,2947,227,0.077027,105.163700,97.063204,99.063204,99.063204,0.000000,0.000000
0.3,4,engagement_g05_d1.0,2947,220,0.074652,105.125355,97.277517,99.277517,99.277517,0.000000,0.000000
0.3,4,engagement_g05_d2.0,2947,208,0.070580,104.075789,96.730094,98.730094,98.730094,0.000000,0.000000
0.3,4,engagement_g05_d5.0,2947,145,0.049203,104.864260,99.704668,101.704668,101.704668,0.000000,0.000000
0.3,4,engagement_g05_d10.0,2947,148,0.050221,105.280152,99.992923,101.992923,101.992923,0.000000,0.000000
0.3,4,oracle_a1,2947,913,0.309807,31.214413,21.543982,23.543982,23.543982,0.000000,0.000000
0.3,5,static,2961,171,0.057751,108.016181,101.778164,103.778164,103.778164,0.000000,0.000000
0.3,5,nearest,2961,168,0.056738,103.418558,97.550838,99.550838,99.550838,0.000000,0.000000
0.3,5,naive_target_aware,2961,455,0.153664,103.783425,87.835618,89.835618,89.835618,0.000000,0.000000
0.3,5,engagement_g00_d0.0,2961,455,0.153664,103.783425,87.835618,89.835618,89.835618,0.000000,0.000000
0.3,5,engagement_g00_d0.25,2961,432,0.145897,104.473668,89.231309,91.231309,91.231309,0.000000,0.000000
0.3,5,engagement_g00_d0.5,2961,413,0.139480,104.433249,89.866910,91.866910,91.866910,0.000000,0.000000
0.3,5,engagement_g00_d1.0,2961,381,0.128673,104.273987,90.856767,92.856767,92.856767,0.000000,0.000000
0.3,5,engagement_g00_d2.0,2961,324,0.109422,102.538806,91.318754,93.318754,93.318754,0.000000,0.000000
0.3,5,engagement_g00_d5.0,2961,167,0.056400,102.764765,96.968846,98.968846,98.968846,0.000000,0.000000
0.3,5,engagement_g00_d10.0,2961,135,0.045593,98.431209,93.943464,95.943464,95.943464,0.000000,0.000000
0.3,5,engagement_g05_d0.0,2961,271,0.091523,104.419440,94.862646,96.862646,96.862646,0.000000,0.000000
0.3,5,engagement_g05_d0.25,2961,266,0.089835,103.901408,94.567475,96.567475,96.567475,0.000000,0.000000
0.3,5,engagement_g05_d0.5,2961,262,0.088484,103.985303,94.784307,96.784307,96.784307,0.000000,0.000000
0.3,5,engagement_g05_d1.0,2961,255,0.086120,104.175961,95.204374,97.204374,97.204374,0.000000,0.000000
0.3,5,engagement_g05_d2.0,2961,227,0.076663,104.234751,96.243773,98.243773,98.243773,0.000000,0.000000
0.3,5,engagement_g05_d5.0,2961,147,0.049645,99.611561,94.666306,96.666306,96.666306,0.000000,0.000000
0.3,5,engagement_g05_d10.0,2961,160,0.054036,103.034139,97.466607,99.466607,99.466607,0.000000,0.000000
0.3,5,oracle_a1,2961,943,0.318473,35.430374,24.146739,26.146739,26.146739,0.000000,0.000000
0.3,6,static,2952,140,0.047425,106.394162,101.348368,103.348368,103.348368,0.000000,0.000000
0.3,6,nearest,2952,168,0.056911,114.300936,107.796004,109.796004,109.796004,0.000000,0.000000
0.3,6,naive_target_aware,2952,502,0.170054,103.588014,85.972437,87.972437,87.972437,0.000000,0.000000
0.3,6,engagement_g00_d0.0,2952,502,0.170054,103.588014,85.972437,87.972437,87.972437,0.000000,0.000000
0.3,6,engagement_g00_d0.25,2952,459,0.155488,103.033889,87.013376,89.013376,89.013376,0.000000,0.000000
0.3,6,engagement_g00_d0.5,2952,447,0.151423,103.228235,87.597130,89.597130,89.597130,0.000000,0.000000
0.3,6,engagement_g00_d1.0,2952,408,0.138211,104.614378,90.155480,92.155480,92.155480,0.000000,0.000000
0.3,6,engagement_g00_d2.0,2952,340,0.115176,105.089942,92.986087,94.986087,94.986087,0.000000,0.000000
0.3,6,engagement_g00_d5.0,2952,208,0.070461,101.438784,94.291336,96.291336,96.291336,0.000000,0.000000
0.3,6,engagement_g00_d10.0,2952,135,0.045732,100.594542,95.994181,97.994181,97.994181,0.000000,0.000000
0.3,6,engagement_g05_d0.0,2952,278,0.094173,100.154870,90.722941,92.722941,92.722941,0.000000,0.000000
0.3,6,engagement_g05_d0.25,2952,265,0.089770,99.371262,90.450738,92.450738,92.450738,0.000000,0.000000
0.3,6,engagement_g05_d0.5,2952,263,0.089092,99.441678,90.582206,92.582206,92.582206,0.000000,0.000000
0.3,6,engagement_g05_d1.0,2952,255,0.086382,99.613113,91.008322,93.008322,93.008322,0.000000,0.000000
0.3,6,engagement_g05_d2.0,2952,224,0.075881,101.172548,93.495499,95.495499,95.495499,0.000000,0.000000
0.3,6,engagement_g05_d5.0,2952,151,0.051152,101.680881,96.479725,98.479725,98.479725,0.000000,0.000000
0.3,6,engagement_g05_d10.0,2952,140,0.047425,106.394162,101.348368,103.348368,103.348368,0.000000,0.000000
0.3,6,oracle_a1,2952,803,0.272019,32.494444,23.655339,25.655339,25.655339,0.000000,0.000000
0.3,7,static,2971,147,0.049478,120.647420,114.677992,116.677992,116.677992,0.000000,0.000000
0.3,7,nearest,2971,173,0.058230,110.976266,104.514167,106.514167,106.514167,0.000000,0.000000
0.3,7,naive_target_aware,2971,475,0.159879,110.127990,92.520856,94.520856,94.520856,0.000000,0.000000
0.3,7,engagement_g00_d0.0,2971,475,0.159879,110.127990,92.520856,94.520856,94.520856,0.000000,0.000000
0.3,7,engagement_g00_d0.25,2971,436,0.146752,109.826003,93.708824,95.708824,95.708824,0.000000,0.000000
0.3,7,engagement_g00_d0.5,2971,403,0.135645,109.866823,94.963986,96.963986,96.963986,0.000000,0.000000
0.3,7,engagement_g00_d1.0,2971,372,0.125210,110.186310,96.389841,98.389841,98.389841,0.000000,0.000000
0.3,7,engagement_g00_d2.0,2971,316,0.106361,110.375369,98.635680,100.635680,100.635680,0.000000,0.000000
0.3,7,engagement_g00_d5.0,2971,178,0.059912,110.867042,104.224722,106.224722,106.224722,0.000000,0.000000
0.3,7,engagement_g00_d10.0,2971,137,0.046112,117.824803,112.391616,114.391616,114.391616,0.000000,0.000000
0.3,7,engagement_g05_d0.0,2971,235,0.079098,113.073935,104.130019,106.130019,106.130019,0.000000,0.000000
0.3,7,engagement_g05_d0.25,2971,231,0.077752,112.987645,104.202675,106.202675,106.202675,0.000000,0.000000
0.3,7,engagement_g05_d0.5,2971,217,0.073039,113.146227,104.882096,106.882096,106.882096,0.000000,0.000000
0.3,7,engagement_g05_d1.0,2971,207,0.069674,112.674115,104.823713,106.823713,106.823713,0.000000,0.000000
0.3,7,engagement_g05_d2.0,2971,190,0.063952,111.608292,104.470771,106.470771,106.470771,0.000000,0.000000
0.3,7,engagement_g05_d5.0,2971,144,0.048469,110.725699,105.358987,107.358987,107.358987,0.000000,0.000000
0.3,7,engagement_g05_d10.0,2971,147,0.049478,120.647420,114.677992,116.677992,116.677992,0.000000,0.000000
0.3,7,oracle_a1,2971,1002,0.337260,44.795130,29.687517,31.687517,31.687517,0.000000,0.000000
0.3,8,static,2983,152,0.050955,97.073935,92.127493,94.127493,94.127493,0.000000,0.000000
0.3,8,nearest,2983,143,0.047938,100.210336,95.406421,97.406421,97.406421,0.000000,0.000000
0.3,8,naive_target_aware,2983,507,0.169963,101.584501,84.318881,86.318881,86.318881,0.000000,0.000000
0.3,8,engagement_g00_d0.0,2983,507,0.169963,101.584501,84.318881,86.318881,86.318881,0.000000,0.000000
0.3,8,engagement_g00_d0.25,2983,468,0.156889,100.240310,84.513704,86.513704,86.513704,0.000000,0.000000
0.3,8,engagement_g00_d0.5,2983,448,0.150184,100.780097,85.644501,87.644501,87.644501,0.000000,0.000000
0.3,8,engagement_g00_d1.0,2983,431,0.144485,100.471052,85.954450,87.954450,87.954450,0.000000,0.000000
0.3,8,engagement_g00_d2.0,2983,350,0.117332,100.825717,88.995680,90.995680,90.995680,0.000000,0.000000
0.3,8,engagement_g00_d5.0,2983,176,0.059001,100.550671,94.618080,96.618080,96.618080,0.000000,0.000000
0.3,8,engagement_g00_d10.0,2983,125,0.041904,97.532175,93.445175,95.445175,95.445175,0.000000,0.000000
0.3,8,engagement_g05_d0.0,2983,248,0.083138,101.917000,93.443847,95.443847,95.443847,0.000000,0.000000
0.3,8,engagement_g05_d0.25,2983,241,0.080791,101.909983,93.676558,95.676558,95.676558,0.000000,0.000000
0.3,8,engagement_g05_d0.5,2983,242,0.081126,101.828576,93.567592,95.567592,95.567592,0.000000,0.000000
0.3,8,engagement_g05_d1.0,2983,235,0.078780,101.924109,93.894553,95.894553,95.894553,0.000000,0.000000
0.3,8,engagement_g05_d2.0,2983,220,0.073751,101.021937,93.571442,95.571442,95.571442,0.000000,0.000000
0.3,8,engagement_g05_d5.0,2983,148,0.049614,99.272824,94.347455,96.347455,96.347455,0.000000,0.000000
0.3,8,engagement_g05_d10.0,2983,150,0.050285,99.289368,94.296607,96.296607,96.296607,0.000000,0.000000
0.3,8,oracle_a1,2983,863,0.289306,34.560000,24.561582,26.561582,26.561582,0.000000,0.000000
0.3,9,static,2932,149,0.050819,96.779499,91.861304,93.861304,93.861304,0.000000,0.000000
0.3,9,nearest,2932,157,0.053547,109.094591,103.252895,105.252895,105.252895,0.000000,0.000000
0.3,9,naive_target_aware,2932,493,0.168145,100.795674,83.847425,85.847425,85.847425,0.000000,0.000000
0.3,9,engagement_g00_d0.0,2932,493,0.168145,100.795674,83.847425,85.847425,85.847425,0.000000,0.000000
0.3,9,engagement_g00_d0.25,2932,470,0.160300,100.171413,84.113922,86.113922,86.113922,0.000000,0.000000
0.3,9,engagement_g00_d0.5,2932,458,0.156207,100.049470,84.421006,86.421006,86.421006,0.000000,0.000000
0.3,9,engagement_g00_d1.0,2932,433,0.147681,99.829566,85.086659,87.086659,87.086659,0.000000,0.000000
0.3,9,engagement_g00_d2.0,2932,348,0.118690,99.653961,87.826001,89.826001,89.826001,0.000000,0.000000
0.3,9,engagement_g00_d5.0,2932,195,0.066508,101.735357,94.969192,96.969192,96.969192,0.000000,0.000000
0.3,9,engagement_g00_d10.0,2932,121,0.041269,98.608463,94.539014,96.539014,96.539014,0.000000,0.000000
0.3,9,engagement_g05_d0.0,2932,259,0.088336,102.969494,93.873621,95.873621,95.873621,0.000000,0.000000
0.3,9,engagement_g05_d0.25,2932,256,0.087312,102.864293,93.882963,95.882963,95.882963,0.000000,0.000000
0.3,9,engagement_g05_d0.5,2932,254,0.086630,102.815776,93.908816,95.908816,95.908816,0.000000,0.000000
0.3,9,engagement_g05_d1.0,2932,243,0.082879,102.702744,94.190886,96.190886,96.190886,0.000000,0.000000
0.3,9,engagement_g05_d2.0,2932,220,0.075034,103.015449,95.285777,97.285777,97.285777,0.000000,0.000000
0.3,9,engagement_g05_d5.0,2932,151,0.051501,104.345776,98.971897,100.971897,100.971897,0.000000,0.000000
0.3,9,engagement_g05_d10.0,2932,158,0.053888,100.352703,94.944883,96.944883,96.944883,0.000000,0.000000
0.3,9,oracle_a1,2932,946,0.322647,34.859348,23.612096,25.612096,25.612096,0.000000,0.000000
0.3,10,static,3006,139,0.046241,106.662535,101.730369,103.730369,103.730369,0.000000,0.000000
0.3,10,nearest,3006,143,0.047572,90.283351,85.988435,87.988435,87.988435,0.000000,0.000000
0.3,10,naive_target_aware,3006,499,0.166001,103.588036,86.392284,88.392284,88.392284,0.000000,0.000000
0.3,10,engagement_g00_d0.0,3006,499,0.166001,103.588036,86.392284,88.392284,88.392284,0.000000,0.000000
0.3,10,engagement_g00_d0.25,3006,442,0.147039,103.094850,87.935860,89.935860,89.935860,0.000000,0.000000
0.3,10,engagement_g00_d0.5,3006,441,0.146707,103.277384,88.125912,90.125912,90.125912,0.000000,0.000000
0.3,10,engagement_g00_d1.0,3006,410,0.136394,103.542190,89.419669,91.419669,91.419669,0.000000,0.000000
0.3,10,engagement_g00_d2.0,3006,343,0.114105,103.942860,92.082447,94.082447,94.082447,0.000000,0.000000
0.3,10,engagement_g00_d5.0,3006,201,0.066866,104.434718,97.451558,99.451558,99.451558,0.000000,0.000000
0.3,10,engagement_g00_d10.0,3006,109,0.036261,99.984506,96.358987,98.358987,98.358987,0.000000,0.000000
0.3,10,engagement_g05_d0.0,3006,259,0.086161,100.487077,91.829009,93.829009,93.829009,0.000000,0.000000
0.3,10,engagement_g05_d0.25,3006,253,0.084165,101.020541,92.518146,94.518146,94.518146,0.000000,0.000000
0.3,10,engagement_g05_d0.5,3006,251,0.083500,101.252992,92.798401,94.798401,94.798401,0.000000,0.000000
0.3,10,engagement_g05_d1.0,3006,235,0.078177,101.822722,93.862529,95.862529,95.862529,0.000000,0.000000
0.3,10,engagement_g05_d2.0,3006,212,0.070526,100.949163,93.829661,95.829661,95.829661,0.000000,0.000000
0.3,10,engagement_g05_d5.0,3006,137,0.045576,98.808636,94.305381,96.305381,96.305381,0.000000,0.000000
0.3,10,engagement_g05_d10.0,3006,138,0.045908,103.900244,99.130373,101.130373,101.130373,0.000000,0.000000
0.3,10,oracle_a1,3006,974,0.324019,39.476730,26.685534,28.685534,28.685534,0.000000,0.000000
0.3,11,static,3002,134,0.044637,107.165148,102.381627,104.381627,104.381627,0.000000,0.000000
0.3,11,nearest,3002,137,0.045636,104.315632,99.555059,101.555059,101.555059,0.000000,0.000000
0.3,11,naive_target_aware,3002,537,0.178881,104.782703,86.039095,88.039095,88.039095,0.000000,0.000000
0.3,11,engagement_g00_d0.0,3002,537,0.178881,104.782703,86.039095,88.039095,88.039095,0.000000,0.000000
0.3,11,engagement_g00_d0.25,3002,495,0.164890,105.177669,87.834916,89.834916,89.834916,0.000000,0.000000
0.3,11,engagement_g00_d0.5,3002,478,0.159227,105.953823,89.083095,91.083095,91.083095,0.000000,0.000000
0.3,11,engagement_g00_d1.0,3002,436,0.145237,106.146851,90.730453,92.730453,92.730453,0.000000,0.000000
0.3,11,engagement_g00_d2.0,3002,365,0.121586,106.402114,93.465148,95.465148,95.465148,0.000000,0.000000
0.3,11,engagement_g00_d5.0,3002,177,0.058961,103.009360,96.935856,98.935856,98.935856,0.000000,0.000000
0.3,11,engagement_g00_d10.0,3002,120,0.039973,102.026195,97.947866,99.947866,99.947866,0.000000,0.000000
0.3,11,engagement_g05_d0.0,3002,273,0.090939,103.889407,94.441769,96.441769,96.441769,0.000000,0.000000
0.3,11,engagement_g05_d0.25,3002,267,0.088941,104.124395,94.863498,96.863498,96.863498,0.000000,0.000000
0.3,11,engagement_g05_d0.5,3002,272,0.090606,104.064347,94.635465,96.635465,96.635465,0.000000,0.000000
0.3,11,engagement_g05_d1.0,3002,269,0.089607,103.984217,94.666511,96.666511,96.666511,0.000000,0.000000
0.3,11,engagement_g05_d2.0,3002,242,0.080613,104.431143,96.012643,98.012643,98.012643,0.000000,0.000000
0.3,11,engagement_g05_d5.0,3002,151,0.050300,100.500098,95.444963,97.444963,97.444963,0.000000,0.000000
0.3,11,engagement_g05_d10.0,3002,128,0.042638,106.280240,101.748638,103.748638,103.748638,0.000000,0.000000
0.3,11,oracle_a1,3002,913,0.304131,33.457839,23.282287,25.282287,25.282287,0.000000,0.000000
0.3,12,static,3026,134,0.044283,102.582671,98.040014,100.040014,100.040014,0.000000,0.000000
0.3,12,nearest,3026,134,0.044283,115.765513,110.639083,112.639083,112.639083,0.000000,0.000000
0.3,12,naive_target_aware,3026,510,0.168539,102.811484,85.483706,87.483706,87.483706,0.000000,0.000000
0.3,12,engagement_g00_d0.0,3026,510,0.168539,102.811484,85.483706,87.483706,87.483706,0.000000,0.000000
0.3,12,engagement_g00_d0.25,3026,479,0.158295,100.469469,84.565677,86.565677,86.565677,0.000000,0.000000
0.3,12,engagement_g00_d0.5,3026,473,0.156312,100.510140,84.799202,86.799202,86.799202,0.000000,0.000000
0.3,12,engagement_g00_d1.0,3026,449,0.148381,100.237153,85.363894,87.363894,87.363894,0.000000,0.000000
0.3,12,engagement_g00_d2.0,3026,363,0.119960,103.069657,90.705385,92.705385,92.705385,0.000000,0.000000
0.3,12,engagement_g00_d5.0,3026,187,0.061798,97.768596,91.726717,93.726717,93.726717,0.000000,0.000000
0.3,12,engagement_g00_d10.0,3026,124,0.040978,97.732854,93.727939,95.727939,95.727939,0.000000,0.000000
0.3,12,engagement_g05_d0.0,3026,240,0.079313,98.029795,90.254795,92.254795,92.254795,0.000000,0.000000
0.3,12,engagement_g05_d0.25,3026,236,0.077991,97.965971,90.325532,92.325532,92.325532,0.000000,0.000000
0.3,12,engagement_g05_d0.5,3026,234,0.077330,97.919755,90.347639,92.347639,92.347639,0.000000,0.000000
0.3,12,engagement_g05_d1.0,3026,228,0.075347,96.287659,89.032673,91.032673,91.032673,0.000000,0.000000
0.3,12,engagement_g05_d2.0,3026,199,0.065763,95.342055,89.072039,91.072039,91.072039,0.000000,0.000000
0.3,12,engagement_g05_d5.0,3026,127,0.041970,93.624521,89.695138,91.695138,91.695138,0.000000,0.000000
0.3,12,engagement_g05_d10.0,3026,130,0.042961,101.790715,97.417683,99.417683,99.417683,0.000000,0.000000
0.3,12,oracle_a1,3026,799,0.264045,30.859019,22.710851,24.710851,24.710851,0.000000,0.000000
0.3,13,static,3014,141,0.046782,99.173269,94.533776,96.533776,96.533776,0.000000,0.000000
0.3,13,nearest,3014,148,0.049104,104.848843,99.700327,101.700327,101.700327,0.000000,0.000000
0.3,13,naive_target_aware,3014,531,0.176178,100.168305,82.520870,84.520870,84.520870,0.000000,0.000000
0.3,13,engagement_g00_d0.0,3014,531,0.176178,100.168305,82.520870,84.520870,84.520870,0.000000,0.000000
0.3,13,engagement_g00_d0.25,3014,478,0.158593,99.771114,83.948091,85.948091,85.948091,0.000000,0.000000
0.3,13,engagement_g00_d0.5,3014,460,0.152621,100.324169,85.012584,87.012584,87.012584,0.000000,0.000000
0.3,13,engagement_g00_d1.0,3014,417,0.138354,99.943153,86.115583,88.115583,88.115583,0.000000,0.000000
0.3,13,engagement_g00_d2.0,3014,350,0.116125,99.855418,88.259733,90.259733,90.259733,0.000000,0.000000
0.3,13,engagement_g00_d5.0,3014,192,0.063703,99.423871,93.090300,95.090300,95.090300,0.000000,0.000000
0.3,13,engagement_g00_d10.0,3014,125,0.041473,103.635392,99.337308,101.337308,101.337308,0.000000,0.000000
0.3,13,engagement_g05_d0.0,3014,277,0.091904,98.396212,89.353163,91.353163,91.353163,0.000000,0.000000
0.3,13,engagement_g05_d0.25,3014,277,0.091904,98.191575,89.167332,91.167332,91.167332,0.000000,0.000000
0.3,13,engagement_g05_d0.5,3014,276,0.091573,98.196758,89.204620,91.204620,91.204620,0.000000,0.000000
0.3,13,engagement_g05_d1.0,3014,275,0.091241,98.232779,89.269934,91.269934,91.269934,0.000000,0.000000
0.3,13,engagement_g05_d2.0,3014,233,0.077306,98.848900,91.207296,93.207296,93.207296,0.000000,0.000000
0.3,13,engagement_g05_d5.0,3014,151,0.050100,98.621589,93.680693,95.680693,95.680693,0.000000,0.000000
0.3,13,engagement_g05_d10.0,3014,122,0.040478,101.413289,97.308305,99.308305,99.308305,0.000000,0.000000
0.3,13,oracle_a1,3014,917,0.304247,34.306730,23.869016,25.869016,25.869016,0.000000,0.000000
0.3,14,static,3050,141,0.046230,106.271149,101.358286,103.358286,103.358286,0.000000,0.000000
0.3,14,nearest,3050,157,0.051475,115.194819,109.265118,111.265118,111.265118,0.000000,0.000000
0.3,14,naive_target_aware,3050,495,0.162295,107.026432,89.656568,91.656568,91.656568,0.000000,0.000000
0.3,14,engagement_g00_d0.0,3050,495,0.162295,107.026432,89.656568,91.656568,91.656568,0.000000,0.000000
0.3,14,engagement_g00_d0.25,3050,462,0.151475,106.633582,90.481216,92.481216,92.481216,0.000000,0.000000
0.3,14,engagement_g00_d0.5,3050,447,0.146557,106.450769,90.849623,92.849623,92.849623,0.000000,0.000000
0.3,14,engagement_g00_d1.0,3050,420,0.137705,106.074990,91.467942,93.467942,93.467942,0.000000,0.000000
0.3,14,engagement_g00_d2.0,3050,351,0.115082,106.226185,94.001467,96.001467,96.001467,0.000000,0.000000
0.3,14,engagement_g00_d5.0,3050,183,0.060000,109.909934,103.315338,105.315338,105.315338,0.000000,0.000000
0.3,14,engagement_g00_d10.0,3050,124,0.040656,107.486364,103.116427,105.116427,105.116427,0.000000,0.000000
0.3,14,engagement_g05_d0.0,3050,252,0.082623,108.262779,99.317789,101.317789,101.317789,0.000000,0.000000
0.3,14,engagement_g05_d0.25,3050,250,0.081967,108.121190,99.258797,101.258797,101.258797,0.000000,0.000000
0.3,14,engagement_g05_d0.5,3050,248,0.081311,108.072083,99.284582,101.284582,101.284582,0.000000,0.000000
0.3,14,engagement_g05_d1.0,3050,238,0.078033,107.572424,99.178248,101.178248,101.178248,0.000000,0.000000
0.3,14,engagement_g05_d2.0,3050,217,0.071148,107.661758,100.001889,102.001889,102.001889,0.000000,0.000000
0.3,14,engagement_g05_d5.0,3050,130,0.042623,110.753808,106.033154,108.033154,108.033154,0.000000,0.000000
0.3,14,engagement_g05_d10.0,3050,150,0.049180,107.093400,101.826512,103.826512,103.826512,0.000000,0.000000
0.3,14,oracle_a1,3050,937,0.307213,40.707314,28.201493,30.201493,30.201493,0.000000,0.000000
0.3,15,static,3022,145,0.047981,104.945422,99.909986,101.909986,101.909986,0.000000,0.000000
0.3,15,nearest,3022,142,0.046989,115.207885,109.794411,111.794411,111.794411,0.000000,0.000000
0.3,15,naive_target_aware,3022,521,0.172402,104.165982,86.207518,88.207518,88.207518,0.000000,0.000000
0.3,15,engagement_g00_d0.0,3022,521,0.172402,104.165982,86.207518,88.207518,88.207518,0.000000,0.000000
0.3,15,engagement_g00_d0.25,3022,486,0.160821,104.237179,87.473688,89.473688,89.473688,0.000000,0.000000
0.3,15,engagement_g00_d0.5,3022,458,0.151555,105.154398,89.217696,91.217696,91.217696,0.000000,0.000000
0.3,15,engagement_g00_d1.0,3022,429,0.141959,105.833219,90.809244,92.809244,92.809244,0.000000,0.000000
0.3,15,engagement_g00_d2.0,3022,360,0.119126,105.612781,93.031510,95.031510,95.031510,0.000000,0.000000
0.3,15,engagement_g00_d5.0,3022,178,0.058901,111.158622,104.611225,106.611225,106.611225,0.000000,0.000000
0.3,15,engagement_g00_d10.0,3022,140,0.046327,102.002308,97.276854,99.276854,99.276854,0.000000,0.000000
0.3,15,engagement_g05_d0.0,3022,250,0.082727,108.820060,99.817739,101.817739,101.817739,0.000000,0.000000
0.3,15,engagement_g05_d0.25,3022,248,0.082065,109.311543,100.340906,102.340906,102.340906,0.000000,0.000000
0.3,15,engagement_g05_d0.5,3022,240,0.079418,109.531472,100.832745,102.832745,102.832745,0.000000,0.000000
0.3,15,engagement_g05_d1.0,3022,238,0.078756,109.688051,101.049482,103.049482,103.049482,0.000000,0.000000
0.3,15,engagement_g05_d2.0,3022,206,0.068167,110.927697,103.366114,105.366114,105.366114,0.000000,0.000000
0.3,15,engagement_g05_d5.0,3022,148,0.048974,110.660425,105.240920,107.240920,107.240920,0.000000,0.000000
0.3,15,engagement_g05_d10.0,3022,142,0.046989,101.480240,96.711811,98.711811,98.711811,0.000000,0.000000
0.3,15,oracle_a1,3022,1006,0.332892,37.866882,25.261295,27.261295,27.261295,0.000000,0.000000
0.3,16,static,3097,164,0.052954,92.254487,87.369199,89.369199,89.369199,0.000000,0.000000
0.3,16,nearest,3097,161,0.051986,97.147987,92.097672,94.097672,94.097672,0.000000,0.000000
0.3,16,naive_target_aware,3097,577,0.186309,101.901729,82.916486,84.916486,84.916486,0.000000,0.000000
0.3,16,engagement_g00_d0.0,3097,577,0.186309,101.901729,82.916486,84.916486,84.916486,0.000000,0.000000
0.3,16,engagement_g00_d0.25,3097,525,0.169519,101.589071,84.367805,86.367805,86.367805,0.000000,0.000000
0.3,16,engagement_g00_d0.5,3097,508,0.164030,101.468463,84.824621,86.824621,86.824621,0.000000,0.000000
0.3,16,engagement_g00_d1.0,3097,462,0.149177,101.851340,86.657501,88.657501,88.657501,0.000000,0.000000
0.3,16,engagement_g00_d2.0,3097,382,0.123345,100.834244,88.396827,90.396827,90.396827,0.000000,0.000000
0.3,16,engagement_g00_d5.0,3097,197,0.063610,97.756491,91.538206,93.538206,93.538206,0.000000,0.000000
0.3,16,engagement_g00_d10.0,3097,131,0.042299,97.725684,93.591985,95.591985,95.591985,0.000000,0.000000
0.3,16,engagement_g05_d0.0,3097,300,0.096868,99.079710,89.482063,91.482063,91.482063,0.000000,0.000000
0.3,16,engagement_g05_d0.25,3097,294,0.094931,99.080612,89.674833,91.674833,91.674833,0.000000,0.000000
0.3,16,engagement_g05_d0.5,3097,289,0.093316,98.915153,89.684776,91.684776,91.684776,0.000000,0.000000
0.3,16,engagement_g05_d1.0,3097,285,0.092025,99.112535,89.991750,91.991750,91.991750,0.000000,0.000000
0.3,16,engagement_g05_d2.0,3097,260,0.083952,98.509173,90.239110,92.239110,92.239110,0.000000,0.000000
0.3,16,engagement_g05_d5.0,3097,178,0.057475,97.739617,92.122035,94.122035,94.122035,0.000000,0.000000
0.3,16,engagement_g05_d10.0,3097,166,0.053600,93.533725,88.520293,90.520293,90.520293,0.000000,0.000000
0.3,16,oracle_a1,3097,1032,0.333226,33.104753,22.073399,24.073399,24.073399,0.000000,0.000000
0.3,17,static,2945,147,0.049915,118.100117,112.205137,114.205137,114.205137,0.000000,0.000000
0.3,17,nearest,2945,116,0.039389,94.000801,90.298222,92.298222,92.298222,0.000000,0.000000
0.3,17,naive_target_aware,2945,527,0.178947,100.466297,82.488117,84.488117,84.488117,0.000000,0.000000
0.3,17,engagement_g00_d0.0,2945,527,0.178947,100.466297,82.488117,84.488117,84.488117,0.000000,0.000000
0.3,17,engagement_g00_d0.25,2945,489,0.166044,100.654184,83.941146,85.941146,85.941146,0.000000,0.000000
0.3,17,engagement_g00_d0.5,2945,469,0.159253,100.667554,84.635947,86.635947,86.635947,0.000000,0.000000
0.3,17,engagement_g00_d1.0,2945,441,0.149745,101.377295,86.196518,88.196518,88.196518,0.000000,0.000000
0.3,17,engagement_g00_d2.0,2945,364,0.123599,103.021600,90.288200,92.288200,92.288200,0.000000,0.000000
0.3,17,engagement_g00_d5.0,2945,186,0.063158,106.034322,99.337418,101.337418,101.337418,0.000000,0.000000
0.3,17,engagement_g00_d10.0,2945,114,0.038710,105.569706,101.483137,103.483137,103.483137,0.000000,0.000000
0.3,17,engagement_g05_d0.0,2945,249,0.084550,102.207271,93.565638,95.565638,95.565638,0.000000,0.000000
0.3,17,engagement_g05_d0.25,2945,251,0.085229,102.656248,93.906938,95.906938,95.906938,0.000000,0.000000
0.3,17,engagement_g05_d0.5,2945,250,0.084890,102.887823,94.153713,96.153713,96.153713,0.000000,0.000000
0.3,17,engagement_g05_d1.0,2945,241,0.081834,102.408890,94.028400,96.028400,96.028400,0.000000,0.000000
0.3,17,engagement_g05_d2.0,2945,227,0.077080,103.139480,95.189510,97.189510,97.189510,0.000000,0.000000
0.3,17,engagement_g05_d5.0,2945,152,0.051613,105.024414,99.603799,101.603799,101.603799,0.000000,0.000000
0.3,17,engagement_g05_d10.0,2945,146,0.049576,117.948277,112.100926,114.100926,114.100926,0.000000,0.000000
0.3,17,oracle_a1,2945,947,0.321562,35.376652,24.000866,26.000866,26.000866,0.000000,0.000000
0.3,18,static,3040,185,0.060855,105.802003,99.363394,101.363394,101.363394,0.000000,0.000000
0.3,18,nearest,3040,159,0.052303,103.846363,98.414925,100.414925,100.414925,0.000000,0.000000
0.3,18,naive_target_aware,3040,520,0.171053,103.093163,85.458806,87.458806,87.458806,0.000000,0.000000
0.3,18,engagement_g00_d0.0,3040,520,0.171053,103.093163,85.458806,87.458806,87.458806,0.000000,0.000000
0.3,18,engagement_g00_d0.25,3040,478,0.157237,102.278531,86.196578,88.196578,88.196578,0.000000,0.000000
0.3,18,engagement_g00_d0.5,3040,469,0.154276,102.704393,86.859537,88.859537,88.859537,0.000000,0.000000
0.3,18,engagement_g00_d1.0,3040,444,0.146053,102.841591,87.821306,89.821306,89.821306,0.000000,0.000000
0.3,18,engagement_g00_d2.0,3040,368,0.121053,103.520415,90.988996,92.988996,92.988996,0.000000,0.000000
0.3,18,engagement_g00_d5.0,3040,188,0.061842,108.594539,101.878824,103.878824,103.878824,0.000000,0.000000
0.3,18,engagement_g00_d10.0,3040,131,0.043092,110.967632,106.185803,108.185803,108.185803,0.000000,0.000000
0.3,18,engagement_g05_d0.0,3040,265,0.087171,106.191189,96.934391,98.934391,98.934391,0.000000,0.000000
0.3,18,engagement_g05_d0.25,3040,270,0.088816,106.137763,96.711054,98.711054,98.711054,0.000000,0.000000
0.3,18,engagement_g05_d0.5,3040,260,0.085526,105.653506,96.617351,98.617351,98.617351,0.000000,0.000000
0.3,18,engagement_g05_d1.0,3040,252,0.082895,105.703923,96.941624,98.941624,98.941624,0.000000,0.000000
0.3,18,engagement_g05_d2.0,3040,231,0.075987,106.731968,98.621743,100.621743,100.621743,0.000000,0.000000
0.3,18,engagement_g05_d5.0,3040,147,0.048355,106.494694,101.345115,103.345115,103.345115,0.000000,0.000000
0.3,18,engagement_g05_d10.0,3040,185,0.060855,105.802003,99.363394,101.363394,101.363394,0.000000,0.000000
0.3,18,oracle_a1,3040,970,0.319079,31.728392,21.604530,23.604530,23.604530,0.000000,0.000000
0.3,19,static,2979,163,0.054716,112.362287,106.214233,108.214233,108.214233,0.000000,0.000000
0.3,19,nearest,2979,152,0.051024,106.366310,100.939093,102.939093,102.939093,0.000000,0.000000
0.3,19,naive_target_aware,2979,544,0.182612,110.130256,90.019192,92.019192,92.019192,0.000000,0.000000
0.3,19,engagement_g00_d0.0,2979,544,0.182612,110.130256,90.019192,92.019192,92.019192,0.000000,0.000000
0.3,19,engagement_g00_d0.25,2979,487,0.163478,109.715385,91.779368,93.779368,93.779368,0.000000,0.000000
0.3,19,engagement_g00_d0.5,2979,477,0.160121,109.911907,92.312719,94.312719,94.312719,0.000000,0.000000
0.3,19,engagement_g00_d1.0,2979,451,0.151393,111.905261,94.963578,96.963578,96.963578,0.000000,0.000000
0.3,19,engagement_g00_d2.0,2979,367,0.123196,112.795199,98.899315,100.899315,100.899315,0.000000,0.000000
0.3,19,engagement_g00_d5.0,2979,179,0.060087,112.572290,105.808128,107.808128,107.808128,0.000000,0.000000
0.3,19,engagement_g00_d10.0,2979,123,0.041289,109.608172,105.082558,107.082558,107.082558,0.000000,0.000000
0.3,19,engagement_g05_d0.0,2979,271,0.090970,110.060859,100.048609,102.048609,102.048609,0.000000,0.000000
0.3,19,engagement_g05_d0.25,2979,266,0.089292,110.982990,101.073130,103.073130,103.073130,0.000000,0.000000
0.3,19,engagement_g05_d0.5,2979,262,0.087949,111.056586,101.289273,103.289273,103.289273,0.000000,0.000000
0.3,19,engagement_g05_d1.0,2979,254,0.085264,110.923304,101.465594,103.465594,103.465594,0.000000,0.000000
0.3,19,engagement_g05_d2.0,2979,224,0.075193,109.597219,101.356273,103.356273,103.356273,0.000000,0.000000
0.3,19,engagement_g05_d5.0,2979,115,0.038604,110.484505,106.219410,108.219410,108.219410,0.000000,0.000000
0.3,19,engagement_g05_d10.0,2979,159,0.053374,111.697419,105.735724,107.735724,107.735724,0.000000,0.000000
0.3,19,oracle_a1,2979,792,0.265861,31.399432,23.051547,25.051547,25.051547,0.000000,0.000000
0.3,20,static,3045,138,0.045320,106.499849,101.673255,103.673255,103.673255,0.000000,0.000000
0.3,20,nearest,3045,162,0.053202,107.342852,101.632001,103.632001,103.632001,0.000000,0.000000
0.3,20,naive_target_aware,3045,478,0.156979,103.367110,87.140680,89.140680,89.140680,0.000000,0.000000
0.3,20,engagement_g00_d0.0,3045,478,0.156979,103.367110,87.140680,89.140680,89.140680,0.000000,0.000000
0.3,20,engagement_g00_d0.25,3045,451,0.148112,103.456713,88.133568,90.133568,90.133568,0.000000,0.000000
0.3,20,engagement_g00_d0.5,3045,433,0.142200,103.149150,88.481307,90.481307,90.481307,0.000000,0.000000
0.3,20,engagement_g00_d1.0,3045,403,0.132348,103.052403,89.413612,91.413612,91.413612,0.000000,0.000000
0.3,20,engagement_g00_d2.0,3045,320,0.105090,104.812739,93.797935,95.797935,95.797935,0.000000,0.000000
0.3,20,engagement_g00_d5.0,3045,179,0.058785,104.392026,98.255352,100.255352,100.255352,0.000000,0.000000
0.3,20,engagement_g00_d10.0,3045,130,0.042693,105.152127,100.662873,102.662873,102.662873,0.000000,0.000000
0.3,20,engagement_g05_d0.0,3045,217,0.071264,107.200155,99.560604,101.560604,101.560604,0.000000,0.000000
0.3,20,engagement_g05_d0.25,3045,214,0.070279,107.494921,99.940270,101.940270,101.940270,0.000000,0.000000
0.3,20,engagement_g05_d0.5,3045,214,0.070279,107.485631,99.931633,101.931633,101.931633,0.000000,0.000000
0.3,20,engagement_g05_d1.0,3045,209,0.068637,107.025778,99.679838,101.679838,101.679838,0.000000,0.000000
0.3,20,engagement_g05_d2.0,3045,188,0.061741,106.195054,99.638513,101.638513,101.638513,0.000000,0.000000
0.3,20,engagement_g05_d5.0,3045,145,0.047619,106.862620,101.773924,103.773924,103.773924,0.000000,0.000000
0.3,20,engagement_g05_d10.0,3045,137,0.044992,106.911945,102.101786,104.101786,104.101786,0.000000,0.000000
0.3,20,oracle_a1,3045,1046,0.343514,39.557568,25.968991,27.968991,27.968991,0.000000,0.000000
0.3,21,static,3058,147,0.048071,113.422852,107.970543,109.970543,109.970543,0.000000,0.000000
0.3,21,nearest,3058,148,0.048398,101.295292,96.392839,98.392839,98.392839,0.000000,0.000000
0.3,21,naive_target_aware,3058,566,0.185088,105.798532,86.216463,88.216463,88.216463,0.000000,0.000000
0.3,21,engagement_g00_d0.0,3058,566,0.185088,105.798532,86.216463,88.216463,88.216463,0.000000,0.000000
0.3,21,engagement_g00_d0.25,3058,506,0.165468,106.222061,88.645749,90.645749,90.645749,0.000000,0.000000
0.3,21,engagement_g00_d0.5,3058,487,0.159254,106.381740,89.439978,91.439978,91.439978,0.000000,0.000000
0.3,21,engagement_g00_d1.0,3058,448,0.146501,107.056259,91.372412,93.372412,93.372412,0.000000,0.000000
0.3,21,engagement_g00_d2.0,3058,384,0.125572,109.302971,95.577549,97.577549,97.577549,0.000000,0.000000
0.3,21,engagement_g00_d5.0,3058,192,0.062786,112.884475,105.796895,107.796895,107.796895,0.000000,0.000000
0.3,21,engagement_g00_d10.0,3058,128,0.041857,101.737091,97.478639,99.478639,99.478639,0.000000,0.000000
0.3,21,engagement_g05_d0.0,3058,300,0.098103,111.922057,100.942130,102.942130,102.942130,0.000000,0.000000
0.3,21,engagement_g05_d0.25,3058,296,0.096795,112.260651,101.394349,103.394349,103.394349,0.000000,0.000000
0.3,21,engagement_g05_d0.5,3058,295,0.096468,111.451191,100.699686,102.699686,102.699686,0.000000,0.000000
0.3,21,engagement_g05_d1.0,3058,281,0.091890,112.016012,101.722847,103.722847,103.722847,0.000000,0.000000
0.3,21,engagement_g05_d2.0,3058,250,0.081753,112.947384,103.713622,105.713622,105.713622,0.000000,0.000000
0.3,21,engagement_g05_d5.0,3058,145,0.047417,105.291982,100.299393,102.299393,102.299393,0.000000,0.000000
0.3,21,engagement_g05_d10.0,3058,147,0.048071,112.046633,106.660480,108.660480,108.660480,0.000000,0.000000
0.3,21,oracle_a1,3058,967,0.316220,36.631022,25.047569,27.047569,27.047569,0.000000,0.000000
0.3,22,static,3009,160,0.053174,101.909543,96.490624,98.490624,98.490624,0.000000,0.000000
0.3,22,nearest,3009,156,0.051844,99.841232,94.665017,96.665017,96.665017,0.000000,0.000000
0.3,22,naive_target_aware,3009,518,0.172150,106.687246,88.321014,90.321014,90.321014,0.000000,0.000000
0.3,22,engagement_g00_d0.0,3009,518,0.172150,106.687246,88.321014,90.321014,90.321014,0.000000,0.000000
0.3,22,engagement_g00_d0.25,3009,480,0.159521,106.523375,89.530614,91.530614,91.530614,0.000000,0.000000
0.3,22,engagement_g00_d0.5,3009,472,0.156863,106.447829,89.750130,91.750130,91.750130,0.000000,0.000000
0.3,22,engagement_g00_d1.0,3009,439,0.145896,106.608949,91.055167,93.055167,93.055167,0.000000,0.000000
0.3,22,engagement_g00_d2.0,3009,362,0.120306,106.846472,93.992227,95.992227,95.992227,0.000000,0.000000
0.3,22,engagement_g00_d5.0,3009,205,0.068129,105.714949,98.512700,100.512700,100.512700,0.000000,0.000000
0.3,22,engagement_g00_d10.0,3009,133,0.044201,102.966409,98.415219,100.415219,100.415219,0.000000,0.000000
0.3,22,engagement_g05_d0.0,3009,281,0.093387,104.981791,95.177908,97.177908,97.177908,0.000000,0.000000
0.3,22,engagement_g05_d0.25,3009,278,0.092389,104.877652,95.188058,97.188058,97.188058,0.000000,0.000000
0.3,22,engagement_g05_d0.5,3009,273,0.090728,104.904621,95.386854,97.386854,97.386854,0.000000,0.000000
0.3,22,engagement_g05_d1.0,3009,254,0.084413,104.861915,96.010161,98.010161,98.010161,0.000000,0.000000
0.3,22,engagement_g05_d2.0,3009,235,0.078099,104.172659,96.036875,98.036875,98.036875,0.000000,0.000000
0.3,22,engagement_g05_d5.0,3009,157,0.052177,102.164880,96.834243,98.834243,98.834243,0.000000,0.000000
0.3,22,engagement_g05_d10.0,3009,160,0.053174,101.909543,96.490624,98.490624,98.490624,0.000000,0.000000
0.3,22,oracle_a1,3009,871,0.289465,32.426833,23.040402,25.040402,25.040402,0.000000,0.000000
0.3,23,static,3060,147,0.048039,104.438607,99.421458,101.421458,101.421458,0.000000,0.000000
0.3,23,nearest,3060,153,0.050000,98.306084,93.390780,95.390780,95.390780,0.000000,0.000000
0.3,23,naive_target_aware,3060,563,0.183987,103.066110,84.103293,86.103293,86.103293,0.000000,0.000000
0.3,23,engagement_g00_d0.0,3060,563,0.183987,103.066110,84.103293,86.103293,86.103293,0.000000,0.000000
0.3,23,engagement_g00_d0.25,3060,506,0.165359,103.238920,86.167386,88.167386,88.167386,0.000000,0.000000
0.3,23,engagement_g00_d0.5,3060,488,0.159477,103.172555,86.718893,88.718893,88.718893,0.000000,0.000000
0.3,23,engagement_g00_d1.0,3060,449,0.146732,103.969557,88.713894,90.713894,90.713894,0.000000,0.000000
0.3,23,engagement_g00_d2.0,3060,364,0.118954,104.433193,92.010421,94.010421,94.010421,0.000000,0.000000
0.3,23,engagement_g00_d5.0,3060,185,0.060458,106.089829,99.675901,101.675901,101.675901,0.000000,0.000000
0.3,23,engagement_g00_d10.0,3060,105,0.034314,106.887025,103.219333,105.219333,105.219333,0.000000,0.000000
0.3,23,engagement_g05_d0.0,3060,267,0.087255,103.749594,94.696934,96.696934,96.696934,0.000000,0.000000
0.3,23,engagement_g05_d0.25,3060,264,0.086275,104.237576,95.244531,97.244531,97.244531,0.000000,0.000000
0.3,23,engagement_g05_d0.5,3060,261,0.085294,104.381154,95.478056,97.478056,97.478056,0.000000,0.000000
0.3,23,engagement_g05_d1.0,3060,255,0.083333,104.304876,95.612803,97.612803,97.612803,0.000000,0.000000
0.3,23,engagement_g05_d2.0,3060,231,0.075490,103.819986,95.982595,97.982595,97.982595,0.000000,0.000000
0.3,23,engagement_g05_d5.0,3060,125,0.040850,99.919671,95.837985,97.837985,97.837985,0.000000,0.000000
0.3,23,engagement_g05_d10.0,3060,145,0.047386,104.515096,99.562584,101.562584,101.562584,0.000000,0.000000
0.3,23,oracle_a1,3060,1030,0.336601,35.116870,23.296485,25.296485,25.296485,0.000000,0.000000
0.3,24,static,2894,140,0.048376,101.312848,96.411743,98.411743,98.411743,0.000000,0.000000
0.3,24,nearest,2894,135,0.046648,99.949352,95.286891,97.286891,97.286891,0.000000,0.000000
0.3,24,naive_target_aware,2894,460,0.158950,104.368067,87.778809,89.778809,89.778809,0.000000,0.000000
0.3,24,engagement_g00_d0.0,2894,460,0.158950,104.368067,87.778809,89.778809,89.778809,0.000000,0.000000
0.3,24,engagement_g00_d0.25,2894,437,0.151002,104.199901,88.465500,90.465500,90.465500,0.000000,0.000000
0.3,24,engagement_g00_d0.5,2894,410,0.141672,104.324135,89.544282,91.544282,91.544282,0.000000,0.000000
0.3,24,engagement_g00_d1.0,2894,371,0.128196,103.871698,90.555734,92.555734,92.555734,0.000000,0.000000
0.3,24,engagement_g00_d2.0,2894,301,0.104008,103.654678,92.873732,94.873732,94.873732,0.000000,0.000000
0.3,24,engagement_g00_d5.0,2894,154,0.053214,102.120282,96.686100,98.686100,98.686100,0.000000,0.000000
0.3,24,engagement_g00_d10.0,2894,119,0.041120,102.684378,98.462042,100.462042,100.462042,0.000000,0.000000
0.3,24,engagement_g05_d0.0,2894,222,0.076710,100.413155,92.710418,94.710418,94.710418,0.000000,0.000000
0.3,24,engagement_g05_d0.25,2894,222,0.076710,100.056347,92.380981,94.380981,94.380981,0.000000,0.000000
0.3,24,engagement_g05_d0.5,2894,220,0.076019,100.016905,92.413685,94.413685,94.413685,0.000000,0.000000
0.3,24,engagement_g05_d1.0,2894,218,0.075328,99.586225,92.084567,94.084567,94.084567,0.000000,0.000000
0.3,24,engagement_g05_d2.0,2894,204,0.070491,100.582061,93.491964,95.491964,95.491964,0.000000,0.000000
0.3,24,engagement_g05_d5.0,2894,117,0.040428,101.118955,97.030870,99.030870,99.030870,0.000000,0.000000
0.3,24,engagement_g05_d10.0,2894,139,0.048030,101.465783,96.592340,98.592340,98.592340,0.000000,0.000000
0.3,24,oracle_a1,2894,985,0.340359,38.850714,25.627509,27.627509,27.627509,0.000000,0.000000
0.3,25,static,2903,104,0.035825,99.485078,95.921024,97.921024,97.921024,0.000000,0.000000
0.3,25,nearest,2903,136,0.046848,96.735534,92.203659,94.203659,94.203659,0.000000,0.000000
0.3,25,naive_target_aware,2903,468,0.161213,100.306261,84.135634,86.135634,86.135634,0.000000,0.000000
0.3,25,engagement_g00_d0.0,2903,468,0.161213,100.306261,84.135634,86.135634,86.135634,0.000000,0.000000
0.3,25,engagement_g00_d0.25,2903,441,0.151912,101.157390,85.790388,87.790388,87.790388,0.000000,0.000000
0.3,25,engagement_g00_d0.5,2903,426,0.146745,101.586875,86.679534,88.679534,88.679534,0.000000,0.000000
0.3,25,engagement_g00_d1.0,2903,414,0.142611,101.871884,87.343823,89.343823,89.343823,0.000000,0.000000
0.3,25,engagement_g00_d2.0,2903,322,0.110920,103.826136,92.309768,94.309768,94.309768,0.000000,0.000000
0.3,25,engagement_g00_d5.0,2903,156,0.053738,103.989311,98.401184,100.401184,100.401184,0.000000,0.000000
0.3,25,engagement_g00_d10.0,2903,109,0.037547,107.226378,103.200310,105.200310,105.200310,0.000000,0.000000
0.3,25,engagement_g05_d0.0,2903,215,0.074061,103.907501,96.211975,98.211975,98.211975,0.000000,0.000000
0.3,25,engagement_g05_d0.25,2903,218,0.075095,103.721814,95.932852,97.932852,97.932852,0.000000,0.000000
0.3,25,engagement_g05_d0.5,2903,217,0.074750,103.771409,96.014470,98.014470,98.014470,0.000000,0.000000
0.3,25,engagement_g05_d1.0,2903,210,0.072339,103.865439,96.351922,98.351922,98.351922,0.000000,0.000000
0.3,25,engagement_g05_d2.0,2903,198,0.068205,104.847071,97.695944,99.695944,99.695944,0.000000,0.000000
0.3,25,engagement_g05_d5.0,2903,134,0.046159,111.154106,106.023328,108.023328,108.023328,0.000000,0.000000
0.3,25,engagement_g05_d10.0,2903,106,0.036514,99.007990,95.392817,97.392817,97.392817,0.000000,0.000000
0.3,25,oracle_a1,2903,981,0.337926,36.131619,23.921796,25.921796,25.921796,0.000000,0.000000
0.3,26,static,3057,141,0.046124,112.845182,107.640350,109.640350,109.640350,0.000000,0.000000
0.3,26,nearest,3057,125,0.040890,114.533720,109.850463,111.850463,111.850463,0.000000,0.000000
0.3,26,naive_target_aware,3057,511,0.167157,111.190423,92.604127,94.604127,94.604127,0.000000,0.000000
0.3,26,engagement_g00_d0.0,3057,511,0.167157,111.190423,92.604127,94.604127,94.604127,0.000000,0.000000
0.3,26,engagement_g00_d0.25,3057,471,0.154073,111.175806,94.046658,96.046658,96.046658,0.000000,0.000000
0.3,26,engagement_g00_d0.5,3057,457,0.149493,111.185520,94.564067,96.564067,96.564067,0.000000,0.000000
0.3,26,engagement_g00_d1.0,3057,443,0.144913,110.772941,94.720467,96.720467,96.720467,0.000000,0.000000
0.3,26,engagement_g00_d2.0,3057,360,0.117763,110.751726,97.709325,99.709325,99.709325,0.000000,0.000000
0.3,26,engagement_g00_d5.0,3057,163,0.053320,110.372565,104.487473,106.487473,106.487473,0.000000,0.000000
0.3,26,engagement_g00_d10.0,3057,111,0.036310,107.833295,103.917856,105.917856,105.917856,0.000000,0.000000
0.3,26,engagement_g05_d0.0,3057,258,0.084396,111.032017,101.661307,103.661307,103.661307,0.000000,0.000000
0.3,26,engagement_g05_d0.25,3057,253,0.082761,111.144152,101.945764,103.945764,103.945764,0.000000,0.000000
0.3,26,engagement_g05_d0.5,3057,249,0.081452,111.099098,102.049809,104.049809,104.049809,0.000000,0.000000
0.3,26,engagement_g05_d1.0,3057,243,0.079490,111.526968,102.661724,104.661724,104.661724,0.000000,0.000000
0.3,26,engagement_g05_d2.0,3057,217,0.070985,111.398758,103.491159,105.491159,105.491159,0.000000,0.000000
0.3,26,engagement_g05_d5.0,3057,161,0.052666,113.310207,107.342610,109.342610,109.342610,0.000000,0.000000
0.3,26,engagement_g05_d10.0,3057,129,0.042198,109.790694,105.157720,107.157720,107.157720,0.000000,0.000000
0.3,26,oracle_a1,3057,884,0.289172,34.875431,24.790419,26.790419,26.790419,0.000000,0.000000
0.3,27,static,2968,140,0.047170,107.411392,102.344817,104.344817,104.344817,0.000000,0.000000
0.3,27,nearest,2968,176,0.059299,106.607786,100.286030,102.286030,102.286030,0.000000,0.000000
0.3,27,naive_target_aware,2968,489,0.164757,105.265458,87.922194,89.922194,89.922194,0.000000,0.000000
0.3,27,engagement_g00_d0.0,2968,489,0.164757,105.265458,87.922194,89.922194,89.922194,0.000000,0.000000
0.3,27,engagement_g00_d0.25,2968,471,0.158693,104.990793,88.329518,90.329518,90.329518,0.000000,0.000000
0.3,27,engagement_g00_d0.5,2968,453,0.152628,105.551254,89.441174,91.441174,91.441174,0.000000,0.000000
0.3,27,engagement_g00_d1.0,2968,425,0.143194,105.156374,90.098605,92.098605,92.098605,0.000000,0.000000
0.3,27,engagement_g00_d2.0,2968,339,0.114218,105.835302,93.746971,95.746971,95.746971,0.000000,0.000000
0.3,27,engagement_g00_d5.0,2968,178,0.059973,103.486806,97.280387,99.280387,99.280387,0.000000,0.000000
0.3,27,engagement_g00_d10.0,2968,101,0.034030,102.690686,99.196158,101.196158,101.196158,0.000000,0.000000
0.3,27,engagement_g05_d0.0,2968,237,0.079852,99.745039,91.780223,93.780223,93.780223,0.000000,0.000000
0.3,27,engagement_g05_d0.25,2968,235,0.079178,100.106633,92.180401,94.180401,94.180401,0.000000,0.000000
0.3,27,engagement_g05_d0.5,2968,233,0.078504,100.195635,92.329873,94.329873,94.329873,0.000000,0.000000
0.3,27,engagement_g05_d1.0,2968,232,0.078167,100.491615,92.636476,94.636476,94.636476,0.000000,0.000000
0.3,27,engagement_g05_d2.0,2968,206,0.069407,100.878695,93.877006,95.877006,95.877006,0.000000,0.000000
0.3,27,engagement_g05_d5.0,2968,138,0.046496,100.053950,95.401846,97.401846,97.401846,0.000000,0.000000
0.3,27,engagement_g05_d10.0,2968,128,0.043127,108.157851,103.493361,105.493361,105.493361,0.000000,0.000000
0.3,27,oracle_a1,2968,1033,0.348046,38.391764,25.029671,27.029671,27.029671,0.000000,0.000000
0.3,28,static,3014,145,0.048109,117.340547,111.695431,113.695431,113.695431,0.000000,0.000000
0.3,28,nearest,3014,169,0.056072,113.845716,107.462197,109.462197,109.462197,0.000000,0.000000
0.3,28,naive_target_aware,3014,508,0.168547,105.676796,87.865312,89.865312,89.865312,0.000000,0.000000
0.3,28,engagement_g00_d0.0,3014,508,0.168547,105.676796,87.865312,89.865312,89.865312,0.000000,0.000000
0.3,28,engagement_g00_d0.25,3014,463,0.153616,106.968794,90.536627,92.536627,92.536627,0.000000,0.000000
0.3,28,engagement_g00_d0.5,3014,461,0.152953,106.736475,90.410823,92.410823,92.410823,0.000000,0.000000
0.3,28,engagement_g00_d1.0,3014,424,0.140677,107.229917,92.145151,94.145151,94.145151,0.000000,0.000000
0.3,28,engagement_g00_d2.0,3014,352,0.116788,108.404858,95.744436,97.744436,97.744436,0.000000,0.000000
0.3,28,engagement_g00_d5.0,3014,157,0.052090,111.388197,105.585959,107.585959,107.585959,0.000000,0.000000
0.3,28,engagement_g00_d10.0,3014,111,0.036828,111.233657,107.137129,109.137129,109.137129,0.000000,0.000000
0.3,28,engagement_g05_d0.0,3014,264,0.087591,111.435094,101.674356,103.674356,103.674356,0.000000,0.000000
0.3,28,engagement_g05_d0.25,3014,256,0.084937,111.614757,102.134539,104.134539,104.134539,0.000000,0.000000
0.3,28,engagement_g05_d0.5,3014,253,0.083942,111.433211,102.079328,104.079328,104.079328,0.000000,0.000000
0.3,28,engagement_g05_d1.0,3014,247,0.081951,111.265634,102.147315,104.147315,104.147315,0.000000,0.000000
0.3,28,engagement_g05_d2.0,3014,223,0.073988,110.005545,101.866449,103.866449,103.866449,0.000000,0.000000
0.3,28,engagement_g05_d5.0,3014,120,0.039814,109.742495,105.373185,107.373185,107.373185,0.000000,0.000000
0.3,28,engagement_g05_d10.0,3014,130,0.043132,114.921324,109.964532,111.964532,111.964532,0.000000,0.000000
0.3,28,oracle_a1,3014,837,0.277704,31.964572,23.087881,25.087881,25.087881,0.000000,0.000000
0.3,29,static,3063,153,0.049951,96.591349,91.766512,93.766512,93.766512,0.000000,0.000000
0.3,29,nearest,3063,170,0.055501,97.432892,92.025255,94.025255,94.025255,0.000000,0.000000
0.3,29,naive_target_aware,3063,561,0.183154,99.528307,81.299322,83.299322,83.299322,0.000000,0.000000
0.3,29,engagement_g00_d0.0,3063,561,0.183154,99.528307,81.299322,83.299322,83.299322,0.000000,0.000000
0.3,29,engagement_g00_d0.25,3063,527,0.172054,100.155863,82.923692,84.923692,84.923692,0.000000,0.000000
0.3,29,engagement_g00_d0.5,3063,509,0.166177,100.169044,83.523258,85.523258,85.523258,0.000000,0.000000
0.3,29,engagement_g00_d1.0,3063,463,0.151159,100.262498,85.106920,87.106920,87.106920,0.000000,0.000000
0.3,29,engagement_g00_d2.0,3063,386,0.126020,100.595465,87.918400,89.918400,89.918400,0.000000,0.000000
0.3,29,engagement_g00_d5.0,3063,188,0.061378,97.392073,91.414368,93.414368,93.414368,0.000000,0.000000
0.3,29,engagement_g00_d10.0,3063,118,0.038524,95.157060,91.491199,93.491199,93.491199,0.000000,0.000000
0.3,29,engagement_g05_d0.0,3063,278,0.090761,101.202258,92.017071,94.017071,94.017071,0.000000,0.000000
0.3,29,engagement_g05_d0.25,3063,278,0.090761,101.019053,91.850494,93.850494,93.850494,0.000000,0.000000
0.3,29,engagement_g05_d0.5,3063,275,0.089781,101.001256,91.933236,93.933236,93.933236,0.000000,0.000000
0.3,29,engagement_g05_d1.0,3063,267,0.087169,100.932267,92.134058,94.134058,94.134058,0.000000,0.000000
0.3,29,engagement_g05_d2.0,3063,256,0.083578,100.106078,91.739393,93.739393,93.739393,0.000000,0.000000
0.3,29,engagement_g05_d5.0,3063,164,0.053542,97.970771,92.725193,94.725193,94.725193,0.000000,0.000000
0.3,29,engagement_g05_d10.0,3063,151,0.049298,96.714529,91.946689,93.946689,93.946689,0.000000,0.000000
0.3,29,oracle_a1,3063,801,0.261508,31.005132,22.897032,24.897032,24.897032,0.000000,0.000000
0.3,30,static,2933,143,0.048756,105.183515,100.055236,102.055236,102.055236,0.000000,0.000000
0.3,30,nearest,2933,163,0.055574,100.605836,95.014717,97.014717,97.014717,0.000000,0.000000
0.3,30,naive_target_aware,2933,471,0.160586,111.456796,93.558347,95.558347,95.558347,0.000000,0.000000
0.3,30,engagement_g00_d0.0,2933,471,0.160586,111.456796,93.558347,95.558347,95.558347,0.000000,0.000000
0.3,30,engagement_g00_d0.25,2933,422,0.143880,112.450459,96.271088,98.271088,98.271088,0.000000,0.000000
0.3,30,engagement_g00_d0.5,2933,420,0.143198,112.024205,95.982552,97.982552,97.982552,0.000000,0.000000
0.3,30,engagement_g00_d1.0,2933,382,0.130242,111.459204,96.942526,98.942526,98.942526,0.000000,0.000000
0.3,30,engagement_g00_d2.0,2933,324,0.110467,111.196397,98.912854,100.912854,100.912854,0.000000,0.000000
0.3,30,engagement_g00_d5.0,2933,158,0.053870,113.849869,107.716804,109.716804,109.716804,0.000000,0.000000
0.3,30,engagement_g00_d10.0,2933,106,0.036140,106.558118,102.707058,104.707058,104.707058,0.000000,0.000000
0.3,30,engagement_g05_d0.0,2933,230,0.078418,109.506492,100.919211,102.919211,102.919211,0.000000,0.000000
0.3,30,engagement_g05_d0.25,2933,223,0.076031,109.653807,101.316678,103.316678,103.316678,0.000000,0.000000
0.3,30,engagement_g05_d0.5,2933,223,0.076031,109.390654,101.073533,103.073533,103.073533,0.000000,0.000000
0.3,30,engagement_g05_d1.0,2933,218,0.074327,109.292741,101.169380,103.169380,103.169380,0.000000,0.000000
0.3,30,engagement_g05_d2.0,2933,189,0.064439,109.268384,102.227223,104.227223,104.227223,0.000000,0.000000
0.3,30,engagement_g05_d5.0,2933,120,0.040914,107.803026,103.392401,105.392401,105.392401,0.000000,0.000000
0.3,30,engagement_g05_d10.0,2933,123,0.041937,105.071657,100.665311,102.665311,102.665311,0.000000,0.000000
0.3,30,oracle_a1,2933,907,0.309240,42.548078,29.390524,31.390524,31.390524,0.000000,0.000000
0.25,1,static,3072,163,0.053060,97.099039,91.946974,93.946974,93.946974,0.000000,0.000000
0.25,1,nearest,3072,138,0.044922,101.004369,96.467063,98.467063,98.467063,0.000000,0.000000
0.25,1,naive_target_aware,3072,407,0.132487,95.676436,83.000554,85.000554,85.000554,0.000000,0.000000
0.25,1,engagement_g00_d0.0,3072,407,0.132487,95.676436,83.000554,85.000554,85.000554,0.000000,0.000000
0.25,1,engagement_g00_d0.25,3072,376,0.122396,95.185091,83.534832,85.534832,85.534832,0.000000,0.000000
0.25,1,engagement_g00_d0.5,3072,359,0.116862,95.327158,84.187038,86.187038,86.187038,0.000000,0.000000
0.25,1,engagement_g00_d1.0,3072,355,0.115560,94.181672,83.298048,85.298048,85.298048,0.000000,0.000000
0.25,1,engagement_g00_d2.0,3072,312,0.101562,93.737270,84.217079,86.217079,86.217079,0.000000,0.000000
0.25,1,engagement_g00_d5.0,3072,183,0.059570,94.515508,88.885189,90.885189,90.885189,0.000000,0.000000
0.25,1,engagement_g00_d10.0,3072,150,0.048828,99.108228,94.268959,96.268959,96.268959,0.000000,0.000000
0.25,1,engagement_g05_d0.0,3072,179,0.058268,95.938094,90.347951,92.347951,92.347951,0.000000,0.000000
0.25,1,engagement_g05_d0.25,3072,182,0.059245,95.777141,90.102844,92.102844,92.102844,0.000000,0.000000
0.25,1,engagement_g05_d0.5,3072,179,0.058268,96.092603,90.493457,92.493457,92.493457,0.000000,0.000000
0.25,1,engagement_g05_d1.0,3072,177,0.057617,96.210713,90.667322,92.667322,92.667322,0.000000,0.000000
0.25,1,engagement_g05_d2.0,3072,145,0.047201,97.754735,93.140661,95.140661,95.140661,0.000000,0.000000
0.25,1,engagement_g05_d5.0,3072,160,0.052083,97.272655,92.206371,94.206371,94.206371,0.000000,0.000000
0.25,1,engagement_g05_d10.0,3072,163,0.053060,97.099039,91.946974,93.946974,93.946974,0.000000,0.000000
0.25,1,oracle_a1,3072,893,0.290690,33.418266,23.703907,25.703907,25.703907,0.000000,0.000000
0.25,2,static,3076,154,0.050065,100.566555,95.531688,97.531688,97.531688,0.000000,0.000000
0.25,2,nearest,3076,156,0.050715,93.113785,88.391499,90.391499,90.391499,0.000000,0.000000
0.25,2,naive_target_aware,3076,405,0.131664,105.170449,91.323234,93.323234,93.323234,0.000000,0.000000
0.25,2,engagement_g00_d0.0,3076,405,0.131664,105.170449,91.323234,93.323234,93.323234,0.000000,0.000000
0.25,2,engagement_g00_d0.25,3076,366,0.118986,104.801096,92.331264,94.331264,94.331264,0.000000,0.000000
0.25,2,engagement_g00_d0.5,3076,375,0.121912,104.804588,92.027696,94.027696,94.027696,0.000000,0.000000
0.25,2,engagement_g00_d1.0,3076,353,0.114759,106.624479,94.388315,96.388315,96.388315,0.000000,0.000000
0.25,2,engagement_g00_d2.0,3076,301,0.097854,106.471840,96.053107,98.053107,98.053107,0.000000,0.000000
0.25,2,engagement_g00_d5.0,3076,148,0.048114,104.166202,99.154304,101.154304,101.154304,0.000000,0.000000
0.25,2,engagement_g00_d10.0,3076,138,0.044863,103.166466,98.538061,100.538061,100.538061,0.000000,0.000000
0.25,2,engagement_g05_d0.0,3076,173,0.056242,102.774334,96.994113,98.994113,98.994113,0.000000,0.000000
0.25,2,engagement_g05_d0.25,3076,173,0.056242,102.234553,96.484691,98.484691,98.484691,0.000000,0.000000
0.25,2,engagement_g05_d0.5,3076,172,0.055917,101.836623,96.142248,98.142248,98.142248,0.000000,0.000000
0.25,2,engagement_g05_d1.0,3076,170,0.055267,102.205168,96.556638,98.556638,98.556638,0.000000,0.000000
0.25,2,engagement_g05_d2.0,3076,161,0.052341,99.849136,94.622962,96.622962,96.622962,0.000000,0.000000
0.25,2,engagement_g05_d5.0,3076,134,0.043563,101.477733,97.057051,99.057051,99.057051,0.000000,0.000000
0.25,2,engagement_g05_d10.0,3076,158,0.051365,103.049455,97.756277,99.756277,99.756277,0.000000,0.000000
0.25,2,oracle_a1,3076,849,0.276008,35.790744,25.912219,27.912219,27.912219,0.000000,0.000000
0.25,3,static,2993,157,0.052456,97.970207,92.831109,94.831109,94.831109,0.000000,0.000000
0.25,3,nearest,2993,140,0.046776,94.848742,90.412115,92.412115,92.412115,0.000000,0.000000
0.25,3,naive_target_aware,2993,376,0.125626,102.628420,89.735575,91.735575,91.735575,0.000000,0.000000
0.25,3,engagement_g00_d0.0,2993,376,0.125626,102.628420,89.735575,91.735575,91.735575,0.000000,0.000000
0.25,3,engagement_g00_d0.25,2993,362,0.120949,102.999507,90.541832,92.541832,92.541832,0.000000,0.000000
0.25,3,engagement_g00_d0.5,2993,365,0.121951,102.133533,89.678225,91.678225,91.678225,0.000000,0.000000
0.25,3,engagement_g00_d1.0,2993,336,0.112262,100.898197,89.571169,91.571169,91.571169,0.000000,0.000000
0.25,3,engagement_g00_d2.0,2993,276,0.092215,101.969944,92.566768,94.566768,94.566768,0.000000,0.000000
0.25,3,engagement_g00_d5.0,2993,148,0.049449,101.315114,96.305212,98.305212,98.305212,0.000000,0.000000
0.25,3,engagement_g00_d10.0,2993,138,0.046108,99.006964,94.441992,96.441992,96.441992,0.000000,0.000000
0.25,3,engagement_g05_d0.0,2993,184,0.061477,106.273884,99.740508,101.740508,101.740508,0.000000,0.000000
0.25,3,engagement_g05_d0.25,2993,185,0.061811,106.659311,100.066604,102.066604,102.066604,0.000000,0.000000
0.25,3,engagement_g05_d0.5,2993,184,0.061477,106.609237,100.055244,102.055244,102.055244,0.000000,0.000000
0.25,3,engagement_g05_d1.0,2993,186,0.062145,103.910501,97.452982,99.452982,99.452982,0.000000,0.000000
0.25,3,engagement_g05_d2.0,2993,166,0.055463,102.703791,97.007557,99.007557,99.007557,0.000000,0.000000
0.25,3,engagement_g05_d5.0,2993,118,0.039425,101.753712,97.742039,99.742039,99.742039,0.000000,0.000000
0.25,3,engagement_g05_d10.0,2993,157,0.052456,97.970207,92.831109,94.831109,94.831109,0.000000,0.000000
0.25,3,oracle_a1,2993,896,0.299365,37.176654,26.047258,28.047258,28.047258,0.000000,0.000000
0.25,4,static,2947,136,0.046149,105.019184,100.172693,102.172693,102.172693,0.000000,0.000000
0.25,4,nearest,2947,140,0.047506,100.510370,95.735530,97.735530,97.735530,0.000000,0.000000
0.25,4,naive_target_aware,2947,360,0.122158,100.719070,88.415417,90.415417,90.415417,0.000000,0.000000
0.25,4,engagement_g00_d0.0,2947,360,0.122158,100.719070,88.415417,90.415417,90.415417,0.000000,0.000000
0.25,4,engagement_g00_d0.25,2947,323,0.109603,102.543280,91.304230,93.304230,93.304230,0.000000,0.000000
0.25,4,engagement_g00_d0.5,2947,325,0.110282,102.733123,91.403545,93.403545,93.403545,0.000000,0.000000
0.25,4,engagement_g00_d1.0,2947,325,0.110282,103.440309,92.032742,94.032742,94.032742,0.000000,0.000000
0.25,4,engagement_g00_d2.0,2947,245,0.083135,103.753467,95.127882,97.127882,97.127882,0.000000,0.000000
0.25,4,engagement_g00_d5.0,2947,148,0.050221,101.772877,96.661786,98.661786,98.661786,0.000000,0.000000
0.25,4,engagement_g00_d10.0,2947,148,0.050221,105.808041,100.494302,102.494302,102.494302,0.000000,0.000000
0.25,4,engagement_g05_d0.0,2947,169,0.057346,102.015197,96.164988,98.164988,98.164988,0.000000,0.000000
0.25,4,engagement_g05_d0.25,2947,164,0.055650,102.360648,96.664297,98.664297,98.664297,0.000000,0.000000
0.25,4,engagement_g05_d0.5,2947,157,0.053275,101.922229,96.492371,98.492371,98.492371,0.000000,0.000000
0.25,4,engagement_g05_d1.0,2947,147,0.049881,99.939216,94.954124,96.954124,96.954124,0.000000,0.000000
0.25,4,engagement_g05_d2.0,2947,132,0.044791,99.255144,94.809376,96.809376,96.809376,0.000000,0.000000
0.25,4,engagement_g05_d5.0,2947,127,0.043095,103.031239,98.591141,100.591141,100.591141,0.000000,0.000000
0.25,4,engagement_g05_d10.0,2947,138,0.046827,105.986822,101.023748,103.023748,103.023748,0.000000,0.000000
0.25,4,oracle_a1,2947,819,0.277910,31.132416,22.480414,24.480414,24.480414,0.000000,0.000000
0.25,5,static,2961,174,0.058764,107.113064,100.818680,102.818680,102.818680,0.000000,0.000000
0.25,5,nearest,2961,153,0.051672,104.090288,98.711763,100.711763,100.711763,0.000000,0.000000
0.25,5,naive_target_aware,2961,352,0.118879,105.353506,92.829212,94.829212,94.829212,0.000000,0.000000
0.25,5,engagement_g00_d0.0,2961,352,0.118879,105.353506,92.829212,94.829212,94.829212,0.000000,0.000000
0.25,5,engagement_g00_d0.25,2961,336,0.113475,105.198474,93.261059,95.261059,95.261059,0.000000,0.000000
0.25,5,engagement_g00_d0.5,2961,326,0.110098,106.109673,94.427216,96.427216,96.427216,0.000000,0.000000
0.25,5,engagement_g00_d1.0,2961,310,0.104694,105.949476,94.857164,96.857164,96.857164,0.000000,0.000000
0.25,5,engagement_g00_d2.0,2961,257,0.086795,107.643885,98.300934,100.300934,100.300934,0.000000,0.000000
0.25,5,engagement_g00_d5.0,2961,158,0.053360,103.573640,98.046914,100.046914,100.046914,0.000000,0.000000
0.25,5,engagement_g00_d10.0,2961,160,0.054036,103.180713,97.605260,99.605260,99.605260,0.000000,0.000000
0.25,5,engagement_g05_d0.0,2961,205,0.069233,105.839031,98.511439,100.511439,100.511439,0.000000,0.000000
0.25,5,engagement_g05_d0.25,2961,201,0.067882,105.229059,98.085850,100.085850,100.085850,0.000000,0.000000
0.25,5,engagement_g05_d0.5,2961,200,0.067545,105.238706,98.130384,100.130384,100.130384,0.000000,0.000000
0.25,5,engagement_g05_d1.0,2961,198,0.066869,105.140196,98.109545,100.109545,100.109545,0.000000,0.000000
0.25,5,engagement_g05_d2.0,2961,180,0.060790,105.684195,99.259624,101.259624,101.259624,0.000000,0.000000
0.25,5,engagement_g05_d5.0,2961,156,0.052685,106.545136,100.931816,102.931816,102.931816,0.000000,0.000000
0.25,5,engagement_g05_d10.0,2961,181,0.061128,105.463818,99.017026,101.017026,101.017026,0.000000,0.000000
0.25,5,oracle_a1,2961,865,0.292131,35.646614,25.233132,27.233132,27.233132,0.000000,0.000000
0.25,6,static,2952,149,0.050474,104.809626,99.519438,101.519438,101.519438,0.000000,0.000000
0.25,6,nearest,2952,152,0.051491,113.371917,107.534339,109.534339,109.534339,0.000000,0.000000
0.25,6,naive_target_aware,2952,402,0.136179,101.541010,87.713271,89.713271,89.713271,0.000000,0.000000
0.25,6,engagement_g00_d0.0,2952,402,0.136179,101.541010,87.713271,89.713271,89.713271,0.000000,0.000000
0.25,6,engagement_g00_d0.25,2952,376,0.127371,101.930527,88.947506,90.947506,90.947506,0.000000,0.000000
0.25,6,engagement_g00_d0.5,2952,366,0.123984,101.918691,89.282430,91.282430,91.282430,0.000000,0.000000
0.25,6,engagement_g00_d1.0,2952,346,0.117209,101.976006,90.023534,92.023534,92.023534,0.000000,0.000000
0.25,6,engagement_g00_d2.0,2952,295,0.099932,100.996029,90.903269,92.903269,92.903269,0.000000,0.000000
0.25,6,engagement_g00_d5.0,2952,154,0.052168,103.331302,97.940713,99.940713,99.940713,0.000000,0.000000
0.25,6,engagement_g00_d10.0,2952,135,0.045732,101.583234,96.937660,98.937660,98.937660,0.000000,0.000000
0.25,6,engagement_g05_d0.0,2952,203,0.068767,101.395456,94.422801,96.422801,96.422801,0.000000,0.000000
0.25,6,engagement_g05_d0.25,2952,197,0.066734,100.854853,94.124363,96.124363,96.124363,0.000000,0.000000
0.25,6,engagement_g05_d0.5,2952,197,0.066734,100.825321,94.096802,96.096802,96.096802,0.000000,0.000000
0.25,6,engagement_g05_d1.0,2952,186,0.063008,101.326388,94.942001,96.942001,96.942001,0.000000,0.000000
0.25,6,engagement_g05_d2.0,2952,172,0.058266,104.943094,98.828524,100.828524,100.828524,0.000000,0.000000
0.25,6,engagement_g05_d5.0,2952,147,0.049797,104.961316,99.734584,101.734584,101.734584,0.000000,0.000000
0.25,6,engagement_g05_d10.0,2952,149,0.050474,104.809626,99.519438,101.519438,101.519438,0.000000,0.000000
0.25,6,oracle_a1,2952,825,0.279472,32.676010,23.543995,25.543995,25.543995,0.000000,0.000000
0.25,7,static,2971,136,0.045776,118.283671,112.869137,114.869137,114.869137,0.000000,0.000000
0.25,7,nearest,2971,176,0.059239,111.750910,105.130862,107.130862,107.130862,0.000000,0.000000
0.25,7,naive_target_aware,2971,368,0.123864,111.454395,97.649205,99.649205,99.649205,0.000000,0.000000
0.25,7,engagement_g00_d0.0,2971,368,0.123864,111.454395,97.649205,99.649205,99.649205,0.000000,0.000000
0.25,7,engagement_g00_d0.25,2971,335,0.112757,110.812427,98.317589,100.317589,100.317589,0.000000,0.000000
0.25,7,engagement_g00_d0.5,2971,320,0.107708,110.602450,98.689699,100.689699,100.689699,0.000000,0.000000
0.25,7,engagement_g00_d1.0,2971,299,0.100640,109.969632,98.902341,100.902341,100.902341,0.000000,0.000000
0.25,7,engagement_g00_d2.0,2971,245,0.082464,109.495903,100.466453,102.466453,102.466453,0.000000,0.000000
0.25,7,engagement_g00_d5.0,2971,167,0.056210,110.233185,104.036975,106.036975,106.036975,0.000000,0.000000
0.25,7,engagement_g00_d10.0,2971,136,0.045776,117.159962,111.796867,113.796867,113.796867,0.000000,0.000000
0.25,7,engagement_g05_d0.0,2971,179,0.060249,111.958048,105.212679,107.212679,107.212679,0.000000,0.000000
0.25,7,engagement_g05_d0.25,2971,185,0.062269,112.007329,105.032790,107.032790,107.032790,0.000000,0.000000
0.25,7,engagement_g05_d0.5,2971,177,0.059576,112.088724,105.410937,107.410937,107.410937,0.000000,0.000000
0.25,7,engagement_g05_d1.0,2971,169,0.056883,112.111985,105.734696,107.734696,107.734696,0.000000,0.000000
0.25,7,engagement_g05_d2.0,2971,149,0.050151,111.101336,105.529442,107.529442,107.529442,0.000000,0.000000
0.25,7,engagement_g05_d5.0,2971,117,0.039381,117.730074,113.093783,115.093783,115.093783,0.000000,0.000000
0.25,7,engagement_g05_d10.0,2971,136,0.045776,118.283671,112.869137,114.869137,114.869137,0.000000,0.000000
0.25,7,oracle_a1,2971,951,0.320094,44.450169,30.221926,32.221926,32.221926,0.000000,0.000000
0.25,8,static,2983,159,0.053302,96.963339,91.794995,93.794995,93.794995,0.000000,0.000000
0.25,8,nearest,2983,171,0.057325,99.946406,94.216994,96.216994,96.216994,0.000000,0.000000
0.25,8,naive_target_aware,2983,379,0.127053,102.727378,89.675526,91.675526,91.675526,0.000000,0.000000
0.25,8,engagement_g00_d0.0,2983,379,0.127053,102.727378,89.675526,91.675526,91.675526,0.000000,0.000000
0.25,8,engagement_g00_d0.25,2983,355,0.119008,102.468219,90.273711,92.273711,92.273711,0.000000,0.000000
0.25,8,engagement_g00_d0.5,2983,350,0.117332,102.005957,90.037441,92.037441,92.037441,0.000000,0.000000
0.25,8,engagement_g00_d1.0,2983,316,0.105934,101.968242,91.166376,93.166376,93.166376,0.000000,0.000000
0.25,8,engagement_g00_d2.0,2983,260,0.087161,100.766744,91.983857,93.983857,93.983857,0.000000,0.000000
0.25,8,engagement_g00_d5.0,2983,165,0.055313,99.291925,93.799747,95.799747,95.799747,0.000000,0.000000
0.25,8,engagement_g00_d10.0,2983,131,0.043916,103.563913,99.015850,101.015850,101.015850,0.000000,0.000000
0.25,8,engagement_g05_d0.0,2983,206,0.069058,102.007502,94.963069,96.963069,96.963069,0.000000,0.000000
0.25,8,engagement_g05_d0.25,2983,207,0.069393,102.012630,94.933644,96.933644,96.933644,0.000000,0.000000
0.25,8,engagement_g05_d0.5,2983,204,0.068388,102.218636,95.228156,97.228156,97.228156,0.000000,0.000000
0.25,8,engagement_g05_d1.0,2983,192,0.064365,102.313378,95.728005,97.728005,97.728005,0.000000,0.000000
0.25,8,engagement_g05_d2.0,2983,165,0.055313,101.838087,96.205072,98.205072,98.205072,0.000000,0.000000
0.25,8,engagement_g05_d5.0,2983,143,0.047938,97.636499,92.955969,94.955969,94.955969,0.000000,0.000000
0.25,8,engagement_g05_d10.0,2983,159,0.053302,96.963339,91.794995,93.794995,93.794995,0.000000,0.000000
0.25,8,oracle_a1,2983,761,0.255112,34.128016,25.421539,27.421539,27.421539,0.000000,0.000000
0.25,9,static,2932,150,0.051160,95.768729,90.869238,92.869238,92.869238,0.000000,0.000000
0.25,9,nearest,2932,126,0.042974,110.259308,105.521016,107.521016,107.521016,0.000000,0.000000
0.25,9,naive_target_aware,2932,375,0.127899,102.064152,89.010245,91.010245,91.010245,0.000000,0.000000
0.25,9,engagement_g00_d0.0,2932,375,0.127899,102.064152,89.010245,91.010245,91.010245,0.000000,0.000000
0.25,9,engagement_g00_d0.25,2932,361,0.123124,101.131792,88.680026,90.680026,90.680026,0.000000,0.000000
0.25,9,engagement_g00_d0.5,2932,356,0.121419,101.816494,89.454055,91.454055,91.454055,0.000000,0.000000
0.25,9,engagement_g00_d1.0,2932,327,0.111528,101.060129,89.789098,91.789098,91.789098,0.000000,0.000000
0.25,9,engagement_g00_d2.0,2932,272,0.092769,102.742564,93.211194,95.211194,95.211194,0.000000,0.000000
0.25,9,engagement_g00_d5.0,2932,183,0.062415,101.353514,95.027561,97.027561,97.027561,0.000000,0.000000
0.25,9,engagement_g00_d10.0,2932,130,0.044338,94.941394,90.731851,92.731851,92.731851,0.000000,0.000000
0.25,9,engagement_g05_d0.0,2932,190,0.064802,103.522258,96.813790,98.813790,98.813790,0.000000,0.000000
0.25,9,engagement_g05_d0.25,2932,188,0.064120,103.504871,96.868133,98.868133,98.868133,0.000000,0.000000
0.25,9,engagement_g05_d0.5,2932,188,0.064120,103.498534,96.862202,98.862202,98.862202,0.000000,0.000000
0.25,9,engagement_g05_d1.0,2932,182,0.062074,103.516139,97.090512,99.090512,99.090512,0.000000,0.000000
0.25,9,engagement_g05_d2.0,2932,173,0.059004,104.123246,97.979548,99.979548,99.979548,0.000000,0.000000
0.25,9,engagement_g05_d5.0,2932,123,0.041951,104.239361,99.866427,101.866427,101.866427,0.000000,0.000000
0.25,9,engagement_g05_d10.0,2932,150,0.051160,95.768729,90.869238,92.869238,92.869238,0.000000,0.000000
0.25,9,oracle_a1,2932,857,0.292292,34.988179,24.761416,26.761416,26.761416,0.000000,0.000000
0.25,10,static,3006,160,0.053227,105.636949,100.014224,102.014224,102.014224,0.000000,0.000000
0.25,10,nearest,3006,138,0.045908,89.845691,85.721038,87.721038,87.721038,0.000000,0.000000
0.25,10,naive_target_aware,3006,351,0.116766,102.535861,90.563110,92.563110,92.563110,0.000000,0.000000
0.25,10,engagement_g00_d0.0,3006,351,0.116766,102.535861,90.563110,92.563110,92.563110,0.000000,0.000000
0.25,10,engagement_g00_d0.25,3006,326,0.108450,103.207778,92.014919,94.014919,94.014919,0.000000,0.000000
0.25,10,engagement_g00_d0.5,3006,313,0.104125,103.028501,92.300649,94.300649,94.300649,0.000000,0.000000
0.25,10,engagement_g00_d1.0,3006,285,0.094810,101.692710,92.051186,94.051186,94.051186,0.000000,0.000000
0.25,10,engagement_g00_d2.0,3006,244,0.081171,101.121901,92.913736,94.913736,94.913736,0.000000,0.000000
0.25,10,engagement_g00_d5.0,3006,176,0.058550,101.272100,95.342663,97.342663,97.342663,0.000000,0.000000
0.25,10,engagement_g00_d10.0,3006,146,0.048570,103.045620,98.040743,100.040743,100.040743,0.000000,0.000000
0.25,10,engagement_g05_d0.0,3006,190,0.063207,104.356560,97.760503,99.760503,99.760503,0.000000,0.000000
0.25,10,engagement_g05_d0.25,3006,185,0.061544,104.688236,98.245347,100.245347,100.245347,0.000000,0.000000
0.25,10,engagement_g05_d0.5,3006,181,0.060213,104.419112,98.131733,100.131733,100.131733,0.000000,0.000000
0.25,10,engagement_g05_d1.0,3006,181,0.060213,103.971326,97.710910,99.710910,99.710910,0.000000,0.000000
0.25,10,engagement_g05_d2.0,3006,176,0.058550,103.692063,97.620938,99.620938,99.620938,0.000000,0.000000
0.25,10,engagement_g05_d5.0,3006,155,0.051564,100.462638,95.282428,97.282428,97.282428,0.000000,0.000000
0.25,10,engagement_g05_d10.0,3006,152,0.050566,102.090805,96.928529,98.928529,98.928529,0.000000,0.000000
0.25,10,oracle_a1,3006,901,0.299734,39.453157,27.627710,29.627710,29.627710,0.000000,0.000000
0.25,11,static,3002,142,0.047302,107.168032,102.098791,104.098791,104.098791,0.000000,0.000000
0.25,11,nearest,3002,164,0.054630,103.224196,97.585033,99.585033,99.585033,0.000000,0.000000
0.25,11,naive_target_aware,3002,380,0.126582,102.993157,89.956048,91.956048,91.956048,0.000000,0.000000
0.25,11,engagement_g00_d0.0,3002,380,0.126582,102.993157,89.956048,91.956048,91.956048,0.000000,0.000000
0.25,11,engagement_g00_d0.25,3002,370,0.123251,102.658940,90.006106,92.006106,92.006106,0.000000,0.000000
0.25,11,engagement_g00_d0.5,3002,365,0.121586,103.484510,90.902283,92.902283,92.902283,0.000000,0.000000
0.25,11,engagement_g00_d1.0,3002,341,0.113591,103.644462,91.871391,93.871391,93.871391,0.000000,0.000000
0.25,11,engagement_g00_d2.0,3002,290,0.096602,104.892880,94.759990,96.759990,96.759990,0.000000,0.000000
0.25,11,engagement_g00_d5.0,3002,161,0.053631,104.353713,98.757128,100.757128,100.757128,0.000000,0.000000
0.25,11,engagement_g00_d10.0,3002,143,0.047635,99.585228,94.841495,96.841495,96.841495,0.000000,0.000000
0.25,11,engagement_g05_d0.0,3002,182,0.060626,104.611104,98.268925,100.268925,100.268925,0.000000,0.000000
0.25,11,engagement_g05_d0.25,3002,178,0.059294,104.809799,98.595227,100.595227,100.595227,0.000000,0.000000
0.25,11,engagement_g05_d0.5,3002,182,0.060626,103.413435,97.143866,99.143866,99.143866,0.000000,0.000000
0.25,11,engagement_g05_d1.0,3002,182,0.060626,103.262580,97.002157,99.002157,99.002157,0.000000,0.000000
0.25,11,engagement_g05_d2.0,3002,164,0.054630,105.020466,99.283172,101.283172,101.283172,0.000000,0.000000
0.25,11,engagement_g05_d5.0,3002,128,0.042638,103.321623,98.916170,100.916170,100.916170,0.000000,0.000000
0.25,11,engagement_g05_d10.0,3002,137,0.045636,103.716564,98.983330,100.983330,100.983330,0.000000,0.000000
0.25,11,oracle_a1,3002,840,0.279813,34.807212,25.067685,27.067685,27.067685,0.000000,0.000000
0.25,12,static,3026,151,0.049901,103.198998,98.049279,100.049279,100.049279,0.000000,0.000000
0.25,12,nearest,3026,121,0.039987,114.047122,109.486745,111.486745,111.486745,0.000000,0.000000
0.25,12,naive_target_aware,3026,365,0.120621,103.532035,91.043868,93.043868,93.043868,0.000000,0.000000
0.25,12,engagement_g00_d0.0,3026,365,0.120621,103.532035,91.043868,93.043868,93.043868,0.000000,0.000000
0.25,12,engagement_g00_d0.25,3026,353,0.116656,102.642356,90.668545,92.668545,92.668545,0.000000,0.000000
0.25,12,engagement_g00_d0.5,3026,343,0.113351,101.485576,89.982088,91.982088,91.982088,0.000000,0.000000
0.25,12,engagement_g00_d1.0,3026,310,0.102445,101.875998,91.439263,93.439263,93.439263,0.000000,0.000000
0.25,12,engagement_g00_d2.0,3026,233,0.076999,101.996647,94.142972,96.142972,96.142972,0.000000,0.000000
0.25,12,engagement_g00_d5.0,3026,155,0.051223,95.546695,90.652532,92.652532,92.652532,0.000000,0.000000
0.25,12,engagement_g00_d10.0,3026,153,0.050562,100.481305,95.400789,97.400789,97.400789,0.000000,0.000000
0.25,12,engagement_g05_d0.0,3026,192,0.063450,94.447930,88.455200,90.455200,90.455200,0.000000,0.000000
0.25,12,engagement_g05_d0.25,3026,189,0.062459,94.481473,88.580284,90.580284,90.580284,0.000000,0.000000
0.25,12,engagement_g05_d0.5,3026,187,0.061798,95.175766,89.294117,91.294117,91.294117,0.000000,0.000000
0.25,12,engagement_g05_d1.0,3026,183,0.060476,95.074871,89.325135,91.325135,91.325135,0.000000,0.000000
0.25,12,engagement_g05_d2.0,3026,176,0.058163,94.772229,89.260031,91.260031,91.260031,0.000000,0.000000
0.25,12,engagement_g05_d5.0,3026,154,0.050892,99.715478,94.640731,96.640731,96.640731,0.000000,0.000000
0.25,12,engagement_g05_d10.0,3026,151,0.049901,103.198998,98.049279,100.049279,100.049279,0.000000,0.000000
0.25,12,oracle_a1,3026,757,0.250165,31.136115,23.346942,25.346942,25.346942,0.000000,0.000000
0.25,13,static,3014,161,0.053417,97.653094,92.436721,94.436721,94.436721,0.000000,0.000000
0.25,13,nearest,3014,141,0.046782,104.784454,99.882460,101.882460,101.882460,0.000000,0.000000
0.25,13,naive_target_aware,3014,409,0.135700,101.205510,87.471915,89.471915,89.471915,0.000000,0.000000
0.25,13,engagement_g00_d0.0,3014,409,0.135700,101.205510,87.471915,89.471915,89.471915,0.000000,0.000000
0.25,13,engagement_g00_d0.25,3014,385,0.127737,101.623235,88.642165,90.642165,90.642165,0.000000,0.000000
0.25,13,engagement_g00_d0.5,3014,368,0.122097,101.630109,89.221390,91.221390,91.221390,0.000000,0.000000
0.25,13,engagement_g00_d1.0,3014,348,0.115461,102.571987,90.728904,92.728904,92.728904,0.000000,0.000000
0.25,13,engagement_g00_d2.0,3014,296,0.098208,102.436907,92.376746,94.376746,94.376746,0.000000,0.000000
0.25,13,engagement_g00_d5.0,3014,164,0.054413,100.134647,94.686046,96.686046,96.686046,0.000000,0.000000
0.25,13,engagement_g00_d10.0,3014,122,0.040478,100.792315,96.712467,98.712467,98.712467,0.000000,0.000000
0.25,13,engagement_g05_d0.0,3014,169,0.056072,101.720203,96.016582,98.016582,98.016582,0.000000,0.000000
0.25,13,engagement_g05_d0.25,3014,165,0.054745,101.073742,95.540508,97.540508,97.540508,0.000000,0.000000
0.25,13,engagement_g05_d0.5,3014,165,0.054745,101.081728,95.548057,97.548057,97.548057,0.000000,0.000000
0.25,13,engagement_g05_d1.0,3014,165,0.054745,101.150147,95.612730,97.612730,97.612730,0.000000,0.000000
0.25,13,engagement_g05_d2.0,3014,161,0.053417,100.717984,95.337893,97.337893,97.337893,0.000000,0.000000
0.25,13,engagement_g05_d5.0,3014,129,0.042800,97.410778,93.241570,95.241570,95.241570,0.000000,0.000000
0.25,13,engagement_g05_d10.0,3014,161,0.053417,97.653094,92.436721,94.436721,94.436721,0.000000,0.000000
0.25,13,oracle_a1,3014,870,0.288653,34.137433,24.283562,26.283562,26.283562,0.000000,0.000000
0.25,14,static,3050,160,0.052459,103.862615,98.414085,100.414085,100.414085,0.000000,0.000000
0.25,14,nearest,3050,161,0.052787,114.946090,108.878444,110.878444,110.878444,0.000000,0.000000
0.25,14,naive_target_aware,3050,378,0.123934,109.936232,96.311348,98.311348,98.311348,0.000000,0.000000
0.25,14,engagement_g00_d0.0,3050,378,0.123934,109.936232,96.311348,98.311348,98.311348,0.000000,0.000000
0.25,14,engagement_g00_d0.25,3050,350,0.114754,109.625773,97.045767,99.045767,99.045767,0.000000,0.000000
0.25,14,engagement_g00_d0.5,3050,337,0.110492,109.788045,97.657366,99.657366,99.657366,0.000000,0.000000
0.25,14,engagement_g00_d1.0,3050,320,0.104918,109.812923,98.291567,100.291567,100.291567,0.000000,0.000000
0.25,14,engagement_g00_d2.0,3050,284,0.093115,108.078711,98.014989,100.014989,100.014989,0.000000,0.000000
0.25,14,engagement_g00_d5.0,3050,178,0.058361,109.177138,102.805488,104.805488,104.805488,0.000000,0.000000
0.25,14,engagement_g00_d10.0,3050,147,0.048197,107.180007,102.014282,104.014282,104.014282,0.000000,0.000000
0.25,14,engagement_g05_d0.0,3050,177,0.058033,104.745325,98.666662,100.666662,100.666662,0.000000,0.000000
0.25,14,engagement_g05_d0.25,3050,169,0.055410,104.850363,99.040622,101.040622,101.040622,0.000000,0.000000
0.25,14,engagement_g05_d0.5,3050,167,0.054754,105.679391,99.893011,101.893011,101.893011,0.000000,0.000000
0.25,14,engagement_g05_d1.0,3050,175,0.057377,105.205099,99.168741,101.168741,101.168741,0.000000,0.000000
0.25,14,engagement_g05_d2.0,3050,165,0.054098,106.168811,100.425252,102.425252,102.425252,0.000000,0.000000
0.25,14,engagement_g05_d5.0,3050,157,0.051475,106.253284,100.783852,102.783852,102.783852,0.000000,0.000000
0.25,14,engagement_g05_d10.0,3050,160,0.052459,103.862615,98.414085,100.414085,100.414085,0.000000,0.000000
0.25,14,oracle_a1,3050,888,0.291148,39.905900,28.287395,30.287395,30.287395,0.000000,0.000000
0.25,15,static,3022,157,0.051952,104.754793,99.312535,101.312535,101.312535,0.000000,0.000000
0.25,15,nearest,3022,143,0.047320,114.795918,109.363814,111.363814,111.363814,0.000000,0.000000
0.25,15,naive_target_aware,3022,400,0.132363,104.210791,90.417172,92.417172,92.417172,0.000000,0.000000
0.25,15,engagement_g00_d0.0,3022,400,0.132363,104.210791,90.417172,92.417172,92.417172,0.000000,0.000000
0.25,15,engagement_g00_d0.25,3022,381,0.126075,105.234353,91.966885,93.966885,93.966885,0.000000,0.000000
0.25,15,engagement_g00_d0.5,3022,376,0.124421,105.850955,92.680882,94.680882,94.680882,0.000000,0.000000
0.25,15,engagement_g00_d1.0,3022,339,0.112177,105.139138,93.344906,95.344906,95.344906,0.000000,0.000000
0.25,15,engagement_g00_d2.0,3022,275,0.090999,106.405052,96.722263,98.722263,98.722263,0.000000,0.000000
0.25,15,engagement_g00_d5.0,3022,178,0.058901,110.672549,104.153782,106.153782,106.153782,0.000000,0.000000
0.25,15,engagement_g00_d10.0,3022,149,0.049305,101.112648,96.127280,98.127280,98.127280,0.000000,0.000000
0.25,15,engagement_g05_d0.0,3022,191,0.063203,109.155108,102.256159,104.256159,104.256159,0.000000,0.000000
0.25,15,engagement_g05_d0.25,3022,199,0.065850,109.028510,101.848936,103.848936,103.848936,0.000000,0.000000
0.25,15,engagement_g05_d0.5,3022,198,0.065520,109.066997,101.920979,103.920979,103.920979,0.000000,0.000000
0.25,15,engagement_g05_d1.0,3022,192,0.063534,108.778995,101.867821,103.867821,103.867821,0.000000,0.000000
0.25,15,engagement_g05_d2.0,3022,179,0.059232,109.174584,102.707923,104.707923,104.707923,0.000000,0.000000
0.25,15,engagement_g05_d5.0,3022,150,0.049636,106.705338,101.408911,103.408911,103.408911,0.000000,0.000000
0.25,15,engagement_g05_d10.0,3022,160,0.052945,100.603448,95.276991,97.276991,97.276991,0.000000,0.000000
0.25,15,oracle_a1,3022,956,0.316347,38.267948,26.162006,28.162006,28.162006,0.000000,0.000000
0.25,16,static,3097,163,0.052632,93.391022,88.475705,90.475705,90.475705,0.000000,0.000000
0.25,16,nearest,3097,173,0.055861,97.221856,91.790994,93.790994,93.790994,0.000000,0.000000
0.25,16,naive_target_aware,3097,460,0.148531,101.048243,86.039463,88.039463,88.039463,0.000000,0.000000
0.25,16,engagement_g00_d0.0,3097,460,0.148531,101.048243,86.039463,88.039463,88.039463,0.000000,0.000000
0.25,16,engagement_g00_d0.25,3097,421,0.135938,100.160685,86.545042,88.545042,88.545042,0.000000,0.000000
0.25,16,engagement_g00_d0.5,3097,417,0.134646,99.938135,86.481822,88.481822,88.481822,0.000000,0.000000
0.25,16,engagement_g00_d1.0,3097,372,0.120116,100.643873,88.554909,90.554909,90.554909,0.000000,0.000000
0.25,16,engagement_g00_d2.0,3097,309,0.099774,100.739641,90.688447,92.688447,92.688447,0.000000,0.000000
0.25,16,engagement_g00_d5.0,3097,170,0.054892,99.069422,93.631320,95.631320,95.631320,0.000000,0.000000
0.25,16,engagement_g00_d10.0,3097,137,0.044236,101.471124,96.982411,98.982411,98.982411,0.000000,0.000000
0.25,16,engagement_g05_d0.0,3097,227,0.073297,99.266282,91.990388,93.990388,93.990388,0.000000,0.000000
0.25,16,engagement_g05_d0.25,3097,219,0.070714,99.136100,92.125830,94.125830,94.125830,0.000000,0.000000
0.25,16,engagement_g05_d0.5,3097,216,0.069745,98.829594,91.936733,93.936733,93.936733,0.000000,0.000000
0.25,16,engagement_g05_d1.0,3097,217,0.070068,98.717506,91.800587,93.800587,93.800587,0.000000,0.000000
0.25,16,engagement_g05_d2.0,3097,197,0.063610,98.169001,91.924476,93.924476,93.924476,0.000000,0.000000
0.25,16,engagement_g05_d5.0,3097,169,0.054569,96.662806,91.388019,93.388019,93.388019,0.000000,0.000000
0.25,16,engagement_g05_d10.0,3097,163,0.052632,94.588689,89.610337,91.610337,91.610337,0.000000,0.000000
0.25,16,oracle_a1,3097,973,0.314175,32.947166,22.595990,24.595990,24.595990,0.000000,0.000000
0.25,17,static,2945,147,0.049915,119.298355,113.343564,115.343564,115.343564,0.000000,0.000000
0.25,17,nearest,2945,142,0.048217,92.164416,87.720495,89.720495,89.720495,0.000000,0.000000
0.25,17,naive_target_aware,2945,397,0.134805,100.001448,86.520778,88.520778,88.520778,0.000000,0.000000
0.25,17,engagement_g00_d0.0,2945,397,0.134805,100.001448,86.520778,88.520778,88.520778,0.000000,0.000000
0.25,17,engagement_g00_d0.25,2945,366,0.124278,100.294139,87.829740,89.829740,89.829740,0.000000,0.000000
0.25,17,engagement_g00_d0.5,2945,355,0.120543,99.732828,87.710705,89.710705,89.710705,0.000000,0.000000
0.25,17,engagement_g00_d1.0,2945,345,0.117148,100.241551,88.498483,90.498483,90.498483,0.000000,0.000000
0.25,17,engagement_g00_d2.0,2945,287,0.097453,102.696952,92.688794,94.688794,94.688794,0.000000,0.000000
0.25,17,engagement_g00_d5.0,2945,161,0.054669,104.148852,98.455146,100.455146,100.455146,0.000000,0.000000
0.25,17,engagement_g00_d10.0,2945,136,0.046180,102.616010,97.877206,99.877206,99.877206,0.000000,0.000000
0.25,17,engagement_g05_d0.0,2945,176,0.059762,104.127866,97.904944,99.904944,99.904944,0.000000,0.000000
0.25,17,engagement_g05_d0.25,2945,186,0.063158,104.508971,97.908404,99.908404,99.908404,0.000000,0.000000
0.25,17,engagement_g05_d0.5,2945,182,0.061800,105.345551,98.835232,100.835232,100.835232,0.000000,0.000000
0.25,17,engagement_g05_d1.0,2945,178,0.060441,107.173232,100.695529,102.695529,102.695529,0.000000,0.000000
0.25,17,engagement_g05_d2.0,2945,169,0.057385,108.572857,102.342361,104.342361,104.342361,0.000000,0.000000
0.25,17,engagement_g05_d5.0,2945,146,0.049576,105.164758,99.951157,101.951157,101.951157,0.000000,0.000000
0.25,17,engagement_g05_d10.0,2945,144,0.048896,119.637979,113.788108,115.788108,115.788108,0.000000,0.000000
0.25,17,oracle_a1,2945,831,0.282173,36.108568,25.919699,27.919699,27.919699,0.000000,0.000000
0.25,18,static,3040,159,0.052303,106.885369,101.294983,103.294983,103.294983,0.000000,0.000000
0.25,18,nearest,3040,156,0.051316,105.135861,99.740731,101.740731,101.740731,0.000000,0.000000
0.25,18,naive_target_aware,3040,390,0.128289,104.604697,91.185016,93.185016,93.185016,0.000000,0.000000
0.25,18,engagement_g00_d0.0,3040,390,0.128289,104.604697,91.185016,93.185016,93.185016,0.000000,0.000000
0.25,18,engagement_g00_d0.25,3040,381,0.125329,103.450877,90.485487,92.485487,92.485487,0.000000,0.000000
0.25,18,engagement_g00_d0.5,3040,385,0.126645,104.184477,90.990061,92.990061,92.990061,0.000000,0.000000
0.25,18,engagement_g00_d1.0,3040,351,0.115461,103.163631,91.252303,93.252303,93.252303,0.000000,0.000000
0.25,18,engagement_g00_d2.0,3040,281,0.092434,105.384792,95.643632,97.643632,97.643632,0.000000,0.000000
0.25,18,engagement_g00_d5.0,3040,165,0.054276,108.487867,102.599545,104.599545,104.599545,0.000000,0.000000
0.25,18,engagement_g00_d10.0,3040,152,0.050000,107.587659,102.208276,104.208276,104.208276,0.000000,0.000000
0.25,18,engagement_g05_d0.0,3040,164,0.053947,107.258900,101.472565,103.472565,103.472565,0.000000,0.000000
0.25,18,engagement_g05_d0.25,3040,162,0.053289,107.152054,101.441978,103.441978,103.441978,0.000000,0.000000
0.25,18,engagement_g05_d0.5,3040,156,0.051316,106.661919,101.188478,103.188478,103.188478,0.000000,0.000000
0.25,18,engagement_g05_d1.0,3040,154,0.050658,106.730171,101.323445,103.323445,103.323445,0.000000,0.000000
0.25,18,engagement_g05_d2.0,3040,157,0.051645,108.391608,102.793752,104.793752,104.793752,0.000000,0.000000
0.25,18,engagement_g05_d5.0,3040,128,0.042105,109.276874,104.675742,106.675742,106.675742,0.000000,0.000000
0.25,18,engagement_g05_d10.0,3040,159,0.052303,106.885369,101.294983,103.294983,103.294983,0.000000,0.000000
0.25,18,oracle_a1,3040,827,0.272039,31.042525,22.597733,24.597733,24.597733,0.000000,0.000000
0.25,19,static,2979,152,0.051024,111.331866,105.651287,107.651287,107.651287,0.000000,0.000000
0.25,19,nearest,2979,144,0.048338,106.091952,100.963640,102.963640,102.963640,0.000000,0.000000
0.25,19,naive_target_aware,2979,392,0.131588,109.261541,94.884057,96.884057,96.884057,0.000000,0.000000
0.25,19,engagement_g00_d0.0,2979,392,0.131588,109.261541,94.884057,96.884057,96.884057,0.000000,0.000000
0.25,19,engagement_g00_d0.25,2979,372,0.124874,110.011938,96.274295,98.274295,98.274295,0.000000,0.000000
0.25,19,engagement_g00_d0.5,2979,361,0.121182,109.789876,96.485363,98.485363,98.485363,0.000000,0.000000
0.25,19,engagement_g00_d1.0,2979,344,0.115475,110.336908,97.595754,99.595754,99.595754,0.000000,0.000000
0.25,19,engagement_g00_d2.0,2979,294,0.098691,111.276450,100.294484,102.294484,102.294484,0.000000,0.000000
0.25,19,engagement_g00_d5.0,2979,159,0.053374,112.734866,106.717799,108.717799,108.717799,0.000000,0.000000
0.25,19,engagement_g00_d10.0,2979,138,0.046324,108.127388,103.118465,105.118465,105.118465,0.000000,0.000000
0.25,19,engagement_g05_d0.0,2979,182,0.061094,108.967858,102.310540,104.310540,104.310540,0.000000,0.000000
0.25,19,engagement_g05_d0.25,2979,180,0.060423,110.174493,103.517424,105.517424,105.517424,0.000000,0.000000
0.25,19,engagement_g05_d0.5,2979,177,0.059416,110.197663,103.650169,105.650169,105.650169,0.000000,0.000000
0.25,19,engagement_g05_d1.0,2979,173,0.058073,110.067164,103.675214,105.675214,105.675214,0.000000,0.000000
0.25,19,engagement_g05_d2.0,2979,164,0.055052,110.513003,104.429038,106.429038,106.429038,0.000000,0.000000
0.25,19,engagement_g05_d5.0,2979,114,0.038268,110.123676,105.909477,107.909477,107.909477,0.000000,0.000000
0.25,19,engagement_g05_d10.0,2979,151,0.050688,110.766546,105.151994,107.151994,107.151994,0.000000,0.000000
0.25,19,oracle_a1,2979,748,0.251091,31.147229,23.326441,25.326441,25.326441,0.000000,0.000000
0.25,20,static,3045,143,0.046962,107.159075,102.126646,104.126646,104.126646,0.000000,0.000000
0.25,20,nearest,3045,156,0.051232,108.170220,102.628494,104.628494,104.628494,0.000000,0.000000
0.25,20,naive_target_aware,3045,378,0.124138,104.068540,91.149687,93.149687,93.149687,0.000000,0.000000
0.25,20,engagement_g00_d0.0,3045,378,0.124138,104.068540,91.149687,93.149687,93.149687,0.000000,0.000000
0.25,20,engagement_g00_d0.25,3045,360,0.118227,104.316862,91.983834,93.983834,93.983834,0.000000,0.000000
0.25,20,engagement_g00_d0.5,3045,346,0.113629,104.464056,92.593920,94.593920,94.593920,0.000000,0.000000
0.25,20,engagement_g00_d1.0,3045,315,0.103448,104.778735,93.939555,95.939555,95.939555,0.000000,0.000000
0.25,20,engagement_g00_d2.0,3045,254,0.083415,105.393628,96.602172,98.602172,98.602172,0.000000,0.000000
0.25,20,engagement_g00_d5.0,3045,153,0.050246,104.045712,98.817800,100.817800,100.817800,0.000000,0.000000
0.25,20,engagement_g00_d10.0,3045,151,0.049589,108.177919,102.813431,104.813431,104.813431,0.000000,0.000000
0.25,20,engagement_g05_d0.0,3045,163,0.053530,108.760817,102.938810,104.938810,104.938810,0.000000,0.000000
0.25,20,engagement_g05_d0.25,3045,164,0.053859,109.223697,103.341041,105.341041,105.341041,0.000000,0.000000
0.25,20,engagement_g05_d0.5,3045,163,0.053530,109.202823,103.357155,105.357155,105.357155,0.000000,0.000000
0.25,20,engagement_g05_d1.0,3045,163,0.053530,108.953202,103.120896,105.120896,105.120896,0.000000,0.000000
0.25,20,engagement_g05_d2.0,3045,152,0.049918,109.171068,103.721478,105.721478,105.721478,0.000000,0.000000
0.25,20,engagement_g05_d5.0,3045,142,0.046634,107.340243,102.334556,104.334556,104.334556,0.000000,0.000000
0.25,20,engagement_g05_d10.0,3045,141,0.046305,107.544339,102.564453,104.564453,104.564453,0.000000,0.000000
0.25,20,oracle_a1,3045,932,0.306076,39.555792,27.448732,29.448732,29.448732,0.000000,0.000000
0.25,21,static,3058,157,0.051341,111.650240,105.918034,107.918034,107.918034,0.000000,0.000000
0.25,21,nearest,3058,148,0.048398,101.195948,96.298303,98.298303,98.298303,0.000000,0.000000
0.25,21,naive_target_aware,3058,411,0.134402,103.687476,89.751716,91.751716,91.751716,0.000000,0.000000
0.25,21,engagement_g00_d0.0,3058,411,0.134402,103.687476,89.751716,91.751716,91.751716,0.000000,0.000000
0.25,21,engagement_g00_d0.25,3058,381,0.124591,103.807899,90.874344,92.874344,92.874344,0.000000,0.000000
0.25,21,engagement_g00_d0.5,3058,368,0.120340,104.114628,91.585464,93.585464,93.585464,0.000000,0.000000
0.25,21,engagement_g00_d1.0,3058,342,0.111838,104.896167,93.164811,95.164811,95.164811,0.000000,0.000000
0.25,21,engagement_g00_d2.0,3058,290,0.094833,104.979765,95.024196,97.024196,97.024196,0.000000,0.000000
0.25,21,engagement_g00_d5.0,3058,158,0.051668,106.702624,101.189538,103.189538,103.189538,0.000000,0.000000
0.25,21,engagement_g00_d10.0,3058,156,0.051014,103.456470,98.178769,100.178769,100.178769,0.000000,0.000000
0.25,21,engagement_g05_d0.0,3058,215,0.070307,111.917565,104.048933,106.048933,106.048933,0.000000,0.000000
0.25,21,engagement_g05_d0.25,3058,212,0.069326,112.247428,104.465722,106.465722,106.465722,0.000000,0.000000
0.25,21,engagement_g05_d0.5,3058,212,0.069326,111.957523,104.195916,106.195916,106.195916,0.000000,0.000000
0.25,21,engagement_g05_d1.0,3058,207,0.067691,112.557919,104.938727,106.938727,106.938727,0.000000,0.000000
0.25,21,engagement_g05_d2.0,3058,190,0.062132,111.800432,104.854035,106.854035,106.854035,0.000000,0.000000
0.25,21,engagement_g05_d5.0,3058,156,0.051014,111.471925,105.785326,107.785326,107.785326,0.000000,0.000000
0.25,21,engagement_g05_d10.0,3058,157,0.051341,111.650240,105.918034,107.918034,107.918034,0.000000,0.000000
0.25,21,oracle_a1,3058,872,0.285154,36.404920,26.023923,28.023923,28.023923,0.000000,0.000000
0.25,22,static,3009,153,0.050847,101.903391,96.721863,98.721863,98.721863,0.000000,0.000000
0.25,22,nearest,3009,146,0.048521,101.287063,96.372503,98.372503,98.372503,0.000000,0.000000
0.25,22,naive_target_aware,3009,363,0.120638,106.750613,93.872424,95.872424,95.872424,0.000000,0.000000
0.25,22,engagement_g00_d0.0,3009,363,0.120638,106.750613,93.872424,95.872424,95.872424,0.000000,0.000000
0.25,22,engagement_g00_d0.25,3009,349,0.115985,106.475076,94.125524,96.125524,96.125524,0.000000,0.000000
0.25,22,engagement_g00_d0.5,3009,346,0.114988,105.963376,93.778820,95.778820,95.778820,0.000000,0.000000
0.25,22,engagement_g00_d1.0,3009,315,0.104686,106.838995,95.654454,97.654454,97.654454,0.000000,0.000000
0.25,22,engagement_g00_d2.0,3009,269,0.089398,109.317095,99.544314,101.544314,101.544314,0.000000,0.000000
0.25,22,engagement_g00_d5.0,3009,184,0.061150,104.849458,98.437926,100.437926,100.437926,0.000000,0.000000
0.25,22,engagement_g00_d10.0,3009,151,0.050183,102.885422,97.722345,99.722345,99.722345,0.000000,0.000000
0.25,22,engagement_g05_d0.0,3009,187,0.062147,107.458768,100.780539,102.780539,102.780539,0.000000,0.000000
0.25,22,engagement_g05_d0.25,3009,184,0.061150,107.591490,101.012283,103.012283,103.012283,0.000000,0.000000
0.25,22,engagement_g05_d0.5,3009,186,0.061815,107.886107,101.217176,103.217176,103.217176,0.000000,0.000000
0.25,22,engagement_g05_d1.0,3009,180,0.059821,108.507776,102.016782,104.016782,104.016782,0.000000,0.000000
0.25,22,engagement_g05_d2.0,3009,175,0.058159,108.926249,102.591223,104.591223,104.591223,0.000000,0.000000
0.25,22,engagement_g05_d5.0,3009,141,0.046859,100.151254,95.458224,97.458224,97.458224,0.000000,0.000000
0.25,22,engagement_g05_d10.0,3009,152,0.050515,101.580132,96.448799,98.448799,98.448799,0.000000,0.000000
0.25,22,oracle_a1,3009,788,0.261881,32.223620,23.784865,25.784865,25.784865,0.000000,0.000000
0.25,23,static,3060,157,0.051307,103.546049,98.233392,100.233392,100.233392,0.000000,0.000000
0.25,23,nearest,3060,162,0.052941,98.031449,92.841549,94.841549,94.841549,0.000000,0.000000
0.25,23,naive_target_aware,3060,428,0.139869,101.603405,87.392210,89.392210,89.392210,0.000000,0.000000
0.25,23,engagement_g00_d0.0,3060,428,0.139869,101.603405,87.392210,89.392210,89.392210,0.000000,0.000000
0.25,23,engagement_g00_d0.25,3060,386,0.126144,102.908214,89.926981,91.926981,91.926981,0.000000,0.000000
0.25,23,engagement_g00_d0.5,3060,369,0.120588,102.863130,90.459046,92.459046,92.459046,0.000000,0.000000
0.25,23,engagement_g00_d1.0,3060,349,0.114052,103.723160,91.893296,93.893296,93.893296,0.000000,0.000000
0.25,23,engagement_g00_d2.0,3060,286,0.093464,104.937943,95.130017,97.130017,97.130017,0.000000,0.000000
0.25,23,engagement_g00_d5.0,3060,135,0.044118,103.034564,98.488922,100.488922,100.488922,0.000000,0.000000
0.25,23,engagement_g00_d10.0,3060,135,0.044118,106.462878,101.765986,103.765986,103.765986,0.000000,0.000000
0.25,23,engagement_g05_d0.0,3060,210,0.068627,104.240950,97.087160,99.087160,99.087160,0.000000,0.000000
0.25,23,engagement_g05_d0.25,3060,198,0.064706,104.456384,97.697442,99.697442,99.697442,0.000000,0.000000
0.25,23,engagement_g05_d0.5,3060,196,0.064052,104.570200,97.872239,99.872239,99.872239,0.000000,0.000000
0.25,23,engagement_g05_d1.0,3060,194,0.063399,104.496130,97.871212,99.871212,99.871212,0.000000,0.000000
0.25,23,engagement_g05_d2.0,3060,177,0.057843,105.722974,99.607625,101.607625,101.607625,0.000000,0.000000
0.25,23,engagement_g05_d5.0,3060,122,0.039869,102.536933,98.448859,100.448859,100.448859,0.000000,0.000000
0.25,23,engagement_g05_d10.0,3060,155,0.050654,103.716872,98.463240,100.463240,100.463240,0.000000,0.000000
0.25,23,oracle_a1,3060,993,0.324510,35.954796,24.287112,26.287112,26.287112,0.000000,0.000000
0.25,24,static,2894,134,0.046303,101.491042,96.791733,98.791733,98.791733,0.000000,0.000000
0.25,24,nearest,2894,146,0.050449,99.326453,94.315513,96.315513,96.315513,0.000000,0.000000
0.25,24,naive_target_aware,2894,368,0.127160,103.519291,90.355815,92.355815,92.355815,0.000000,0.000000
0.25,24,engagement_g00_d0.0,2894,368,0.127160,103.519291,90.355815,92.355815,92.355815,0.000000,0.000000
0.25,24,engagement_g00_d0.25,2894,335,0.115757,102.969057,91.049695,93.049695,93.049695,0.000000,0.000000
0.25,24,engagement_g00_d0.5,2894,317,0.109537,102.740516,91.486631,93.486631,93.486631,0.000000,0.000000
0.25,24,engagement_g00_d1.0,2894,290,0.100207,103.340157,92.984717,94.984717,94.984717,0.000000,0.000000
0.25,24,engagement_g00_d2.0,2894,237,0.081894,103.774440,95.275981,97.275981,97.275981,0.000000,0.000000
0.25,24,engagement_g00_d5.0,2894,159,0.054941,105.305117,99.519521,101.519521,101.519521,0.000000,0.000000
0.25,24,engagement_g00_d10.0,2894,127,0.043884,101.984524,97.509045,99.509045,99.509045,0.000000,0.000000
0.25,24,engagement_g05_d0.0,2894,165,0.057015,104.341904,98.392901,100.392901,100.392901,0.000000,0.000000
0.25,24,engagement_g05_d0.25,2894,164,0.056669,104.425177,98.507510,100.507510,100.507510,0.000000,0.000000
0.25,24,engagement_g05_d0.5,2894,163,0.056323,104.410779,98.530006,100.530006,100.530006,0.000000,0.000000
0.25,24,engagement_g05_d1.0,2894,156,0.053905,103.594298,98.010086,100.010086,100.010086,0.000000,0.000000
0.25,24,engagement_g05_d2.0,2894,142,0.049067,103.704974,98.616478,100.616478,100.616478,0.000000,0.000000
0.25,24,engagement_g05_d5.0,2894,122,0.042156,98.225478,94.084667,96.084667,96.084667,0.000000,0.000000
0.25,24,engagement_g05_d10.0,2894,134,0.046303,101.491042,96.791733,98.791733,98.791733,0.000000,0.000000
0.25,24,oracle_a1,2894,996,0.344160,39.674078,26.019834,28.019834,28.019834,0.000000,0.000000
0.25,25,static,2903,112,0.038581,101.061536,97.162503,99.162503,99.162503,0.000000,0.000000
0.25,25,nearest,2903,143,0.049259,98.316949,93.473917,95.473917,95.473917,0.000000,0.000000
0.25,25,naive_target_aware,2903,358,0.123321,102.943751,90.248656,92.248656,92.248656,0.000000,0.000000
0.25,25,engagement_g00_d0.0,2903,358,0.123321,102.943751,90.248656,92.248656,92.248656,0.000000,0.000000
0.25,25,engagement_g00_d0.25,2903,347,0.119532,102.330872,90.099108,92.099108,92.099108,0.000000,0.000000
0.25,25,engagement_g00_d0.5,2903,328,0.112987,102.272884,90.717422,92.717422,92.717422,0.000000,0.000000
0.25,25,engagement_g00_d1.0,2903,303,0.104375,102.934122,92.190395,94.190395,94.190395,0.000000,0.000000
0.25,25,engagement_g00_d2.0,2903,263,0.090596,104.455097,94.991890,96.991890,96.991890,0.000000,0.000000
0.25,25,engagement_g00_d5.0,2903,159,0.054771,106.663037,100.821003,102.821003,102.821003,0.000000,0.000000
0.25,25,engagement_g00_d10.0,2903,112,0.038581,109.602509,105.373959,107.373959,107.373959,0.000000,0.000000
0.25,25,engagement_g05_d0.0,2903,185,0.063727,107.604035,100.746734,102.746734,102.746734,0.000000,0.000000
0.25,25,engagement_g05_d0.25,2903,183,0.063038,108.129632,101.313331,103.313331,103.313331,0.000000,0.000000
0.25,25,engagement_g05_d0.5,2903,184,0.063383,108.132127,101.278420,103.278420,103.278420,0.000000,0.000000
0.25,25,engagement_g05_d1.0,2903,180,0.062005,108.223481,101.513103,103.513103,103.513103,0.000000,0.000000
0.25,25,engagement_g05_d2.0,2903,160,0.055115,109.232429,103.212040,105.212040,105.212040,0.000000,0.000000
0.25,25,engagement_g05_d5.0,2903,131,0.045126,111.765213,106.721726,108.721726,108.721726,0.000000,0.000000
0.25,25,engagement_g05_d10.0,2903,112,0.038581,101.061536,97.162503,99.162503,99.162503,0.000000,0.000000
0.25,25,oracle_a1,2903,931,0.320703,37.135055,25.225742,27.225742,27.225742,0.000000,0.000000
0.25,26,static,3057,149,0.048741,112.318998,106.844503,108.844503,108.844503,0.000000,0.000000
0.25,26,nearest,3057,144,0.047105,113.870104,108.506252,110.506252,110.506252,0.000000,0.000000
0.25,26,naive_target_aware,3057,409,0.133791,111.711500,96.765474,98.765474,98.765474,0.000000,0.000000
0.25,26,engagement_g00_d0.0,3057,409,0.133791,111.711500,96.765474,98.765474,98.765474,0.000000,0.000000
0.25,26,engagement_g00_d0.25,3057,382,0.124959,112.470016,98.415863,100.415863,100.415863,0.000000,0.000000
0.25,26,engagement_g00_d0.5,3057,374,0.122342,111.986914,98.286193,100.286193,100.286193,0.000000,0.000000
0.25,26,engagement_g00_d1.0,3057,348,0.113837,110.777267,98.166705,100.166705,100.166705,0.000000,0.000000
0.25,26,engagement_g00_d2.0,3057,298,0.097481,110.504878,99.732731,101.732731,101.732731,0.000000,0.000000
0.25,26,engagement_g00_d5.0,3057,166,0.054302,112.313838,106.215017,108.215017,108.215017,0.000000,0.000000
0.25,26,engagement_g00_d10.0,3057,123,0.040236,110.177524,105.744473,107.744473,107.744473,0.000000,0.000000
0.25,26,engagement_g05_d0.0,3057,207,0.067713,109.152648,101.761547,103.761547,103.761547,0.000000,0.000000
0.25,26,engagement_g05_d0.25,3057,200,0.065424,110.968916,103.708928,105.708928,105.708928,0.000000,0.000000
0.25,26,engagement_g05_d0.5,3057,199,0.065096,111.054705,103.825433,105.825433,105.825433,0.000000,0.000000
0.25,26,engagement_g05_d1.0,3057,198,0.064769,111.463297,104.243888,106.243888,106.243888,0.000000,0.000000
0.25,26,engagement_g05_d2.0,3057,192,0.062807,111.707859,104.691860,106.691860,106.691860,0.000000,0.000000
0.25,26,engagement_g05_d5.0,3057,154,0.050376,110.289005,104.733066,106.733066,106.733066,0.000000,0.000000
0.25,26,engagement_g05_d10.0,3057,137,0.044815,111.382713,106.391077,108.391077,108.391077,0.000000,0.000000
0.25,26,oracle_a1,3057,823,0.269218,34.325123,25.084175,27.084175,27.084175,0.000000,0.000000
0.25,27,static,2968,131,0.044137,107.374029,102.634811,104.634811,104.634811,0.000000,0.000000
0.25,27,nearest,2968,152,0.051213,107.029944,101.548626,103.548626,103.548626,0.000000,0.000000
0.25,27,naive_target_aware,2968,357,0.120283,104.263056,91.721981,93.721981,93.721981,0.000000,0.000000
0.25,27,engagement_g00_d0.0,2968,357,0.120283,104.263056,91.721981,93.721981,93.721981,0.000000,0.000000
0.25,27,engagement_g00_d0.25,2968,344,0.115903,104.652019,92.522540,94.522540,94.522540,0.000000,0.000000
0.25,27,engagement_g00_d0.5,2968,336,0.113208,105.694075,93.728708,95.728708,95.728708,0.000000,0.000000
0.25,27,engagement_g00_d1.0,2968,314,0.105795,106.655830,95.372160,97.372160,97.372160,0.000000,0.000000
0.25,27,engagement_g00_d2.0,2968,266,0.089623,106.784995,97.214641,99.214641,99.214641,0.000000,0.000000
0.25,27,engagement_g00_d5.0,2968,166,0.055930,106.093751,100.159936,102.159936,102.159936,0.000000,0.000000
0.25,27,engagement_g00_d10.0,2968,141,0.047507,102.637106,97.761152,99.761152,99.761152,0.000000,0.000000
0.25,27,engagement_g05_d0.0,2968,147,0.049528,102.988431,97.887589,99.887589,99.887589,0.000000,0.000000
0.25,27,engagement_g05_d0.25,2968,148,0.049865,101.156008,96.111841,98.111841,98.111841,0.000000,0.000000
0.25,27,engagement_g05_d0.5,2968,152,0.051213,101.990613,96.767374,98.767374,98.767374,0.000000,0.000000
0.25,27,engagement_g05_d1.0,2968,152,0.051213,101.112008,95.933765,97.933765,97.933765,0.000000,0.000000
0.25,27,engagement_g05_d2.0,2968,144,0.048518,102.674201,97.692704,99.692704,99.692704,0.000000,0.000000
0.25,27,engagement_g05_d5.0,2968,143,0.048181,100.392632,95.555656,97.555656,97.555656,0.000000,0.000000
0.25,27,engagement_g05_d10.0,2968,124,0.041779,108.648230,104.109018,106.109018,106.109018,0.000000,0.000000
0.25,27,oracle_a1,2968,909,0.306267,36.740751,25.488277,27.488277,27.488277,0.000000,0.000000
0.25,28,static,3014,141,0.046782,117.680134,112.174859,114.174859,114.174859,0.000000,0.000000
0.25,28,nearest,3014,187,0.062044,113.905517,106.838386,108.838386,108.838386,0.000000,0.000000
0.25,28,naive_target_aware,3014,392,0.130060,105.302724,91.607081,93.607081,93.607081,0.000000,0.000000
0.25,28,engagement_g00_d0.0,3014,392,0.130060,105.302724,91.607081,93.607081,93.607081,0.000000,0.000000
0.25,28,engagement_g00_d0.25,3014,369,0.122429,105.472281,92.559450,94.559450,94.559450,0.000000,0.000000
0.25,28,engagement_g00_d0.5,3014,364,0.120770,105.772187,92.998107,94.998107,94.998107,0.000000,0.000000
0.25,28,engagement_g00_d1.0,3014,333,0.110484,105.101775,93.489668,95.489668,95.489668,0.000000,0.000000
0.25,28,engagement_g00_d2.0,3014,276,0.091573,106.200233,96.475195,98.475195,98.475195,0.000000,0.000000
0.25,28,engagement_g00_d5.0,3014,152,0.050431,109.617514,104.089358,106.089358,106.089358,0.000000,0.000000
0.25,28,engagement_g00_d10.0,3014,120,0.039814,112.966497,108.468826,110.468826,110.468826,0.000000,0.000000
0.25,28,engagement_g05_d0.0,3014,194,0.064366,108.519939,101.534913,103.534913,103.534913,0.000000,0.000000
0.25,28,engagement_g05_d0.25,3014,195,0.064698,108.756478,101.720143,103.720143,103.720143,0.000000,0.000000
0.25,28,engagement_g05_d0.5,3014,192,0.063703,109.250706,102.291139,104.291139,104.291139,0.000000,0.000000
0.25,28,engagement_g05_d1.0,3014,188,0.062376,109.262680,102.447356,104.447356,104.447356,0.000000,0.000000
0.25,28,engagement_g05_d2.0,3014,175,0.058062,107.878631,101.614942,103.614942,103.614942,0.000000,0.000000
0.25,28,engagement_g05_d5.0,3014,135,0.044791,114.599210,109.466200,111.466200,111.466200,0.000000,0.000000
0.25,28,engagement_g05_d10.0,3014,141,0.046782,117.680134,112.174859,114.174859,114.174859,0.000000,0.000000
0.25,28,oracle_a1,3014,815,0.270405,31.508245,22.988265,24.988265,24.988265,0.000000,0.000000
0.25,29,static,3063,154,0.050278,97.502601,92.600413,94.600413,94.600413,0.000000,0.000000
0.25,29,nearest,3063,170,0.055501,98.449949,92.985865,94.985865,94.985865,0.000000,0.000000
0.25,29,naive_target_aware,3063,423,0.138100,101.654553,87.616069,89.616069,89.616069,0.000000,0.000000
0.25,29,engagement_g00_d0.0,3063,423,0.138100,101.654553,87.616069,89.616069,89.616069,0.000000,0.000000
0.25,29,engagement_g00_d0.25,3063,403,0.131570,99.923154,86.776229,88.776229,88.776229,0.000000,0.000000
0.25,29,engagement_g00_d0.5,3063,385,0.125694,99.208941,86.738996,88.738996,88.738996,0.000000,0.000000
0.25,29,engagement_g00_d1.0,3063,368,0.120144,99.578265,87.614569,89.614569,89.614569,0.000000,0.000000
0.25,29,engagement_g00_d2.0,3063,333,0.108717,100.301764,89.397263,91.397263,91.397263,0.000000,0.000000
0.25,29,engagement_g00_d5.0,3063,181,0.059092,101.558273,95.556952,97.556952,97.556952,0.000000,0.000000
0.25,29,engagement_g00_d10.0,3063,150,0.048972,94.820566,90.177052,92.177052,92.177052,0.000000,0.000000
0.25,29,engagement_g05_d0.0,3063,196,0.063990,100.715696,94.270944,96.270944,96.270944,0.000000,0.000000
0.25,29,engagement_g05_d0.25,3063,201,0.065622,100.438574,93.847600,95.847600,95.847600,0.000000,0.000000
0.25,29,engagement_g05_d0.5,3063,201,0.065622,100.315493,93.732596,95.732596,95.732596,0.000000,0.000000
0.25,29,engagement_g05_d1.0,3063,200,0.065295,100.321666,93.771117,95.771117,95.771117,0.000000,0.000000
0.25,29,engagement_g05_d2.0,3063,182,0.059419,99.639133,93.718688,95.718688,95.718688,0.000000,0.000000
0.25,29,engagement_g05_d5.0,3063,138,0.045054,95.779869,91.464616,93.464616,93.464616,0.000000,0.000000
0.25,29,engagement_g05_d10.0,3063,154,0.050278,97.502601,92.600413,94.600413,94.600413,0.000000,0.000000
0.25,29,oracle_a1,3063,718,0.234411,31.109304,23.816950,25.816950,25.816950,0.000000,0.000000
0.25,30,static,2933,149,0.050801,106.480805,101.071450,103.071450,103.071450,0.000000,0.000000
0.25,30,nearest,2933,150,0.051142,100.051922,94.935049,96.935049,96.935049,0.000000,0.000000
0.25,30,naive_target_aware,2933,358,0.122059,111.443439,97.840728,99.840728,99.840728,0.000000,0.000000
0.25,30,engagement_g00_d0.0,2933,358,0.122059,111.443439,97.840728,99.840728,99.840728,0.000000,0.000000
0.25,30,engagement_g00_d0.25,2933,336,0.114558,110.808505,98.114452,100.114452,100.114452,0.000000,0.000000
0.25,30,engagement_g00_d0.5,2933,333,0.113536,110.289899,97.768066,99.768066,99.768066,0.000000,0.000000
0.25,30,engagement_g00_d1.0,2933,323,0.110126,109.805184,97.712762,99.712762,99.712762,0.000000,0.000000
0.25,30,engagement_g00_d2.0,2933,264,0.090010,111.002852,101.011460,103.011460,103.011460,0.000000,0.000000
0.25,30,engagement_g00_d5.0,2933,148,0.050460,112.500242,106.823449,108.823449,108.823449,0.000000,0.000000
0.25,30,engagement_g00_d10.0,2933,123,0.041937,111.716421,107.031416,109.031416,109.031416,0.000000,0.000000
0.25,30,engagement_g05_d0.0,2933,172,0.058643,112.705303,106.095923,108.095923,108.095923,0.000000,0.000000
0.25,30,engagement_g05_d0.25,2933,168,0.057279,112.484984,106.041930,108.041930,108.041930,0.000000,0.000000
0.25,30,engagement_g05_d0.5,2933,167,0.056938,112.011251,105.633522,107.633522,107.633522,0.000000,0.000000
0.25,30,engagement_g05_d1.0,2933,163,0.055574,111.979241,105.756051,107.756051,107.756051,0.000000,0.000000
0.25,30,engagement_g05_d2.0,2933,144,0.049096,111.703635,106.219379,108.219379,108.219379,0.000000,0.000000
0.25,30,engagement_g05_d5.0,2933,129,0.043982,109.806274,104.976745,106.976745,106.976745,0.000000,0.000000
0.25,30,engagement_g05_d10.0,2933,137,0.046710,104.169549,99.303804,101.303804,101.303804,0.000000,0.000000
0.25,30,oracle_a1,2933,849,0.289465,42.195172,29.981159,31.981159,31.981159,0.000000,0.000000
