dominant_peer_ratio,seed,policy_id,total_requests,mean_latency_ms,p95_latency_ms,migration_count,max_requests_per_peer,request_imbalance
0.85,1,static,3072,92.240291,192.868599,0,1224,7.968750
0.85,1,nearest,3072,95.292062,192.868599,25,629,4.095052
0.85,1,naive_target_aware,3072,37.061402,161.725735,150,181,1.178385
0.85,1,engagement_g00_d0.0,3072,37.061402,161.725735,150,181,1.178385
0.85,1,engagement_g00_d0.25,3072,42.286703,164.319146,150,186,1.210938
0.85,1,engagement_g00_d0.5,3072,44.684462,176.547986,150,186,1.210938
0.85,1,engagement_g00_d1.0,3072,48.474316,180.419762,150,189,1.230469
0.85,1,engagement_g00_d2.0,3072,55.951391,184.634696,150,194,1.263021
0.85,1,engagement_g00_d5.0,3072,76.366469,184.634696,150,204,1.328125
0.85,1,engagement_g00_d10.0,3072,99.613281,184.634696,62,266,1.731771
0.85,1,engagement_g05_d0.0,3072,37.681801,162.396143,149,178,1.158854
0.85,1,engagement_g05_d0.25,3072,42.269208,166.446936,149,185,1.204427
0.85,1,engagement_g05_d0.5,3072,44.532237,176.547986,149,185,1.204427
0.85,1,engagement_g05_d1.0,3072,48.299111,180.419762,149,189,1.230469
0.85,1,engagement_g05_d2.0,3072,55.681435,184.634696,149,194,1.263021
0.85,1,engagement_g05_d5.0,3072,76.033026,184.634696,149,204,1.328125
0.85,1,engagement_g05_d10.0,3072,98.843225,184.634696,53,338,2.200521
0.85,1,oracle_a1,3072,9.513081,55.074067,661,245,1.595052
0.85,2,static,3076,97.711860,187.852690,0,1260,8.192458
0.85,2,nearest,3076,87.885892,188.329955,5,1206,7.841352
0.85,2,naive_target_aware,3076,44.422502,184.839288,152,199,1.293888
0.85,2,engagement_g00_d0.0,3076,44.422502,184.839288,152,199,1.293888
0.85,2,engagement_g00_d0.25,3076,52.152182,195.394846,150,196,1.274382
0.85,2,engagement_g00_d0.5,3076,54.042589,195.394846,150,197,1.280884
0.85,2,engagement_g00_d1.0,3076,58.637119,195.394846,150,191,1.241873
0.85,2,engagement_g00_d2.0,3076,68.389769,198.371029,149,200,1.300390
0.85,2,engagement_g00_d5.0,3076,95.308878,198.371029,148,209,1.358908
0.85,2,engagement_g00_d10.0,3076,111.132834,191.478106,59,352,2.288687
0.85,2,engagement_g05_d0.0,3076,45.005687,185.294586,152,199,1.293888
0.85,2,engagement_g05_d0.25,3076,52.192358,195.394846,150,196,1.274382
0.85,2,engagement_g05_d0.5,3076,54.082765,195.394846,150,197,1.280884
0.85,2,engagement_g05_d1.0,3076,58.677296,195.394846,150,191,1.241873
0.85,2,engagement_g05_d2.0,3076,68.389769,198.371029,149,200,1.300390
0.85,2,engagement_g05_d5.0,3076,94.673076,198.371029,147,209,1.358908
0.85,2,engagement_g05_d10.0,3076,108.304731,191.478106,50,352,2.288687
0.85,2,oracle_a1,3076,9.541625,56.070585,620,233,1.514954
0.85,3,static,2993,94.786623,186.923839,0,620,4.143000
0.85,3,nearest,2993,91.008822,175.873447,5,1175,7.851654
0.85,3,naive_target_aware,2993,41.976926,169.465924,153,183,1.222853
0.85,3,engagement_g00_d0.0,2993,41.976926,169.465924,153,183,1.222853
0.85,3,engagement_g00_d0.25,2993,48.644618,169.465924,151,182,1.216171
0.85,3,engagement_g00_d0.5,2993,50.765148,169.465924,150,182,1.216171
0.85,3,engagement_g00_d1.0,2993,55.048309,175.033200,150,174,1.162713
0.85,3,engagement_g00_d2.0,2993,63.975625,185.560987,150,173,1.156031
0.85,3,engagement_g00_d5.0,2993,89.584532,186.106128,147,185,1.236218
0.85,3,engagement_g00_d10.0,2993,105.462208,188.906630,58,286,1.911126
0.85,3,engagement_g05_d0.0,2993,42.974380,169.465924,153,184,1.229536
0.85,3,engagement_g05_d0.25,2993,48.749092,169.465924,151,182,1.216171
0.85,3,engagement_g05_d0.5,2993,50.789221,169.465924,150,182,1.216171
0.85,3,engagement_g05_d1.0,2993,55.067494,175.033200,150,174,1.162713
0.85,3,engagement_g05_d2.0,2993,63.975625,185.560987,150,173,1.156031
0.85,3,engagement_g05_d5.0,2993,89.584532,186.106128,147,185,1.236218
0.85,3,engagement_g05_d10.0,2993,107.481895,188.906630,53,326,2.178416
0.85,3,oracle_a1,2993,9.570423,53.641915,570,189,1.262947
0.85,4,static,2947,102.474367,193.697416,0,606,4.112657
0.85,4,nearest,2947,98.946037,189.576396,4,606,4.112657
0.85,4,naive_target_aware,2947,45.256369,171.177543,154,219,1.486257
0.85,4,engagement_g00_d0.0,2947,45.256369,171.177543,154,219,1.486257
0.85,4,engagement_g00_d0.25,2947,52.733287,178.507730,150,218,1.479471
0.85,4,engagement_g00_d0.5,2947,54.739488,179.622313,150,221,1.499830
0.85,4,engagement_g00_d1.0,2947,58.483899,183.504948,150,218,1.479471
0.85,4,engagement_g00_d2.0,2947,67.159894,191.389529,150,226,1.533763
0.85,4,engagement_g00_d5.0,2947,93.692416,193.368367,149,214,1.452324
0.85,4,engagement_g00_d10.0,2947,115.528928,195.798390,57,284,1.927384
0.85,4,engagement_g05_d0.0,2947,46.141335,171.177543,152,218,1.479471
0.85,4,engagement_g05_d0.25,2947,52.803184,178.796905,150,218,1.479471
0.85,4,engagement_g05_d0.5,2947,54.809386,179.622313,150,221,1.499830
0.85,4,engagement_g05_d1.0,2947,58.551825,183.504948,150,218,1.479471
0.85,4,engagement_g05_d2.0,2947,67.159894,191.389529,150,226,1.533763
0.85,4,engagement_g05_d5.0,2947,93.822750,193.368367,147,214,1.452324
0.85,4,engagement_g05_d10.0,2947,112.898901,195.798390,49,360,2.443163
0.85,4,oracle_a1,2947,9.265601,43.394165,666,235,1.594842
0.85,5,static,2961,100.259387,188.688177,0,1225,8.274232
0.85,5,nearest,2961,100.010200,185.423886,6,626,4.228301
0.85,5,naive_target_aware,2961,47.190579,180.936103,154,190,1.283350
0.85,5,engagement_g00_d0.0,2961,47.190579,180.936103,154,190,1.283350
0.85,5,engagement_g00_d0.25,2961,54.351151,180.936103,151,191,1.290105
0.85,5,engagement_g00_d0.5,2961,57.057268,180.936103,151,192,1.296859
0.85,5,engagement_g00_d1.0,2961,61.624566,187.323161,150,185,1.249578
0.85,5,engagement_g00_d2.0,2961,70.667656,196.075920,149,187,1.263087
0.85,5,engagement_g00_d5.0,2961,97.996778,196.075920,148,205,1.384667
0.85,5,engagement_g00_d10.0,2961,108.118683,196.075920,48,479,3.235393
0.85,5,engagement_g05_d0.0,2961,48.624413,180.936103,151,194,1.310368
0.85,5,engagement_g05_d0.25,2961,54.734206,180.936103,150,192,1.296859
0.85,5,engagement_g05_d0.5,2961,57.445101,180.936103,150,192,1.296859
0.85,5,engagement_g05_d1.0,2961,61.736349,187.323161,150,185,1.249578
0.85,5,engagement_g05_d2.0,2961,70.667656,196.075920,149,187,1.263087
0.85,5,engagement_g05_d5.0,2961,97.985228,196.075920,147,205,1.384667
0.85,5,engagement_g05_d10.0,2961,109.534012,196.226590,36,512,3.458291
0.85,5,oracle_a1,2961,11.377666,61.083220,637,199,1.344140
0.85,6,static,2952,102.003855,191.861847,0,1121,7.594851
0.85,6,nearest,2952,107.885483,191.861847,4,1789,12.120596
0.85,6,naive_target_aware,2952,41.643569,178.721953,150,199,1.348238
0.85,6,engagement_g00_d0.0,2952,41.643569,178.721953,150,199,1.348238
0.85,6,engagement_g00_d0.25,2952,48.096706,185.692290,150,199,1.348238
0.85,6,engagement_g00_d0.5,2952,49.528943,185.692290,150,202,1.368564
0.85,6,engagement_g00_d1.0,2952,54.006758,189.900942,150,199,1.348238
0.85,6,engagement_g00_d2.0,2952,61.602094,189.900942,150,201,1.361789
0.85,6,engagement_g00_d5.0,2952,86.362239,194.665214,148,202,1.368564
0.85,6,engagement_g00_d10.0,2952,105.142396,194.665214,55,392,2.655827
0.85,6,engagement_g05_d0.0,2952,42.922024,179.042980,150,197,1.334688
0.85,6,engagement_g05_d0.25,2952,48.126174,185.692290,150,199,1.348238
0.85,6,engagement_g05_d0.5,2952,49.541923,185.692290,150,202,1.368564
0.85,6,engagement_g05_d1.0,2952,54.019738,189.900942,150,199,1.348238
0.85,6,engagement_g05_d2.0,2952,61.602094,189.900942,150,201,1.361789
0.85,6,engagement_g05_d5.0,2952,86.056506,194.665214,147,213,1.443089
0.85,6,engagement_g05_d10.0,2952,103.360543,194.665214,49,392,2.655827
0.85,6,oracle_a1,2952,9.430288,45.914867,648,319,2.161247
0.85,7,static,2971,113.041459,194.443616,0,1186,7.983844
0.85,7,nearest,2971,105.766907,190.860806,5,1156,7.781892
0.85,7,naive_target_aware,2971,43.627153,179.199864,150,241,1.622349
0.85,7,engagement_g00_d0.0,2971,43.627153,179.199864,150,241,1.622349
0.85,7,engagement_g00_d0.25,2971,50.544098,193.018501,150,238,1.602154
0.85,7,engagement_g00_d0.5,2971,52.686803,193.018501,150,240,1.615618
0.85,7,engagement_g00_d1.0,2971,57.408863,193.018501,150,243,1.635813
0.85,7,engagement_g00_d2.0,2971,67.049085,193.345003,150,238,1.602154
0.85,7,engagement_g00_d5.0,2971,94.487890,193.345003,148,234,1.575227
0.85,7,engagement_g00_d10.0,2971,118.474832,194.999538,55,402,2.706160
0.85,7,engagement_g05_d0.0,2971,44.678444,185.724990,150,242,1.629081
0.85,7,engagement_g05_d0.25,2971,50.608867,193.018501,150,239,1.608886
0.85,7,engagement_g05_d0.5,2971,52.741052,193.018501,150,240,1.615618
0.85,7,engagement_g05_d1.0,2971,57.420253,193.018501,150,243,1.635813
0.85,7,engagement_g05_d2.0,2971,67.049085,193.345003,150,238,1.602154
0.85,7,engagement_g05_d5.0,2971,94.270489,193.345003,146,234,1.575227
0.85,7,engagement_g05_d10.0,2971,115.684734,194.999538,51,402,2.706160
0.85,7,oracle_a1,2971,11.513904,68.653567,554,249,1.676203
0.85,8,static,2983,93.159509,180.007151,0,634,4.250754
0.85,8,nearest,2983,96.973950,192.593661,5,633,4.244050
0.85,8,naive_target_aware,2983,38.856227,157.596087,153,194,1.300704
0.85,8,engagement_g00_d0.0,2983,38.856227,157.596087,153,194,1.300704
0.85,8,engagement_g00_d0.25,2983,44.891761,161.579363,150,193,1.293999
0.85,8,engagement_g00_d0.5,2983,46.889339,161.579363,149,192,1.287295
0.85,8,engagement_g00_d1.0,2983,50.283905,161.579363,149,200,1.340932
0.85,8,engagement_g00_d2.0,2983,57.627388,161.579363,149,204,1.367751
0.85,8,engagement_g00_d5.0,2983,81.331220,173.921561,149,205,1.374455
0.85,8,engagement_g00_d10.0,2983,98.347863,180.007151,61,475,3.184713
0.85,8,engagement_g05_d0.0,2983,40.176754,159.390747,152,197,1.320818
0.85,8,engagement_g05_d0.25,2983,44.847991,161.579363,149,193,1.293999
0.85,8,engagement_g05_d0.5,2983,46.950604,161.579363,149,193,1.293999
0.85,8,engagement_g05_d1.0,2983,50.291674,161.579363,149,200,1.340932
0.85,8,engagement_g05_d2.0,2983,57.635157,161.579363,149,204,1.367751
0.85,8,engagement_g05_d5.0,2983,81.398194,173.921561,148,205,1.374455
0.85,8,engagement_g05_d10.0,2983,99.791075,183.754120,47,427,2.862890
0.85,8,oracle_a1,2983,9.825022,53.640485,557,268,1.796849
0.85,9,static,2932,94.637551,191.396320,0,619,4.222374
0.85,9,nearest,2932,107.868619,192.089223,5,1166,7.953615
0.85,9,naive_target_aware,2932,41.526672,189.481534,150,200,1.364256
0.85,9,engagement_g00_d0.0,2932,41.526672,189.481534,150,200,1.364256
0.85,9,engagement_g00_d0.25,2932,47.367661,192.089223,150,196,1.336971
0.85,9,engagement_g00_d0.5,2932,49.694475,192.089223,150,190,1.296044
0.85,9,engagement_g00_d1.0,2932,53.832057,192.089223,150,193,1.316508
0.85,9,engagement_g00_d2.0,2932,61.585209,192.089223,150,185,1.261937
0.85,9,engagement_g00_d5.0,2932,84.933824,195.736031,150,193,1.316508
0.85,9,engagement_g00_d10.0,2932,99.049539,192.089223,54,329,2.244202
0.85,9,engagement_g05_d0.0,2932,42.558120,191.129766,150,198,1.350614
0.85,9,engagement_g05_d0.25,2932,47.646703,192.089223,150,196,1.336971
0.85,9,engagement_g05_d0.5,2932,49.948696,192.089223,150,191,1.302865
0.85,9,engagement_g05_d1.0,2932,53.984787,192.089223,150,194,1.323329
0.85,9,engagement_g05_d2.0,2932,61.624502,192.089223,150,185,1.261937
0.85,9,engagement_g05_d5.0,2932,85.375012,195.736031,148,193,1.316508
0.85,9,engagement_g05_d10.0,2932,99.073838,191.396320,42,455,3.103683
0.85,9,oracle_a1,2932,10.490822,63.137559,539,200,1.364256
0.85,10,static,3006,105.775921,197.013378,0,645,4.291417
0.85,10,nearest,3006,86.059138,193.383493,5,1201,7.990685
0.85,10,naive_target_aware,3006,42.195069,174.752113,152,180,1.197605
0.85,10,engagement_g00_d0.0,3006,42.195069,174.752113,152,180,1.197605
0.85,10,engagement_g00_d0.25,3006,48.802305,179.693976,150,179,1.190951
0.85,10,engagement_g00_d0.5,3006,50.599253,179.693976,150,178,1.184298
0.85,10,engagement_g00_d1.0,3006,55.529379,179.693976,150,177,1.177645
0.85,10,engagement_g00_d2.0,3006,64.480943,179.693976,150,176,1.170991
0.85,10,engagement_g00_d5.0,3006,90.528258,193.932007,149,180,1.197605
0.85,10,engagement_g00_d10.0,3006,102.361503,193.932007,57,275,1.829674
0.85,10,engagement_g05_d0.0,3006,43.476691,177.238168,150,180,1.197605
0.85,10,engagement_g05_d0.25,3006,48.855212,179.693976,150,178,1.184298
0.85,10,engagement_g05_d0.5,3006,50.652161,179.693976,150,176,1.170991
0.85,10,engagement_g05_d1.0,3006,55.544248,179.693976,150,177,1.177645
0.85,10,engagement_g05_d2.0,3006,64.480943,179.693976,150,176,1.170991
0.85,10,engagement_g05_d5.0,3006,90.528258,193.932007,149,180,1.197605
0.85,10,engagement_g05_d10.0,3006,105.463173,193.932007,51,389,2.588157
0.85,10,oracle_a1,3006,10.288370,56.483967,545,253,1.683300
0.85,11,static,3002,103.092487,190.037967,0,1161,7.734843
0.85,11,nearest,3002,101.712789,195.914883,39,604,4.023984
0.85,11,naive_target_aware,3002,44.752829,187.498037,151,187,1.245836
0.85,11,engagement_g00_d0.0,3002,44.752829,187.498037,151,187,1.245836
0.85,11,engagement_g00_d0.25,3002,51.493803,190.037967,151,186,1.239174
0.85,11,engagement_g00_d0.5,3002,53.607115,190.037967,151,185,1.232512
0.85,11,engagement_g00_d1.0,3002,58.135602,190.037967,151,180,1.199201
0.85,11,engagement_g00_d2.0,3002,67.646651,195.195911,150,185,1.232512
0.85,11,engagement_g00_d5.0,3002,95.439025,195.195911,149,179,1.192538
0.85,11,engagement_g00_d10.0,3002,101.498878,195.914883,56,373,2.485010
0.85,11,engagement_g05_d0.0,3002,45.874352,187.660757,151,186,1.239174
0.85,11,engagement_g05_d0.25,3002,51.646681,190.037967,151,185,1.232512
0.85,11,engagement_g05_d0.5,3002,53.795553,190.037967,150,184,1.225849
0.85,11,engagement_g05_d1.0,3002,58.207332,190.037967,150,180,1.199201
0.85,11,engagement_g05_d2.0,3002,67.646651,195.195911,150,185,1.232512
0.85,11,engagement_g05_d5.0,3002,95.439025,195.195911,149,179,1.192538
0.85,11,engagement_g05_d10.0,3002,100.879960,195.914883,46,329,2.191872
0.85,11,oracle_a1,3002,10.185888,60.752079,634,223,1.485676
0.85,12,static,3026,98.875820,184.968476,0,623,4.117647
0.85,12,nearest,3026,113.138327,189.520886,5,1221,8.070059
0.85,12,naive_target_aware,3026,42.295731,169.034157,152,209,1.381362
0.85,12,engagement_g00_d0.0,3026,42.295731,169.034157,152,209,1.381362
0.85,12,engagement_g00_d0.25,3026,48.894739,178.649194,150,214,1.414408
0.85,12,engagement_g00_d0.5,3026,51.189523,181.457261,150,218,1.440846
0.85,12,engagement_g00_d1.0,3026,55.683080,182.837802,150,220,1.454065
0.85,12,engagement_g00_d2.0,3026,65.359578,182.837802,150,213,1.407799
0.85,12,engagement_g00_d5.0,3026,91.129839,184.968476,148,216,1.427627
0.85,12,engagement_g00_d10.0,3026,95.574175,182.837802,63,312,2.062128
0.85,12,engagement_g05_d0.0,3026,43.102756,169.752573,152,205,1.354924
0.85,12,engagement_g05_d0.25,3026,48.999062,178.649194,150,214,1.414408
0.85,12,engagement_g05_d0.5,3026,51.300384,181.457261,150,218,1.440846
0.85,12,engagement_g05_d1.0,3026,55.738079,182.837802,150,220,1.454065
0.85,12,engagement_g05_d2.0,3026,65.359578,182.837802,150,213,1.407799
0.85,12,engagement_g05_d5.0,3026,91.139095,184.968476,148,215,1.421018
0.85,12,engagement_g05_d10.0,3026,94.397096,184.835031,50,496,3.278255
0.85,12,oracle_a1,3026,9.489922,51.226505,679,291,1.923331
0.85,13,static,3014,95.697893,193.946928,0,615,4.080956
0.85,13,nearest,3014,102.990172,194.096605,23,867,5.753152
0.85,13,naive_target_aware,3014,39.584210,166.232299,153,179,1.187790
0.85,13,engagement_g00_d0.0,3014,39.584210,166.232299,153,179,1.187790
0.85,13,engagement_g00_d0.25,3014,45.249656,172.803827,150,180,1.194426
0.85,13,engagement_g00_d0.5,3014,46.788976,172.803827,150,177,1.174519
0.85,13,engagement_g00_d1.0,3014,50.806942,172.803827,150,175,1.161248
0.85,13,engagement_g00_d2.0,3014,59.394273,172.803827,150,179,1.187790
0.85,13,engagement_g00_d5.0,3014,81.407126,183.428199,148,186,1.234240
0.85,13,engagement_g00_d10.0,3014,93.965648,179.284023,57,330,2.189781
0.85,13,engagement_g05_d0.0,3014,40.669446,169.892357,153,177,1.174519
0.85,13,engagement_g05_d0.25,3014,45.470800,172.803827,150,179,1.187790
0.85,13,engagement_g05_d0.5,3014,47.016589,172.803827,150,177,1.174519
0.85,13,engagement_g05_d1.0,3014,50.990250,172.803827,150,175,1.161248
0.85,13,engagement_g05_d2.0,3014,59.432561,172.803827,150,179,1.187790
0.85,13,engagement_g05_d5.0,3014,81.407126,183.428199,148,186,1.234240
0.85,13,engagement_g05_d10.0,3014,97.530407,190.447507,43,382,2.534837
0.85,13,oracle_a1,3014,9.711165,53.721911,640,215,1.426676
0.85,14,static,3050,103.353113,197.316406,0,633,4.150820
0.85,14,nearest,3050,112.739850,194.444810,5,1208,7.921311
0.85,14,naive_target_aware,3050,41.777575,175.019182,151,189,1.239344
0.85,14,engagement_g00_d0.0,3050,41.777575,175.019182,151,189,1.239344
0.85,14,engagement_g00_d0.25,3050,48.184753,175.588120,150,192,1.259016
0.85,14,engagement_g00_d0.5,3050,50.132521,175.588120,150,186,1.219672
0.85,14,engagement_g00_d1.0,3050,53.744923,177.955835,150,184,1.206557
0.85,14,engagement_g00_d2.0,3050,61.464532,181.039467,150,187,1.226230
0.85,14,engagement_g00_d5.0,3050,86.549522,184.698904,150,191,1.252459
0.85,14,engagement_g00_d10.0,3050,114.100295,196.004517,59,311,2.039344
0.85,14,engagement_g05_d0.0,3050,42.733873,175.588120,151,186,1.219672
0.85,14,engagement_g05_d0.25,3050,48.310093,175.588120,150,190,1.245902
0.85,14,engagement_g05_d0.5,3050,50.244941,175.588120,150,185,1.213115
0.85,14,engagement_g05_d1.0,3050,53.857344,177.955835,150,183,1.200000
0.85,14,engagement_g05_d2.0,3050,61.508212,181.039467,150,187,1.226230
0.85,14,engagement_g05_d5.0,3050,86.286479,181.039467,149,191,1.252459
0.85,14,engagement_g05_d10.0,3050,111.388864,189.461261,48,314,2.059016
0.85,14,oracle_a1,3050,10.749257,64.792871,603,207,1.357377
0.85,15,static,3022,100.941609,194.911133,0,1227,8.120450
0.85,15,nearest,3022,110.051886,194.911133,4,629,4.162806
0.85,15,naive_target_aware,3022,42.232679,173.575654,150,222,1.469226
0.85,15,engagement_g00_d0.0,3022,42.232679,173.575654,150,222,1.469226
0.85,15,engagement_g00_d0.25,3022,48.151960,186.792732,150,214,1.416281
0.85,15,engagement_g00_d0.5,3022,50.143364,186.809854,150,214,1.416281
0.85,15,engagement_g00_d1.0,3022,53.931979,186.809854,150,218,1.442753
0.85,15,engagement_g00_d2.0,3022,63.000574,186.809854,150,213,1.409662
0.85,15,engagement_g00_d5.0,3022,88.767277,194.739933,150,227,1.502316
0.85,15,engagement_g00_d10.0,3022,119.240435,196.636025,55,440,2.911979
0.85,15,engagement_g05_d0.0,3022,43.790672,176.271473,150,224,1.482462
0.85,15,engagement_g05_d0.25,3022,48.633243,186.809854,150,215,1.422899
0.85,15,engagement_g05_d0.5,3022,50.431334,186.809854,150,215,1.422899
0.85,15,engagement_g05_d1.0,3022,54.161421,186.809854,150,219,1.449371
0.85,15,engagement_g05_d2.0,3022,63.000574,186.809854,150,213,1.409662
0.85,15,engagement_g05_d5.0,3022,89.602874,194.911133,148,227,1.502316
0.85,15,engagement_g05_d10.0,3022,117.953317,195.650625,46,506,3.348776
0.85,15,oracle_a1,3022,10.797526,60.089998,561,223,1.475844
0.85,16,static,3097,89.802584,187.034514,0,1200,7.749435
0.85,16,nearest,3097,96.412332,172.233473,5,642,4.145948
0.85,16,naive_target_aware,3097,38.223358,166.579226,149,178,1.149500
0.85,16,engagement_g00_d0.0,3097,38.223358,166.579226,149,178,1.149500
0.85,16,engagement_g00_d0.25,3097,44.504031,169.704246,149,180,1.162415
0.85,16,engagement_g00_d0.5,3097,46.175206,173.762149,148,183,1.181789
0.85,16,engagement_g00_d1.0,3097,50.050577,181.592580,148,185,1.194705
0.85,16,engagement_g00_d2.0,3097,58.316148,186.640998,148,183,1.181789
0.85,16,engagement_g00_d5.0,3097,81.116127,186.640998,148,188,1.214078
0.85,16,engagement_g00_d10.0,3097,93.845988,186.640998,53,309,1.995479
0.85,16,engagement_g05_d0.0,3097,39.329698,166.579226,149,180,1.162415
0.85,16,engagement_g05_d0.25,3097,44.578407,169.704246,149,179,1.155957
0.85,16,engagement_g05_d0.5,3097,46.249581,173.762149,148,182,1.175331
0.85,16,engagement_g05_d1.0,3097,50.050577,181.592580,148,185,1.194705
0.85,16,engagement_g05_d2.0,3097,58.316148,186.640998,148,183,1.181789
0.85,16,engagement_g05_d5.0,3097,80.762254,186.640998,147,186,1.201162
0.85,16,engagement_g05_d10.0,3097,93.188329,186.640998,48,393,2.537940
0.85,16,oracle_a1,3097,9.173584,57.150612,617,218,1.407814
0.85,17,static,2945,114.334605,191.935999,0,1800,12.224109
0.85,17,nearest,2945,90.475827,182.347704,4,1127,7.653650
0.85,17,naive_target_aware,2945,44.727215,168.334750,154,180,1.222411
0.85,17,engagement_g00_d0.0,2945,44.727215,168.334750,154,180,1.222411
0.85,17,engagement_g00_d0.25,2945,52.325277,168.363485,151,177,1.202037
0.85,17,engagement_g00_d0.5,2945,54.585024,168.363485,150,181,1.229202
0.85,17,engagement_g00_d1.0,2945,58.144550,168.363485,150,181,1.229202
0.85,17,engagement_g00_d2.0,2945,68.281059,168.636829,150,184,1.249576
0.85,17,engagement_g00_d5.0,2945,96.314442,168.705165,149,194,1.317487
0.85,17,engagement_g00_d10.0,2945,96.880706,191.935999,49,370,2.512733
0.85,17,engagement_g05_d0.0,2945,45.995869,168.363485,152,180,1.222411
0.85,17,engagement_g05_d0.25,2945,52.585357,168.363485,151,179,1.215620
0.85,17,engagement_g05_d0.5,2945,54.783144,168.363485,150,180,1.222411
0.85,17,engagement_g05_d1.0,2945,58.350527,168.363485,150,181,1.229202
0.85,17,engagement_g05_d2.0,2945,68.281059,168.636829,150,184,1.249576
0.85,17,engagement_g05_d5.0,2945,96.314442,168.705165,149,194,1.317487
0.85,17,engagement_g05_d10.0,2945,94.509948,191.935999,43,386,2.621392
0.85,17,oracle_a1,2945,9.582919,54.144634,641,240,1.629881
0.85,18,static,3040,101.471771,183.163229,0,1230,8.092105
0.85,18,nearest,3040,101.436625,195.269272,40,942,6.197368
0.85,18,naive_target_aware,3040,43.624107,183.088679,150,214,1.407895
0.85,18,engagement_g00_d0.0,3040,43.624107,183.088679,150,214,1.407895
0.85,18,engagement_g00_d0.25,3040,50.808987,183.088679,149,213,1.401316
0.85,18,engagement_g00_d0.5,3040,53.455661,183.088679,149,208,1.368421
0.85,18,engagement_g00_d1.0,3040,58.118325,183.163229,149,209,1.375000
0.85,18,engagement_g00_d2.0,3040,68.577238,189.391888,149,215,1.414474
0.85,18,engagement_g00_d5.0,3040,94.911085,189.391888,145,204,1.342105
0.85,18,engagement_g00_d10.0,3040,110.703199,197.247889,56,407,2.677632
0.85,18,engagement_g05_d0.0,3040,44.735436,183.088679,150,211,1.388158
0.85,18,engagement_g05_d0.25,3040,51.038576,183.088679,149,213,1.401316
0.85,18,engagement_g05_d0.5,3040,53.653565,183.088679,149,208,1.368421
0.85,18,engagement_g05_d1.0,3040,58.135825,183.163229,149,209,1.375000
0.85,18,engagement_g05_d2.0,3040,68.594739,189.391888,149,215,1.414474
0.85,18,engagement_g05_d5.0,3040,94.911085,189.391888,145,204,1.342105
0.85,18,engagement_g05_d10.0,3040,110.513614,195.269272,47,434,2.855263
0.85,18,oracle_a1,3040,9.129929,48.075846,642,221,1.453947
0.85,19,static,2979,108.131888,195.981932,0,604,4.055052
0.85,19,nearest,2979,103.249501,198.905499,16,1173,7.875126
0.85,19,naive_target_aware,2979,48.767082,189.934581,150,203,1.362873
0.85,19,engagement_g00_d0.0,2979,48.767082,189.934581,150,203,1.362873
0.85,19,engagement_g00_d0.25,2979,56.885295,191.995776,149,206,1.383014
0.85,19,engagement_g00_d0.5,2979,59.608901,191.995776,149,207,1.389728
0.85,19,engagement_g00_d1.0,2979,64.688032,191.995776,149,206,1.383014
0.85,19,engagement_g00_d2.0,2979,76.069791,195.290643,149,208,1.396442
0.85,19,engagement_g00_d5.0,2979,106.954502,198.905499,148,206,1.383014
0.85,19,engagement_g00_d10.0,2979,110.078129,195.876573,61,460,3.088285
0.85,19,engagement_g05_d0.0,2979,50.243415,190.862143,150,200,1.342732
0.85,19,engagement_g05_d0.25,2979,57.077627,191.995776,149,206,1.383014
0.85,19,engagement_g05_d0.5,2979,59.771025,191.995776,149,207,1.389728
0.85,19,engagement_g05_d1.0,2979,64.814927,191.995776,149,206,1.383014
0.85,19,engagement_g05_d2.0,2979,76.099999,195.290643,149,208,1.396442
0.85,19,engagement_g05_d5.0,2979,106.954502,198.905499,148,206,1.383014
0.85,19,engagement_g05_d10.0,2979,102.453393,195.864866,51,299,2.007385
0.85,19,oracle_a1,2979,9.178198,49.410941,724,275,1.846257
0.85,20,static,3045,105.769917,188.818412,0,636,4.177340
0.85,20,nearest,3045,102.342197,196.288496,33,920,6.042693
0.85,20,naive_target_aware,3045,42.994072,166.326868,154,193,1.267652
0.85,20,engagement_g00_d0.0,3045,42.994072,166.326868,154,193,1.267652
0.85,20,engagement_g00_d0.25,3045,49.674221,166.326868,150,198,1.300493
0.85,20,engagement_g00_d0.5,3045,51.746250,166.326868,150,194,1.274220
0.85,20,engagement_g00_d1.0,3045,56.329061,166.326868,150,190,1.247947
0.85,20,engagement_g00_d2.0,3045,66.406205,174.370808,150,192,1.261084
0.85,20,engagement_g00_d5.0,3045,91.355237,180.774747,149,191,1.254516
0.85,20,engagement_g00_d10.0,3045,108.843275,188.792542,49,383,2.515599
0.85,20,engagement_g05_d0.0,3045,44.113254,166.326868,152,199,1.307061
0.85,20,engagement_g05_d0.25,3045,49.858498,166.326868,150,199,1.307061
0.85,20,engagement_g05_d0.5,3045,51.881922,166.326868,150,195,1.280788
0.85,20,engagement_g05_d1.0,3045,56.355672,166.326868,150,190,1.247947
0.85,20,engagement_g05_d2.0,3045,66.451224,174.370808,150,193,1.267652
0.85,20,engagement_g05_d5.0,3045,91.541993,180.774747,148,199,1.307061
0.85,20,engagement_g05_d10.0,3045,106.756534,188.818412,42,346,2.272578
0.85,20,oracle_a1,3045,10.626512,57.967390,601,227,1.490969
0.85,21,static,3058,110.445692,197.070043,0,644,4.211903
0.85,21,nearest,3058,97.689132,188.161891,22,1197,7.828646
0.85,21,naive_target_aware,3058,45.608976,185.103585,149,182,1.190320
0.85,21,engagement_g00_d0.0,3058,45.608976,185.103585,149,182,1.190320
0.85,21,engagement_g00_d0.25,3058,52.693815,188.161891,149,180,1.177240
0.85,21,engagement_g00_d0.5,3058,55.361445,188.161891,149,182,1.190320
0.85,21,engagement_g00_d1.0,3058,60.638797,188.161891,149,184,1.203401
0.85,21,engagement_g00_d2.0,3058,70.334503,189.130716,149,187,1.223022
0.85,21,engagement_g00_d5.0,3058,101.152529,197.070043,148,206,1.347286
0.85,21,engagement_g00_d10.0,3058,112.863407,191.312631,58,351,2.295618
0.85,21,engagement_g05_d0.0,3058,46.686613,188.161891,149,181,1.183780
0.85,21,engagement_g05_d0.25,3058,52.788450,188.161891,149,180,1.177240
0.85,21,engagement_g05_d0.5,3058,55.392289,188.161891,149,182,1.190320
0.85,21,engagement_g05_d1.0,3058,60.638797,188.161891,149,184,1.203401
0.85,21,engagement_g05_d2.0,3058,70.334503,189.130716,149,187,1.223022
0.85,21,engagement_g05_d5.0,3058,100.728697,197.070043,147,206,1.347286
0.85,21,engagement_g05_d10.0,3058,110.201190,191.312631,51,422,2.759974
0.85,21,oracle_a1,3058,9.459443,51.440234,633,194,1.268803
0.85,22,static,3009,99.043137,196.376444,0,632,4.200731
0.85,22,nearest,3009,97.246805,182.201864,6,630,4.187438
0.85,22,naive_target_aware,3009,42.279796,172.116560,152,183,1.216351
0.85,22,engagement_g00_d0.0,3009,42.279796,172.116560,152,183,1.216351
0.85,22,engagement_g00_d0.25,3009,49.295056,182.615363,150,183,1.216351
0.85,22,engagement_g00_d0.5,3009,51.875355,182.615363,150,185,1.229644
0.85,22,engagement_g00_d1.0,3009,56.609541,182.615363,150,183,1.216351
0.85,22,engagement_g00_d2.0,3009,66.252315,183.029627,150,190,1.262878
0.85,22,engagement_g00_d5.0,3009,91.492577,183.029627,148,207,1.375872
0.85,22,engagement_g00_d10.0,3009,102.123404,184.725397,62,389,2.585577
0.85,22,engagement_g05_d0.0,3009,43.377924,173.341701,150,181,1.203057
0.85,22,engagement_g05_d0.25,3009,49.535010,182.615363,150,183,1.216351
0.85,22,engagement_g05_d0.5,3009,52.060614,182.615363,150,185,1.229644
0.85,22,engagement_g05_d1.0,3009,56.748936,182.615363,150,183,1.216351
0.85,22,engagement_g05_d2.0,3009,66.308580,183.029627,150,189,1.256231
0.85,22,engagement_g05_d5.0,3009,91.492577,183.029627,148,207,1.375872
0.85,22,engagement_g05_d10.0,3009,107.133791,184.725397,53,309,2.053838
0.85,22,oracle_a1,3009,9.324820,47.964298,629,243,1.615155
0.85,23,static,3060,102.050838,194.899730,0,637,4.163399
0.85,23,nearest,3060,92.752611,186.745361,5,1175,7.679739
0.85,23,naive_target_aware,3060,41.454344,180.166041,151,201,1.313725
0.85,23,engagement_g00_d0.0,3060,41.454344,180.166041,151,201,1.313725
0.85,23,engagement_g00_d0.25,3060,47.601119,180.166041,150,200,1.307190
0.85,23,engagement_g00_d0.5,3060,50.016141,180.166041,150,203,1.326797
0.85,23,engagement_g00_d1.0,3060,54.155834,186.584332,150,204,1.333333
0.85,23,engagement_g00_d2.0,3060,62.650072,186.584332,150,201,1.313725
0.85,23,engagement_g00_d5.0,3060,86.837826,186.584332,148,196,1.281046
0.85,23,engagement_g00_d10.0,3060,107.848007,191.138789,45,482,3.150327
0.85,23,engagement_g05_d0.0,3060,43.119684,180.166041,150,200,1.307190
0.85,23,engagement_g05_d0.25,3060,47.835394,180.166041,150,200,1.307190
0.85,23,engagement_g05_d0.5,3060,50.288683,182.874964,150,203,1.326797
0.85,23,engagement_g05_d1.0,3060,54.312049,186.584332,150,204,1.333333
0.85,23,engagement_g05_d2.0,3060,62.692055,186.584332,150,201,1.313725
0.85,23,engagement_g05_d5.0,3060,86.837826,186.584332,148,196,1.281046
0.85,23,engagement_g05_d10.0,3060,105.248258,190.886001,40,389,2.542484
0.85,23,oracle_a1,3060,10.074309,54.716805,636,240,1.568627
0.85,24,static,2894,98.667370,186.447964,0,606,4.187975
0.85,24,nearest,2894,97.011573,192.970243,44,996,6.883207
0.85,24,naive_target_aware,2894,45.204091,173.181004,154,176,1.216310
0.85,24,engagement_g00_d0.0,2894,45.204091,173.181004,154,176,1.216310
0.85,24,engagement_g00_d0.25,2894,51.842295,177.049886,150,179,1.237042
0.85,24,engagement_g00_d0.5,2894,54.395816,180.211191,150,180,1.243953
0.85,24,engagement_g00_d1.0,2894,59.062082,184.185850,150,179,1.237042
0.85,24,engagement_g00_d2.0,2894,67.839233,187.178480,150,176,1.216310
0.85,24,engagement_g00_d5.0,2894,94.928479,187.178480,150,173,1.195577
0.85,24,engagement_g00_d10.0,2894,106.225022,186.139226,52,518,3.579820
0.85,24,engagement_g05_d0.0,2894,46.605744,173.181004,152,176,1.216310
0.85,24,engagement_g05_d0.25,2894,51.990778,180.211191,150,179,1.237042
0.85,24,engagement_g05_d0.5,2894,54.520879,180.499415,150,180,1.243953
0.85,24,engagement_g05_d1.0,2894,59.123158,184.185850,150,179,1.237042
0.85,24,engagement_g05_d2.0,2894,67.839233,187.178480,150,176,1.216310
0.85,24,engagement_g05_d5.0,2894,95.120440,187.178480,150,173,1.195577
0.85,24,engagement_g05_d10.0,2894,105.798308,187.178480,46,470,3.248100
0.85,24,oracle_a1,2894,10.733364,66.003074,580,185,1.278507
0.85,25,static,2903,96.339283,188.040100,0,599,4.126765
0.85,25,nearest,2903,93.934726,191.922013,5,598,4.119876
0.85,25,naive_target_aware,2903,44.605066,182.031210,150,174,1.198760
0.85,25,engagement_g00_d0.0,2903,44.605066,182.031210,150,174,1.198760
0.85,25,engagement_g00_d0.25,2903,52.567978,186.155182,150,171,1.178092
0.85,25,engagement_g00_d0.5,2903,54.643871,186.155182,150,171,1.178092
0.85,25,engagement_g00_d1.0,2903,59.002376,186.155182,150,176,1.212539
0.85,25,engagement_g00_d2.0,2903,68.471076,189.465833,149,179,1.233207
0.85,25,engagement_g00_d5.0,2903,96.921508,189.465833,148,173,1.191870
0.85,25,engagement_g00_d10.0,2903,104.511731,191.922013,59,312,2.149501
0.85,25,engagement_g05_d0.0,2903,45.906150,182.031210,150,173,1.191870
0.85,25,engagement_g05_d0.25,2903,52.866762,186.155182,150,171,1.178092
0.85,25,engagement_g05_d0.5,2903,54.844158,186.155182,150,171,1.178092
0.85,25,engagement_g05_d1.0,2903,59.113745,186.155182,150,176,1.212539
0.85,25,engagement_g05_d2.0,2903,68.471076,189.465833,149,179,1.233207
0.85,25,engagement_g05_d5.0,2903,96.587642,189.465833,147,173,1.191870
0.85,25,engagement_g05_d10.0,2903,101.033078,189.662628,47,414,2.852222
0.85,25,oracle_a1,2903,9.718985,54.398190,583,210,1.446779
0.85,26,static,3057,109.547330,197.438792,0,662,4.331044
0.85,26,nearest,3057,111.512357,200.055703,4,661,4.324501
0.85,26,naive_target_aware,3057,43.743007,178.067835,150,183,1.197252
0.85,26,engagement_g00_d0.0,3057,43.743007,178.067835,150,183,1.197252
0.85,26,engagement_g00_d0.25,3057,50.270305,180.979658,150,185,1.210337
0.85,26,engagement_g00_d0.5,3057,52.348089,183.017272,150,183,1.197252
0.85,26,engagement_g00_d1.0,3057,57.538910,187.500424,150,181,1.184167
0.85,26,engagement_g00_d2.0,3057,65.716620,190.646567,149,187,1.223422
0.85,26,engagement_g00_d5.0,3057,92.485576,190.646567,148,191,1.249591
0.85,26,engagement_g00_d10.0,3057,107.785772,192.881960,57,349,2.283284
0.85,26,engagement_g05_d0.0,3057,44.679180,178.067835,150,183,1.197252
0.85,26,engagement_g05_d0.25,3057,50.460076,180.979658,150,185,1.210337
0.85,26,engagement_g05_d0.5,3057,52.469149,183.017272,150,183,1.197252
0.85,26,engagement_g05_d1.0,3057,57.591287,187.500424,150,181,1.184167
0.85,26,engagement_g05_d2.0,3057,65.716620,190.646567,149,187,1.223422
0.85,26,engagement_g05_d5.0,3057,92.180397,190.646567,147,191,1.249591
0.85,26,engagement_g05_d10.0,3057,108.172823,194.281119,49,396,2.590775
0.85,26,oracle_a1,3057,10.272160,50.880650,692,257,1.681387
0.85,27,static,2968,105.618880,189.703787,0,619,4.171159
0.85,27,nearest,2968,103.101916,189.802931,18,817,5.505391
0.85,27,naive_target_aware,2968,44.570322,170.601578,153,176,1.185984
0.85,27,engagement_g00_d0.0,2968,44.570322,170.601578,153,176,1.185984
0.85,27,engagement_g00_d0.25,2968,52.153564,173.733858,150,172,1.159030
0.85,27,engagement_g00_d0.5,2968,54.577516,173.733858,150,173,1.165768
0.85,27,engagement_g00_d1.0,2968,59.238475,173.733858,150,172,1.159030
0.85,27,engagement_g00_d2.0,2968,69.289460,173.733858,150,169,1.138814
0.85,27,engagement_g00_d5.0,2968,95.791999,174.930487,146,183,1.233154
0.85,27,engagement_g00_d10.0,2968,103.127655,174.930487,55,267,1.799191
0.85,27,engagement_g05_d0.0,2968,45.738454,170.601578,153,174,1.172507
0.85,27,engagement_g05_d0.25,2968,52.284502,173.733858,150,172,1.159030
0.85,27,engagement_g05_d0.5,2968,54.702220,173.733858,150,173,1.165768
0.85,27,engagement_g05_d1.0,2968,59.273373,173.733858,150,172,1.159030
0.85,27,engagement_g05_d2.0,2968,69.289460,173.733858,150,169,1.138814
0.85,27,engagement_g05_d5.0,2968,95.791999,174.930487,146,183,1.233154
0.85,27,engagement_g05_d10.0,2968,103.461158,184.186024,48,321,2.163073
0.85,27,oracle_a1,2968,10.307184,57.230046,551,210,1.415094
0.85,28,static,3014,115.391377,186.849985,0,1217,8.075647
0.85,28,nearest,3014,109.408210,194.189343,14,743,4.930325
0.85,28,naive_target_aware,3014,44.177287,190.111815,151,187,1.240876
0.85,28,engagement_g00_d0.0,3014,44.177287,190.111815,151,187,1.240876
0.85,28,engagement_g00_d0.25,3014,52.183032,197.117162,151,188,1.247512
0.85,28,engagement_g00_d0.5,3014,54.527581,197.117162,151,182,1.207697
0.85,28,engagement_g00_d1.0,3014,59.777673,197.117162,151,183,1.214333
0.85,28,engagement_g00_d2.0,3014,69.250353,198.002655,151,183,1.214333
0.85,28,engagement_g00_d5.0,3014,95.562932,198.002655,150,184,1.220969
0.85,28,engagement_g00_d10.0,3014,102.869438,198.002655,59,364,2.415395
0.85,28,engagement_g05_d0.0,3014,45.539818,190.111815,151,189,1.254147
0.85,28,engagement_g05_d0.25,3014,52.251110,197.117162,151,188,1.247512
0.85,28,engagement_g05_d0.5,3014,54.586003,197.117162,151,182,1.207697
0.85,28,engagement_g05_d1.0,3014,59.777673,197.117162,151,183,1.214333
0.85,28,engagement_g05_d2.0,3014,69.250353,198.002655,151,183,1.214333
0.85,28,engagement_g05_d5.0,3014,95.885700,198.002655,149,184,1.220969
0.85,28,engagement_g05_d10.0,3014,104.268071,199.029969,45,357,2.368945
0.85,28,oracle_a1,3014,9.412165,52.267913,640,255,1.692104
0.85,29,static,3063,94.622391,186.238844,0,1209,7.894221
0.85,29,nearest,3063,93.268475,188.917131,4,652,4.257264
0.85,29,naive_target_aware,3063,40.021238,165.280444,152,195,1.273262
0.85,29,engagement_g00_d0.0,3063,40.021238,165.280444,152,195,1.273262
0.85,29,engagement_g00_d0.25,3063,46.217530,165.280444,150,195,1.273262
0.85,29,engagement_g00_d0.5,3063,48.228166,167.626990,150,189,1.234084
0.85,29,engagement_g00_d1.0,3063,52.800116,177.094490,150,192,1.253673
0.85,29,engagement_g00_d2.0,3063,60.828139,178.517111,150,182,1.188377
0.85,29,engagement_g00_d5.0,3063,85.810670,183.924439,148,193,1.260202
0.85,29,engagement_g00_d10.0,3063,98.031661,183.675226,61,369,2.409403
0.85,29,engagement_g05_d0.0,3063,41.192449,165.280444,152,194,1.266732
0.85,29,engagement_g05_d0.25,3063,46.363763,165.280444,150,195,1.273262
0.85,29,engagement_g05_d0.5,3063,48.374400,169.925553,150,189,1.234084
0.85,29,engagement_g05_d1.0,3063,52.800116,177.094490,150,192,1.253673
0.85,29,engagement_g05_d2.0,3063,60.828139,178.517111,150,182,1.188377
0.85,29,engagement_g05_d5.0,3063,85.810670,183.924439,148,193,1.260202
0.85,29,engagement_g05_d10.0,3063,102.168803,183.924439,50,530,3.460659
0.85,29,oracle_a1,3063,9.313420,52.188610,603,325,2.122103
0.85,30,static,2933,104.925531,189.082593,0,1171,7.984998
0.85,30,nearest,2933,98.042951,185.901848,12,1699,11.585407
0.85,30,naive_target_aware,2933,47.753788,174.928036,152,213,1.452438
0.85,30,engagement_g00_d0.0,2933,47.753788,174.928036,152,213,1.452438
0.85,30,engagement_g00_d0.25,2933,55.383295,177.399181,150,214,1.459257
0.85,30,engagement_g00_d0.5,2933,58.127618,177.749561,150,212,1.445619
0.85,30,engagement_g00_d1.0,2933,62.911282,181.445079,150,216,1.472895
0.85,30,engagement_g00_d2.0,2933,71.880471,182.088827,150,211,1.438800
0.85,30,engagement_g00_d5.0,2933,103.832757,196.344076,148,205,1.397886
0.85,30,engagement_g00_d10.0,2933,120.792758,197.381945,63,335,2.284350
0.85,30,engagement_g05_d0.0,2933,48.870876,174.928036,152,215,1.466076
0.85,30,engagement_g05_d0.25,2933,55.570464,177.399181,150,214,1.459257
0.85,30,engagement_g05_d0.5,2933,58.276362,177.749561,150,212,1.445619
0.85,30,engagement_g05_d1.0,2933,62.951026,181.445079,150,216,1.472895
0.85,30,engagement_g05_d2.0,2933,71.880471,182.088827,150,211,1.438800
0.85,30,engagement_g05_d5.0,2933,103.477734,196.344076,147,205,1.397886
0.85,30,engagement_g05_d10.0,2933,121.079046,197.381945,58,352,2.400273
0.85,30,oracle_a1,2933,11.501288,65.221478,521,222,1.513808
0.7,1,static,3072,93.298614,184.634696,0,1224,7.968750
0.7,1,nearest,3072,96.123357,192.868599,25,629,4.095052
0.7,1,naive_target_aware,3072,47.475798,169.047569,167,183,1.191406
0.7,1,engagement_g00_d0.0,3072,47.475798,169.047569,167,183,1.191406
0.7,1,engagement_g00_d0.25,3072,51.780539,178.795416,155,187,1.217448
0.7,1,engagement_g00_d0.5,3072,53.670659,179.305450,153,186,1.210938
0.7,1,engagement_g00_d1.0,3072,56.422420,180.902468,151,189,1.230469
0.7,1,engagement_g00_d2.0,3072,62.665404,184.634696,151,192,1.250000
0.7,1,engagement_g00_d5.0,3072,77.838347,184.634696,148,203,1.321615
0.7,1,engagement_g00_d10.0,3072,96.330815,184.634696,61,275,1.790365
0.7,1,engagement_g05_d0.0,3072,50.336306,177.416116,151,189,1.230469
0.7,1,engagement_g05_d0.25,3072,52.725173,179.305450,149,187,1.217448
0.7,1,engagement_g05_d0.5,3072,54.110885,179.305450,149,186,1.210938
0.7,1,engagement_g05_d1.0,3072,56.517921,182.673446,149,189,1.230469
0.7,1,engagement_g05_d2.0,3072,62.305922,184.634696,149,192,1.250000
0.7,1,engagement_g05_d5.0,3072,78.683527,184.634696,143,214,1.393229
0.7,1,engagement_g05_d10.0,3072,99.734273,188.667076,40,394,2.565104
0.7,1,oracle_a1,3072,15.017813,60.991855,976,328,2.135417
0.7,2,static,3076,97.007522,187.852690,0,1260,8.192458
0.7,2,nearest,3076,89.320875,190.464828,5,1206,7.841352
0.7,2,naive_target_aware,3076,54.936778,190.464828,168,198,1.287386
0.7,2,engagement_g00_d0.0,3076,54.936778,190.464828,168,198,1.287386
0.7,2,engagement_g00_d0.25,3076,61.568512,193.294707,157,194,1.261378
0.7,2,engagement_g00_d0.5,3076,63.394680,193.819742,157,195,1.267880
0.7,2,engagement_g00_d1.0,3076,66.346487,195.394846,154,192,1.248375
0.7,2,engagement_g00_d2.0,3076,74.324957,195.394846,150,201,1.306892
0.7,2,engagement_g00_d5.0,3076,96.043041,198.371029,146,213,1.384915
0.7,2,engagement_g00_d10.0,3076,105.244580,191.478106,59,393,2.555267
0.7,2,engagement_g05_d0.0,3076,58.739956,191.712240,151,195,1.267880
0.7,2,engagement_g05_d0.25,3076,62.589941,193.294707,151,189,1.228869
0.7,2,engagement_g05_d0.5,3076,64.228302,195.394846,150,188,1.222367
0.7,2,engagement_g05_d1.0,3076,67.008544,195.394846,149,192,1.248375
0.7,2,engagement_g05_d2.0,3076,74.710042,195.394846,148,201,1.306892
0.7,2,engagement_g05_d5.0,3076,95.401089,198.371029,141,224,1.456437
0.7,2,engagement_g05_d10.0,3076,107.006290,191.478106,31,656,4.265280
0.7,2,oracle_a1,3076,15.558655,67.477678,961,314,2.041612
0.7,3,static,2993,95.426920,191.259772,0,620,4.143000
0.7,3,nearest,2993,90.930599,175.873447,5,1175,7.851654
0.7,3,naive_target_aware,2993,53.685799,179.525776,162,181,1.209489
0.7,3,engagement_g00_d0.0,2993,53.685799,179.525776,162,181,1.209489
0.7,3,engagement_g00_d0.25,2993,58.932757,181.556404,158,181,1.209489
0.7,3,engagement_g00_d0.5,2993,60.683238,184.089134,157,177,1.182760
0.7,3,engagement_g00_d1.0,2993,63.883240,185.560987,155,170,1.135984
0.7,3,engagement_g00_d2.0,2993,71.265758,185.560987,151,175,1.169395
0.7,3,engagement_g00_d5.0,2993,92.336485,187.716955,147,185,1.236218
0.7,3,engagement_g00_d10.0,2993,101.054856,185.560987,57,265,1.770799
0.7,3,engagement_g05_d0.0,2993,58.753081,184.089134,156,177,1.182760
0.7,3,engagement_g05_d0.25,2993,60.983863,185.560987,150,185,1.236218
0.7,3,engagement_g05_d0.5,2993,62.198081,185.560987,149,186,1.242900
0.7,3,engagement_g05_d1.0,2993,65.050402,185.560987,149,176,1.176078
0.7,3,engagement_g05_d2.0,2993,72.109412,185.560987,149,181,1.209489
0.7,3,engagement_g05_d5.0,2993,92.791832,186.923839,143,196,1.309723
0.7,3,engagement_g05_d10.0,2993,104.506904,181.929805,30,313,2.091547
0.7,3,oracle_a1,2993,16.342900,64.078565,899,284,1.897761
0.7,4,static,2947,101.990230,193.697416,0,606,4.112657
0.7,4,nearest,2947,99.189437,189.576396,4,606,4.112657
0.7,4,naive_target_aware,2947,54.144022,177.832987,156,218,1.479471
0.7,4,engagement_g00_d0.0,2947,54.144022,177.832987,156,218,1.479471
0.7,4,engagement_g00_d0.25,2947,59.297326,179.622313,152,214,1.452324
0.7,4,engagement_g00_d0.5,2947,61.050391,181.651791,152,213,1.445538
0.7,4,engagement_g00_d1.0,2947,63.949452,182.201976,152,214,1.452324
0.7,4,engagement_g00_d2.0,2947,71.629505,187.741064,150,216,1.465898
0.7,4,engagement_g00_d5.0,2947,94.556308,193.368367,148,217,1.472684
0.7,4,engagement_g00_d10.0,2947,110.907281,195.798390,63,319,2.164913
0.7,4,engagement_g05_d0.0,2947,59.141036,179.626370,151,206,1.398032
0.7,4,engagement_g05_d0.25,2947,61.658117,181.651791,151,205,1.391245
0.7,4,engagement_g05_d0.5,2947,63.054074,182.201976,151,205,1.391245
0.7,4,engagement_g05_d1.0,2947,65.364510,183.504948,150,205,1.391245
0.7,4,engagement_g05_d2.0,2947,72.224527,188.048308,150,210,1.425178
0.7,4,engagement_g05_d5.0,2947,94.857882,193.368367,143,251,1.703427
0.7,4,engagement_g05_d10.0,2947,104.837064,193.697416,35,377,2.558534
0.7,4,oracle_a1,2947,14.694471,63.403429,1017,238,1.615202
0.7,5,static,2961,101.075263,188.688177,0,1225,8.274232
0.7,5,nearest,2961,101.057000,185.158119,6,626,4.228301
0.7,5,naive_target_aware,2961,57.535094,180.936103,169,193,1.303614
0.7,5,engagement_g00_d0.0,2961,57.535094,180.936103,169,193,1.303614
0.7,5,engagement_g00_d0.25,2961,62.943238,185.158119,152,196,1.323877
0.7,5,engagement_g00_d0.5,2961,65.039104,185.423886,150,192,1.296859
0.7,5,engagement_g00_d1.0,2961,68.192740,187.323161,150,186,1.256332
0.7,5,engagement_g00_d2.0,2961,75.869673,192.376458,149,190,1.283350
0.7,5,engagement_g00_d5.0,2961,99.136169,196.075920,148,197,1.330632
0.7,5,engagement_g00_d10.0,2961,103.883456,188.688177,59,293,1.979061
0.7,5,engagement_g05_d0.0,2961,62.838587,180.936103,151,179,1.209051
0.7,5,engagement_g05_d0.25,2961,65.122199,185.158119,148,177,1.195542
0.7,5,engagement_g05_d0.5,2961,66.781917,185.423886,148,176,1.188788
0.7,5,engagement_g05_d1.0,2961,69.207768,187.323161,148,179,1.209051
0.7,5,engagement_g05_d2.0,2961,76.195035,192.376458,146,181,1.222560
0.7,5,engagement_g05_d5.0,2961,98.206533,196.075920,141,199,1.344140
0.7,5,engagement_g05_d10.0,2961,109.175323,198.889506,28,380,2.566700
0.7,5,oracle_a1,2961,17.041772,69.657110,913,237,1.600811
0.7,6,static,2952,101.879547,189.900942,0,1121,7.594851
0.7,6,nearest,2952,107.041237,191.861847,4,1789,12.120596
0.7,6,naive_target_aware,2952,51.973545,185.829266,158,195,1.321138
0.7,6,engagement_g00_d0.0,2952,51.973545,185.829266,158,195,1.321138
0.7,6,engagement_g00_d0.25,2952,57.304355,188.810993,152,194,1.314363
0.7,6,engagement_g00_d0.5,2952,58.743178,189.730532,150,195,1.321138
0.7,6,engagement_g00_d1.0,2952,62.608404,189.900942,150,194,1.314363
0.7,6,engagement_g00_d2.0,2952,69.686074,189.900942,150,196,1.327913
0.7,6,engagement_g00_d5.0,2952,89.286864,194.665214,147,197,1.334688
0.7,6,engagement_g00_d10.0,2952,102.431151,194.665214,60,337,2.283198
0.7,6,engagement_g05_d0.0,2952,56.727148,187.753451,151,194,1.314363
0.7,6,engagement_g05_d0.25,2952,59.121541,189.730532,150,193,1.307588
0.7,6,engagement_g05_d0.5,2952,59.979978,189.900942,150,193,1.307588
0.7,6,engagement_g05_d1.0,2952,63.142171,189.900942,149,194,1.314363
0.7,6,engagement_g05_d2.0,2952,70.156632,189.900942,149,196,1.327913
0.7,6,engagement_g05_d5.0,2952,89.678583,197.055575,141,210,1.422764
0.7,6,engagement_g05_d10.0,2952,102.685921,194.440639,32,580,3.929539
0.7,6,oracle_a1,2952,15.142107,70.330017,918,519,3.516260
0.7,7,static,2971,112.415223,194.999538,0,1186,7.983844
0.7,7,nearest,2971,106.327140,190.860806,5,1156,7.781892
0.7,7,naive_target_aware,2971,56.483706,191.524629,165,245,1.649276
0.7,7,engagement_g00_d0.0,2971,56.483706,191.524629,165,245,1.649276
0.7,7,engagement_g00_d0.25,2971,61.537530,193.018501,155,242,1.629081
0.7,7,engagement_g00_d0.5,2971,63.549405,193.018501,154,240,1.615618
0.7,7,engagement_g00_d1.0,2971,67.265089,193.018501,151,247,1.662740
0.7,7,engagement_g00_d2.0,2971,75.988673,193.345003,150,240,1.615618
0.7,7,engagement_g00_d5.0,2971,97.342579,193.345003,144,233,1.568495
0.7,7,engagement_g00_d10.0,2971,118.228759,193.345003,57,353,2.376304
0.7,7,engagement_g05_d0.0,2971,60.961061,193.018501,149,249,1.676203
0.7,7,engagement_g05_d0.25,2971,63.209167,193.018501,149,246,1.656008
0.7,7,engagement_g05_d0.5,2971,64.910853,193.018501,149,245,1.649276
0.7,7,engagement_g05_d1.0,2971,68.312206,193.018501,149,248,1.669472
0.7,7,engagement_g05_d2.0,2971,76.893574,193.345003,148,240,1.615618
0.7,7,engagement_g05_d5.0,2971,97.784857,193.345003,138,239,1.608886
0.7,7,engagement_g05_d10.0,2971,111.423328,194.999538,32,399,2.685964
0.7,7,oracle_a1,2971,18.567817,88.435981,861,287,1.932009
0.7,8,static,2983,93.767940,180.007151,0,634,4.250754
0.7,8,nearest,2983,97.500054,192.593661,5,633,4.244050
0.7,8,naive_target_aware,2983,52.413277,169.424105,158,199,1.334227
0.7,8,engagement_g00_d0.0,2983,52.413277,169.424105,158,199,1.334227
0.7,8,engagement_g00_d0.25,2983,57.009788,170.713949,151,199,1.334227
0.7,8,engagement_g00_d0.5,2983,59.176780,173.499046,151,196,1.314113
0.7,8,engagement_g00_d1.0,2983,61.727057,173.808501,150,197,1.320818
0.7,8,engagement_g00_d2.0,2983,67.515974,173.910255,149,206,1.381160
0.7,8,engagement_g00_d5.0,2983,85.636354,180.742985,148,197,1.320818
0.7,8,engagement_g00_d10.0,2983,99.642972,185.761014,58,362,2.427087
0.7,8,engagement_g05_d0.0,2983,57.294177,170.713949,154,192,1.287295
0.7,8,engagement_g05_d0.25,2983,59.007531,170.713949,150,193,1.293999
0.7,8,engagement_g05_d0.5,2983,60.632061,173.921561,150,196,1.314113
0.7,8,engagement_g05_d1.0,2983,62.555988,173.808501,149,203,1.361046
0.7,8,engagement_g05_d2.0,2983,67.962169,173.910255,149,209,1.401274
0.7,8,engagement_g05_d5.0,2983,86.649975,180.742985,142,206,1.381160
0.7,8,engagement_g05_d10.0,2983,100.371139,180.007151,31,405,2.715387
0.7,8,oracle_a1,2983,15.991700,64.194152,963,429,2.876299
0.7,9,static,2932,94.734583,191.396320,0,619,4.222374
0.7,9,nearest,2932,107.695710,192.089223,5,1166,7.953615
0.7,9,naive_target_aware,2932,52.276322,191.129766,159,204,1.391542
0.7,9,engagement_g00_d0.0,2932,52.276322,191.129766,159,204,1.391542
0.7,9,engagement_g00_d0.25,2932,57.750995,192.089223,152,204,1.391542
0.7,9,engagement_g00_d0.5,2932,59.737165,192.089223,152,201,1.371078
0.7,9,engagement_g00_d1.0,2932,63.082504,192.089223,151,206,1.405184
0.7,9,engagement_g00_d2.0,2932,69.674850,192.936402,150,194,1.323329
0.7,9,engagement_g00_d5.0,2932,88.181679,195.736031,148,193,1.316508
0.7,9,engagement_g00_d10.0,2932,100.315495,194.147333,57,281,1.916780
0.7,9,engagement_g05_d0.0,2932,56.479330,192.089223,152,206,1.405184
0.7,9,engagement_g05_d0.25,2932,59.193242,192.089223,149,206,1.405184
0.7,9,engagement_g05_d0.5,2932,61.002795,192.089223,149,202,1.377899
0.7,9,engagement_g05_d1.0,2932,63.932121,192.089223,149,203,1.384720
0.7,9,engagement_g05_d2.0,2932,69.782657,192.089223,149,192,1.309686
0.7,9,engagement_g05_d5.0,2932,88.919360,195.736031,144,188,1.282401
0.7,9,engagement_g05_d10.0,2932,101.199269,190.911677,30,501,3.417462
0.7,9,oracle_a1,2932,16.572935,79.616181,833,253,1.725784
0.7,10,static,3006,104.522628,197.013378,0,645,4.291417
0.7,10,nearest,3006,85.493917,187.385812,5,1201,7.990685
0.7,10,naive_target_aware,3006,52.506491,179.693976,164,175,1.164338
0.7,10,engagement_g00_d0.0,3006,52.506491,179.693976,164,175,1.164338
0.7,10,engagement_g00_d0.25,3006,58.193863,179.693976,154,175,1.164338
0.7,10,engagement_g00_d0.5,3006,59.775927,179.693976,153,175,1.164338
0.7,10,engagement_g00_d1.0,3006,63.857604,183.415022,152,178,1.184298
0.7,10,engagement_g00_d2.0,3006,70.925530,187.335493,150,175,1.164338
0.7,10,engagement_g00_d5.0,3006,91.306615,193.932007,148,182,1.210912
0.7,10,engagement_g00_d10.0,3006,100.477812,193.932007,56,315,2.095808
0.7,10,engagement_g05_d0.0,3006,57.073708,179.693976,152,175,1.164338
0.7,10,engagement_g05_d0.25,3006,59.688535,179.693976,152,172,1.144378
0.7,10,engagement_g05_d0.5,3006,61.097828,179.693976,151,176,1.170991
0.7,10,engagement_g05_d1.0,3006,64.763135,183.415022,151,178,1.184298
0.7,10,engagement_g05_d2.0,3006,71.372988,187.335493,149,175,1.164338
0.7,10,engagement_g05_d5.0,3006,91.241333,193.932007,146,183,1.217565
0.7,10,engagement_g05_d10.0,3006,105.610295,194.718539,27,450,2.994012
0.7,10,oracle_a1,3006,16.796487,67.023250,783,365,2.428476
0.7,11,static,3002,104.925551,190.037967,0,1161,7.734843
0.7,11,nearest,3002,100.841951,195.914883,39,604,4.023984
0.7,11,naive_target_aware,3002,56.376542,190.037967,176,186,1.239174
0.7,11,engagement_g00_d0.0,3002,56.376542,190.037967,176,186,1.239174
0.7,11,engagement_g00_d0.25,3002,61.768036,190.037967,153,185,1.232512
0.7,11,engagement_g00_d0.5,3002,63.802634,190.644002,152,180,1.199201
0.7,11,engagement_g00_d1.0,3002,67.467062,190.675899,151,178,1.185876
0.7,11,engagement_g00_d2.0,3002,75.864649,195.195911,150,179,1.192538
0.7,11,engagement_g00_d5.0,3002,97.708683,195.195911,146,185,1.232512
0.7,11,engagement_g00_d10.0,3002,101.762101,195.914883,55,282,1.878748
0.7,11,engagement_g05_d0.0,3002,61.204180,190.037967,155,190,1.265823
0.7,11,engagement_g05_d0.25,3002,63.635545,190.675899,151,188,1.252498
0.7,11,engagement_g05_d0.5,3002,65.209144,191.897722,150,180,1.199201
0.7,11,engagement_g05_d1.0,3002,68.414746,190.675899,149,177,1.179214
0.7,11,engagement_g05_d2.0,3002,76.521080,195.195911,148,179,1.192538
0.7,11,engagement_g05_d5.0,3002,97.757923,195.195911,140,209,1.392405
0.7,11,engagement_g05_d10.0,3002,104.643305,197.391711,34,366,2.438374
0.7,11,oracle_a1,3002,16.372835,68.335652,889,273,1.818787
0.7,12,static,3026,99.540010,186.757214,0,623,4.117647
0.7,12,nearest,3026,111.148845,189.520886,5,1221,8.070059
0.7,12,naive_target_aware,3026,52.326349,176.211727,165,210,1.387971
0.7,12,engagement_g00_d0.0,3026,52.326349,176.211727,165,210,1.387971
0.7,12,engagement_g00_d0.25,3026,57.567630,181.357326,153,209,1.381362
0.7,12,engagement_g00_d0.5,3026,59.236632,181.457261,152,214,1.414408
0.7,12,engagement_g00_d1.0,3026,63.236222,182.837802,150,213,1.407799
0.7,12,engagement_g00_d2.0,3026,71.392166,182.837802,150,209,1.381362
0.7,12,engagement_g00_d5.0,3026,92.225701,184.968476,147,224,1.480502
0.7,12,engagement_g00_d10.0,3026,97.965100,186.757214,55,299,1.976206
0.7,12,engagement_g05_d0.0,3026,57.087889,179.321312,152,210,1.387971
0.7,12,engagement_g05_d0.25,3026,59.243221,181.357326,150,205,1.354924
0.7,12,engagement_g05_d0.5,3026,60.404263,181.457261,150,210,1.387971
0.7,12,engagement_g05_d1.0,3026,63.881441,182.837802,150,214,1.414408
0.7,12,engagement_g05_d2.0,3026,71.882030,182.837802,150,209,1.381362
0.7,12,engagement_g05_d5.0,3026,92.373552,184.968476,147,224,1.480502
0.7,12,engagement_g05_d10.0,3026,93.393178,184.434694,25,488,3.225380
0.7,12,oracle_a1,3026,15.424503,70.140282,1006,363,2.399207
0.7,13,static,3014,95.426355,193.946928,0,615,4.080956
0.7,13,nearest,3014,101.889927,189.049937,23,867,5.753152
0.7,13,naive_target_aware,3014,49.848221,176.090663,168,184,1.220969
0.7,13,engagement_g00_d0.0,3014,49.848221,176.090663,168,184,1.220969
0.7,13,engagement_g00_d0.25,3014,54.065465,179.284023,152,183,1.214333
0.7,13,engagement_g00_d0.5,3014,55.424485,183.288865,151,181,1.201062
0.7,13,engagement_g00_d1.0,3014,58.253066,183.686963,150,182,1.207697
0.7,13,engagement_g00_d2.0,3014,65.625496,185.305390,150,182,1.207697
0.7,13,engagement_g00_d5.0,3014,85.040140,190.447507,147,193,1.280690
0.7,13,engagement_g00_d10.0,3014,93.046809,189.049937,55,295,1.957532
0.7,13,engagement_g05_d0.0,3014,53.356252,178.816519,154,179,1.187790
0.7,13,engagement_g05_d0.25,3014,55.553012,179.284023,150,183,1.214333
0.7,13,engagement_g05_d0.5,3014,56.541825,183.686963,150,183,1.214333
0.7,13,engagement_g05_d1.0,3014,58.838544,183.686963,150,178,1.181155
0.7,13,engagement_g05_d2.0,3014,66.019167,185.305390,150,178,1.181155
0.7,13,engagement_g05_d5.0,3014,84.206987,190.447507,141,195,1.293962
0.7,13,engagement_g05_d10.0,3014,100.972062,193.754252,30,498,3.304579
0.7,13,oracle_a1,3014,15.382228,66.969924,940,258,1.712011
0.7,14,static,3050,103.144031,196.742674,0,633,4.150820
0.7,14,nearest,3050,111.543786,194.444810,5,1208,7.921311
0.7,14,naive_target_aware,3050,55.094780,180.769638,160,187,1.226230
0.7,14,engagement_g00_d0.0,3050,55.094780,180.769638,160,187,1.226230
0.7,14,engagement_g00_d0.25,3050,61.042777,181.039467,152,186,1.219672
0.7,14,engagement_g00_d0.5,3050,62.363201,181.039467,150,180,1.180328
0.7,14,engagement_g00_d1.0,3050,65.469287,181.039467,150,180,1.180328
0.7,14,engagement_g00_d2.0,3050,71.732662,181.039467,150,186,1.219672
0.7,14,engagement_g00_d5.0,3050,92.362927,189.461261,148,183,1.200000
0.7,14,engagement_g00_d10.0,3050,113.576148,196.004517,58,339,2.222951
0.7,14,engagement_g05_d0.0,3050,59.005312,181.039467,153,189,1.239344
0.7,14,engagement_g05_d0.25,3050,61.765194,181.039467,150,183,1.200000
0.7,14,engagement_g05_d0.5,3050,63.061966,181.039467,150,179,1.173770
0.7,14,engagement_g05_d1.0,3050,66.096225,181.039467,150,180,1.180328
0.7,14,engagement_g05_d2.0,3050,72.007624,181.039467,150,185,1.213115
0.7,14,engagement_g05_d5.0,3050,92.466321,189.461261,147,187,1.226230
0.7,14,engagement_g05_d10.0,3050,109.118276,189.461261,28,535,3.508197
0.7,14,oracle_a1,3050,18.274749,82.282702,970,265,1.737705
0.7,15,static,3022,102.175031,194.911133,0,1227,8.120450
0.7,15,nearest,3022,109.482906,194.911133,4,629,4.162806
0.7,15,naive_target_aware,3022,55.150445,186.809854,164,223,1.475844
0.7,15,engagement_g00_d0.0,3022,55.150445,186.809854,164,223,1.475844
0.7,15,engagement_g00_d0.25,3022,60.448257,186.809854,154,216,1.429517
0.7,15,engagement_g00_d0.5,3022,62.687253,186.809854,151,219,1.449371
0.7,15,engagement_g00_d1.0,3022,65.409348,186.809854,151,216,1.429517
0.7,15,engagement_g00_d2.0,3022,72.083529,188.127822,151,210,1.389808
0.7,15,engagement_g00_d5.0,3022,92.506309,190.711083,148,232,1.535407
0.7,15,engagement_g00_d10.0,3022,117.298166,196.636025,61,432,2.859034
0.7,15,engagement_g05_d0.0,3022,59.677403,186.809854,149,221,1.462608
0.7,15,engagement_g05_d0.25,3022,62.208594,186.809854,148,215,1.422899
0.7,15,engagement_g05_d0.5,3022,63.951276,186.809854,148,218,1.442753
0.7,15,engagement_g05_d1.0,3022,66.350194,186.809854,148,214,1.416281
0.7,15,engagement_g05_d2.0,3022,72.568203,188.439205,148,214,1.416281
0.7,15,engagement_g05_d5.0,3022,93.482868,194.911133,143,245,1.621443
0.7,15,engagement_g05_d10.0,3022,111.902572,194.911133,35,664,4.394441
0.7,15,oracle_a1,3022,17.359857,76.255983,912,294,1.945731
0.7,16,static,3097,89.740042,187.034514,0,1200,7.749435
0.7,16,nearest,3097,94.910621,172.233473,5,642,4.145948
0.7,16,naive_target_aware,3097,48.168809,174.068900,155,181,1.168873
0.7,16,engagement_g00_d0.0,3097,48.168809,174.068900,155,181,1.168873
0.7,16,engagement_g00_d0.25,3097,53.047612,181.592580,150,186,1.201162
0.7,16,engagement_g00_d0.5,3097,54.850502,185.628510,149,185,1.194705
0.7,16,engagement_g00_d1.0,3097,58.378063,186.640998,148,182,1.175331
0.7,16,engagement_g00_d2.0,3097,65.699554,186.640998,148,187,1.207620
0.7,16,engagement_g00_d5.0,3097,84.775188,189.680270,147,185,1.194705
0.7,16,engagement_g00_d10.0,3097,92.277579,186.640998,55,337,2.176300
0.7,16,engagement_g05_d0.0,3097,51.922393,181.526427,150,184,1.188247
0.7,16,engagement_g05_d0.25,3097,54.093879,181.592580,148,187,1.207620
0.7,16,engagement_g05_d0.5,3097,55.778806,185.628510,148,185,1.194705
0.7,16,engagement_g05_d1.0,3097,58.868315,186.640998,148,182,1.175331
0.7,16,engagement_g05_d2.0,3097,65.792624,186.640998,147,202,1.304488
0.7,16,engagement_g05_d5.0,3097,84.304537,187.389936,141,205,1.323862
0.7,16,engagement_g05_d10.0,3097,98.460937,187.034514,31,392,2.531482
0.7,16,oracle_a1,3097,15.104947,69.552815,924,242,1.562803
0.7,17,static,2945,114.687590,191.935999,0,1800,12.224109
0.7,17,nearest,2945,89.637486,182.347704,4,1127,7.653650
0.7,17,naive_target_aware,2945,54.790248,168.705165,157,183,1.242784
0.7,17,engagement_g00_d0.0,2945,54.790248,168.705165,157,183,1.242784
0.7,17,engagement_g00_d0.25,2945,60.720245,168.705165,153,178,1.208829
0.7,17,engagement_g00_d0.5,2945,62.314738,168.705165,153,183,1.242784
0.7,17,engagement_g00_d1.0,2945,65.947724,168.705165,152,174,1.181664
0.7,17,engagement_g00_d2.0,2945,74.249217,168.705165,150,177,1.202037
0.7,17,engagement_g00_d5.0,2945,96.684243,168.705165,146,203,1.378608
0.7,17,engagement_g00_d10.0,2945,93.557799,184.498149,50,283,1.921902
0.7,17,engagement_g05_d0.0,2945,59.465025,168.705165,152,190,1.290323
0.7,17,engagement_g05_d0.25,2945,62.440303,168.705165,150,184,1.249576
0.7,17,engagement_g05_d0.5,2945,63.683463,168.705165,150,184,1.249576
0.7,17,engagement_g05_d1.0,2945,67.096252,168.705165,150,183,1.242784
0.7,17,engagement_g05_d2.0,2945,74.883203,168.705165,150,175,1.188455
0.7,17,engagement_g05_d5.0,2945,96.822827,168.705165,143,193,1.310696
0.7,17,engagement_g05_d10.0,2945,94.120784,184.710449,33,549,3.728353
0.7,17,oracle_a1,2945,15.988442,66.568540,919,327,2.220713
0.7,18,static,3040,102.107781,183.163229,0,1230,8.092105
0.7,18,nearest,3040,101.749452,195.269272,40,942,6.197368
0.7,18,naive_target_aware,3040,54.932337,183.088679,157,203,1.335526
0.7,18,engagement_g00_d0.0,3040,54.932337,183.088679,157,203,1.335526
0.7,18,engagement_g00_d0.25,3040,60.823376,183.163229,150,198,1.302632
0.7,18,engagement_g00_d0.5,3040,62.617053,183.163229,150,197,1.296053
0.7,18,engagement_g00_d1.0,3040,66.530157,185.211330,149,197,1.296053
0.7,18,engagement_g00_d2.0,3040,74.973940,189.391888,149,199,1.309211
0.7,18,engagement_g00_d5.0,3040,96.684298,189.391888,146,197,1.296053
0.7,18,engagement_g00_d10.0,3040,108.651920,195.269272,61,377,2.480263
0.7,18,engagement_g05_d0.0,3040,59.579369,185.022455,152,200,1.315789
0.7,18,engagement_g05_d0.25,3040,62.655472,185.022455,148,199,1.309211
0.7,18,engagement_g05_d0.5,3040,64.121622,185.022455,148,197,1.296053
0.7,18,engagement_g05_d1.0,3040,67.358963,185.670511,148,197,1.296053
0.7,18,engagement_g05_d2.0,3040,75.064920,189.391888,148,199,1.309211
0.7,18,engagement_g05_d5.0,3040,96.492745,189.391888,144,197,1.296053
0.7,18,engagement_g05_d10.0,3040,109.072024,194.101582,31,435,2.861842
0.7,18,oracle_a1,3040,14.382045,55.435596,982,272,1.789474
0.7,19,static,2979,109.372743,195.753930,0,604,4.055052
0.7,19,nearest,2979,101.667667,198.905499,16,1173,7.875126
0.7,19,naive_target_aware,2979,58.370837,191.995776,169,205,1.376301
0.7,19,engagement_g00_d0.0,2979,58.370837,191.995776,169,205,1.376301
0.7,19,engagement_g00_d0.25,2979,65.341707,191.995776,153,207,1.389728
0.7,19,engagement_g00_d0.5,2979,67.499788,191.995776,151,207,1.389728
0.7,19,engagement_g00_d1.0,2979,71.923020,191.995776,150,206,1.383014
0.7,19,engagement_g00_d2.0,2979,81.596387,195.753930,150,209,1.403155
0.7,19,engagement_g00_d5.0,2979,106.729195,198.905499,148,208,1.396442
0.7,19,engagement_g00_d10.0,2979,105.692998,195.864866,57,355,2.383350
0.7,19,engagement_g05_d0.0,2979,64.698630,191.995776,151,197,1.322591
0.7,19,engagement_g05_d0.25,2979,67.417851,191.995776,150,203,1.362873
0.7,19,engagement_g05_d0.5,2979,68.964239,191.995776,150,210,1.409869
0.7,19,engagement_g05_d1.0,2979,72.724367,193.505821,150,210,1.409869
0.7,19,engagement_g05_d2.0,2979,81.941428,195.753930,150,210,1.409869
0.7,19,engagement_g05_d5.0,2979,106.787361,198.905499,145,208,1.396442
0.7,19,engagement_g05_d10.0,2979,106.192941,193.505821,32,477,3.202417
0.7,19,oracle_a1,2979,14.770060,60.896324,1006,388,2.604901
0.7,20,static,3045,106.023524,188.818412,0,636,4.177340
0.7,20,nearest,3045,104.657535,196.288496,33,920,6.042693
0.7,20,naive_target_aware,3045,54.754736,178.294165,169,191,1.254516
0.7,20,engagement_g00_d0.0,3045,54.754736,178.294165,169,191,1.254516
0.7,20,engagement_g00_d0.25,3045,60.144697,180.774747,151,194,1.274220
0.7,20,engagement_g00_d0.5,3045,61.825025,180.774747,150,193,1.267652
0.7,20,engagement_g00_d1.0,3045,65.167285,180.774747,150,187,1.228243
0.7,20,engagement_g00_d2.0,3045,73.666211,180.774747,150,193,1.267652
0.7,20,engagement_g00_d5.0,3045,93.614711,180.774747,147,198,1.300493
0.7,20,engagement_g00_d10.0,3045,100.984955,188.551211,52,260,1.707718
0.7,20,engagement_g05_d0.0,3045,59.508683,180.774747,152,210,1.379310
0.7,20,engagement_g05_d0.25,3045,62.255411,180.774747,148,207,1.359606
0.7,20,engagement_g05_d0.5,3045,63.539573,180.774747,148,206,1.353038
0.7,20,engagement_g05_d1.0,3045,66.170279,180.774747,148,199,1.307061
0.7,20,engagement_g05_d2.0,3045,74.173992,180.774747,148,205,1.346470
0.7,20,engagement_g05_d5.0,3045,93.961847,180.774747,141,195,1.280788
0.7,20,engagement_g05_d10.0,3045,98.831189,188.551211,29,485,3.185550
0.7,20,oracle_a1,3045,17.119326,73.920201,855,263,1.727422
0.7,21,static,3058,110.910574,197.295384,0,644,4.211903
0.7,21,nearest,3058,98.064665,189.097051,22,1197,7.828646
0.7,21,naive_target_aware,3058,56.009350,188.161891,158,188,1.229562
0.7,21,engagement_g00_d0.0,3058,56.009350,188.161891,158,188,1.229562
0.7,21,engagement_g00_d0.25,3058,61.676277,188.161891,149,185,1.209941
0.7,21,engagement_g00_d0.5,3058,63.807848,188.161891,149,186,1.216481
0.7,21,engagement_g00_d1.0,3058,68.200258,188.161891,149,187,1.223022
0.7,21,engagement_g00_d2.0,3058,75.957386,189.332021,149,188,1.229562
0.7,21,engagement_g00_d5.0,3058,101.542735,197.070043,148,205,1.340746
0.7,21,engagement_g00_d10.0,3058,109.908515,191.312631,57,376,2.459124
0.7,21,engagement_g05_d0.0,3058,59.966950,188.161891,149,185,1.209941
0.7,21,engagement_g05_d0.25,3058,63.111529,188.161891,149,186,1.216481
0.7,21,engagement_g05_d0.5,3058,65.167245,188.161891,149,188,1.229562
0.7,21,engagement_g05_d1.0,3058,68.862981,188.161891,149,188,1.229562
0.7,21,engagement_g05_d2.0,3058,76.182208,189.332021,149,188,1.229562
0.7,21,engagement_g05_d5.0,3058,101.605388,197.070043,145,205,1.340746
0.7,21,engagement_g05_d10.0,3058,107.183817,188.161891,36,361,2.361020
0.7,21,oracle_a1,3058,15.908110,67.257358,891,266,1.739699
0.7,22,static,3009,99.331427,196.376444,0,632,4.200731
0.7,22,nearest,3009,99.408680,182.201864,6,630,4.187438
0.7,22,naive_target_aware,3009,55.039088,182.201864,161,185,1.229644
0.7,22,engagement_g00_d0.0,3009,55.039088,182.201864,161,185,1.229644
0.7,22,engagement_g00_d0.25,3009,59.986368,182.615363,152,187,1.242938
0.7,22,engagement_g00_d0.5,3009,61.930387,182.615363,152,184,1.222998
0.7,22,engagement_g00_d1.0,3009,65.188755,182.615363,151,179,1.189764
0.7,22,engagement_g00_d2.0,3009,72.935933,183.029627,150,189,1.256231
0.7,22,engagement_g00_d5.0,3009,92.277430,183.029627,146,209,1.389166
0.7,22,engagement_g00_d10.0,3009,98.401100,184.977215,63,342,2.273180
0.7,22,engagement_g05_d0.0,3009,59.250838,182.615363,149,189,1.256231
0.7,22,engagement_g05_d0.25,3009,61.884518,182.615363,149,187,1.242938
0.7,22,engagement_g05_d0.5,3009,63.295899,182.615363,149,185,1.229644
0.7,22,engagement_g05_d1.0,3009,66.273363,182.615363,149,179,1.189764
0.7,22,engagement_g05_d2.0,3009,73.998997,183.029627,148,187,1.242938
0.7,22,engagement_g05_d5.0,3009,92.525648,183.029627,142,209,1.389166
0.7,22,engagement_g05_d10.0,3009,103.388434,186.559172,37,374,2.485876
0.7,22,oracle_a1,3009,15.636320,71.200544,1061,317,2.107012
0.7,23,static,3060,103.233873,194.899730,0,637,4.163399
0.7,23,nearest,3060,93.062244,186.745361,5,1175,7.679739
0.7,23,naive_target_aware,3060,52.278965,186.584332,162,215,1.405229
0.7,23,engagement_g00_d0.0,3060,52.278965,186.584332,162,215,1.405229
0.7,23,engagement_g00_d0.25,3060,57.648650,186.584332,153,214,1.398693
0.7,23,engagement_g00_d0.5,3060,59.330711,186.584332,152,213,1.392157
0.7,23,engagement_g00_d1.0,3060,63.724403,186.584332,152,214,1.398693
0.7,23,engagement_g00_d2.0,3060,70.061092,186.716229,151,204,1.333333
0.7,23,engagement_g00_d5.0,3060,89.948909,188.979161,144,222,1.450980
0.7,23,engagement_g00_d10.0,3060,104.344085,190.886001,50,415,2.712418
0.7,23,engagement_g05_d0.0,3060,57.784520,186.584332,154,230,1.503268
0.7,23,engagement_g05_d0.25,3060,59.750851,186.584332,151,224,1.464052
0.7,23,engagement_g05_d0.5,3060,61.235671,186.584332,151,226,1.477124
0.7,23,engagement_g05_d1.0,3060,64.884288,186.584332,150,227,1.483660
0.7,23,engagement_g05_d2.0,3060,70.907557,186.716229,149,216,1.411765
0.7,23,engagement_g05_d5.0,3060,90.869691,190.315294,141,222,1.450980
0.7,23,engagement_g05_d10.0,3060,104.283114,191.138789,26,596,3.895425
0.7,23,oracle_a1,3060,15.724076,63.408457,908,358,2.339869
0.7,24,static,2894,99.246739,184.185850,0,606,4.187975
0.7,24,nearest,2894,97.139972,190.891710,44,996,6.883207
0.7,24,naive_target_aware,2894,56.252161,181.515030,162,176,1.216310
0.7,24,engagement_g00_d0.0,2894,56.252161,181.515030,162,176,1.216310
0.7,24,engagement_g00_d0.25,2894,62.087060,185.972982,152,180,1.243953
0.7,24,engagement_g00_d0.5,2894,64.454252,186.447964,152,178,1.230131
0.7,24,engagement_g00_d1.0,2894,69.021267,187.178480,150,180,1.243953
0.7,24,engagement_g00_d2.0,2894,76.008803,187.178480,150,175,1.209399
0.7,24,engagement_g00_d5.0,2894,97.078365,188.299249,148,168,1.161023
0.7,24,engagement_g00_d10.0,2894,104.950870,187.178480,49,289,1.997236
0.7,24,engagement_g05_d0.0,2894,61.324435,183.076373,151,184,1.271596
0.7,24,engagement_g05_d0.25,2894,63.821243,185.972982,148,183,1.264686
0.7,24,engagement_g05_d0.5,2894,65.565705,186.447964,148,180,1.243953
0.7,24,engagement_g05_d1.0,2894,69.611512,187.178480,148,181,1.250864
0.7,24,engagement_g05_d2.0,2894,76.379747,187.178480,148,175,1.209399
0.7,24,engagement_g05_d5.0,2894,97.850764,188.299249,141,207,1.430546
0.7,24,engagement_g05_d10.0,2894,102.969707,190.891710,29,335,2.315135
0.7,24,oracle_a1,2894,17.579200,74.581438,845,228,1.575674
0.7,25,static,2903,96.607629,188.040100,0,599,4.126765
0.7,25,nearest,2903,94.231380,191.922013,5,598,4.119876
0.7,25,naive_target_aware,2903,55.574991,186.155182,156,181,1.246986
0.7,25,engagement_g00_d0.0,2903,55.574991,186.155182,156,181,1.246986
0.7,25,engagement_g00_d0.25,2903,61.894567,186.155182,152,180,1.240096
0.7,25,engagement_g00_d0.5,2903,63.044125,187.851608,152,177,1.219428
0.7,25,engagement_g00_d1.0,2903,66.983835,189.465833,152,176,1.212539
0.7,25,engagement_g00_d2.0,2903,74.547514,189.465833,151,174,1.198760
0.7,25,engagement_g00_d5.0,2903,96.875228,189.662628,146,184,1.267654
0.7,25,engagement_g00_d10.0,2903,103.720668,192.670044,60,343,2.363073
0.7,25,engagement_g05_d0.0,2903,60.360401,186.155182,148,186,1.281433
0.7,25,engagement_g05_d0.25,2903,63.430456,188.040100,146,186,1.281433
0.7,25,engagement_g05_d0.5,2903,64.333284,188.040100,146,184,1.267654
0.7,25,engagement_g05_d1.0,2903,67.324751,189.465833,146,183,1.260765
0.7,25,engagement_g05_d2.0,2903,74.343951,189.465833,146,183,1.260765
0.7,25,engagement_g05_d5.0,2903,97.458592,189.890187,140,184,1.267654
0.7,25,engagement_g05_d10.0,2903,96.492212,189.890187,38,533,3.672063
0.7,25,oracle_a1,2903,16.133316,68.861978,895,240,1.653462
0.7,26,static,3057,108.620097,196.881824,0,662,4.331044
0.7,26,nearest,3057,111.529004,200.055703,4,661,4.324501
0.7,26,naive_target_aware,3057,55.102602,190.646567,156,182,1.190710
0.7,26,engagement_g00_d0.0,3057,55.102602,190.646567,156,182,1.190710
0.7,26,engagement_g00_d0.25,3057,60.226299,190.646567,152,179,1.171083
0.7,26,engagement_g00_d0.5,3057,62.353314,190.646567,151,182,1.190710
0.7,26,engagement_g00_d1.0,3057,66.130709,190.646567,151,178,1.164540
0.7,26,engagement_g00_d2.0,3057,72.573059,190.646567,150,185,1.210337
0.7,26,engagement_g00_d5.0,3057,94.448713,190.646567,147,187,1.223422
0.7,26,engagement_g00_d10.0,3057,109.445951,194.281119,57,347,2.270200
0.7,26,engagement_g05_d0.0,3057,58.430362,190.646567,152,186,1.216879
0.7,26,engagement_g05_d0.25,3057,61.089026,190.646567,150,181,1.184167
0.7,26,engagement_g05_d0.5,3057,62.869086,190.646567,150,183,1.197252
0.7,26,engagement_g05_d1.0,3057,66.218871,190.646567,150,178,1.164540
0.7,26,engagement_g05_d2.0,3057,73.054544,190.646567,150,187,1.223422
0.7,26,engagement_g05_d5.0,3057,94.255953,190.646567,146,188,1.229964
0.7,26,engagement_g05_d10.0,3057,112.087002,196.881824,37,385,2.518809
0.7,26,oracle_a1,3057,16.008494,76.494635,1004,344,2.250572
0.7,27,static,2968,104.290043,184.186024,0,619,4.171159
0.7,27,nearest,2968,102.900532,193.437027,18,817,5.505391
0.7,27,naive_target_aware,2968,57.036674,174.930487,178,175,1.179245
0.7,27,engagement_g00_d0.0,2968,57.036674,174.930487,178,175,1.179245
0.7,27,engagement_g00_d0.25,2968,62.805197,174.930487,154,169,1.138814
0.7,27,engagement_g00_d0.5,2968,64.456284,174.930487,153,170,1.145553
0.7,27,engagement_g00_d1.0,2968,68.735686,174.930487,151,172,1.159030
0.7,27,engagement_g00_d2.0,2968,75.994732,174.930487,150,174,1.172507
0.7,27,engagement_g00_d5.0,2968,97.413098,174.930487,144,193,1.300539
0.7,27,engagement_g00_d10.0,2968,100.181351,176.412936,52,326,2.196765
0.7,27,engagement_g05_d0.0,2968,61.654669,174.930487,154,173,1.165768
0.7,27,engagement_g05_d0.25,2968,64.597082,174.930487,149,171,1.152291
0.7,27,engagement_g05_d0.5,2968,65.822743,174.930487,149,170,1.145553
0.7,27,engagement_g05_d1.0,2968,69.484641,174.930487,149,175,1.179245
0.7,27,engagement_g05_d2.0,2968,76.241663,174.930487,148,177,1.192722
0.7,27,engagement_g05_d5.0,2968,97.513328,174.930487,141,192,1.293801
0.7,27,engagement_g05_d10.0,2968,94.540573,193.437027,23,571,3.847709
0.7,27,oracle_a1,2968,16.966595,72.869519,908,289,1.947439
0.7,28,static,3014,114.463540,186.849985,0,1217,8.075647
0.7,28,nearest,3014,109.262568,194.189343,14,743,4.930325
0.7,28,naive_target_aware,3014,55.462374,190.111815,160,185,1.227605
0.7,28,engagement_g00_d0.0,3014,55.462374,190.111815,160,185,1.227605
0.7,28,engagement_g00_d0.25,3014,62.312201,197.117162,151,185,1.227605
0.7,28,engagement_g00_d0.5,3014,64.219592,197.117162,151,185,1.227605
0.7,28,engagement_g00_d1.0,3014,68.001178,197.117162,151,190,1.260783
0.7,28,engagement_g00_d2.0,3014,74.811505,197.117162,151,187,1.240876
0.7,28,engagement_g00_d5.0,3014,97.205202,198.002655,150,185,1.227605
0.7,28,engagement_g00_d10.0,3014,103.575572,198.002655,60,311,2.063703
0.7,28,engagement_g05_d0.0,3014,60.368294,194.189343,152,180,1.194426
0.7,28,engagement_g05_d0.25,3014,63.941812,197.117162,150,180,1.194426
0.7,28,engagement_g05_d0.5,3014,65.422317,197.117162,150,182,1.207697
0.7,28,engagement_g05_d1.0,3014,68.961892,197.117162,150,187,1.240876
0.7,28,engagement_g05_d2.0,3014,75.909186,198.002655,150,184,1.220969
0.7,28,engagement_g05_d5.0,3014,98.736216,198.002655,144,192,1.274054
0.7,28,engagement_g05_d10.0,3014,103.710664,198.002655,35,491,3.258129
0.7,28,oracle_a1,3014,15.232565,64.359712,1007,349,2.315859
0.7,29,static,3063,93.794334,183.924439,0,1209,7.894221
0.7,29,nearest,3063,93.564855,188.917131,4,652,4.257264
0.7,29,naive_target_aware,3063,50.617659,178.166454,170,195,1.273262
0.7,29,engagement_g00_d0.0,3063,50.617659,178.166454,170,195,1.273262
0.7,29,engagement_g00_d0.25,3063,55.108975,178.517111,155,196,1.279791
0.7,29,engagement_g00_d0.5,3063,56.765422,178.517111,153,197,1.286321
0.7,29,engagement_g00_d1.0,3063,60.995252,178.517111,153,194,1.266732
0.7,29,engagement_g00_d2.0,3063,67.520895,178.517111,150,184,1.201437
0.7,29,engagement_g00_d5.0,3063,88.150245,183.924439,146,192,1.253673
0.7,29,engagement_g00_d10.0,3063,98.347048,183.710002,62,280,1.828273
0.7,29,engagement_g05_d0.0,3063,54.003016,178.517111,151,200,1.305909
0.7,29,engagement_g05_d0.25,3063,56.364934,178.517111,151,195,1.273262
0.7,29,engagement_g05_d0.5,3063,57.886875,178.517111,150,196,1.279791
0.7,29,engagement_g05_d1.0,3063,61.646118,178.517111,150,195,1.273262
0.7,29,engagement_g05_d2.0,3063,67.924578,178.517111,150,189,1.234084
0.7,29,engagement_g05_d5.0,3063,88.437080,183.924439,139,192,1.253673
0.7,29,engagement_g05_d10.0,3063,96.941478,184.239892,33,369,2.409403
0.7,29,oracle_a1,3063,15.320632,68.885667,896,448,2.925237
0.7,30,static,2933,103.301679,189.082593,0,1171,7.984998
0.7,30,nearest,2933,97.752596,185.901848,12,1699,11.585407
0.7,30,naive_target_aware,2933,59.108201,184.585723,157,210,1.431981
0.7,30,engagement_g00_d0.0,2933,59.108201,184.585723,157,210,1.431981
0.7,30,engagement_g00_d0.25,2933,65.581940,184.596028,151,212,1.445619
0.7,30,engagement_g00_d0.5,2933,67.723614,184.596028,151,209,1.425162
0.7,30,engagement_g00_d1.0,2933,71.346922,184.596028,151,213,1.452438
0.7,30,engagement_g00_d2.0,2933,79.113862,193.745334,151,210,1.431981
0.7,30,engagement_g00_d5.0,2933,106.036777,196.344076,149,217,1.479714
0.7,30,engagement_g00_d10.0,2933,117.128126,196.344076,58,327,2.229799
0.7,30,engagement_g05_d0.0,2933,64.091447,185.118356,149,209,1.425162
0.7,30,engagement_g05_d0.25,2933,68.012720,187.174146,149,205,1.397886
0.7,30,engagement_g05_d0.5,2933,69.745359,189.082593,149,205,1.397886
0.7,30,engagement_g05_d1.0,2933,72.869042,189.082593,149,206,1.404705
0.7,30,engagement_g05_d2.0,2933,80.314333,194.583798,149,204,1.391067
0.7,30,engagement_g05_d5.0,2933,105.851585,196.344076,140,209,1.425162
0.7,30,engagement_g05_d10.0,2933,116.913522,195.710540,34,313,2.134333
0.7,30,oracle_a1,2933,18.503161,81.813991,797,259,1.766110
0.6,1,static,3072,93.022369,184.634696,0,1224,7.968750
0.6,1,nearest,3072,94.856214,192.868599,25,629,4.095052
0.6,1,naive_target_aware,3072,56.019434,180.902468,196,193,1.256510
0.6,1,engagement_g00_d0.0,3072,56.019434,180.902468,196,193,1.256510
0.6,1,engagement_g00_d0.25,3072,59.346644,183.781753,168,192,1.250000
0.6,1,engagement_g00_d0.5,3072,60.477884,183.781753,167,191,1.243490
0.6,1,engagement_g00_d1.0,3072,62.224413,183.781753,158,194,1.263021
0.6,1,engagement_g00_d2.0,3072,67.456317,184.634696,154,196,1.276042
0.6,1,engagement_g00_d5.0,3072,81.106365,184.634696,146,205,1.334635
0.6,1,engagement_g00_d10.0,3072,92.397166,183.781753,57,351,2.285156
0.6,1,engagement_g05_d0.0,3072,61.308061,183.445656,145,199,1.295573
0.6,1,engagement_g05_d0.25,3072,62.183928,183.596900,141,191,1.243490
0.6,1,engagement_g05_d0.5,3072,62.906271,183.781753,141,187,1.217448
0.6,1,engagement_g05_d1.0,3072,64.629893,183.781753,140,202,1.315104
0.6,1,engagement_g05_d2.0,3072,69.491367,184.634696,138,207,1.347656
0.6,1,engagement_g05_d5.0,3072,82.037914,184.634696,123,241,1.569010
0.6,1,engagement_g05_d10.0,3072,97.561526,192.868599,22,491,3.196615
0.6,1,oracle_a1,3072,18.249826,60.991855,1174,345,2.246094
0.6,2,static,3076,97.201245,184.757355,0,1260,8.192458
0.6,2,nearest,3076,88.554868,190.464828,5,1206,7.841352
0.6,2,naive_target_aware,3076,62.663056,191.478106,184,196,1.274382
0.6,2,engagement_g00_d0.0,3076,62.663056,191.478106,184,196,1.274382
0.6,2,engagement_g00_d0.25,3076,67.893444,193.035682,164,192,1.248375
0.6,2,engagement_g00_d0.5,3076,69.986762,195.394846,163,196,1.274382
0.6,2,engagement_g00_d1.0,3076,73.158192,195.394846,158,205,1.332900
0.6,2,engagement_g00_d2.0,3076,79.958361,195.689299,154,199,1.293888
0.6,2,engagement_g00_d5.0,3076,98.771539,198.371029,145,215,1.397919
0.6,2,engagement_g00_d10.0,3076,108.705132,191.478106,55,324,2.106632
0.6,2,engagement_g05_d0.0,3076,69.952332,193.100438,148,205,1.332900
0.6,2,engagement_g05_d0.25,3076,71.689522,195.394846,148,202,1.313394
0.6,2,engagement_g05_d0.5,3076,73.001247,195.394846,146,197,1.280884
0.6,2,engagement_g05_d1.0,3076,75.173364,195.394846,146,199,1.293888
0.6,2,engagement_g05_d2.0,3076,80.937397,195.394846,146,195,1.267880
0.6,2,engagement_g05_d5.0,3076,98.324608,198.371029,133,240,1.560468
0.6,2,engagement_g05_d10.0,3076,105.759472,190.464828,20,666,4.330299
0.6,2,oracle_a1,3076,19.152858,70.046797,1143,371,2.412224
0.6,3,static,2993,96.099672,186.923839,0,620,4.143000
0.6,3,nearest,2993,90.674136,175.873447,5,1175,7.851654
0.6,3,naive_target_aware,2993,62.165845,181.929805,210,172,1.149348
0.6,3,engagement_g00_d0.0,2993,62.165845,181.929805,210,172,1.149348
0.6,3,engagement_g00_d0.25,2993,66.150533,185.560987,171,170,1.135984
0.6,3,engagement_g00_d0.5,2993,67.273725,185.560987,163,177,1.182760
0.6,3,engagement_g00_d1.0,2993,70.040605,185.560987,159,176,1.176078
0.6,3,engagement_g00_d2.0,2993,76.803577,185.560987,153,178,1.189442
0.6,3,engagement_g00_d5.0,2993,93.805145,188.906630,143,179,1.196124
0.6,3,engagement_g00_d10.0,2993,104.241062,191.259772,51,368,2.459071
0.6,3,engagement_g05_d0.0,2993,69.582600,185.560987,147,188,1.256265
0.6,3,engagement_g05_d0.25,2993,70.939365,185.560987,143,185,1.236218
0.6,3,engagement_g05_d0.5,2993,71.465679,185.560987,142,186,1.242900
0.6,3,engagement_g05_d1.0,2993,74.085047,185.560987,142,184,1.229536
0.6,3,engagement_g05_d2.0,2993,79.604679,185.560987,140,185,1.236218
0.6,3,engagement_g05_d5.0,2993,94.395019,188.906630,124,202,1.349816
0.6,3,engagement_g05_d10.0,2993,103.196917,181.929805,24,823,5.499499
0.6,3,oracle_a1,2993,19.926354,74.450877,1100,317,2.118276
0.6,4,static,2947,102.103587,193.697416,0,606,4.112657
0.6,4,nearest,2947,98.893872,189.576396,4,606,4.112657
0.6,4,naive_target_aware,2947,62.870098,183.504948,186,217,1.472684
0.6,4,engagement_g00_d0.0,2947,62.870098,183.504948,186,217,1.472684
0.6,4,engagement_g00_d0.25,2947,67.116039,186.357896,158,214,1.452324
0.6,4,engagement_g00_d0.5,2947,69.004138,189.576396,157,207,1.404818
0.6,4,engagement_g00_d1.0,2947,72.534188,191.198623,156,211,1.431965
0.6,4,engagement_g00_d2.0,2947,78.776295,193.368367,153,216,1.465898
0.6,4,engagement_g00_d5.0,2947,97.348247,193.368367,142,220,1.493044
0.6,4,engagement_g00_d10.0,2947,109.265787,193.697416,55,424,2.877503
0.6,4,engagement_g05_d0.0,2947,70.898920,191.471346,148,222,1.506617
0.6,4,engagement_g05_d0.25,2947,71.896997,191.471346,147,217,1.472684
0.6,4,engagement_g05_d0.5,2947,73.021226,191.471346,147,219,1.486257
0.6,4,engagement_g05_d1.0,2947,75.057383,192.799261,145,215,1.459111
0.6,4,engagement_g05_d2.0,2947,79.819519,193.368367,144,213,1.445538
0.6,4,engagement_g05_d5.0,2947,96.581319,193.368367,129,229,1.554123
0.6,4,engagement_g05_d10.0,2947,106.121973,191.198623,21,539,3.657957
0.6,4,oracle_a1,2947,18.300004,66.439200,1191,262,1.778079
0.6,5,static,2961,101.183897,188.688177,0,1225,8.274232
0.6,5,nearest,2961,102.222615,185.423886,6,626,4.228301
0.6,5,naive_target_aware,2961,65.208122,185.423886,210,189,1.276596
0.6,5,engagement_g00_d0.0,2961,65.208122,185.423886,210,189,1.276596
0.6,5,engagement_g00_d0.25,2961,69.801893,187.743898,163,191,1.290105
0.6,5,engagement_g00_d0.5,2961,71.640196,187.743898,159,190,1.283350
0.6,5,engagement_g00_d1.0,2961,73.980407,188.400644,155,188,1.269841
0.6,5,engagement_g00_d2.0,2961,79.918486,192.376458,150,191,1.290105
0.6,5,engagement_g00_d5.0,2961,98.952762,196.075920,144,193,1.303614
0.6,5,engagement_g00_d10.0,2961,105.267881,196.226590,45,295,1.992570
0.6,5,engagement_g05_d0.0,2961,73.947241,188.688177,147,202,1.364404
0.6,5,engagement_g05_d0.25,2961,74.795206,188.688177,144,203,1.371158
0.6,5,engagement_g05_d0.5,2961,75.913905,188.688177,144,202,1.364404
0.6,5,engagement_g05_d1.0,2961,77.996594,192.376458,143,203,1.371158
0.6,5,engagement_g05_d2.0,2961,83.189270,196.075920,140,213,1.438703
0.6,5,engagement_g05_d5.0,2961,98.560147,196.075920,125,208,1.404931
0.6,5,engagement_g05_d10.0,2961,105.857725,196.226590,19,541,3.654171
0.6,5,oracle_a1,2961,20.621858,73.624466,1100,285,1.925025
0.6,6,static,2952,102.405226,191.861847,0,1121,7.594851
0.6,6,nearest,2952,108.181728,191.861847,4,1789,12.120596
0.6,6,naive_target_aware,2952,60.222340,189.730532,198,186,1.260163
0.6,6,engagement_g00_d0.0,2952,60.222340,189.730532,198,186,1.260163
0.6,6,engagement_g00_d0.25,2952,64.235446,189.900942,168,193,1.307588
0.6,6,engagement_g00_d0.5,2952,65.840299,189.900942,163,190,1.287263
0.6,6,engagement_g00_d1.0,2952,68.455029,189.900942,161,195,1.321138
0.6,6,engagement_g00_d2.0,2952,73.725075,189.900942,153,197,1.334688
0.6,6,engagement_g00_d5.0,2952,90.598184,194.665214,141,196,1.327913
0.6,6,engagement_g00_d10.0,2952,103.466412,194.665214,52,281,1.903794
0.6,6,engagement_g05_d0.0,2952,67.406923,189.900942,149,207,1.402439
0.6,6,engagement_g05_d0.25,2952,68.316901,189.900942,147,203,1.375339
0.6,6,engagement_g05_d0.5,2952,69.403355,189.900942,147,201,1.361789
0.6,6,engagement_g05_d1.0,2952,71.130680,189.900942,146,204,1.382114
0.6,6,engagement_g05_d2.0,2952,76.387343,189.900942,144,203,1.375339
0.6,6,engagement_g05_d5.0,2952,92.474837,194.256895,126,223,1.510840
0.6,6,engagement_g05_d10.0,2952,105.048348,191.861847,20,543,3.678862
0.6,6,oracle_a1,2952,18.240397,71.246128,1088,628,4.254743
0.6,7,static,2971,114.290032,194.999538,0,1186,7.983844
0.6,7,nearest,2971,106.692020,190.860806,5,1156,7.781892
0.6,7,naive_target_aware,2971,66.014829,192.188452,190,237,1.595422
0.6,7,engagement_g00_d0.0,2971,66.014829,192.188452,190,237,1.595422
0.6,7,engagement_g00_d0.25,2971,70.384615,193.018501,164,233,1.568495
0.6,7,engagement_g00_d0.5,2971,71.906469,193.018501,159,234,1.575227
0.6,7,engagement_g00_d1.0,2971,74.780154,193.018501,153,248,1.669472
0.6,7,engagement_g00_d2.0,2971,81.976645,193.345003,153,242,1.629081
0.6,7,engagement_g00_d5.0,2971,100.000083,193.345003,144,228,1.534837
0.6,7,engagement_g00_d10.0,2971,110.955400,193.018501,53,307,2.066644
0.6,7,engagement_g05_d0.0,2971,73.791483,193.018501,146,238,1.602154
0.6,7,engagement_g05_d0.25,2971,74.474572,193.018501,146,236,1.588691
0.6,7,engagement_g05_d0.5,2971,75.395750,193.018501,146,238,1.602154
0.6,7,engagement_g05_d1.0,2971,77.448024,193.018501,146,241,1.622349
0.6,7,engagement_g05_d2.0,2971,83.709262,193.345003,146,238,1.602154
0.6,7,engagement_g05_d5.0,2971,101.506408,193.345003,123,246,1.656008
0.6,7,engagement_g05_d10.0,2971,106.776970,193.894309,19,417,2.807136
0.6,7,oracle_a1,2971,24.075323,93.823986,1047,353,2.376304
0.6,8,static,2983,93.749378,180.007151,0,634,4.250754
0.6,8,nearest,2983,97.399783,192.593661,5,633,4.244050
0.6,8,naive_target_aware,2983,58.634507,175.902819,192,206,1.381160
0.6,8,engagement_g00_d0.0,2983,58.634507,175.902819,192,206,1.381160
0.6,8,engagement_g00_d0.25,2983,62.333213,176.943688,160,204,1.367751
0.6,8,engagement_g00_d0.5,2983,63.663359,177.059340,155,199,1.334227
0.6,8,engagement_g00_d1.0,2983,66.470029,177.059340,152,209,1.401274
0.6,8,engagement_g00_d2.0,2983,70.666127,180.007151,150,204,1.367751
0.6,8,engagement_g00_d5.0,2983,86.835296,185.761014,146,204,1.367751
0.6,8,engagement_g00_d10.0,2983,99.973382,185.761014,51,273,1.830372
0.6,8,engagement_g05_d0.0,2983,66.062779,180.007151,150,231,1.548776
0.6,8,engagement_g05_d0.25,2983,66.843391,180.007151,146,238,1.595709
0.6,8,engagement_g05_d0.5,2983,67.689986,180.007151,146,236,1.582300
0.6,8,engagement_g05_d1.0,2983,69.323838,180.007151,145,226,1.515253
0.6,8,engagement_g05_d2.0,2983,72.974347,180.007151,144,218,1.461616
0.6,8,engagement_g05_d5.0,2983,88.585998,185.761014,131,247,1.656051
0.6,8,engagement_g05_d10.0,2983,96.539312,185.761014,19,608,4.076433
0.6,8,oracle_a1,2983,19.467287,66.421741,1101,600,4.022796
0.6,9,static,2932,96.301634,191.396320,0,619,4.222374
0.6,9,nearest,2932,107.999654,192.089223,5,1166,7.953615
0.6,9,naive_target_aware,2932,61.398321,192.089223,189,220,1.500682
0.6,9,engagement_g00_d0.0,2932,61.398321,192.089223,189,220,1.500682
0.6,9,engagement_g00_d0.25,2932,65.159349,192.089223,162,216,1.473397
0.6,9,engagement_g00_d0.5,2932,66.803066,192.089223,160,216,1.473397
0.6,9,engagement_g00_d1.0,2932,69.090714,192.089223,155,217,1.480218
0.6,9,engagement_g00_d2.0,2932,75.029213,192.936402,153,204,1.391542
0.6,9,engagement_g00_d5.0,2932,91.793437,195.736031,144,201,1.371078
0.6,9,engagement_g00_d10.0,2932,101.270309,193.815742,54,270,1.841746
0.6,9,engagement_g05_d0.0,2932,68.332668,192.089223,151,213,1.452933
0.6,9,engagement_g05_d0.25,2932,69.124623,192.089223,146,207,1.412005
0.6,9,engagement_g05_d0.5,2932,70.321731,192.089223,146,205,1.398363
0.6,9,engagement_g05_d1.0,2932,72.079404,192.538968,146,206,1.405184
0.6,9,engagement_g05_d2.0,2932,77.009671,194.147333,146,192,1.309686
0.6,9,engagement_g05_d5.0,2932,95.842800,195.736031,128,221,1.507503
0.6,9,engagement_g05_d10.0,2932,98.881417,190.911677,24,546,3.724420
0.6,9,oracle_a1,2932,20.229657,83.225521,1061,305,2.080491
0.6,10,static,3006,103.618087,197.013378,0,645,4.291417
0.6,10,nearest,3006,87.082397,193.383493,5,1201,7.990685
0.6,10,naive_target_aware,3006,60.139514,179.693976,194,184,1.224218
0.6,10,engagement_g00_d0.0,3006,60.139514,179.693976,194,184,1.224218
0.6,10,engagement_g00_d0.25,3006,64.741319,179.693976,162,179,1.190951
0.6,10,engagement_g00_d0.5,3006,65.648044,179.693976,158,181,1.204258
0.6,10,engagement_g00_d1.0,3006,68.944753,183.415022,156,186,1.237525
0.6,10,engagement_g00_d2.0,3006,75.151348,186.659852,154,176,1.170991
0.6,10,engagement_g00_d5.0,3006,91.098916,190.666506,145,216,1.437126
0.6,10,engagement_g00_d10.0,3006,98.049878,187.947326,49,351,2.335329
0.6,10,engagement_g05_d0.0,3006,67.311085,180.418841,150,189,1.257485
0.6,10,engagement_g05_d0.25,3006,68.745402,183.415022,149,184,1.224218
0.6,10,engagement_g05_d0.5,3006,69.308869,183.415022,148,185,1.230872
0.6,10,engagement_g05_d1.0,3006,71.941736,183.415022,147,193,1.284098
0.6,10,engagement_g05_d2.0,3006,77.175851,187.335493,145,185,1.230872
0.6,10,engagement_g05_d5.0,3006,93.408008,190.666506,122,215,1.430472
0.6,10,engagement_g05_d10.0,3006,102.928587,193.932007,20,666,4.431138
0.6,10,oracle_a1,3006,20.601343,68.639270,973,464,3.087159
0.6,11,static,3002,104.075630,190.037967,0,1161,7.734843
0.6,11,nearest,3002,100.198908,195.914883,39,604,4.023984
0.6,11,naive_target_aware,3002,63.210124,190.037967,183,193,1.285809
0.6,11,engagement_g00_d0.0,3002,63.210124,190.037967,183,193,1.285809
0.6,11,engagement_g00_d0.25,3002,67.732942,190.644002,160,195,1.299134
0.6,11,engagement_g00_d0.5,3002,69.327616,190.037967,157,192,1.279147
0.6,11,engagement_g00_d1.0,3002,71.725048,190.037967,154,189,1.259161
0.6,11,engagement_g00_d2.0,3002,78.949458,195.195911,152,194,1.292472
0.6,11,engagement_g00_d5.0,3002,98.494177,195.195911,144,183,1.219187
0.6,11,engagement_g00_d10.0,3002,100.888869,197.499403,52,366,2.438374
0.6,11,engagement_g05_d0.0,3002,70.889658,191.897722,151,204,1.359094
0.6,11,engagement_g05_d0.25,3002,72.316409,195.195911,149,204,1.359094
0.6,11,engagement_g05_d0.5,3002,73.107927,195.195911,147,200,1.332445
0.6,11,engagement_g05_d1.0,3002,74.704889,190.675899,145,195,1.299134
0.6,11,engagement_g05_d2.0,3002,81.295762,195.195911,144,185,1.232512
0.6,11,engagement_g05_d5.0,3002,99.319765,195.781786,129,215,1.432378
0.6,11,engagement_g05_d10.0,3002,104.061694,195.914883,24,539,3.590939
0.6,11,oracle_a1,3002,20.202286,70.663838,1050,345,2.298468
0.6,12,static,3026,98.907443,186.757214,0,623,4.117647
0.6,12,nearest,3026,113.189833,194.211587,5,1221,8.070059
0.6,12,naive_target_aware,3026,58.929129,181.457261,191,209,1.381362
0.6,12,engagement_g00_d0.0,3026,58.929129,181.457261,191,209,1.381362
0.6,12,engagement_g00_d0.25,3026,63.850675,182.837802,163,206,1.361533
0.6,12,engagement_g00_d0.5,3026,65.618874,182.837802,160,212,1.401190
0.6,12,engagement_g00_d1.0,3026,69.219790,182.837802,157,219,1.447455
0.6,12,engagement_g00_d2.0,3026,76.743123,182.837802,149,211,1.394580
0.6,12,engagement_g00_d5.0,3026,93.196594,184.968476,146,222,1.467284
0.6,12,engagement_g00_d10.0,3026,98.961458,186.757214,55,290,1.916722
0.6,12,engagement_g05_d0.0,3026,67.512211,182.837802,151,208,1.374752
0.6,12,engagement_g05_d0.25,3026,68.511984,182.837802,147,203,1.341705
0.6,12,engagement_g05_d0.5,3026,69.583931,182.837802,147,206,1.361533
0.6,12,engagement_g05_d1.0,3026,71.669086,182.837802,147,207,1.368143
0.6,12,engagement_g05_d2.0,3026,78.183534,182.837802,146,205,1.354924
0.6,12,engagement_g05_d5.0,3026,94.601690,189.520886,133,222,1.467284
0.6,12,engagement_g05_d10.0,3026,99.454709,185.394139,23,460,3.040317
0.6,12,oracle_a1,3026,18.032703,68.874193,1182,455,3.007270
0.6,13,static,3014,95.831866,194.766677,0,615,4.080956
0.6,13,nearest,3014,102.110884,189.049937,23,867,5.753152
0.6,13,naive_target_aware,3014,59.239338,186.025682,206,179,1.187790
0.6,13,engagement_g00_d0.0,3014,59.239338,186.025682,206,179,1.187790
0.6,13,engagement_g00_d0.25,3014,63.431214,186.189746,168,182,1.207697
0.6,13,engagement_g00_d0.5,3014,64.561822,186.325715,161,184,1.220969
0.6,13,engagement_g00_d1.0,3014,67.450884,186.325715,159,181,1.201062
0.6,13,engagement_g00_d2.0,3014,72.865114,190.447507,154,183,1.214333
0.6,13,engagement_g00_d5.0,3014,87.230295,189.539086,139,224,1.486397
0.6,13,engagement_g00_d10.0,3014,101.104400,193.946928,49,445,2.952887
0.6,13,engagement_g05_d0.0,3014,64.742947,186.189746,152,191,1.267419
0.6,13,engagement_g05_d0.25,3014,65.668581,186.025682,147,193,1.280690
0.6,13,engagement_g05_d0.5,3014,66.103700,186.189746,147,193,1.280690
0.6,13,engagement_g05_d1.0,3014,68.172121,186.189746,147,191,1.267419
0.6,13,engagement_g05_d2.0,3014,73.433166,188.327994,145,201,1.333776
0.6,13,engagement_g05_d5.0,3014,86.936350,189.049937,127,232,1.539482
0.6,13,engagement_g05_d10.0,3014,102.572736,193.754252,19,479,3.178500
0.6,13,oracle_a1,3014,18.181707,69.085006,1151,359,2.382216
0.6,14,static,3050,103.093589,196.742674,0,633,4.150820
0.6,14,nearest,3050,111.279671,194.444810,5,1208,7.921311
0.6,14,naive_target_aware,3050,63.822306,181.039467,176,188,1.232787
0.6,14,engagement_g00_d0.0,3050,63.822306,181.039467,176,188,1.232787
0.6,14,engagement_g00_d0.25,3050,67.718832,184.698904,157,191,1.252459
0.6,14,engagement_g00_d0.5,3050,68.563888,184.698904,154,188,1.232787
0.6,14,engagement_g00_d1.0,3050,71.021543,184.698904,152,193,1.265574
0.6,14,engagement_g00_d2.0,3050,76.040355,184.849740,151,185,1.213115
0.6,14,engagement_g00_d5.0,3050,93.615222,193.353481,148,196,1.285246
0.6,14,engagement_g00_d10.0,3050,113.327951,196.004517,53,405,2.655738
0.6,14,engagement_g05_d0.0,3050,69.254869,182.173953,150,199,1.304918
0.6,14,engagement_g05_d0.25,3050,70.530015,184.698904,149,194,1.272131
0.6,14,engagement_g05_d0.5,3050,71.160981,184.698904,149,192,1.259016
0.6,14,engagement_g05_d1.0,3050,72.868820,184.698904,147,197,1.291803
0.6,14,engagement_g05_d2.0,3050,76.850187,184.849740,147,191,1.252459
0.6,14,engagement_g05_d5.0,3050,95.539596,193.072017,132,210,1.377049
0.6,14,engagement_g05_d10.0,3050,103.989698,192.202213,15,893,5.855738
0.6,14,oracle_a1,3050,22.556518,89.934878,1172,314,2.059016
0.6,15,static,3022,100.435110,194.911133,0,1227,8.120450
0.6,15,nearest,3022,109.667271,194.911133,4,629,4.162806
0.6,15,naive_target_aware,3022,63.105971,186.809854,199,222,1.469226
0.6,15,engagement_g00_d0.0,3022,63.105971,186.809854,199,222,1.469226
0.6,15,engagement_g00_d0.25,3022,67.122245,186.809854,169,215,1.422899
0.6,15,engagement_g00_d0.5,3022,68.657902,186.809854,163,211,1.396426
0.6,15,engagement_g00_d1.0,3022,71.644897,186.809854,163,212,1.403044
0.6,15,engagement_g00_d2.0,3022,78.568999,189.740817,152,220,1.455989
0.6,15,engagement_g00_d5.0,3022,97.756583,194.902573,144,249,1.647915
0.6,15,engagement_g00_d10.0,3022,115.948657,196.636025,55,440,2.911979
0.6,15,engagement_g05_d0.0,3022,70.613980,188.127822,150,226,1.495698
0.6,15,engagement_g05_d0.25,3022,72.059221,188.844624,148,226,1.495698
0.6,15,engagement_g05_d0.5,3022,72.660054,188.844624,148,227,1.502316
0.6,15,engagement_g05_d1.0,3022,74.648717,189.668663,148,226,1.495698
0.6,15,engagement_g05_d2.0,3022,80.023945,190.394114,147,230,1.522171
0.6,15,engagement_g05_d5.0,3022,101.262318,194.911133,128,266,1.760424
0.6,15,engagement_g05_d10.0,3022,105.665850,189.740817,22,573,3.792191
0.6,15,oracle_a1,3022,20.017677,69.656627,1141,331,2.190602
0.6,16,static,3097,89.875654,187.034514,0,1200,7.749435
0.6,16,nearest,3097,96.161575,172.233473,5,642,4.145948
0.6,16,naive_target_aware,3097,57.275902,186.640998,182,175,1.130126
0.6,16,engagement_g00_d0.0,3097,57.275902,186.640998,182,175,1.130126
0.6,16,engagement_g00_d0.25,3097,62.071079,186.640998,160,176,1.136584
0.6,16,engagement_g00_d0.5,3097,63.605920,186.640998,157,181,1.168873
0.6,16,engagement_g00_d1.0,3097,66.566118,186.640998,152,181,1.168873
0.6,16,engagement_g00_d2.0,3097,72.617876,187.389936,148,185,1.194705
0.6,16,engagement_g00_d5.0,3097,88.000864,190.823164,144,197,1.272199
0.6,16,engagement_g00_d10.0,3097,96.228525,187.034514,53,391,2.525024
0.6,16,engagement_g05_d0.0,3097,63.806510,186.640998,152,197,1.272199
0.6,16,engagement_g05_d0.25,3097,64.823164,186.640998,146,201,1.298030
0.6,16,engagement_g05_d0.5,3097,66.038753,186.640998,146,199,1.285115
0.6,16,engagement_g05_d1.0,3097,68.370370,187.034514,146,195,1.259283
0.6,16,engagement_g05_d2.0,3097,73.898632,188.811624,143,212,1.369067
0.6,16,engagement_g05_d5.0,3097,88.519206,190.823164,127,220,1.420730
0.6,16,engagement_g05_d10.0,3097,96.174097,190.858262,24,651,4.204068
0.6,16,oracle_a1,3097,18.339875,73.004419,1142,267,1.724249
0.6,17,static,2945,113.035200,191.935999,0,1800,12.224109
0.6,17,nearest,2945,89.993618,182.347704,4,1127,7.653650
0.6,17,naive_target_aware,2945,61.518276,178.179552,179,185,1.256367
0.6,17,engagement_g00_d0.0,2945,61.518276,178.179552,179,185,1.256367
0.6,17,engagement_g00_d0.25,2945,66.547581,178.179552,158,184,1.249576
0.6,17,engagement_g00_d0.5,2945,68.018820,178.179552,155,187,1.269949
0.6,17,engagement_g00_d1.0,2945,71.832728,178.179552,155,186,1.263158
0.6,17,engagement_g00_d2.0,2945,77.567862,178.169969,152,191,1.297114
0.6,17,engagement_g00_d5.0,2945,97.066709,179.687337,147,205,1.392190
0.6,17,engagement_g00_d10.0,2945,96.035288,184.710449,55,327,2.220713
0.6,17,engagement_g05_d0.0,2945,69.202885,178.179552,151,189,1.283531
0.6,17,engagement_g05_d0.25,2945,70.881406,178.179552,149,190,1.290323
0.6,17,engagement_g05_d0.5,2945,71.891386,178.179552,148,188,1.276740
0.6,17,engagement_g05_d1.0,2945,74.999522,178.179552,148,188,1.276740
0.6,17,engagement_g05_d2.0,2945,79.532775,178.177635,147,181,1.229202
0.6,17,engagement_g05_d5.0,2945,95.993987,179.687337,131,205,1.392190
0.6,17,engagement_g05_d10.0,2945,98.480463,191.079399,27,577,3.918506
0.6,17,oracle_a1,2945,19.036703,69.840157,1069,385,2.614601
0.6,18,static,3040,101.267668,183.710147,0,1230,8.092105
0.6,18,nearest,3040,100.820403,195.269272,40,942,6.197368
0.6,18,naive_target_aware,3040,62.486840,183.256190,201,208,1.368421
0.6,18,engagement_g00_d0.0,3040,62.486840,183.256190,201,208,1.368421
0.6,18,engagement_g00_d0.25,3040,67.464919,185.187734,159,211,1.388158
0.6,18,engagement_g00_d0.5,3040,69.497204,185.659650,158,204,1.342105
0.6,18,engagement_g00_d1.0,3040,72.721637,187.074705,153,205,1.348684
0.6,18,engagement_g00_d2.0,3040,80.931367,189.391888,150,203,1.335526
0.6,18,engagement_g00_d5.0,3040,98.417914,189.391888,140,208,1.368421
0.6,18,engagement_g00_d10.0,3040,108.597469,194.101582,54,446,2.934211
0.6,18,engagement_g05_d0.0,3040,71.041282,185.936767,152,206,1.355263
0.6,18,engagement_g05_d0.25,3040,72.435270,187.074705,144,207,1.361842
0.6,18,engagement_g05_d0.5,3040,73.816250,187.190564,144,198,1.302632
0.6,18,engagement_g05_d1.0,3040,76.199347,189.391888,144,198,1.302632
0.6,18,engagement_g05_d2.0,3040,82.912368,189.391888,141,197,1.296053
0.6,18,engagement_g05_d5.0,3040,99.932113,189.391888,129,227,1.493421
0.6,18,engagement_g05_d10.0,3040,104.737709,185.876876,20,498,3.276316
0.6,18,oracle_a1,3040,17.187844,55.389149,1226,353,2.322368
0.6,19,static,2979,109.189860,195.753930,0,604,4.055052
0.6,19,nearest,2979,103.441539,198.905499,16,1173,7.875126
0.6,19,naive_target_aware,2979,64.658677,191.995776,186,207,1.389728
0.6,19,engagement_g00_d0.0,2979,64.658677,191.995776,186,207,1.389728
0.6,19,engagement_g00_d0.25,2979,70.732564,191.995776,157,209,1.403155
0.6,19,engagement_g00_d0.5,2979,72.251152,193.505821,155,213,1.430010
0.6,19,engagement_g00_d1.0,2979,75.907453,193.558023,154,212,1.423296
0.6,19,engagement_g00_d2.0,2979,85.430969,195.290643,150,209,1.403155
0.6,19,engagement_g00_d5.0,2979,106.657904,198.905499,148,213,1.430010
0.6,19,engagement_g00_d10.0,2979,107.517190,195.864866,56,338,2.269218
0.6,19,engagement_g05_d0.0,2979,73.857230,194.027842,150,194,1.302450
0.6,19,engagement_g05_d0.25,2979,75.477421,194.027842,147,198,1.329305
0.6,19,engagement_g05_d0.5,2979,76.533720,194.027842,146,207,1.389728
0.6,19,engagement_g05_d1.0,2979,78.827262,194.027842,146,208,1.396442
0.6,19,engagement_g05_d2.0,2979,86.292703,195.239167,146,209,1.403155
0.6,19,engagement_g05_d5.0,2979,105.896682,198.905499,136,215,1.443437
0.6,19,engagement_g05_d10.0,2979,108.887792,195.239167,20,458,3.074857
0.6,19,oracle_a1,2979,17.078113,59.297329,1187,435,2.920443
0.6,20,static,3045,105.113440,188.818412,0,636,4.177340
0.6,20,nearest,3045,103.798260,196.288496,33,920,6.042693
0.6,20,naive_target_aware,3045,61.973165,180.774747,210,195,1.280788
0.6,20,engagement_g00_d0.0,3045,61.973165,180.774747,210,195,1.280788
0.6,20,engagement_g00_d0.25,3045,66.351068,180.774747,165,188,1.234811
0.6,20,engagement_g00_d0.5,3045,67.925527,180.774747,161,186,1.221675
0.6,20,engagement_g00_d1.0,3045,70.866691,180.774747,154,187,1.228243
0.6,20,engagement_g00_d2.0,3045,77.532421,180.774747,152,190,1.247947
0.6,20,engagement_g00_d5.0,3045,95.025404,180.774747,145,192,1.261084
0.6,20,engagement_g00_d10.0,3045,105.414741,188.818412,50,429,2.817734
0.6,20,engagement_g05_d0.0,3045,69.024388,180.774747,148,210,1.379310
0.6,20,engagement_g05_d0.25,3045,70.419897,180.774747,143,209,1.372742
0.6,20,engagement_g05_d0.5,3045,71.381886,180.774747,143,206,1.353038
0.6,20,engagement_g05_d1.0,3045,73.429883,180.774747,143,207,1.359606
0.6,20,engagement_g05_d2.0,3045,79.749958,180.847195,142,211,1.385878
0.6,20,engagement_g05_d5.0,3045,96.829834,183.337767,130,261,1.714286
0.6,20,engagement_g05_d10.0,3045,100.737101,188.792542,20,733,4.814450
0.6,20,oracle_a1,3045,20.800403,73.093063,972,338,2.220033
0.6,21,static,3058,110.943246,197.070043,0,644,4.211903
0.6,21,nearest,3058,99.629602,188.161891,22,1197,7.828646
0.6,21,naive_target_aware,3058,64.434239,188.161891,186,188,1.229562
0.6,21,engagement_g00_d0.0,3058,64.434239,188.161891,186,188,1.229562
0.6,21,engagement_g00_d0.25,3058,69.948192,189.097051,157,185,1.209941
0.6,21,engagement_g00_d0.5,3058,71.838911,189.321484,153,185,1.209941
0.6,21,engagement_g00_d1.0,3058,75.557614,189.321484,149,189,1.236102
0.6,21,engagement_g00_d2.0,3058,81.910349,189.391733,149,188,1.229562
0.6,21,engagement_g00_d5.0,3058,103.011705,197.070043,144,208,1.360366
0.6,21,engagement_g00_d10.0,3058,108.607904,191.312631,47,370,2.419882
0.6,21,engagement_g05_d0.0,3058,72.008338,189.321484,147,190,1.242642
0.6,21,engagement_g05_d0.25,3058,73.974468,189.332021,147,187,1.223022
0.6,21,engagement_g05_d0.5,3058,75.308823,189.391733,147,186,1.216481
0.6,21,engagement_g05_d1.0,3058,77.909879,189.391733,147,187,1.223022
0.6,21,engagement_g05_d2.0,3058,83.432619,190.942136,147,188,1.229562
0.6,21,engagement_g05_d5.0,3058,102.139763,194.000853,130,209,1.366906
0.6,21,engagement_g05_d10.0,3058,103.334290,188.161891,21,683,4.466972
0.6,21,oracle_a1,3058,20.072867,74.424404,1072,280,1.831262
0.6,22,static,3009,100.730213,196.376444,0,632,4.200731
0.6,22,nearest,3009,98.921529,182.201864,6,630,4.187438
0.6,22,naive_target_aware,3009,63.600387,182.615363,190,185,1.229644
0.6,22,engagement_g00_d0.0,3009,63.600387,182.615363,190,185,1.229644
0.6,22,engagement_g00_d0.25,3009,68.114343,182.655150,163,185,1.229644
0.6,22,engagement_g00_d0.5,3009,69.938313,183.029627,159,184,1.222998
0.6,22,engagement_g00_d1.0,3009,73.191902,183.029627,153,190,1.262878
0.6,22,engagement_g00_d2.0,3009,79.688139,183.029627,150,198,1.316052
0.6,22,engagement_g00_d5.0,3009,95.777179,183.029627,144,208,1.382519
0.6,22,engagement_g00_d10.0,3009,100.339722,184.168976,55,311,2.067132
0.6,22,engagement_g05_d0.0,3009,70.796403,183.029627,154,188,1.249585
0.6,22,engagement_g05_d0.25,3009,71.673117,183.029627,148,187,1.242938
0.6,22,engagement_g05_d0.5,3009,72.789286,183.029627,147,188,1.249585
0.6,22,engagement_g05_d1.0,3009,75.694540,183.029627,147,192,1.276171
0.6,22,engagement_g05_d2.0,3009,81.398461,183.029627,145,199,1.322699
0.6,22,engagement_g05_d5.0,3009,95.505500,183.029627,128,234,1.555334
0.6,22,engagement_g05_d10.0,3009,103.101752,186.559172,21,581,3.861748
0.6,22,oracle_a1,3009,19.601926,77.520329,1294,409,2.718511
0.6,23,static,3060,103.775521,194.457226,0,637,4.163399
0.6,23,nearest,3060,92.715275,186.745361,5,1175,7.679739
0.6,23,naive_target_aware,3060,60.314404,186.783521,195,212,1.385621
0.6,23,engagement_g00_d0.0,3060,60.314404,186.783521,195,212,1.385621
0.6,23,engagement_g00_d0.25,3060,64.550084,186.783521,167,211,1.379085
0.6,23,engagement_g00_d0.5,3060,65.740679,186.783521,160,210,1.372549
0.6,23,engagement_g00_d1.0,3060,69.883121,186.871457,154,219,1.431373
0.6,23,engagement_g00_d2.0,3060,75.785912,188.553920,151,199,1.300654
0.6,23,engagement_g00_d5.0,3060,91.433663,190.886001,142,204,1.333333
0.6,23,engagement_g00_d10.0,3060,103.564824,190.315294,49,346,2.261438
0.6,23,engagement_g05_d0.0,3060,68.407635,188.531539,150,236,1.542484
0.6,23,engagement_g05_d0.25,3060,69.310977,188.531539,147,228,1.490196
0.6,23,engagement_g05_d0.5,3060,69.852003,188.287807,146,223,1.457516
0.6,23,engagement_g05_d1.0,3060,72.421853,188.531539,145,215,1.405229
0.6,23,engagement_g05_d2.0,3060,77.651164,188.979161,143,210,1.372549
0.6,23,engagement_g05_d5.0,3060,93.244534,190.886001,130,223,1.457516
0.6,23,engagement_g05_d10.0,3060,102.250481,194.457226,23,452,2.954248
0.6,23,oracle_a1,3060,18.631118,60.373640,1092,430,2.810458
0.6,24,static,2894,98.832951,184.185850,0,606,4.187975
0.6,24,nearest,2894,96.960299,190.891710,44,996,6.883207
0.6,24,naive_target_aware,2894,62.407732,187.178480,183,175,1.209399
0.6,24,engagement_g00_d0.0,2894,62.407732,187.178480,183,175,1.209399
0.6,24,engagement_g00_d0.25,2894,67.235388,187.178480,157,171,1.181755
0.6,24,engagement_g00_d0.5,2894,68.903659,187.178480,155,174,1.202488
0.6,24,engagement_g00_d1.0,2894,72.438363,187.178480,154,172,1.188666
0.6,24,engagement_g00_d2.0,2894,79.866886,188.299249,152,172,1.188666
0.6,24,engagement_g00_d5.0,2894,97.168278,192.409758,145,179,1.237042
0.6,24,engagement_g00_d10.0,2894,102.260628,187.178480,48,367,2.536282
0.6,24,engagement_g05_d0.0,2894,70.153264,187.178480,150,179,1.237042
0.6,24,engagement_g05_d0.25,2894,71.401454,187.178480,147,178,1.230131
0.6,24,engagement_g05_d0.5,2894,72.256495,187.178480,147,178,1.230131
0.6,24,engagement_g05_d1.0,2894,74.526580,187.178480,146,175,1.209399
0.6,24,engagement_g05_d2.0,2894,80.612656,189.206610,146,168,1.161023
0.6,24,engagement_g05_d5.0,2894,97.371110,190.891710,133,229,1.582585
0.6,24,engagement_g05_d10.0,2894,101.911714,187.178480,22,484,3.344851
0.6,24,oracle_a1,2894,20.269751,74.256126,1013,268,1.852108
0.6,25,static,2903,97.905325,189.465833,0,599,4.126765
0.6,25,nearest,2903,93.458169,191.922013,5,598,4.119876
0.6,25,naive_target_aware,2903,60.756194,186.155182,176,182,1.253875
0.6,25,engagement_g00_d0.0,2903,60.756194,186.155182,176,182,1.253875
0.6,25,engagement_g00_d0.25,2903,66.857864,189.465833,154,181,1.246986
0.6,25,engagement_g00_d0.5,2903,67.841043,189.465833,153,179,1.233207
0.6,25,engagement_g00_d1.0,2903,71.432797,189.465833,151,175,1.205649
0.6,25,engagement_g00_d2.0,2903,77.999226,189.465833,150,178,1.226318
0.6,25,engagement_g00_d5.0,2903,98.051697,189.465833,146,185,1.274544
0.6,25,engagement_g00_d10.0,2903,103.121226,192.681692,58,304,2.094385
0.6,25,engagement_g05_d0.0,2903,69.984161,189.465833,150,200,1.377885
0.6,25,engagement_g05_d0.25,2903,71.752770,189.465833,146,198,1.364106
0.6,25,engagement_g05_d0.5,2903,72.620304,189.465833,146,195,1.343438
0.6,25,engagement_g05_d1.0,2903,74.710186,189.465833,146,187,1.288322
0.6,25,engagement_g05_d2.0,2903,79.856406,189.465833,146,180,1.240096
0.6,25,engagement_g05_d5.0,2903,98.696222,189.465833,134,205,1.412332
0.6,25,engagement_g05_d10.0,2903,95.538253,189.890187,21,632,4.354116
0.6,25,oracle_a1,2903,19.761212,70.454036,1013,266,1.832587
0.6,26,static,3057,108.590313,196.881824,0,662,4.331044
0.6,26,nearest,3057,111.012137,200.055703,4,661,4.324501
0.6,26,naive_target_aware,3057,63.646467,189.154751,195,194,1.269218
0.6,26,engagement_g00_d0.0,3057,63.646467,189.154751,195,194,1.269218
0.6,26,engagement_g00_d0.25,3057,67.958896,190.646567,158,191,1.249591
0.6,26,engagement_g00_d0.5,3057,69.378291,190.646567,155,193,1.262676
0.6,26,engagement_g00_d1.0,3057,72.009702,190.646567,155,188,1.229964
0.6,26,engagement_g00_d2.0,3057,78.073935,190.646567,149,185,1.210337
0.6,26,engagement_g00_d5.0,3057,97.867831,192.799543,143,191,1.249591
0.6,26,engagement_g00_d10.0,3057,110.037848,192.881960,61,328,2.145895
0.6,26,engagement_g05_d0.0,3057,68.594608,189.802832,155,202,1.321557
0.6,26,engagement_g05_d0.25,3057,70.850399,190.646567,149,200,1.308472
0.6,26,engagement_g05_d0.5,3057,71.943192,190.646567,148,195,1.275761
0.6,26,engagement_g05_d1.0,3057,74.175945,190.646567,148,191,1.249591
0.6,26,engagement_g05_d2.0,3057,79.727544,190.646567,146,192,1.256133
0.6,26,engagement_g05_d5.0,3057,98.486459,192.881960,136,193,1.262676
0.6,26,engagement_g05_d10.0,3057,104.809631,194.281119,28,674,4.409552
0.6,26,oracle_a1,3057,19.731692,78.027164,1170,445,2.911351
0.6,27,static,2968,103.958042,184.186024,0,619,4.171159
0.6,27,nearest,2968,103.562676,192.165093,18,817,5.505391
0.6,27,naive_target_aware,2968,64.279192,174.930487,197,171,1.152291
0.6,27,engagement_g00_d0.0,2968,64.279192,174.930487,197,171,1.152291
0.6,27,engagement_g00_d0.25,2968,69.126038,174.930487,167,171,1.152291
0.6,27,engagement_g00_d0.5,2968,70.975878,176.412936,163,169,1.138814
0.6,27,engagement_g00_d1.0,2968,74.704920,176.412936,158,169,1.138814
0.6,27,engagement_g00_d2.0,2968,81.247413,174.930487,151,186,1.253369
0.6,27,engagement_g00_d5.0,2968,98.872001,177.236748,144,193,1.300539
0.6,27,engagement_g00_d10.0,2968,100.104832,187.494719,47,409,2.756065
0.6,27,engagement_g05_d0.0,2968,71.608461,174.930487,146,188,1.266846
0.6,27,engagement_g05_d0.25,2968,72.593193,174.930487,142,191,1.287062
0.6,27,engagement_g05_d0.5,2968,73.601787,174.930487,142,191,1.287062
0.6,27,engagement_g05_d1.0,2968,76.028447,174.930487,142,194,1.307278
0.6,27,engagement_g05_d2.0,2968,82.251654,174.930487,142,182,1.226415
0.6,27,engagement_g05_d5.0,2968,99.619398,177.680339,122,262,1.765499
0.6,27,engagement_g05_d10.0,2968,97.275366,189.802931,16,487,3.281671
0.6,27,oracle_a1,2968,20.885729,79.200759,1079,267,1.799191
0.6,28,static,3014,115.706178,190.443497,0,1217,8.075647
0.6,28,nearest,3014,110.505687,194.189343,14,743,4.930325
0.6,28,naive_target_aware,3014,62.426166,190.111815,186,188,1.247512
0.6,28,engagement_g00_d0.0,3014,62.426166,190.111815,186,188,1.247512
0.6,28,engagement_g00_d0.25,3014,67.444934,197.117162,159,187,1.240876
0.6,28,engagement_g00_d0.5,3014,69.708981,197.117162,158,186,1.234240
0.6,28,engagement_g00_d1.0,3014,72.821839,197.117162,153,181,1.201062
0.6,28,engagement_g00_d2.0,3014,79.690417,197.117162,150,187,1.240876
0.6,28,engagement_g00_d5.0,3014,97.444932,198.002655,147,201,1.333776
0.6,28,engagement_g00_d10.0,3014,105.656427,199.664551,56,362,2.402123
0.6,28,engagement_g05_d0.0,3014,70.808639,197.117162,149,205,1.360319
0.6,28,engagement_g05_d0.25,3014,72.129531,197.117162,146,208,1.380226
0.6,28,engagement_g05_d0.5,3014,73.523930,197.117162,146,200,1.327140
0.6,28,engagement_g05_d1.0,3014,75.728865,197.117162,146,197,1.307233
0.6,28,engagement_g05_d2.0,3014,81.580049,198.002655,146,203,1.347047
0.6,28,engagement_g05_d5.0,3014,98.956597,198.002655,131,227,1.506304
0.6,28,engagement_g05_d10.0,3014,102.743149,194.189343,17,655,4.346384
0.6,28,oracle_a1,3014,18.227160,65.366607,1157,476,3.158593
0.6,29,static,3063,95.493994,186.238844,0,1209,7.894221
0.6,29,nearest,3063,93.527970,186.238844,4,652,4.257264
0.6,29,naive_target_aware,3063,58.846791,178.517111,192,204,1.332027
0.6,29,engagement_g00_d0.0,3063,58.846791,178.517111,192,204,1.332027
0.6,29,engagement_g00_d0.25,3063,62.865750,178.517111,165,201,1.312439
0.6,29,engagement_g00_d0.5,3063,64.512414,178.517111,163,203,1.325498
0.6,29,engagement_g00_d1.0,3063,67.929005,180.396291,159,198,1.292850
0.6,29,engagement_g00_d2.0,3063,73.627049,183.710002,152,189,1.234084
0.6,29,engagement_g00_d5.0,3063,90.745956,187.059320,143,228,1.488737
0.6,29,engagement_g00_d10.0,3063,96.160887,183.924439,54,371,2.422462
0.6,29,engagement_g05_d0.0,3063,65.280198,178.517111,149,204,1.332027
0.6,29,engagement_g05_d0.25,3063,66.255344,178.517111,149,202,1.318968
0.6,29,engagement_g05_d0.5,3063,67.023951,178.517111,148,201,1.312439
0.6,29,engagement_g05_d1.0,3063,69.279849,178.517111,148,201,1.312439
0.6,29,engagement_g05_d2.0,3063,75.348405,183.924439,146,209,1.364675
0.6,29,engagement_g05_d5.0,3063,90.633564,186.100037,130,220,1.436500
0.6,29,engagement_g05_d10.0,3063,97.032792,183.924439,16,692,4.518446
0.6,29,oracle_a1,3063,18.961362,67.473069,1133,640,4.178910
0.6,30,static,2933,103.673914,189.082593,0,1171,7.984998
0.6,30,nearest,2933,98.300901,185.901848,12,1699,11.585407
0.6,30,naive_target_aware,2933,66.565989,183.954993,197,203,1.384248
0.6,30,engagement_g00_d0.0,2933,66.565989,183.954993,197,203,1.384248
0.6,30,engagement_g00_d0.25,2933,72.801640,184.596028,162,202,1.377429
0.6,30,engagement_g00_d0.5,2933,74.462458,185.901848,160,209,1.425162
0.6,30,engagement_g00_d1.0,2933,77.893701,185.901848,157,214,1.459257
0.6,30,engagement_g00_d2.0,2933,84.553427,189.082593,154,206,1.404705
0.6,30,engagement_g00_d5.0,2933,106.155386,196.140996,144,208,1.418343
0.6,30,engagement_g00_d10.0,2933,115.213206,196.344076,49,369,2.516195
0.6,30,engagement_g05_d0.0,2933,75.193458,185.901848,149,206,1.404705
0.6,30,engagement_g05_d0.25,2933,76.770973,185.901848,149,205,1.397886
0.6,30,engagement_g05_d0.5,2933,78.108727,185.901848,149,208,1.418343
0.6,30,engagement_g05_d1.0,2933,80.255803,189.082593,149,212,1.445619
0.6,30,engagement_g05_d2.0,2933,86.245677,193.745334,147,204,1.391067
0.6,30,engagement_g05_d5.0,2933,105.149124,195.710540,124,251,1.711558
0.6,30,engagement_g05_d10.0,2933,110.639311,196.005609,24,357,2.434368
0.6,30,oracle_a1,2933,22.561672,84.282576,985,279,1.902489
0.5,1,static,3072,93.355102,184.634696,0,1224,7.968750
0.5,1,nearest,3072,96.235876,192.868599,25,629,4.095052
0.5,1,naive_target_aware,3072,63.955193,184.634696,251,204,1.328125
0.5,1,engagement_g00_d0.0,3072,63.955193,184.634696,251,204,1.328125
0.5,1,engagement_g00_d0.25,3072,66.902492,184.634696,184,198,1.289062
0.5,1,engagement_g00_d0.5,3072,68.242685,184.634696,180,201,1.308594
0.5,1,engagement_g00_d1.0,3072,69.331476,184.634696,166,203,1.321615
0.5,1,engagement_g00_d2.0,3072,74.056011,184.706306,158,200,1.302083
0.5,1,engagement_g00_d5.0,3072,84.143259,184.634696,137,228,1.484375
0.5,1,engagement_g00_d10.0,3072,94.805347,184.634696,53,447,2.910156
0.5,1,engagement_g05_d0.0,3072,70.831923,184.634696,133,225,1.464844
0.5,1,engagement_g05_d0.25,3072,71.209809,184.634696,130,223,1.451823
0.5,1,engagement_g05_d0.5,3072,71.757718,184.634696,129,224,1.458333
0.5,1,engagement_g05_d1.0,3072,72.896601,184.634696,129,225,1.464844
0.5,1,engagement_g05_d2.0,3072,75.581994,184.666920,124,234,1.523438
0.5,1,engagement_g05_d5.0,3072,85.741985,184.634696,96,265,1.725260
0.5,1,engagement_g05_d10.0,3072,90.453583,180.902468,11,588,3.828125
0.5,1,oracle_a1,3072,20.831069,61.303580,1370,392,2.552083
0.5,2,static,3076,96.641542,184.757355,0,1260,8.192458
0.5,2,nearest,3076,89.908167,191.478106,5,1206,7.841352
0.5,2,naive_target_aware,3076,71.316389,191.712240,251,194,1.261378
0.5,2,engagement_g00_d0.0,3076,71.316389,191.712240,251,194,1.261378
0.5,2,engagement_g00_d0.25,3076,74.329410,193.294707,181,200,1.300390
0.5,2,engagement_g00_d0.5,3076,75.748417,195.394846,176,198,1.287386
0.5,2,engagement_g00_d1.0,3076,78.662034,195.394846,161,197,1.280884
0.5,2,engagement_g00_d2.0,3076,83.572256,195.394846,154,201,1.306892
0.5,2,engagement_g00_d5.0,3076,98.208929,196.179219,135,254,1.651495
0.5,2,engagement_g00_d10.0,3076,106.726045,191.478106,48,478,3.107932
0.5,2,engagement_g05_d0.0,3076,81.625447,195.394846,142,219,1.423927
0.5,2,engagement_g05_d0.25,3076,82.455793,195.394846,140,218,1.417425
0.5,2,engagement_g05_d0.5,3076,83.304693,195.394846,138,215,1.397919
0.5,2,engagement_g05_d1.0,3076,84.409508,195.394846,137,224,1.456437
0.5,2,engagement_g05_d2.0,3076,89.095267,195.394846,137,227,1.475943
0.5,2,engagement_g05_d5.0,3076,102.270205,196.179219,116,282,1.833550
0.5,2,engagement_g05_d10.0,3076,98.934457,188.656859,11,717,4.661899
0.5,2,oracle_a1,3076,22.365212,70.904515,1341,466,3.029909
0.5,3,static,2993,95.118904,191.259772,0,620,4.143000
0.5,3,nearest,2993,89.710221,175.873447,5,1175,7.851654
0.5,3,naive_target_aware,2993,70.809832,185.560987,285,185,1.236218
0.5,3,engagement_g00_d0.0,2993,70.809832,185.560987,285,185,1.236218
0.5,3,engagement_g00_d0.25,2993,74.015459,185.560987,200,179,1.196124
0.5,3,engagement_g00_d0.5,2993,75.432196,185.560987,190,181,1.209489
0.5,3,engagement_g00_d1.0,2993,77.202894,185.560987,176,184,1.229536
0.5,3,engagement_g00_d2.0,2993,81.995088,185.560987,159,192,1.282994
0.5,3,engagement_g00_d5.0,2993,93.707649,188.906630,132,213,1.423321
0.5,3,engagement_g00_d10.0,2993,102.479416,179.525776,38,747,4.991647
0.5,3,engagement_g05_d0.0,2993,82.195334,185.560987,139,207,1.383228
0.5,3,engagement_g05_d0.25,2993,83.098316,186.106128,133,206,1.376545
0.5,3,engagement_g05_d0.5,2993,83.266950,186.106128,133,206,1.376545
0.5,3,engagement_g05_d1.0,2993,83.835879,185.560987,132,204,1.363181
0.5,3,engagement_g05_d2.0,2993,86.115564,185.560987,126,215,1.436686
0.5,3,engagement_g05_d5.0,2993,96.951545,186.923839,94,247,1.650518
0.5,3,engagement_g05_d10.0,2993,98.502703,188.906630,13,425,2.839960
0.5,3,oracle_a1,2993,23.207613,74.450877,1266,345,2.305379
0.5,4,static,2947,102.519662,193.697416,0,606,4.112657
0.5,4,nearest,2947,98.951194,189.576396,4,606,4.112657
0.5,4,naive_target_aware,2947,69.526025,182.201976,238,218,1.479471
0.5,4,engagement_g00_d0.0,2947,69.526025,182.201976,238,218,1.479471
0.5,4,engagement_g00_d0.25,2947,73.240247,183.504948,186,213,1.445538
0.5,4,engagement_g00_d0.5,2947,74.176541,184.413775,171,209,1.418392
0.5,4,engagement_g00_d1.0,2947,76.970376,186.357896,164,213,1.445538
0.5,4,engagement_g00_d2.0,2947,82.465923,191.198623,154,210,1.425178
0.5,4,engagement_g00_d5.0,2947,95.538164,193.368367,137,267,1.812012
0.5,4,engagement_g00_d10.0,2947,106.003224,191.198623,50,362,2.456736
0.5,4,engagement_g05_d0.0,2947,80.067336,187.024163,134,272,1.845945
0.5,4,engagement_g05_d0.25,2947,80.747018,187.024163,133,269,1.825585
0.5,4,engagement_g05_d0.5,2947,81.067843,187.024163,133,269,1.825585
0.5,4,engagement_g05_d1.0,2947,82.657605,187.024163,132,264,1.791653
0.5,4,engagement_g05_d2.0,2947,86.142250,189.576396,132,258,1.750933
0.5,4,engagement_g05_d5.0,2947,95.831180,191.198623,103,293,1.988463
0.5,4,engagement_g05_d10.0,2947,106.161323,191.198623,10,572,3.881914
0.5,4,oracle_a1,2947,20.601896,65.119678,1384,278,1.886664
0.5,5,static,2961,100.040690,188.688177,0,1225,8.274232
0.5,5,nearest,2961,100.509209,185.423886,6,626,4.228301
0.5,5,naive_target_aware,2961,72.377808,185.158119,283,198,1.337386
0.5,5,engagement_g00_d0.0,2961,72.377808,185.158119,283,198,1.337386
0.5,5,engagement_g00_d0.25,2961,75.883106,187.323161,203,202,1.364404
0.5,5,engagement_g00_d0.5,2961,77.432362,187.743898,196,203,1.371158
0.5,5,engagement_g00_d1.0,2961,79.171414,187.743898,175,201,1.357649
0.5,5,engagement_g00_d2.0,2961,85.369176,192.376458,161,204,1.377913
0.5,5,engagement_g00_d5.0,2961,100.270340,196.075920,131,217,1.465721
0.5,5,engagement_g00_d10.0,2961,102.258756,196.075920,41,413,2.789598
0.5,5,engagement_g05_d0.0,2961,83.191403,188.688177,129,194,1.310368
0.5,5,engagement_g05_d0.25,2961,83.011641,188.688177,124,194,1.310368
0.5,5,engagement_g05_d0.5,2961,83.340719,188.688177,124,196,1.323877
0.5,5,engagement_g05_d1.0,2961,84.790999,192.376458,124,193,1.303614
0.5,5,engagement_g05_d2.0,2961,88.819738,196.075920,122,202,1.364404
0.5,5,engagement_g05_d5.0,2961,98.947261,196.075920,96,274,1.850726
0.5,5,engagement_g05_d10.0,2961,106.419688,192.376458,16,521,3.519081
0.5,5,oracle_a1,2961,22.902751,70.075539,1215,330,2.228977
0.5,6,static,2952,101.787990,191.861847,0,1121,7.594851
0.5,6,nearest,2952,107.586488,191.861847,4,1789,12.120596
0.5,6,naive_target_aware,2952,68.778697,189.730532,275,191,1.294038
0.5,6,engagement_g00_d0.0,2952,68.778697,189.730532,275,191,1.294038
0.5,6,engagement_g00_d0.25,2952,72.373771,189.900942,190,199,1.348238
0.5,6,engagement_g00_d0.5,2952,73.390964,189.900942,183,198,1.341463
0.5,6,engagement_g00_d1.0,2952,76.047522,189.900942,176,206,1.395664
0.5,6,engagement_g00_d2.0,2952,80.372334,189.900942,159,188,1.273713
0.5,6,engagement_g00_d5.0,2952,92.745097,194.256895,130,243,1.646341
0.5,6,engagement_g00_d10.0,2952,100.466061,191.861847,44,365,2.472900
0.5,6,engagement_g05_d0.0,2952,78.706269,189.927167,142,207,1.402439
0.5,6,engagement_g05_d0.25,2952,79.173415,189.927167,134,206,1.395664
0.5,6,engagement_g05_d0.5,2952,78.869138,189.927167,132,196,1.327913
0.5,6,engagement_g05_d1.0,2952,79.779853,189.959220,131,202,1.368564
0.5,6,engagement_g05_d2.0,2952,82.509432,191.861847,130,197,1.334688
0.5,6,engagement_g05_d5.0,2952,92.436586,189.959220,99,326,2.208672
0.5,6,engagement_g05_d10.0,2952,104.390873,191.861847,10,689,4.668022
0.5,6,oracle_a1,2952,20.900020,71.246128,1211,784,5.311653
0.5,7,static,2971,113.697638,194.999538,0,1186,7.983844
0.5,7,nearest,2971,107.400078,194.443616,5,1156,7.781892
0.5,7,naive_target_aware,2971,73.789860,191.524629,257,249,1.676203
0.5,7,engagement_g00_d0.0,2971,73.789860,191.524629,257,249,1.676203
0.5,7,engagement_g00_d0.25,2971,77.459791,193.018501,192,248,1.669472
0.5,7,engagement_g00_d0.5,2971,78.725127,193.018501,185,252,1.696399
0.5,7,engagement_g00_d1.0,2971,80.663996,193.181752,177,277,1.864692
0.5,7,engagement_g00_d2.0,2971,85.298074,193.345003,161,264,1.777179
0.5,7,engagement_g00_d5.0,2971,100.979224,193.345003,136,247,1.662740
0.5,7,engagement_g00_d10.0,2971,109.368149,193.018501,42,379,2.551330
0.5,7,engagement_g05_d0.0,2971,84.939582,193.018501,141,242,1.629081
0.5,7,engagement_g05_d0.25,2971,85.174632,193.345003,136,237,1.595422
0.5,7,engagement_g05_d0.5,2971,85.496075,193.345003,136,225,1.514642
0.5,7,engagement_g05_d1.0,2971,86.657509,193.181752,135,221,1.487715
0.5,7,engagement_g05_d2.0,2971,90.518963,193.345003,133,214,1.440592
0.5,7,engagement_g05_d5.0,2971,103.792296,193.018501,94,293,1.972400
0.5,7,engagement_g05_d10.0,2971,109.713733,194.999538,11,707,4.759340
0.5,7,oracle_a1,2971,27.245172,94.977936,1180,388,2.611915
0.5,8,static,2983,93.723817,180.007151,0,634,4.250754
0.5,8,nearest,2983,97.046855,192.519809,5,633,4.244050
0.5,8,naive_target_aware,2983,66.434422,177.059340,255,201,1.347637
0.5,8,engagement_g00_d0.0,2983,66.434422,177.059340,255,201,1.347637
0.5,8,engagement_g00_d0.25,2983,69.912829,177.059340,186,200,1.340932
0.5,8,engagement_g00_d0.5,2983,70.473974,177.059340,174,208,1.394569
0.5,8,engagement_g00_d1.0,2983,72.361895,177.059340,163,203,1.361046
0.5,8,engagement_g00_d2.0,2983,76.704449,177.059340,155,227,1.521958
0.5,8,engagement_g00_d5.0,2983,91.401801,185.761014,137,231,1.548776
0.5,8,engagement_g00_d10.0,2983,98.399148,189.128087,44,280,1.877305
0.5,8,engagement_g05_d0.0,2983,76.081869,180.007151,139,226,1.515253
0.5,8,engagement_g05_d0.25,2983,76.684546,180.742985,136,243,1.629232
0.5,8,engagement_g05_d0.5,2983,76.931579,180.742985,136,241,1.615823
0.5,8,engagement_g05_d1.0,2983,77.759884,180.742985,135,236,1.582300
0.5,8,engagement_g05_d2.0,2983,81.035905,183.754120,131,235,1.575595
0.5,8,engagement_g05_d5.0,2983,91.685901,180.742985,102,249,1.669460
0.5,8,engagement_g05_d10.0,2983,103.171092,189.128087,12,684,4.585987
0.5,8,oracle_a1,2983,22.075017,64.194152,1251,682,4.572578
0.5,9,static,2932,94.678858,191.396320,0,619,4.222374
0.5,9,nearest,2932,108.209122,192.089223,5,1166,7.953615
0.5,9,naive_target_aware,2932,68.451015,192.089223,248,217,1.480218
0.5,9,engagement_g00_d0.0,2932,68.451015,192.089223,248,217,1.480218
0.5,9,engagement_g00_d0.25,2932,71.079446,192.089223,187,214,1.459754
0.5,9,engagement_g00_d0.5,2932,71.709409,192.089223,176,219,1.493861
0.5,9,engagement_g00_d1.0,2932,73.500827,192.089223,169,223,1.521146
0.5,9,engagement_g00_d2.0,2932,77.054246,192.089223,158,215,1.466576
0.5,9,engagement_g00_d5.0,2932,91.527310,195.466098,138,217,1.480218
0.5,9,engagement_g00_d10.0,2932,99.167470,195.587568,51,420,2.864939
0.5,9,engagement_g05_d0.0,2932,77.401399,193.815742,137,221,1.507503
0.5,9,engagement_g05_d0.25,2932,77.661659,194.147333,131,221,1.507503
0.5,9,engagement_g05_d0.5,2932,78.045579,194.147333,131,219,1.493861
0.5,9,engagement_g05_d1.0,2932,79.097913,194.147333,130,226,1.541610
0.5,9,engagement_g05_d2.0,2932,81.708743,194.147333,130,231,1.575716
0.5,9,engagement_g05_d5.0,2932,97.097917,195.736031,103,262,1.787176
0.5,9,engagement_g05_d10.0,2932,95.233191,192.089223,13,950,6.480218
0.5,9,oracle_a1,2932,22.835561,83.523397,1214,399,2.721692
0.5,10,static,3006,104.179244,197.013378,0,645,4.291417
0.5,10,nearest,3006,87.281117,193.383493,5,1201,7.990685
0.5,10,naive_target_aware,3006,68.522824,184.142245,268,195,1.297405
0.5,10,engagement_g00_d0.0,3006,68.522824,184.142245,268,195,1.297405
0.5,10,engagement_g00_d0.25,3006,72.423628,187.335493,186,200,1.330672
0.5,10,engagement_g00_d0.5,3006,73.856750,187.335493,176,198,1.317365
0.5,10,engagement_g00_d1.0,3006,76.357407,187.335493,166,197,1.310712
0.5,10,engagement_g00_d2.0,3006,81.296772,190.666506,155,194,1.290752
0.5,10,engagement_g00_d5.0,3006,95.201919,193.932007,136,201,1.337325
0.5,10,engagement_g00_d10.0,3006,102.375997,193.932007,44,560,3.725882
0.5,10,engagement_g05_d0.0,3006,80.252707,192.704246,138,211,1.403859
0.5,10,engagement_g05_d0.25,3006,80.586406,190.666506,134,209,1.390552
0.5,10,engagement_g05_d0.5,3006,81.061663,190.666506,133,209,1.390552
0.5,10,engagement_g05_d1.0,3006,82.486164,190.666506,132,224,1.490353
0.5,10,engagement_g05_d2.0,3006,86.467508,193.794878,128,223,1.483699
0.5,10,engagement_g05_d5.0,3006,98.289385,193.932007,102,293,1.949434
0.5,10,engagement_g05_d10.0,3006,103.075227,190.666506,14,616,4.098470
0.5,10,oracle_a1,3006,24.280715,71.502974,1064,529,3.519627
0.5,11,static,3002,103.791187,190.037967,0,1161,7.734843
0.5,11,nearest,3002,101.476429,195.914883,39,604,4.023984
0.5,11,naive_target_aware,3002,71.637851,190.037967,273,193,1.285809
0.5,11,engagement_g00_d0.0,3002,71.637851,190.037967,273,193,1.285809
0.5,11,engagement_g00_d0.25,3002,75.047578,190.675899,196,193,1.285809
0.5,11,engagement_g00_d0.5,3002,76.273651,195.034217,186,191,1.272485
0.5,11,engagement_g00_d1.0,3002,78.870743,191.962029,170,187,1.245836
0.5,11,engagement_g00_d2.0,3002,84.115313,195.195911,156,194,1.292472
0.5,11,engagement_g00_d5.0,3002,99.962645,195.195911,137,212,1.412392
0.5,11,engagement_g00_d10.0,3002,100.218443,195.914883,41,571,3.804131
0.5,11,engagement_g05_d0.0,3002,81.479674,195.195911,138,263,1.752165
0.5,11,engagement_g05_d0.25,3002,82.160627,195.195911,134,262,1.745503
0.5,11,engagement_g05_d0.5,3002,82.558221,195.195911,131,262,1.745503
0.5,11,engagement_g05_d1.0,3002,84.176647,195.195911,130,220,1.465690
0.5,11,engagement_g05_d2.0,3002,88.165922,195.195911,128,211,1.405730
0.5,11,engagement_g05_d5.0,3002,100.065984,195.781786,103,296,1.972019
0.5,11,engagement_g05_d10.0,3002,98.567216,195.914883,13,1109,7.388408
0.5,11,oracle_a1,3002,21.754507,68.335652,1260,401,2.671552
0.5,12,static,3026,98.436913,186.894546,0,623,4.117647
0.5,12,nearest,3026,112.099609,194.211587,5,1221,8.070059
0.5,12,naive_target_aware,3026,68.774874,184.434694,245,213,1.407799
0.5,12,engagement_g00_d0.0,3026,68.774874,184.434694,245,213,1.407799
0.5,12,engagement_g00_d0.25,3026,72.827836,184.968476,189,217,1.434237
0.5,12,engagement_g00_d0.5,3026,73.796192,184.968476,181,212,1.401190
0.5,12,engagement_g00_d1.0,3026,76.505987,184.968476,170,215,1.421018
0.5,12,engagement_g00_d2.0,3026,82.302029,185.394139,156,208,1.374752
0.5,12,engagement_g00_d5.0,3026,92.406673,184.968476,139,222,1.467284
0.5,12,engagement_g00_d10.0,3026,96.775594,184.434694,48,338,2.233972
0.5,12,engagement_g05_d0.0,3026,79.321546,186.757214,139,244,1.612690
0.5,12,engagement_g05_d0.25,3026,79.738000,186.757214,136,202,1.335096
0.5,12,engagement_g05_d0.5,3026,80.218375,186.757214,136,203,1.341705
0.5,12,engagement_g05_d1.0,3026,80.856349,186.757214,135,203,1.341705
0.5,12,engagement_g05_d2.0,3026,84.654378,185.394139,133,212,1.401190
0.5,12,engagement_g05_d5.0,3026,95.127666,185.394139,105,228,1.506940
0.5,12,engagement_g05_d10.0,3026,102.188091,188.951778,10,582,3.846662
0.5,12,oracle_a1,3026,21.056252,70.368523,1332,501,3.311302
0.5,13,static,3014,96.969982,193.946928,0,615,4.080956
0.5,13,nearest,3014,101.073239,186.578228,23,867,5.753152
0.5,13,naive_target_aware,3014,67.796004,189.539086,271,179,1.187790
0.5,13,engagement_g00_d0.0,3014,67.796004,189.539086,271,179,1.187790
0.5,13,engagement_g00_d0.25,3014,71.036245,192.174698,188,181,1.201062
0.5,13,engagement_g00_d0.5,3014,72.329567,192.174698,181,179,1.187790
0.5,13,engagement_g00_d1.0,3014,74.140492,191.052024,171,183,1.214333
0.5,13,engagement_g00_d2.0,3014,78.636170,192.174698,158,188,1.247512
0.5,13,engagement_g00_d5.0,3014,89.841118,193.946928,135,274,1.818182
0.5,13,engagement_g00_d10.0,3014,95.711214,193.946928,42,349,2.315859
0.5,13,engagement_g05_d0.0,3014,74.803514,192.174698,142,218,1.446583
0.5,13,engagement_g05_d0.25,3014,75.386295,192.727542,135,222,1.473125
0.5,13,engagement_g05_d0.5,3014,75.540304,192.174698,135,220,1.459854
0.5,13,engagement_g05_d1.0,3014,76.633045,192.174698,134,221,1.466490
0.5,13,engagement_g05_d2.0,3014,80.604013,193.754252,131,225,1.493033
0.5,13,engagement_g05_d5.0,3014,92.478947,193.754252,99,282,1.871267
0.5,13,engagement_g05_d10.0,3014,105.469821,194.766677,11,549,3.642999
0.5,13,oracle_a1,3014,21.197538,69.852590,1297,402,2.667551
0.5,14,static,3050,104.330784,196.742674,0,633,4.150820
0.5,14,nearest,3050,110.425541,194.444810,5,1208,7.921311
0.5,14,naive_target_aware,3050,74.788450,186.163371,250,175,1.147541
0.5,14,engagement_g00_d0.0,3050,74.788450,186.163371,250,175,1.147541
0.5,14,engagement_g00_d0.25,3050,77.755695,186.163371,189,177,1.160656
0.5,14,engagement_g00_d0.5,3050,78.430401,187.042561,180,178,1.167213
0.5,14,engagement_g00_d1.0,3050,80.670727,187.761899,165,179,1.173770
0.5,14,engagement_g00_d2.0,3050,83.884827,188.580797,153,188,1.232787
0.5,14,engagement_g00_d5.0,3050,98.382126,193.353481,146,201,1.318033
0.5,14,engagement_g00_d10.0,3050,109.147920,196.004517,39,567,3.718033
0.5,14,engagement_g05_d0.0,3050,83.431814,188.580797,143,202,1.324590
0.5,14,engagement_g05_d0.25,3050,83.861074,188.580797,142,203,1.331148
0.5,14,engagement_g05_d0.5,3050,84.435288,188.580797,141,203,1.331148
0.5,14,engagement_g05_d1.0,3050,85.026372,188.580797,138,200,1.311475
0.5,14,engagement_g05_d2.0,3050,88.114583,188.580797,135,206,1.350820
0.5,14,engagement_g05_d5.0,3050,101.281254,193.353481,105,290,1.901639
0.5,14,engagement_g05_d10.0,3050,104.753663,194.444810,6,745,4.885246
0.5,14,oracle_a1,3050,25.462298,89.934878,1392,384,2.518033
0.5,15,static,3022,102.245437,194.911133,0,1227,8.120450
0.5,15,nearest,3022,110.749459,194.911133,4,629,4.162806
0.5,15,naive_target_aware,3022,72.691348,188.844624,296,225,1.489080
0.5,15,engagement_g00_d0.0,3022,72.691348,188.844624,296,225,1.489080
0.5,15,engagement_g00_d0.25,3022,75.990062,189.712034,207,228,1.508934
0.5,15,engagement_g00_d0.5,3022,77.226733,189.739378,199,232,1.535407
0.5,15,engagement_g00_d1.0,3022,79.300681,189.712034,179,232,1.535407
0.5,15,engagement_g00_d2.0,3022,84.134854,189.740817,159,228,1.508934
0.5,15,engagement_g00_d5.0,3022,101.911193,194.911133,133,272,1.800132
0.5,15,engagement_g00_d10.0,3022,112.236486,194.911133,39,734,4.857710
0.5,15,engagement_g05_d0.0,3022,83.376961,189.740817,141,290,1.919259
0.5,15,engagement_g05_d0.25,3022,84.120272,190.394114,135,283,1.872932
0.5,15,engagement_g05_d0.5,3022,84.608856,190.394114,135,284,1.879550
0.5,15,engagement_g05_d1.0,3022,85.802581,190.394114,134,280,1.853077
0.5,15,engagement_g05_d2.0,3022,90.660706,190.433104,131,259,1.714097
0.5,15,engagement_g05_d5.0,3022,104.107187,194.739933,97,400,2.647253
0.5,15,engagement_g05_d10.0,3022,100.069671,194.739933,8,1298,8.590338
0.5,15,oracle_a1,3022,23.851664,82.206592,1226,362,2.395764
0.5,16,static,3097,90.737966,187.034514,0,1200,7.749435
0.5,16,nearest,3097,97.254608,175.061406,5,642,4.145948
0.5,16,naive_target_aware,3097,65.421372,187.034514,236,197,1.272199
0.5,16,engagement_g00_d0.0,3097,65.421372,187.034514,236,197,1.272199
0.5,16,engagement_g00_d0.25,3097,69.078196,188.985353,172,189,1.220536
0.5,16,engagement_g00_d0.5,3097,69.815013,189.680270,167,188,1.214078
0.5,16,engagement_g00_d1.0,3097,72.175551,188.985353,159,190,1.226994
0.5,16,engagement_g00_d2.0,3097,78.050725,190.823164,152,185,1.194705
0.5,16,engagement_g00_d5.0,3097,89.675980,190.823164,138,196,1.265741
0.5,16,engagement_g00_d10.0,3097,91.543678,187.034514,48,303,1.956732
0.5,16,engagement_g05_d0.0,3097,73.310007,187.034514,141,238,1.536971
0.5,16,engagement_g05_d0.25,3097,73.636584,186.640998,137,237,1.530513
0.5,16,engagement_g05_d0.5,3097,73.858042,186.640998,137,237,1.530513
0.5,16,engagement_g05_d1.0,3097,75.169088,186.640998,137,232,1.498224
0.5,16,engagement_g05_d2.0,3097,78.836504,189.680270,134,226,1.459477
0.5,16,engagement_g05_d5.0,3097,89.257294,189.680270,105,228,1.472393
0.5,16,engagement_g05_d10.0,3097,99.646542,192.508983,18,626,4.042622
0.5,16,oracle_a1,3097,20.517080,70.793213,1289,313,2.021311
0.5,17,static,2945,113.673252,191.935999,0,1800,12.224109
0.5,17,nearest,2945,90.970655,182.347704,4,1127,7.653650
0.5,17,naive_target_aware,2945,68.630646,182.347704,263,185,1.256367
0.5,17,engagement_g00_d0.0,2945,68.630646,182.347704,263,185,1.256367
0.5,17,engagement_g00_d0.25,2945,72.573345,181.989679,188,179,1.215620
0.5,17,engagement_g00_d0.5,2945,73.582247,181.989679,172,178,1.208829
0.5,17,engagement_g00_d1.0,2945,75.667539,182.347704,161,186,1.263158
0.5,17,engagement_g00_d2.0,2945,81.797366,182.347704,155,197,1.337861
0.5,17,engagement_g00_d5.0,2945,97.653679,184.498149,136,215,1.460102
0.5,17,engagement_g00_d10.0,2945,98.855596,195.316098,44,479,3.252971
0.5,17,engagement_g05_d0.0,2945,78.534636,182.717522,134,231,1.568761
0.5,17,engagement_g05_d0.25,2945,79.226360,182.717522,132,230,1.561969
0.5,17,engagement_g05_d0.5,2945,79.658711,182.971928,131,229,1.555178
0.5,17,engagement_g05_d1.0,2945,81.547356,182.971928,131,228,1.548387
0.5,17,engagement_g05_d2.0,2945,84.718989,182.971928,129,236,1.602716
0.5,17,engagement_g05_d5.0,2945,97.215734,186.462393,102,251,1.704584
0.5,17,engagement_g05_d10.0,2945,106.186675,191.935999,16,750,5.093379
0.5,17,oracle_a1,2945,21.987728,70.075042,1218,474,3.219015
0.5,18,static,3040,102.630700,183.163229,0,1230,8.092105
0.5,18,nearest,3040,101.532190,195.269272,40,942,6.197368
0.5,18,naive_target_aware,3040,71.249312,185.187734,262,190,1.250000
0.5,18,engagement_g00_d0.0,3040,71.249312,185.187734,262,190,1.250000
0.5,18,engagement_g00_d0.25,3040,75.629110,185.659650,193,183,1.203947
0.5,18,engagement_g00_d0.5,3040,77.310291,185.659650,188,184,1.210526
0.5,18,engagement_g00_d1.0,3040,79.885570,185.659650,170,191,1.256579
0.5,18,engagement_g00_d2.0,3040,85.347810,187.190564,154,194,1.276316
0.5,18,engagement_g00_d5.0,3040,100.176921,189.391888,132,217,1.427632
0.5,18,engagement_g00_d10.0,3040,109.457134,194.101582,39,587,3.861842
0.5,18,engagement_g05_d0.0,3040,83.085019,189.391888,139,223,1.467105
0.5,18,engagement_g05_d0.25,3040,83.371670,189.391888,133,214,1.407895
0.5,18,engagement_g05_d0.5,3040,83.910416,189.391888,132,215,1.414474
0.5,18,engagement_g05_d1.0,3040,85.346744,189.391888,131,237,1.559211
0.5,18,engagement_g05_d2.0,3040,89.301477,189.391888,127,228,1.500000
0.5,18,engagement_g05_d5.0,3040,102.539139,189.391888,110,264,1.736842
0.5,18,engagement_g05_d10.0,3040,102.732480,185.187734,10,906,5.960526
0.5,18,oracle_a1,3040,20.401259,58.589353,1351,388,2.552632
0.5,19,static,2979,109.007434,195.753930,0,604,4.055052
0.5,19,nearest,2979,102.718979,198.905499,16,1173,7.875126
0.5,19,naive_target_aware,2979,73.030113,191.995776,222,216,1.450151
0.5,19,engagement_g00_d0.0,2979,73.030113,191.995776,222,216,1.450151
0.5,19,engagement_g00_d0.25,2979,77.737933,191.995776,180,216,1.450151
0.5,19,engagement_g00_d0.5,2979,79.059641,193.505821,174,219,1.470292
0.5,19,engagement_g00_d1.0,2979,82.145319,194.055259,164,216,1.450151
0.5,19,engagement_g00_d2.0,2979,90.898127,195.753930,155,210,1.409869
0.5,19,engagement_g00_d5.0,2979,109.170549,198.905499,140,214,1.436724
0.5,19,engagement_g00_d10.0,2979,108.446824,195.864866,45,421,2.826452
0.5,19,engagement_g05_d0.0,2979,86.231224,194.801860,142,218,1.463578
0.5,19,engagement_g05_d0.25,2979,86.936302,194.801860,139,210,1.409869
0.5,19,engagement_g05_d0.5,2979,87.642930,194.753270,138,207,1.389728
0.5,19,engagement_g05_d1.0,2979,89.325974,195.239167,138,203,1.362873
0.5,19,engagement_g05_d2.0,2979,94.188377,195.864866,134,202,1.356160
0.5,19,engagement_g05_d5.0,2979,109.873270,196.777504,112,270,1.812689
0.5,19,engagement_g05_d10.0,2979,105.176360,191.218909,9,927,6.223565
0.5,19,oracle_a1,2979,20.737612,60.896324,1349,563,3.779792
0.5,20,static,3045,105.131286,188.818412,0,636,4.177340
0.5,20,nearest,3045,103.600630,196.288496,33,920,6.042693
0.5,20,naive_target_aware,3045,71.184605,184.774600,264,217,1.425287
0.5,20,engagement_g00_d0.0,3045,71.184605,184.774600,264,217,1.425287
0.5,20,engagement_g00_d0.25,3045,74.322453,184.235426,181,206,1.353038
0.5,20,engagement_g00_d0.5,3045,75.825054,184.235426,178,208,1.366174
0.5,20,engagement_g00_d1.0,3045,78.368839,185.634901,172,200,1.313629
0.5,20,engagement_g00_d2.0,3045,83.419855,184.235426,157,200,1.313629
0.5,20,engagement_g00_d5.0,3045,98.116995,185.849976,138,223,1.464696
0.5,20,engagement_g00_d10.0,3045,104.521166,190.309189,44,297,1.950739
0.5,20,engagement_g05_d0.0,3045,81.628938,184.774600,143,224,1.471264
0.5,20,engagement_g05_d0.25,3045,82.467266,183.434264,136,252,1.655172
0.5,20,engagement_g05_d0.5,3045,82.952869,184.075194,136,252,1.655172
0.5,20,engagement_g05_d1.0,3045,83.743036,184.075194,136,254,1.668309
0.5,20,engagement_g05_d2.0,3045,87.943994,183.434264,136,251,1.648604
0.5,20,engagement_g05_d5.0,3045,101.308265,187.619100,102,255,1.674877
0.5,20,engagement_g05_d10.0,3045,111.568440,193.398970,15,590,3.875205
0.5,20,oracle_a1,3045,23.197817,73.093063,1222,400,2.627258
0.5,21,static,3058,110.998818,197.070043,0,644,4.211903
0.5,21,nearest,3058,98.842470,188.161891,22,1197,7.828646
0.5,21,naive_target_aware,3058,72.189307,189.130716,265,218,1.425768
0.5,21,engagement_g00_d0.0,3058,72.189307,189.130716,265,218,1.425768
0.5,21,engagement_g00_d0.25,3058,76.655378,189.391733,201,213,1.393067
0.5,21,engagement_g00_d0.5,3058,78.502613,189.391733,189,217,1.419228
0.5,21,engagement_g00_d1.0,3058,81.412151,190.876755,180,219,1.432309
0.5,21,engagement_g00_d2.0,3058,88.581198,191.640417,156,197,1.288424
0.5,21,engagement_g00_d5.0,3058,105.048862,197.070043,137,208,1.360366
0.5,21,engagement_g00_d10.0,3058,108.552855,193.790927,40,481,3.145847
0.5,21,engagement_g05_d0.0,3058,83.569854,190.876755,140,231,1.510791
0.5,21,engagement_g05_d0.25,3058,83.952867,190.876755,138,234,1.530412
0.5,21,engagement_g05_d0.5,3058,84.600389,190.942136,137,226,1.478090
0.5,21,engagement_g05_d1.0,3058,86.127483,191.312631,136,227,1.484630
0.5,21,engagement_g05_d2.0,3058,90.679533,191.312631,132,231,1.510791
0.5,21,engagement_g05_d5.0,3058,105.646204,193.790927,107,250,1.635056
0.5,21,engagement_g05_d10.0,3058,102.457755,182.862136,12,683,4.466972
0.5,21,oracle_a1,3058,22.878854,72.656956,1240,328,2.145193
0.5,22,static,3009,98.596679,196.376444,0,632,4.200731
0.5,22,nearest,3009,97.655359,182.201864,6,630,4.187438
0.5,22,naive_target_aware,3009,72.436139,183.029627,273,183,1.216351
0.5,22,engagement_g00_d0.0,3009,72.436139,183.029627,273,183,1.216351
0.5,22,engagement_g00_d0.25,3009,76.340373,183.029627,203,181,1.203057
0.5,22,engagement_g00_d0.5,3009,77.251625,183.029627,187,190,1.262878
0.5,22,engagement_g00_d1.0,3009,79.500615,183.029627,172,199,1.322699
0.5,22,engagement_g00_d2.0,3009,84.617766,183.029627,155,207,1.375872
0.5,22,engagement_g00_d5.0,3009,98.446052,184.725397,135,268,1.781323
0.5,22,engagement_g00_d10.0,3009,101.907428,185.145093,44,458,3.044201
0.5,22,engagement_g05_d0.0,3009,81.733098,183.029627,142,214,1.422399
0.5,22,engagement_g05_d0.25,3009,81.758688,183.029627,137,213,1.415753
0.5,22,engagement_g05_d0.5,3009,81.926053,183.029627,134,212,1.409106
0.5,22,engagement_g05_d1.0,3009,83.294487,183.029627,133,212,1.409106
0.5,22,engagement_g05_d2.0,3009,88.374394,183.029627,129,219,1.455633
0.5,22,engagement_g05_d5.0,3009,98.744618,184.725397,107,267,1.774676
0.5,22,engagement_g05_d10.0,3009,97.932798,185.145093,11,596,3.961449
0.5,22,oracle_a1,3009,21.393348,75.427259,1432,485,3.223662
0.5,23,static,3060,102.456372,194.899730,0,637,4.163399
0.5,23,nearest,3060,93.624757,186.745361,5,1175,7.679739
0.5,23,naive_target_aware,3060,67.956633,188.287807,240,210,1.372549
0.5,23,engagement_g00_d0.0,3060,67.956633,188.287807,240,210,1.372549
0.5,23,engagement_g00_d0.25,3060,70.900635,188.287807,181,212,1.385621
0.5,23,engagement_g00_d0.5,3060,71.574821,186.871457,172,208,1.359477
0.5,23,engagement_g00_d1.0,3060,74.043415,186.871457,162,214,1.398693
0.5,23,engagement_g00_d2.0,3060,78.746296,188.531539,153,201,1.313725
0.5,23,engagement_g00_d5.0,3060,92.991654,189.045968,137,207,1.352941
0.5,23,engagement_g00_d10.0,3060,103.825139,190.886001,44,366,2.392157
0.5,23,engagement_g05_d0.0,3060,78.504025,188.553920,139,246,1.607843
0.5,23,engagement_g05_d0.25,3060,78.813724,188.979161,137,246,1.607843
0.5,23,engagement_g05_d0.5,3060,79.238021,188.979161,136,249,1.627451
0.5,23,engagement_g05_d1.0,3060,80.776827,188.979161,133,247,1.614379
0.5,23,engagement_g05_d2.0,3060,83.219114,188.979161,127,255,1.666667
0.5,23,engagement_g05_d5.0,3060,95.404463,190.343829,107,304,1.986928
0.5,23,engagement_g05_d10.0,3060,105.208852,190.356469,12,791,5.169935
0.5,23,oracle_a1,3060,21.820376,65.215184,1232,462,3.019608
0.5,24,static,2894,99.411429,186.447964,0,606,4.187975
0.5,24,nearest,2894,96.279171,190.891710,44,996,6.883207
0.5,24,naive_target_aware,2894,69.765634,187.178480,227,200,1.382170
0.5,24,engagement_g00_d0.0,2894,69.765634,187.178480,227,200,1.382170
0.5,24,engagement_g00_d0.25,2894,74.155047,187.178480,184,204,1.409813
0.5,24,engagement_g00_d0.5,2894,74.982853,187.178480,178,209,1.444368
0.5,24,engagement_g00_d1.0,2894,77.681706,187.178480,163,201,1.389081
0.5,24,engagement_g00_d2.0,2894,82.680704,187.243145,155,189,1.306151
0.5,24,engagement_g00_d5.0,2894,97.790435,187.243145,141,188,1.299240
0.5,24,engagement_g00_d10.0,2894,100.432237,188.299249,42,309,2.135453
0.5,24,engagement_g05_d0.0,2894,79.990037,187.178480,136,191,1.319972
0.5,24,engagement_g05_d0.25,2894,80.449999,187.178480,133,189,1.306151
0.5,24,engagement_g05_d0.5,2894,80.903883,187.178480,133,190,1.313062
0.5,24,engagement_g05_d1.0,2894,82.545794,187.178480,133,186,1.285418
0.5,24,engagement_g05_d2.0,2894,85.777582,187.178480,132,178,1.230131
0.5,24,engagement_g05_d5.0,2894,96.608348,187.178480,109,216,1.492744
0.5,24,engagement_g05_d10.0,2894,103.721280,188.299249,16,746,5.155494
0.5,24,oracle_a1,2894,23.897013,78.820157,1125,303,2.093988
0.5,25,static,2903,98.751146,192.646833,0,599,4.126765
0.5,25,nearest,2903,92.110637,191.922013,5,598,4.119876
0.5,25,naive_target_aware,2903,70.633657,189.465833,260,190,1.308991
0.5,25,engagement_g00_d0.0,2903,70.633657,189.465833,260,190,1.308991
0.5,25,engagement_g00_d0.25,2903,73.734057,189.465833,185,185,1.274544
0.5,25,engagement_g00_d0.5,2903,74.745158,189.465833,180,188,1.295212
0.5,25,engagement_g00_d1.0,2903,77.894470,189.662628,167,185,1.274544
0.5,25,engagement_g00_d2.0,2903,82.954793,190.396840,155,179,1.233207
0.5,25,engagement_g00_d5.0,2903,98.809921,191.922013,133,183,1.260765
0.5,25,engagement_g00_d10.0,2903,105.525314,193.044041,46,387,2.666207
0.5,25,engagement_g05_d0.0,2903,83.338164,190.878727,134,237,1.632794
0.5,25,engagement_g05_d0.25,2903,83.730643,190.453135,129,236,1.625904
0.5,25,engagement_g05_d0.5,2903,83.883701,190.396840,128,234,1.612125
0.5,25,engagement_g05_d1.0,2903,84.899271,190.453135,128,230,1.584568
0.5,25,engagement_g05_d2.0,2903,87.636547,190.878727,127,220,1.515673
0.5,25,engagement_g05_d5.0,2903,100.574073,192.646833,101,209,1.439890
0.5,25,engagement_g05_d10.0,2903,101.655940,193.044041,12,578,3.982087
0.5,25,oracle_a1,2903,22.082568,70.454036,1205,320,2.204616
0.5,26,static,3057,108.747307,196.881824,0,662,4.331044
0.5,26,nearest,3057,111.794512,200.055703,4,661,4.324501
0.5,26,naive_target_aware,3057,74.269239,190.646567,274,203,1.328099
0.5,26,engagement_g00_d0.0,3057,74.269239,190.646567,274,203,1.328099
0.5,26,engagement_g00_d0.25,3057,78.125607,190.646567,189,202,1.321557
0.5,26,engagement_g00_d0.5,3057,79.540383,190.646567,182,197,1.288845
0.5,26,engagement_g00_d1.0,3057,81.854225,190.646567,171,216,1.413150
0.5,26,engagement_g00_d2.0,3057,87.059680,190.936555,158,234,1.530913
0.5,26,engagement_g00_d5.0,3057,100.084661,192.881960,138,208,1.360811
0.5,26,engagement_g00_d10.0,3057,107.913580,193.883593,45,339,2.217861
0.5,26,engagement_g05_d0.0,3057,82.384312,190.646567,145,197,1.288845
0.5,26,engagement_g05_d0.25,3057,84.238533,190.646567,139,195,1.275761
0.5,26,engagement_g05_d0.5,3057,85.106657,190.646567,139,193,1.262676
0.5,26,engagement_g05_d1.0,3057,87.341483,192.096506,136,200,1.308472
0.5,26,engagement_g05_d2.0,3057,91.184149,192.096506,133,202,1.321557
0.5,26,engagement_g05_d5.0,3057,102.940310,192.881960,102,241,1.576709
0.5,26,engagement_g05_d10.0,3057,102.364496,192.799543,11,584,3.820739
0.5,26,oracle_a1,3057,23.034061,79.469753,1363,515,3.369316
0.5,27,static,2968,103.002929,184.186024,0,619,4.171159
0.5,27,nearest,2968,102.316777,193.437027,18,817,5.505391
0.5,27,naive_target_aware,2968,72.320962,183.658935,277,178,1.199461
0.5,27,engagement_g00_d0.0,2968,72.320962,183.658935,277,178,1.199461
0.5,27,engagement_g00_d0.25,2968,76.172038,183.658935,194,178,1.199461
0.5,27,engagement_g00_d0.5,2968,77.490881,184.186024,186,190,1.280323
0.5,27,engagement_g00_d1.0,2968,80.466232,183.658935,171,193,1.300539
0.5,27,engagement_g00_d2.0,2968,86.248915,180.499909,155,191,1.287062
0.5,27,engagement_g00_d5.0,2968,101.016740,183.658935,134,211,1.421833
0.5,27,engagement_g00_d10.0,2968,104.189005,189.703787,45,366,2.466307
0.5,27,engagement_g05_d0.0,2968,80.364738,177.855041,132,182,1.226415
0.5,27,engagement_g05_d0.25,2968,80.929938,177.855041,128,182,1.226415
0.5,27,engagement_g05_d0.5,2968,81.096506,179.574205,128,184,1.239892
0.5,27,engagement_g05_d1.0,2968,82.976546,180.499909,127,185,1.246631
0.5,27,engagement_g05_d2.0,2968,88.592241,180.499909,124,195,1.314016
0.5,27,engagement_g05_d5.0,2968,99.365306,187.494719,100,229,1.543127
0.5,27,engagement_g05_d10.0,2968,107.048140,189.802931,9,596,4.016173
0.5,27,oracle_a1,2968,23.191439,72.956880,1244,307,2.068733
0.5,28,static,3014,114.211568,197.117162,0,1217,8.075647
0.5,28,nearest,3014,110.197091,194.189343,14,743,4.930325
0.5,28,naive_target_aware,3014,71.484199,190.111815,241,201,1.333776
0.5,28,engagement_g00_d0.0,3014,71.484199,190.111815,241,201,1.333776
0.5,28,engagement_g00_d0.25,3014,74.921777,190.289968,183,203,1.347047
0.5,28,engagement_g00_d0.5,3014,75.789170,190.111815,180,205,1.360319
0.5,28,engagement_g00_d1.0,3014,79.366637,193.009144,168,204,1.353683
0.5,28,engagement_g00_d2.0,3014,85.399874,197.117162,159,193,1.280690
0.5,28,engagement_g00_d5.0,3014,99.673067,198.002655,141,192,1.274054
0.5,28,engagement_g00_d10.0,3014,106.796469,194.189343,49,412,2.733908
0.5,28,engagement_g05_d0.0,3014,83.210964,197.117162,142,194,1.287326
0.5,28,engagement_g05_d0.25,3014,83.896201,197.117162,137,196,1.300597
0.5,28,engagement_g05_d0.5,3014,84.228797,197.117162,136,197,1.307233
0.5,28,engagement_g05_d1.0,3014,85.737904,197.117162,135,191,1.267419
0.5,28,engagement_g05_d2.0,3014,90.115191,198.002655,130,187,1.240876
0.5,28,engagement_g05_d5.0,3014,104.264290,198.002655,104,245,1.625747
0.5,28,engagement_g05_d10.0,3014,111.662874,199.029969,10,600,3.981420
0.5,28,oracle_a1,3014,20.863215,65.366607,1354,531,3.523557
0.5,29,static,3063,95.144592,186.238844,0,1209,7.894221
0.5,29,nearest,3063,93.613806,186.238844,4,652,4.257264
0.5,29,naive_target_aware,3063,67.215384,184.239892,241,202,1.318968
0.5,29,engagement_g00_d0.0,3063,67.215384,184.239892,241,202,1.318968
0.5,29,engagement_g00_d0.25,3063,70.225625,184.239892,177,205,1.338557
0.5,29,engagement_g00_d0.5,3063,71.547822,184.239892,169,203,1.325498
0.5,29,engagement_g00_d1.0,3063,73.921086,184.239892,158,205,1.338557
0.5,29,engagement_g00_d2.0,3063,78.606510,184.850775,154,208,1.358146
0.5,29,engagement_g00_d5.0,3063,92.394730,188.917131,141,216,1.410382
0.5,29,engagement_g00_d10.0,3063,96.536643,188.917131,52,390,2.546523
0.5,29,engagement_g05_d0.0,3063,76.215341,186.238844,143,212,1.384264
0.5,29,engagement_g05_d0.25,3063,76.436574,186.238844,142,212,1.384264
0.5,29,engagement_g05_d0.5,3063,76.871158,186.238844,141,208,1.358146
0.5,29,engagement_g05_d1.0,3063,78.218656,186.238844,141,227,1.482207
0.5,29,engagement_g05_d2.0,3063,81.334027,186.238844,138,222,1.449559
0.5,29,engagement_g05_d5.0,3063,92.276027,187.059320,111,285,1.860921
0.5,29,engagement_g05_d10.0,3063,99.461135,187.059320,14,737,4.812276
0.5,29,oracle_a1,3063,20.802722,64.910452,1271,788,5.145282
0.5,30,static,2933,103.595828,189.082593,0,1171,7.984998
0.5,30,nearest,2933,98.348614,185.901848,12,1699,11.585407
0.5,30,naive_target_aware,2933,75.843706,193.810397,247,203,1.384248
0.5,30,engagement_g00_d0.0,2933,75.843706,193.810397,247,203,1.384248
0.5,30,engagement_g00_d0.25,2933,80.155423,194.119757,185,209,1.425162
0.5,30,engagement_g00_d0.5,2933,80.995594,193.810397,175,210,1.431981
0.5,30,engagement_g00_d1.0,2933,82.892554,194.583798,172,212,1.445619
0.5,30,engagement_g00_d2.0,2933,87.660451,194.583798,159,213,1.452438
0.5,30,engagement_g00_d5.0,2933,104.176349,196.344076,142,247,1.684282
0.5,30,engagement_g00_d10.0,2933,115.281000,196.344076,44,278,1.895670
0.5,30,engagement_g05_d0.0,2933,85.078647,194.583798,136,248,1.691101
0.5,30,engagement_g05_d0.25,2933,86.181400,194.583798,136,247,1.684282
0.5,30,engagement_g05_d0.5,2933,86.656326,194.583798,136,246,1.677463
0.5,30,engagement_g05_d1.0,2933,87.706820,194.583798,135,238,1.622912
0.5,30,engagement_g05_d2.0,2933,89.316710,193.745334,126,233,1.588817
0.5,30,engagement_g05_d5.0,2933,107.413257,196.344076,103,262,1.786567
0.5,30,engagement_g05_d10.0,2933,107.854161,193.520543,10,518,3.532220
0.5,30,oracle_a1,2933,26.617682,86.458471,1145,364,2.482100
0.4,1,static,3072,93.707702,184.634696,0,1224,7.968750
0.4,1,nearest,3072,95.200314,192.868599,25,629,4.095052
0.4,1,naive_target_aware,3072,70.454643,184.634696,372,228,1.484375
0.4,1,engagement_g00_d0.0,3072,70.454643,184.634696,372,228,1.484375
0.4,1,engagement_g00_d0.25,3072,72.818010,184.634696,225,233,1.516927
0.4,1,engagement_g00_d0.5,3072,73.549410,184.634696,213,226,1.471354
0.4,1,engagement_g00_d1.0,3072,74.709468,184.634696,190,232,1.510417
0.4,1,engagement_g00_d2.0,3072,77.829755,184.634696,169,245,1.595052
0.4,1,engagement_g00_d5.0,3072,85.780977,184.634696,121,252,1.640625
0.4,1,engagement_g00_d10.0,3072,97.155069,184.634696,39,584,3.802083
0.4,1,engagement_g05_d0.0,3072,79.711542,184.634696,109,249,1.621094
0.4,1,engagement_g05_d0.25,3072,79.640153,184.634696,102,248,1.614583
0.4,1,engagement_g05_d0.5,3072,79.887831,184.634696,102,247,1.608073
0.4,1,engagement_g05_d1.0,3072,80.763245,184.634696,99,274,1.783854
0.4,1,engagement_g05_d2.0,3072,82.208473,184.634696,94,270,1.757812
0.4,1,engagement_g05_d5.0,3072,90.481291,184.634696,61,351,2.285156
0.4,1,engagement_g05_d10.0,3072,92.938502,184.985015,4,615,4.003906
0.4,1,oracle_a1,3072,23.049935,61.303580,1419,422,2.747396
0.4,2,static,3076,96.908050,184.757355,0,1260,8.192458
0.4,2,nearest,3076,89.341873,190.464828,5,1206,7.841352
0.4,2,naive_target_aware,3076,78.250513,190.464828,364,196,1.274382
0.4,2,engagement_g00_d0.0,3076,78.250513,190.464828,364,196,1.274382
0.4,2,engagement_g00_d0.25,3076,81.792950,190.464828,226,193,1.254876
0.4,2,engagement_g00_d0.5,3076,82.663898,190.464828,212,193,1.254876
0.4,2,engagement_g00_d1.0,3076,85.275894,192.414643,189,203,1.319896
0.4,2,engagement_g00_d2.0,3076,88.978385,193.294707,158,210,1.365410
0.4,2,engagement_g00_d5.0,3076,100.022097,195.394846,129,264,1.716515
0.4,2,engagement_g00_d10.0,3076,106.225486,190.464828,26,437,2.841352
0.4,2,engagement_g05_d0.0,3076,91.367427,193.035682,116,311,2.022107
0.4,2,engagement_g05_d0.25,3076,91.404178,193.035682,114,311,2.022107
0.4,2,engagement_g05_d0.5,3076,90.768526,193.035682,112,309,2.009103
0.4,2,engagement_g05_d1.0,3076,91.053705,193.035682,109,327,2.126138
0.4,2,engagement_g05_d2.0,3076,93.626081,193.035682,106,314,2.041612
0.4,2,engagement_g05_d5.0,3076,103.423113,195.394846,70,319,2.074122
0.4,2,engagement_g05_d10.0,3076,97.530158,187.852690,3,962,6.254876
0.4,2,oracle_a1,3076,25.340160,70.904515,1385,523,3.400520
0.4,3,static,2993,96.628382,186.923839,0,620,4.143000
0.4,3,nearest,2993,91.071693,175.873447,5,1175,7.851654
0.4,3,naive_target_aware,2993,77.850162,184.089134,404,195,1.303040
0.4,3,engagement_g00_d0.0,2993,77.850162,184.089134,404,195,1.303040
0.4,3,engagement_g00_d0.25,2993,79.837517,185.560987,260,192,1.282994
0.4,3,engagement_g00_d0.5,2993,80.176432,184.089134,236,188,1.256265
0.4,3,engagement_g00_d1.0,2993,81.847451,185.560987,204,194,1.296358
0.4,3,engagement_g00_d2.0,2993,87.322701,186.923839,171,197,1.316405
0.4,3,engagement_g00_d5.0,2993,97.036347,188.906630,109,233,1.556966
0.4,3,engagement_g00_d10.0,2993,97.069952,191.730185,26,451,3.013699
0.4,3,engagement_g05_d0.0,2993,90.275260,186.923839,107,303,2.024724
0.4,3,engagement_g05_d0.25,2993,90.657701,186.923839,103,302,2.018042
0.4,3,engagement_g05_d0.5,2993,90.805809,186.923839,103,304,2.031407
0.4,3,engagement_g05_d1.0,2993,91.612433,186.923839,99,284,1.897761
0.4,3,engagement_g05_d2.0,2993,93.522402,186.106128,93,251,1.677247
0.4,3,engagement_g05_d5.0,2993,98.721848,188.906630,66,290,1.937855
0.4,3,engagement_g05_d10.0,2993,93.635624,191.730185,2,620,4.143000
0.4,3,oracle_a1,2993,25.800442,74.450877,1350,423,2.826595
0.4,4,static,2947,101.916866,193.697416,0,606,4.112657
0.4,4,nearest,2947,98.457734,189.576396,4,606,4.112657
0.4,4,naive_target_aware,2947,80.391788,191.198623,379,210,1.425178
0.4,4,engagement_g00_d0.0,2947,80.391788,191.198623,379,210,1.425178
0.4,4,engagement_g00_d0.25,2947,83.792718,191.471346,238,216,1.465898
0.4,4,engagement_g00_d0.5,2947,84.436451,191.471346,225,210,1.425178
0.4,4,engagement_g00_d1.0,2947,86.205472,191.471346,196,213,1.445538
0.4,4,engagement_g00_d2.0,2947,89.382000,191.471346,167,226,1.533763
0.4,4,engagement_g00_d5.0,2947,101.195264,193.368367,121,217,1.472684
0.4,4,engagement_g00_d10.0,2947,106.497696,193.697416,29,334,2.266712
0.4,4,engagement_g05_d0.0,2947,93.773314,193.368367,111,275,1.866305
0.4,4,engagement_g05_d0.25,2947,94.202094,193.368367,107,271,1.839158
0.4,4,engagement_g05_d0.5,2947,94.554319,193.368367,107,269,1.825585
0.4,4,engagement_g05_d1.0,2947,95.119899,193.368367,107,266,1.805226
0.4,4,engagement_g05_d2.0,2947,96.865502,193.368367,104,265,1.798439
0.4,4,engagement_g05_d5.0,2947,101.611597,193.697416,62,453,3.074313
0.4,4,engagement_g05_d10.0,2947,103.630810,193.697416,2,606,4.112657
0.4,4,oracle_a1,2947,22.300706,65.119678,1535,306,2.076688
0.4,5,static,2961,102.176180,188.688177,0,1225,8.274232
0.4,5,nearest,2961,100.375618,185.423886,6,626,4.228301
0.4,5,naive_target_aware,2961,79.768313,187.743898,397,188,1.269841
0.4,5,engagement_g00_d0.0,2961,79.768313,187.743898,397,188,1.269841
0.4,5,engagement_g00_d0.25,2961,81.463361,188.688177,247,194,1.310368
0.4,5,engagement_g00_d0.5,2961,82.638058,187.743898,229,203,1.371158
0.4,5,engagement_g00_d1.0,2961,84.544492,187.743898,191,197,1.330632
0.4,5,engagement_g00_d2.0,2961,87.809270,187.743898,167,190,1.283350
0.4,5,engagement_g00_d5.0,2961,98.399129,192.376458,115,214,1.445458
0.4,5,engagement_g00_d10.0,2961,100.260367,196.075920,27,420,2.836879
0.4,5,engagement_g05_d0.0,2961,87.875047,185.423886,105,255,1.722391
0.4,5,engagement_g05_d0.25,2961,88.053191,185.423886,101,255,1.722391
0.4,5,engagement_g05_d0.5,2961,88.282298,185.423886,101,255,1.722391
0.4,5,engagement_g05_d1.0,2961,88.919170,185.423886,100,254,1.715637
0.4,5,engagement_g05_d2.0,2961,91.449191,185.423886,97,242,1.634583
0.4,5,engagement_g05_d5.0,2961,99.183818,188.688177,64,269,1.816954
0.4,5,engagement_g05_d10.0,2961,100.585219,192.376458,3,579,3.910841
0.4,5,oracle_a1,2961,24.839670,70.075539,1392,393,2.654509
0.4,6,static,2952,103.362029,191.861847,0,1121,7.594851
0.4,6,nearest,2952,108.770765,191.861847,4,1789,12.120596
0.4,6,naive_target_aware,2952,77.684477,189.900942,397,243,1.646341
0.4,6,engagement_g00_d0.0,2952,77.684477,189.900942,397,243,1.646341
0.4,6,engagement_g00_d0.25,2952,78.479213,189.807216,237,239,1.619241
0.4,6,engagement_g00_d0.5,2952,79.059719,189.900942,214,241,1.632791
0.4,6,engagement_g00_d1.0,2952,80.893714,189.900942,194,245,1.659892
0.4,6,engagement_g00_d2.0,2952,83.455402,189.900942,170,248,1.680217
0.4,6,engagement_g00_d5.0,2952,95.624522,193.300957,116,273,1.849593
0.4,6,engagement_g00_d10.0,2952,99.342481,189.900942,28,635,4.302168
0.4,6,engagement_g05_d0.0,2952,85.562970,191.861847,114,273,1.849593
0.4,6,engagement_g05_d0.25,2952,85.794369,191.861847,110,259,1.754743
0.4,6,engagement_g05_d0.5,2952,85.998797,191.861847,110,257,1.741192
0.4,6,engagement_g05_d1.0,2952,86.745981,191.861847,106,267,1.808943
0.4,6,engagement_g05_d2.0,2952,88.559467,191.861847,104,278,1.883469
0.4,6,engagement_g05_d5.0,2952,94.527021,189.959220,68,371,2.513550
0.4,6,engagement_g05_d10.0,2952,103.886275,191.861847,5,664,4.498645
0.4,6,oracle_a1,2952,23.334025,71.246128,1331,876,5.934959
0.4,7,static,2971,116.186146,194.443616,0,1186,7.983844
0.4,7,nearest,2971,107.922550,190.860806,5,1156,7.781892
0.4,7,naive_target_aware,2971,84.065989,192.188452,397,233,1.568495
0.4,7,engagement_g00_d0.0,2971,84.065989,192.188452,397,233,1.568495
0.4,7,engagement_g00_d0.25,2971,86.786493,192.291707,250,241,1.622349
0.4,7,engagement_g00_d0.5,2971,87.812687,192.452873,228,249,1.676203
0.4,7,engagement_g00_d1.0,2971,89.661985,193.018501,206,258,1.736789
0.4,7,engagement_g00_d2.0,2971,93.470940,193.018501,172,234,1.575227
0.4,7,engagement_g00_d5.0,2971,103.512995,193.345003,113,249,1.676203
0.4,7,engagement_g00_d10.0,2971,113.300829,193.345003,33,596,4.012117
0.4,7,engagement_g05_d0.0,2971,96.804891,193.018501,109,278,1.871424
0.4,7,engagement_g05_d0.25,2971,97.190778,193.018501,107,300,2.019522
0.4,7,engagement_g05_d0.5,2971,97.311273,193.018501,106,298,2.006059
0.4,7,engagement_g05_d1.0,2971,98.311721,193.018501,103,274,1.844497
0.4,7,engagement_g05_d2.0,2971,100.497749,193.345003,93,255,1.716594
0.4,7,engagement_g05_d5.0,2971,109.682059,193.018501,52,385,2.591720
0.4,7,engagement_g05_d10.0,2971,114.417932,194.443616,3,812,5.466173
0.4,7,oracle_a1,2971,29.492219,85.265422,1352,460,3.096600
0.4,8,static,2983,93.314936,180.007151,0,634,4.250754
0.4,8,nearest,2983,95.995329,192.593661,5,633,4.244050
0.4,8,naive_target_aware,2983,75.300734,183.754120,383,208,1.394569
0.4,8,engagement_g00_d0.0,2983,75.300734,183.754120,383,208,1.394569
0.4,8,engagement_g00_d0.25,2983,77.189899,185.761014,240,198,1.327523
0.4,8,engagement_g00_d0.5,2983,77.733706,185.761014,217,205,1.374455
0.4,8,engagement_g00_d1.0,2983,78.899593,185.761014,192,210,1.407979
0.4,8,engagement_g00_d2.0,2983,83.137401,185.761014,162,240,1.609118
0.4,8,engagement_g00_d5.0,2983,93.262502,185.761014,116,279,1.870600
0.4,8,engagement_g00_d10.0,2983,94.591364,180.742985,32,343,2.299698
0.4,8,engagement_g05_d0.0,2983,86.615881,185.761014,107,271,1.816963
0.4,8,engagement_g05_d0.25,2983,86.791413,185.761014,104,268,1.796849
0.4,8,engagement_g05_d0.5,2983,86.771650,185.761014,103,276,1.850486
0.4,8,engagement_g05_d1.0,2983,86.686700,185.761014,100,275,1.843781
0.4,8,engagement_g05_d2.0,2983,87.820881,185.761014,96,271,1.816963
0.4,8,engagement_g05_d5.0,2983,93.717953,180.742985,62,347,2.326517
0.4,8,engagement_g05_d10.0,2983,95.326811,180.007151,6,629,4.217231
0.4,8,oracle_a1,2983,24.403780,64.889806,1375,851,5.705665
0.4,9,static,2932,94.090396,191.396320,0,619,4.222374
0.4,9,nearest,2932,105.712278,192.089223,5,1166,7.953615
0.4,9,naive_target_aware,2932,77.566072,192.089223,373,215,1.466576
0.4,9,engagement_g00_d0.0,2932,77.566072,192.089223,373,215,1.466576
0.4,9,engagement_g00_d0.25,2932,80.975887,192.089223,234,209,1.425648
0.4,9,engagement_g00_d0.5,2932,81.794690,192.089223,215,214,1.459754
0.4,9,engagement_g00_d1.0,2932,83.689556,192.213794,193,204,1.391542
0.4,9,engagement_g00_d2.0,2932,85.857482,192.213794,170,203,1.384720
0.4,9,engagement_g00_d5.0,2932,95.318122,194.147333,115,245,1.671214
0.4,9,engagement_g00_d10.0,2932,98.692034,195.466098,38,442,3.015007
0.4,9,engagement_g05_d0.0,2932,88.337145,194.147333,109,231,1.575716
0.4,9,engagement_g05_d0.25,2932,88.742436,194.147333,104,245,1.671214
0.4,9,engagement_g05_d0.5,2932,89.163688,194.147333,104,244,1.664393
0.4,9,engagement_g05_d1.0,2932,89.023917,194.147333,102,227,1.548431
0.4,9,engagement_g05_d2.0,2932,90.524995,194.147333,101,224,1.527967
0.4,9,engagement_g05_d5.0,2932,101.939793,194.147333,62,272,1.855389
0.4,9,engagement_g05_d10.0,2932,95.957239,193.815742,8,581,3.963165
0.4,9,oracle_a1,2932,24.997821,78.436756,1345,393,2.680764
0.4,10,static,3006,103.432684,197.013378,0,645,4.291417
0.4,10,nearest,3006,87.999186,187.385812,5,1201,7.990685
0.4,10,naive_target_aware,3006,77.804733,188.134497,378,177,1.177645
0.4,10,engagement_g00_d0.0,3006,77.804733,188.134497,378,177,1.177645
0.4,10,engagement_g00_d0.25,3006,81.158703,190.033504,233,181,1.204258
0.4,10,engagement_g00_d0.5,3006,82.748815,190.666506,214,183,1.217565
0.4,10,engagement_g00_d1.0,3006,84.148165,190.666506,194,180,1.197605
0.4,10,engagement_g00_d2.0,3006,87.947759,193.932007,165,189,1.257485
0.4,10,engagement_g00_d5.0,3006,98.106600,194.980716,110,246,1.636727
0.4,10,engagement_g00_d10.0,3006,102.542019,190.666506,32,478,3.180306
0.4,10,engagement_g05_d0.0,3006,90.713719,193.932007,109,228,1.516966
0.4,10,engagement_g05_d0.25,3006,90.952497,193.932007,106,230,1.530273
0.4,10,engagement_g05_d0.5,3006,91.304655,193.932007,105,231,1.536926
0.4,10,engagement_g05_d1.0,3006,91.189645,193.932007,104,234,1.556886
0.4,10,engagement_g05_d2.0,3006,95.180000,193.932007,93,228,1.516966
0.4,10,engagement_g05_d5.0,3006,104.692813,194.718539,61,428,2.847638
0.4,10,engagement_g05_d10.0,3006,104.144888,190.666506,6,588,3.912176
0.4,10,oracle_a1,3006,26.008225,70.592338,1202,542,3.606121
0.4,11,static,3002,102.887818,190.037967,0,1161,7.734843
0.4,11,nearest,3002,99.172171,195.878934,39,604,4.023984
0.4,11,naive_target_aware,3002,79.961752,190.675899,395,188,1.252498
0.4,11,engagement_g00_d0.0,3002,79.961752,190.675899,395,188,1.252498
0.4,11,engagement_g00_d0.25,3002,81.835858,191.962029,230,188,1.252498
0.4,11,engagement_g00_d0.5,3002,82.838967,191.962029,214,187,1.245836
0.4,11,engagement_g00_d1.0,3002,84.062740,191.962029,189,193,1.285809
0.4,11,engagement_g00_d2.0,3002,88.931722,195.195911,163,197,1.312458
0.4,11,engagement_g00_d5.0,3002,102.695303,195.781786,117,241,1.605596
0.4,11,engagement_g00_d10.0,3002,100.773108,191.962029,32,479,3.191206
0.4,11,engagement_g05_d0.0,3002,90.721539,195.195911,119,227,1.512325
0.4,11,engagement_g05_d0.25,3002,91.179975,195.195911,117,230,1.532312
0.4,11,engagement_g05_d0.5,3002,90.963485,195.195911,115,231,1.538974
0.4,11,engagement_g05_d1.0,3002,91.453728,195.195911,113,249,1.658894
0.4,11,engagement_g05_d2.0,3002,93.914146,195.195911,103,248,1.652232
0.4,11,engagement_g05_d5.0,3002,98.705761,195.195911,70,313,2.085276
0.4,11,engagement_g05_d10.0,3002,101.316084,190.037967,7,678,4.516989
0.4,11,oracle_a1,3002,24.038235,68.335652,1362,480,3.197868
0.4,12,static,3026,98.931802,186.757214,0,623,4.117647
0.4,12,nearest,3026,111.039137,193.038912,5,1221,8.070059
0.4,12,naive_target_aware,3026,78.103179,184.968476,400,204,1.348315
0.4,12,engagement_g00_d0.0,3026,78.103179,184.968476,400,204,1.348315
0.4,12,engagement_g00_d0.25,3026,80.280218,184.968476,243,216,1.427627
0.4,12,engagement_g00_d0.5,3026,80.766154,184.968476,221,215,1.421018
0.4,12,engagement_g00_d1.0,3026,81.752068,185.394139,193,211,1.394580
0.4,12,engagement_g00_d2.0,3026,85.960239,185.287723,161,226,1.493721
0.4,12,engagement_g00_d5.0,3026,93.224403,186.860213,123,232,1.533377
0.4,12,engagement_g00_d10.0,3026,97.213845,184.968476,28,324,2.141441
0.4,12,engagement_g05_d0.0,3026,86.525511,184.968476,107,276,1.824190
0.4,12,engagement_g05_d0.25,3026,87.000912,184.968476,104,233,1.539987
0.4,12,engagement_g05_d0.5,3026,87.124992,184.968476,104,233,1.539987
0.4,12,engagement_g05_d1.0,3026,88.620595,185.287723,102,234,1.546596
0.4,12,engagement_g05_d2.0,3026,90.790304,185.394139,92,277,1.830800
0.4,12,engagement_g05_d5.0,3026,94.685148,184.968476,60,320,2.115003
0.4,12,engagement_g05_d10.0,3026,100.867635,186.757214,4,623,4.117647
0.4,12,oracle_a1,3026,23.162708,72.450810,1543,577,3.813615
0.4,13,static,3014,95.643643,193.946928,0,615,4.080956
0.4,13,nearest,3014,101.437764,189.049937,23,867,5.753152
0.4,13,naive_target_aware,3014,75.663979,194.096605,374,205,1.360319
0.4,13,engagement_g00_d0.0,3014,75.663979,194.096605,374,205,1.360319
0.4,13,engagement_g00_d0.25,3014,78.131194,194.096605,252,210,1.393497
0.4,13,engagement_g00_d0.5,3014,79.091181,194.096605,232,213,1.413404
0.4,13,engagement_g00_d1.0,3014,80.690210,194.096605,201,201,1.333776
0.4,13,engagement_g00_d2.0,3014,84.198763,194.331130,164,207,1.373590
0.4,13,engagement_g00_d5.0,3014,92.056206,193.946928,118,223,1.479761
0.4,13,engagement_g00_d10.0,3014,100.346503,194.766677,24,526,3.490378
0.4,13,engagement_g05_d0.0,3014,84.389040,193.946928,115,288,1.911082
0.4,13,engagement_g05_d0.25,3014,84.554105,193.946928,109,291,1.930989
0.4,13,engagement_g05_d0.5,3014,84.845938,193.946928,109,287,1.904446
0.4,13,engagement_g05_d1.0,3014,85.704906,193.946928,107,286,1.897810
0.4,13,engagement_g05_d2.0,3014,87.056873,193.999315,105,278,1.844725
0.4,13,engagement_g05_d5.0,3014,95.256667,193.754252,62,344,2.282681
0.4,13,engagement_g05_d10.0,3014,98.155270,193.946928,6,611,4.054413
0.4,13,oracle_a1,3014,24.181244,69.852590,1404,464,3.078965
0.4,14,static,3050,102.636037,196.742674,0,633,4.150820
0.4,14,nearest,3050,110.479176,193.072017,5,1208,7.921311
0.4,14,naive_target_aware,3050,81.054378,184.698904,386,204,1.337705
0.4,14,engagement_g00_d0.0,3050,81.054378,184.698904,386,204,1.337705
0.4,14,engagement_g00_d0.25,3050,83.275092,184.698904,246,205,1.344262
0.4,14,engagement_g00_d0.5,3050,84.175415,184.698904,222,197,1.291803
0.4,14,engagement_g00_d1.0,3050,85.803978,184.698904,194,210,1.377049
0.4,14,engagement_g00_d2.0,3050,88.856593,184.698904,167,194,1.272131
0.4,14,engagement_g00_d5.0,3050,102.044019,193.353481,122,255,1.672131
0.4,14,engagement_g00_d10.0,3050,105.731979,187.761899,23,912,5.980328
0.4,14,engagement_g05_d0.0,3050,94.114883,184.698904,114,242,1.586885
0.4,14,engagement_g05_d0.25,3050,94.216538,184.781864,113,244,1.600000
0.4,14,engagement_g05_d0.5,3050,94.335566,184.698904,113,249,1.632787
0.4,14,engagement_g05_d1.0,3050,94.960899,186.163371,111,252,1.652459
0.4,14,engagement_g05_d2.0,3050,95.394406,184.849740,107,256,1.678689
0.4,14,engagement_g05_d5.0,3050,102.905220,187.761899,62,358,2.347541
0.4,14,engagement_g05_d10.0,3050,106.360392,196.742674,3,610,4.000000
0.4,14,oracle_a1,3050,27.423556,84.452546,1511,410,2.688525
0.4,15,static,3022,102.108755,194.911133,0,1227,8.120450
0.4,15,nearest,3022,109.921148,194.911133,4,629,4.162806
0.4,15,naive_target_aware,3022,82.116988,190.394114,406,236,1.561880
0.4,15,engagement_g00_d0.0,3022,82.116988,190.394114,406,236,1.561880
0.4,15,engagement_g00_d0.25,3022,83.497418,190.394114,253,243,1.608206
0.4,15,engagement_g00_d0.5,3022,85.311545,190.394114,237,245,1.621443
0.4,15,engagement_g00_d1.0,3022,86.578406,190.394114,213,235,1.555261
0.4,15,engagement_g00_d2.0,3022,90.681778,190.433104,176,225,1.489080
0.4,15,engagement_g00_d5.0,3022,105.969130,194.911133,116,290,1.919259
0.4,15,engagement_g00_d10.0,3022,107.049323,194.911133,27,518,3.428193
0.4,15,engagement_g05_d0.0,3022,95.967583,194.739933,113,250,1.654533
0.4,15,engagement_g05_d0.25,3022,96.260213,194.739933,104,247,1.634679
0.4,15,engagement_g05_d0.5,3022,96.631774,194.739933,103,248,1.641297
0.4,15,engagement_g05_d1.0,3022,96.986870,194.739933,102,252,1.667770
0.4,15,engagement_g05_d2.0,3022,99.986161,194.911133,94,274,1.813369
0.4,15,engagement_g05_d5.0,3022,106.621700,194.911133,65,370,2.448709
0.4,15,engagement_g05_d10.0,3022,101.329451,189.740817,3,921,6.095301
0.4,15,oracle_a1,3022,25.861818,82.206592,1357,434,2.872270
0.4,16,static,3097,90.161754,187.034514,0,1200,7.749435
0.4,16,nearest,3097,96.320082,175.061406,5,642,4.145948
0.4,16,naive_target_aware,3097,75.287606,189.680270,378,227,1.465935
0.4,16,engagement_g00_d0.0,3097,75.287606,189.680270,378,227,1.465935
0.4,16,engagement_g00_d0.25,3097,77.535633,189.680270,232,216,1.394898
0.4,16,engagement_g00_d0.5,3097,77.923353,189.680270,208,205,1.323862
0.4,16,engagement_g00_d1.0,3097,79.303662,189.680270,180,221,1.427188
0.4,16,engagement_g00_d2.0,3097,83.603458,189.680270,157,219,1.414272
0.4,16,engagement_g00_d5.0,3097,91.908736,189.680270,116,274,1.769454
0.4,16,engagement_g00_d10.0,3097,94.128595,187.034514,35,386,2.492735
0.4,16,engagement_g05_d0.0,3097,82.849368,189.680270,123,231,1.491766
0.4,16,engagement_g05_d0.25,3097,83.461408,189.680270,116,229,1.478851
0.4,16,engagement_g05_d0.5,3097,83.696363,189.680270,116,227,1.465935
0.4,16,engagement_g05_d1.0,3097,84.067146,189.680270,116,226,1.459477
0.4,16,engagement_g05_d2.0,3097,86.707603,189.680270,109,260,1.679044
0.4,16,engagement_g05_d5.0,3097,92.782342,190.823164,76,316,2.040685
0.4,16,engagement_g05_d10.0,3097,93.460172,187.034514,10,926,5.979981
0.4,16,oracle_a1,3097,22.886948,70.448821,1462,351,2.266710
0.4,17,static,2945,112.822188,191.935999,0,1800,12.224109
0.4,17,nearest,2945,91.052428,182.347704,4,1127,7.653650
0.4,17,naive_target_aware,2945,76.424808,182.717522,398,220,1.494058
0.4,17,engagement_g00_d0.0,2945,76.424808,182.717522,398,220,1.494058
0.4,17,engagement_g00_d0.25,2945,78.050452,182.643558,238,224,1.521222
0.4,17,engagement_g00_d0.5,2945,79.073226,182.717522,214,225,1.528014
0.4,17,engagement_g00_d1.0,2945,81.451154,182.717522,188,222,1.507640
0.4,17,engagement_g00_d2.0,2945,85.646372,182.643558,162,217,1.473684
0.4,17,engagement_g00_d5.0,2945,96.506044,184.498149,119,274,1.860781
0.4,17,engagement_g00_d10.0,2945,98.543179,191.935999,29,489,3.320883
0.4,17,engagement_g05_d0.0,2945,87.788690,182.717522,114,248,1.684211
0.4,17,engagement_g05_d0.25,2945,88.266649,182.921047,111,265,1.799660
0.4,17,engagement_g05_d0.5,2945,88.639719,182.921047,110,271,1.840407
0.4,17,engagement_g05_d1.0,2945,89.355495,184.192905,107,272,1.847199
0.4,17,engagement_g05_d2.0,2945,89.939176,184.498149,100,299,2.030560
0.4,17,engagement_g05_d5.0,2945,98.413212,187.653001,67,342,2.322581
0.4,17,engagement_g05_d10.0,2945,104.904018,191.935999,5,1221,8.292020
0.4,17,oracle_a1,2945,24.544156,70.075042,1307,557,3.782683
0.4,18,static,3040,102.436993,183.163229,0,1230,8.092105
0.4,18,nearest,3040,101.234284,195.269272,40,942,6.197368
0.4,18,naive_target_aware,3040,77.660948,185.659650,374,201,1.322368
0.4,18,engagement_g00_d0.0,3040,77.660948,185.659650,374,201,1.322368
0.4,18,engagement_g00_d0.25,3040,81.175321,187.074705,243,207,1.361842
0.4,18,engagement_g00_d0.5,3040,82.238947,187.074705,222,200,1.315789
0.4,18,engagement_g00_d1.0,3040,84.535888,189.391888,198,205,1.348684
0.4,18,engagement_g00_d2.0,3040,88.909178,189.391888,166,200,1.315789
0.4,18,engagement_g00_d5.0,3040,99.546756,189.391888,118,293,1.927632
0.4,18,engagement_g00_d10.0,3040,105.094585,187.074705,23,806,5.302632
0.4,18,engagement_g05_d0.0,3040,91.757384,189.391888,117,252,1.657895
0.4,18,engagement_g05_d0.25,3040,91.827232,189.391888,112,245,1.611842
0.4,18,engagement_g05_d0.5,3040,91.981360,189.391888,110,246,1.618421
0.4,18,engagement_g05_d1.0,3040,92.485234,189.391888,109,274,1.802632
0.4,18,engagement_g05_d2.0,3040,93.003153,189.391888,104,304,2.000000
0.4,18,engagement_g05_d5.0,3040,100.109585,187.074705,69,398,2.618421
0.4,18,engagement_g05_d10.0,3040,103.562033,183.163229,5,1132,7.447368
0.4,18,oracle_a1,3040,22.310806,57.509057,1488,470,3.092105
0.4,19,static,2979,107.330509,195.753930,0,604,4.055052
0.4,19,nearest,2979,102.185540,198.905499,16,1173,7.875126
0.4,19,naive_target_aware,2979,81.979781,191.995776,344,232,1.557570
0.4,19,engagement_g00_d0.0,2979,81.979781,191.995776,344,232,1.557570
0.4,19,engagement_g00_d0.25,2979,85.534473,194.027842,224,230,1.544142
0.4,19,engagement_g00_d0.5,2979,86.230727,194.302009,213,231,1.550856
0.4,19,engagement_g00_d1.0,2979,89.012782,194.302009,191,246,1.651561
0.4,19,engagement_g00_d2.0,2979,93.909643,194.753270,162,234,1.570997
0.4,19,engagement_g00_d5.0,2979,106.053311,195.981932,126,217,1.456865
0.4,19,engagement_g00_d10.0,2979,106.386930,194.347135,36,449,3.014434
0.4,19,engagement_g05_d0.0,2979,93.111783,194.302009,109,291,1.953676
0.4,19,engagement_g05_d0.25,2979,93.343311,194.302009,106,277,1.859684
0.4,19,engagement_g05_d0.5,2979,93.215195,194.302009,105,275,1.846257
0.4,19,engagement_g05_d1.0,2979,94.354615,194.302009,104,275,1.846257
0.4,19,engagement_g05_d2.0,2979,96.676806,194.753270,104,272,1.826116
0.4,19,engagement_g05_d5.0,2979,103.909222,194.302009,72,413,2.772743
0.4,19,engagement_g05_d10.0,2979,103.756386,191.218909,4,601,4.034911
0.4,19,oracle_a1,2979,23.067317,60.916065,1528,636,4.269889
0.4,20,static,3045,105.547360,188.818412,0,636,4.177340
0.4,20,nearest,3045,103.969626,196.288496,33,920,6.042693
0.4,20,naive_target_aware,3045,78.450072,186.563202,400,241,1.582923
0.4,20,engagement_g00_d0.0,3045,78.450072,186.563202,400,241,1.582923
0.4,20,engagement_g00_d0.25,3045,81.374217,186.741509,238,225,1.477833
0.4,20,engagement_g00_d0.5,3045,82.109624,186.741509,219,220,1.444992
0.4,20,engagement_g00_d1.0,3045,83.796424,186.741509,196,215,1.412151
0.4,20,engagement_g00_d2.0,3045,88.418514,184.774600,162,227,1.490969
0.4,20,engagement_g00_d5.0,3045,100.088979,188.813238,124,264,1.733990
0.4,20,engagement_g00_d10.0,3045,106.158330,191.784586,28,445,2.922824
0.4,20,engagement_g05_d0.0,3045,89.645331,187.619100,121,234,1.536946
0.4,20,engagement_g05_d0.25,3045,89.790125,187.619100,115,256,1.681445
0.4,20,engagement_g05_d0.5,3045,89.934924,187.619100,115,257,1.688013
0.4,20,engagement_g05_d1.0,3045,90.462347,187.619100,115,258,1.694581
0.4,20,engagement_g05_d2.0,3045,93.207535,187.619100,110,278,1.825944
0.4,20,engagement_g05_d5.0,3045,102.417368,188.818412,70,307,2.016420
0.4,20,engagement_g05_d10.0,3045,102.982064,193.398970,4,754,4.952381
0.4,20,oracle_a1,3045,26.146362,74.872039,1359,501,3.290640
0.4,21,static,3058,109.877178,197.070043,0,644,4.211903
0.4,21,nearest,3058,99.205785,188.161891,22,1197,7.828646
0.4,21,naive_target_aware,3058,80.662098,189.332021,402,231,1.510791
0.4,21,engagement_g00_d0.0,3058,80.662098,189.332021,402,231,1.510791
0.4,21,engagement_g00_d0.25,3058,86.153254,191.312631,240,225,1.471550
0.4,21,engagement_g00_d0.5,3058,87.259580,191.640417,216,225,1.471550
0.4,21,engagement_g00_d1.0,3058,88.983955,193.497870,201,219,1.432309
0.4,21,engagement_g00_d2.0,3058,93.881948,193.790927,167,215,1.406148
0.4,21,engagement_g00_d5.0,3058,104.453734,193.497870,122,211,1.379987
0.4,21,engagement_g00_d10.0,3058,100.784244,188.302165,29,537,3.512099
0.4,21,engagement_g05_d0.0,3058,95.313368,193.497870,118,231,1.510791
0.4,21,engagement_g05_d0.25,3058,95.477392,193.497870,112,232,1.517332
0.4,21,engagement_g05_d0.5,3058,96.368113,193.497870,110,232,1.517332
0.4,21,engagement_g05_d1.0,3058,96.674183,191.312631,106,235,1.536952
0.4,21,engagement_g05_d2.0,3058,99.828742,193.497870,100,233,1.523872
0.4,21,engagement_g05_d5.0,3058,106.280509,191.312631,68,384,2.511445
0.4,21,engagement_g05_d10.0,3058,108.854591,198.572319,5,897,5.866579
0.4,21,oracle_a1,3058,24.912147,72.032434,1397,366,2.393721
0.4,22,static,3009,98.048249,196.376444,0,632,4.200731
0.4,22,nearest,3009,96.533451,182.201864,6,630,4.187438
0.4,22,naive_target_aware,3009,79.877599,183.029627,394,229,1.522100
0.4,22,engagement_g00_d0.0,3009,79.877599,183.029627,394,229,1.522100
0.4,22,engagement_g00_d0.25,3009,82.746204,183.029627,237,206,1.369226
0.4,22,engagement_g00_d0.5,3009,83.836118,183.029627,213,209,1.389166
0.4,22,engagement_g00_d1.0,3009,86.695383,183.029627,190,230,1.528747
0.4,22,engagement_g00_d2.0,3009,89.958514,183.029627,161,242,1.608508
0.4,22,engagement_g00_d5.0,3009,99.658619,184.725397,120,305,2.027252
0.4,22,engagement_g00_d10.0,3009,105.622151,190.904079,30,462,3.070788
0.4,22,engagement_g05_d0.0,3009,89.911934,183.029627,122,259,1.721502
0.4,22,engagement_g05_d0.25,3009,89.917977,183.029627,117,261,1.734796
0.4,22,engagement_g05_d0.5,3009,90.307984,183.029627,115,260,1.728149
0.4,22,engagement_g05_d1.0,3009,90.586761,183.029627,113,261,1.734796
0.4,22,engagement_g05_d2.0,3009,92.586395,183.029627,108,249,1.655035
0.4,22,engagement_g05_d5.0,3009,98.032485,183.029627,72,319,2.120306
0.4,22,engagement_g05_d10.0,3009,102.794933,196.376444,3,596,3.961449
0.4,22,oracle_a1,3009,23.962918,79.843160,1546,510,3.389831
0.4,23,static,3060,102.218905,194.457226,0,637,4.163399
0.4,23,nearest,3060,93.836069,186.745361,5,1175,7.679739
0.4,23,naive_target_aware,3060,78.903221,190.315294,370,196,1.281046
0.4,23,engagement_g00_d0.0,3060,78.903221,190.315294,370,196,1.281046
0.4,23,engagement_g00_d0.25,3060,81.556669,190.886001,234,188,1.228758
0.4,23,engagement_g00_d0.5,3060,82.696819,190.886001,213,191,1.248366
0.4,23,engagement_g00_d1.0,3060,83.536212,190.315294,187,197,1.287582
0.4,23,engagement_g00_d2.0,3060,87.512517,190.315294,159,202,1.320261
0.4,23,engagement_g00_d5.0,3060,96.419288,190.886001,122,227,1.483660
0.4,23,engagement_g00_d10.0,3060,102.078674,192.993145,34,324,2.117647
0.4,23,engagement_g05_d0.0,3060,90.359599,190.315294,112,282,1.843137
0.4,23,engagement_g05_d0.25,3060,90.547706,190.886001,109,278,1.816993
0.4,23,engagement_g05_d0.5,3060,90.842483,190.886001,109,276,1.803922
0.4,23,engagement_g05_d1.0,3060,90.893285,190.343829,107,270,1.764706
0.4,23,engagement_g05_d2.0,3060,92.142601,190.886001,103,246,1.607843
0.4,23,engagement_g05_d5.0,3060,97.326116,190.315294,74,283,1.849673
0.4,23,engagement_g05_d10.0,3060,106.739921,194.899730,7,627,4.098039
0.4,23,oracle_a1,3060,24.083069,65.215184,1355,500,3.267974
0.4,24,static,2894,98.062065,186.447964,0,606,4.187975
0.4,24,nearest,2894,97.867048,190.891710,44,996,6.883207
0.4,24,naive_target_aware,2894,79.481223,187.178480,357,208,1.437457
0.4,24,engagement_g00_d0.0,2894,79.481223,187.178480,357,208,1.437457
0.4,24,engagement_g00_d0.25,2894,81.486413,187.178480,227,213,1.472011
0.4,24,engagement_g00_d0.5,2894,82.484873,187.178480,212,209,1.444368
0.4,24,engagement_g00_d1.0,2894,84.359296,187.178480,188,203,1.402903
0.4,24,engagement_g00_d2.0,2894,89.186316,187.178480,161,208,1.437457
0.4,24,engagement_g00_d5.0,2894,97.820678,187.178480,124,214,1.478922
0.4,24,engagement_g00_d10.0,2894,98.223526,188.299249,33,400,2.764340
0.4,24,engagement_g05_d0.0,2894,91.047670,190.891710,117,261,1.803732
0.4,24,engagement_g05_d0.25,2894,91.031765,190.891710,114,261,1.803732
0.4,24,engagement_g05_d0.5,2894,91.313042,190.891710,114,258,1.782999
0.4,24,engagement_g05_d1.0,2894,91.829956,190.891710,114,252,1.741534
0.4,24,engagement_g05_d2.0,2894,93.259711,187.243145,105,236,1.630961
0.4,24,engagement_g05_d5.0,2894,94.841081,187.178480,64,299,2.066344
0.4,24,engagement_g05_d10.0,2894,99.973031,187.243145,5,625,4.319281
0.4,24,oracle_a1,2894,26.326137,77.579340,1303,372,2.570836
0.4,25,static,2903,98.583496,192.646833,0,599,4.126765
0.4,25,nearest,2903,94.993755,192.681692,5,598,4.119876
0.4,25,naive_target_aware,2903,80.126988,190.453135,383,221,1.522563
0.4,25,engagement_g00_d0.0,2903,80.126988,190.453135,383,221,1.522563
0.4,25,engagement_g00_d0.25,2903,84.188385,190.878727,247,229,1.577678
0.4,25,engagement_g00_d0.5,2903,84.587761,190.878727,233,231,1.591457
0.4,25,engagement_g00_d1.0,2903,86.223735,190.878727,212,240,1.653462
0.4,25,engagement_g00_d2.0,2903,91.679038,191.922013,175,263,1.811919
0.4,25,engagement_g00_d5.0,2903,99.626827,192.646833,118,199,1.370996
0.4,25,engagement_g00_d10.0,2903,103.753621,193.044041,33,461,3.176025
0.4,25,engagement_g05_d0.0,2903,94.429054,193.044041,108,241,1.660351
0.4,25,engagement_g05_d0.25,2903,94.740724,193.044041,104,241,1.660351
0.4,25,engagement_g05_d0.5,2903,94.881742,193.044041,104,241,1.660351
0.4,25,engagement_g05_d1.0,2903,95.837615,193.044041,103,241,1.660351
0.4,25,engagement_g05_d2.0,2903,98.759613,193.044041,96,242,1.667241
0.4,25,engagement_g05_d5.0,2903,108.933907,193.044041,69,297,2.046159
0.4,25,engagement_g05_d10.0,2903,98.020387,189.465833,5,697,4.801929
0.4,25,oracle_a1,2903,25.182879,72.273420,1307,319,2.197726
0.4,26,static,3057,108.191590,196.881824,0,662,4.331044
0.4,26,nearest,3057,111.558269,200.055703,4,661,4.324501
0.4,26,naive_target_aware,3057,83.660116,192.799543,371,207,1.354269
0.4,26,engagement_g00_d0.0,3057,83.660116,192.799543,371,207,1.354269
0.4,26,engagement_g00_d0.25,3057,86.373937,192.799543,240,207,1.354269
0.4,26,engagement_g00_d0.5,3057,86.868557,192.799543,225,206,1.347727
0.4,26,engagement_g00_d1.0,3057,87.902899,192.799543,199,201,1.315015
0.4,26,engagement_g00_d2.0,3057,92.642028,192.816026,167,212,1.386981
0.4,26,engagement_g00_d5.0,3057,103.249838,194.281119,118,269,1.759895
0.4,26,engagement_g00_d10.0,3057,103.332513,193.883593,33,588,3.846909
0.4,26,engagement_g05_d0.0,3057,93.154128,192.437554,109,336,2.198234
0.4,26,engagement_g05_d0.25,3057,93.622765,192.509952,104,335,2.191691
0.4,26,engagement_g05_d0.5,3057,93.816020,192.509952,104,337,2.204776
0.4,26,engagement_g05_d1.0,3057,94.291770,192.437554,98,339,2.217861
0.4,26,engagement_g05_d2.0,3057,97.360944,192.799543,94,339,2.217861
0.4,26,engagement_g05_d5.0,3057,106.872054,193.883593,55,335,2.191691
0.4,26,engagement_g05_d10.0,3057,111.933891,195.660024,3,604,3.951587
0.4,26,oracle_a1,3057,25.362034,79.469753,1479,543,3.552502
0.4,27,static,2968,104.689319,189.703787,0,619,4.171159
0.4,27,nearest,2968,102.918774,189.802931,18,817,5.505391
0.4,27,naive_target_aware,2968,81.746645,187.698939,376,198,1.334232
0.4,27,engagement_g00_d0.0,2968,81.746645,187.698939,376,198,1.334232
0.4,27,engagement_g00_d0.25,2968,84.441337,189.703787,239,200,1.347709
0.4,27,engagement_g00_d0.5,2968,85.577090,189.703787,222,202,1.361186
0.4,27,engagement_g00_d1.0,2968,87.075635,187.698939,202,198,1.334232
0.4,27,engagement_g00_d2.0,2968,89.749252,187.494719,165,210,1.415094
0.4,27,engagement_g00_d5.0,2968,100.331818,187.494719,120,234,1.576819
0.4,27,engagement_g00_d10.0,2968,106.828386,187.494719,30,681,4.588949
0.4,27,engagement_g05_d0.0,2968,89.534381,187.698939,106,257,1.731806
0.4,27,engagement_g05_d0.25,2968,90.006285,187.698939,101,255,1.718329
0.4,27,engagement_g05_d0.5,2968,90.045497,187.698939,101,254,1.711590
0.4,27,engagement_g05_d1.0,2968,90.699848,187.698939,100,251,1.691375
0.4,27,engagement_g05_d2.0,2968,93.567569,189.703787,96,257,1.731806
0.4,27,engagement_g05_d5.0,2968,100.572066,190.805193,63,297,2.001348
0.4,27,engagement_g05_d10.0,2968,104.995807,189.703787,1,619,4.171159
0.4,27,oracle_a1,2968,25.562980,76.621964,1332,358,2.412399
0.4,28,static,3014,113.864228,197.117162,0,1217,8.075647
0.4,28,nearest,3014,109.616906,194.189343,14,743,4.930325
0.4,28,naive_target_aware,3014,81.311056,190.620823,384,230,1.526211
0.4,28,engagement_g00_d0.0,3014,81.311056,190.620823,384,230,1.526211
0.4,28,engagement_g00_d0.25,3014,82.778727,193.009144,249,227,1.506304
0.4,28,engagement_g00_d0.5,3014,83.983545,194.189343,240,230,1.526211
0.4,28,engagement_g00_d1.0,3014,86.369530,197.117162,211,239,1.585932
0.4,28,engagement_g00_d2.0,3014,89.812777,197.117162,168,237,1.572661
0.4,28,engagement_g00_d5.0,3014,100.280280,198.002655,116,239,1.585932
0.4,28,engagement_g00_d10.0,3014,106.456654,197.117162,25,438,2.906437
0.4,28,engagement_g05_d0.0,3014,94.132474,198.002655,106,242,1.605839
0.4,28,engagement_g05_d0.25,3014,94.092579,197.117162,102,241,1.599204
0.4,28,engagement_g05_d0.5,3014,94.500240,197.117162,100,245,1.625747
0.4,28,engagement_g05_d1.0,3014,95.752699,198.002655,98,242,1.605839
0.4,28,engagement_g05_d2.0,3014,97.515482,198.002655,93,266,1.765096
0.4,28,engagement_g05_d5.0,3014,106.427342,198.381200,64,250,1.658925
0.4,28,engagement_g05_d10.0,3014,113.915747,199.029969,5,923,6.124751
0.4,28,oracle_a1,3014,23.206395,64.582559,1459,681,4.518912
0.4,29,static,3063,94.170863,186.238844,0,1209,7.894221
0.4,29,nearest,3063,93.654814,186.238844,4,652,4.257264
0.4,29,naive_target_aware,3063,75.445150,184.789687,377,215,1.403852
0.4,29,engagement_g00_d0.0,3063,75.445150,184.789687,377,215,1.403852
0.4,29,engagement_g00_d0.25,3063,78.143252,184.789687,227,222,1.449559
0.4,29,engagement_g00_d0.5,3063,78.316273,184.850775,210,225,1.469148
0.4,29,engagement_g00_d1.0,3063,80.920621,184.850775,185,224,1.462618
0.4,29,engagement_g00_d2.0,3063,84.582314,187.059320,158,225,1.469148
0.4,29,engagement_g00_d5.0,3063,95.010430,188.917131,129,228,1.488737
0.4,29,engagement_g00_d10.0,3063,97.052208,193.400058,29,512,3.343128
0.4,29,engagement_g05_d0.0,3063,87.642714,187.059320,123,222,1.449559
0.4,29,engagement_g05_d0.25,3063,88.044313,188.917131,120,274,1.789096
0.4,29,engagement_g05_d0.5,3063,88.238776,188.917131,119,274,1.789096
0.4,29,engagement_g05_d1.0,3063,88.838006,188.917131,117,285,1.860921
0.4,29,engagement_g05_d2.0,3063,91.436691,190.016513,109,297,1.939275
0.4,29,engagement_g05_d5.0,3063,97.470523,188.917131,77,324,2.115573
0.4,29,engagement_g05_d10.0,3063,95.523176,186.238844,6,772,5.040810
0.4,29,oracle_a1,3063,23.047032,67.433393,1401,883,5.765589
0.4,30,static,2933,103.548068,189.082593,0,1171,7.984998
0.4,30,nearest,2933,98.632970,184.585723,12,1699,11.585407
0.4,30,naive_target_aware,2933,85.293294,193.810397,361,195,1.329697
0.4,30,engagement_g00_d0.0,2933,85.293294,193.810397,361,195,1.329697
0.4,30,engagement_g00_d0.25,2933,89.332467,194.583798,265,196,1.336516
0.4,30,engagement_g00_d0.5,2933,90.103915,194.583798,248,197,1.343334
0.4,30,engagement_g00_d1.0,2933,92.028483,195.034495,215,195,1.329697
0.4,30,engagement_g00_d2.0,2933,95.259423,194.583798,173,215,1.466076
0.4,30,engagement_g00_d5.0,2933,110.455738,196.005609,110,241,1.643369
0.4,30,engagement_g00_d10.0,2933,109.892950,195.710540,25,650,4.432322
0.4,30,engagement_g05_d0.0,2933,97.956299,195.710540,105,251,1.711558
0.4,30,engagement_g05_d0.25,2933,98.462379,195.710540,105,252,1.718377
0.4,30,engagement_g05_d0.5,2933,98.550587,195.710540,105,252,1.718377
0.4,30,engagement_g05_d1.0,2933,99.438547,195.828568,103,274,1.868394
0.4,30,engagement_g05_d2.0,2933,103.323608,195.710540,93,312,2.127514
0.4,30,engagement_g05_d5.0,2933,112.113797,196.344076,65,328,2.236618
0.4,30,engagement_g05_d10.0,2933,105.292105,189.082593,5,750,5.114218
0.4,30,oracle_a1,2933,29.382358,83.884753,1244,399,2.720764
0.3,1,static,3072,93.788956,184.634696,0,1224,7.968750
0.3,1,nearest,3072,97.757261,193.824434,25,629,4.095052
0.3,1,naive_target_aware,3072,81.125394,188.415484,511,266,1.731771
0.3,1,engagement_g00_d0.0,3072,81.125394,188.415484,511,266,1.731771
0.3,1,engagement_g00_d0.25,3072,81.706166,188.415484,294,261,1.699219
0.3,1,engagement_g00_d0.5,3072,82.254699,188.415484,275,277,1.803385
0.3,1,engagement_g00_d1.0,3072,82.357561,184.985015,234,271,1.764323
0.3,1,engagement_g00_d2.0,3072,83.613025,188.415484,187,298,1.940104
0.3,1,engagement_g00_d5.0,3072,89.593044,184.985015,87,264,1.718750
0.3,1,engagement_g00_d10.0,3072,100.882188,190.726887,16,716,4.661458
0.3,1,engagement_g05_d0.0,3072,87.337396,193.434248,72,295,1.920573
0.3,1,engagement_g05_d0.25,3072,87.812407,193.434248,68,285,1.855469
0.3,1,engagement_g05_d0.5,3072,87.561620,192.868599,66,275,1.790365
0.3,1,engagement_g05_d1.0,3072,88.062454,192.868599,64,275,1.790365
0.3,1,engagement_g05_d2.0,3072,88.362834,188.974578,58,275,1.790365
0.3,1,engagement_g05_d5.0,3072,93.549212,192.868599,26,844,5.494792
0.3,1,engagement_g05_d10.0,3072,100.662495,192.868599,1,1224,7.968750
0.3,1,oracle_a1,3072,24.653691,61.971496,1540,439,2.858073
0.3,2,static,3076,97.769887,184.757355,0,1260,8.192458
0.3,2,nearest,3076,90.197707,191.478106,5,1206,7.841352
0.3,2,naive_target_aware,3076,88.712618,190.464828,603,243,1.579974
0.3,2,engagement_g00_d0.0,3076,88.712618,190.464828,603,243,1.579974
0.3,2,engagement_g00_d0.25,3076,90.702866,190.464828,339,242,1.573472
0.3,2,engagement_g00_d0.5,3076,90.931457,191.478106,291,227,1.475943
0.3,2,engagement_g00_d1.0,3076,92.692128,191.478106,244,227,1.475943
0.3,2,engagement_g00_d2.0,3076,96.482994,193.294707,171,217,1.410923
0.3,2,engagement_g00_d5.0,3076,102.725968,193.294707,89,282,1.833550
0.3,2,engagement_g00_d10.0,3076,101.145917,191.107542,11,752,4.889467
0.3,2,engagement_g05_d0.0,3076,97.797400,193.035682,69,335,2.178153
0.3,2,engagement_g05_d0.25,3076,97.750885,193.035682,66,334,2.171651
0.3,2,engagement_g05_d0.5,3076,97.865700,193.035682,65,297,1.931079
0.3,2,engagement_g05_d1.0,3076,98.579951,192.569903,63,297,1.931079
0.3,2,engagement_g05_d2.0,3076,97.454546,193.035682,55,541,3.517555
0.3,2,engagement_g05_d5.0,3076,102.222877,192.414643,31,483,3.140442
0.3,2,engagement_g05_d10.0,3076,101.160148,189.197740,2,962,6.254876
0.3,2,oracle_a1,3076,27.220283,70.904515,1476,599,3.894668
0.3,3,static,2993,95.747137,191.259772,0,620,4.143000
0.3,3,nearest,2993,93.096869,185.560987,5,1175,7.851654
0.3,3,naive_target_aware,2993,87.480903,186.923839,621,257,1.717340
0.3,3,engagement_g00_d0.0,2993,87.480903,186.923839,621,257,1.717340
0.3,3,engagement_g00_d0.25,2993,88.853652,186.923839,355,266,1.777481
0.3,3,engagement_g00_d0.5,2993,89.095281,186.923839,318,261,1.744069
0.3,3,engagement_g00_d1.0,2993,91.402122,186.923839,271,251,1.677247
0.3,3,engagement_g00_d2.0,2993,93.207416,188.906630,178,225,1.503508
0.3,3,engagement_g00_d5.0,2993,96.943872,191.259772,75,350,2.338791
0.3,3,engagement_g00_d10.0,2993,98.551475,191.259772,12,512,3.421316
0.3,3,engagement_g05_d0.0,2993,94.667789,191.259772,69,374,2.499165
0.3,3,engagement_g05_d0.25,2993,94.748985,191.259772,65,373,2.492482
0.3,3,engagement_g05_d0.5,2993,94.752554,191.259772,64,389,2.599399
0.3,3,engagement_g05_d1.0,2993,94.610687,188.906630,59,402,2.686268
0.3,3,engagement_g05_d2.0,2993,94.026895,191.259772,54,405,2.706315
0.3,3,engagement_g05_d5.0,2993,97.100890,191.730185,32,368,2.459071
0.3,3,engagement_g05_d10.0,2993,95.445802,191.259772,1,620,4.143000
0.3,3,oracle_a1,2993,26.534681,64.078565,1473,518,3.461410
0.3,4,static,2947,101.992923,193.368367,0,606,4.112657
0.3,4,nearest,2947,100.367025,189.576396,4,606,4.112657
0.3,4,naive_target_aware,2947,86.626035,191.198623,521,245,1.662708
0.3,4,engagement_g00_d0.0,2947,86.626035,191.198623,521,245,1.662708
0.3,4,engagement_g00_d0.25,2947,89.044640,191.198623,314,247,1.676281
0.3,4,engagement_g00_d0.5,2947,89.547186,191.198623,284,250,1.696641
0.3,4,engagement_g00_d1.0,2947,90.431532,191.471346,229,271,1.839158
0.3,4,engagement_g00_d2.0,2947,93.652801,191.471346,179,288,1.954530
0.3,4,engagement_g00_d5.0,2947,99.464340,193.598701,92,308,2.090261
0.3,4,engagement_g00_d10.0,2947,105.603430,193.697416,14,959,6.508314
0.3,4,engagement_g05_d0.0,2947,98.642915,193.697416,61,455,3.087886
0.3,4,engagement_g05_d0.25,2947,98.920336,193.697416,55,455,3.087886
0.3,4,engagement_g05_d0.5,2947,99.063204,193.697416,54,455,3.087886
0.3,4,engagement_g05_d1.0,2947,99.277517,193.697416,53,456,3.094673
0.3,4,engagement_g05_d2.0,2947,98.730094,193.697416,51,389,2.639973
0.3,4,engagement_g05_d5.0,2947,101.704668,193.368367,28,736,4.994910
0.3,4,engagement_g05_d10.0,2947,101.992923,193.368367,0,606,4.112657
0.3,4,oracle_a1,2947,23.543982,65.119678,1651,341,2.314218
0.3,5,static,2961,103.778164,188.688177,0,1225,8.274232
0.3,5,nearest,2961,99.550838,185.423886,6,626,4.228301
0.3,5,naive_target_aware,2961,89.835618,188.400644,603,263,1.776427
0.3,5,engagement_g00_d0.0,2961,89.835618,188.400644,603,263,1.776427
0.3,5,engagement_g00_d0.25,2961,91.231309,188.688177,351,277,1.870990
0.3,5,engagement_g00_d0.5,2961,91.866910,188.688177,309,292,1.972307
0.3,5,engagement_g00_d1.0,2961,92.856767,188.688177,260,286,1.931780
0.3,5,engagement_g00_d2.0,2961,93.318754,187.743898,178,331,2.235731
0.3,5,engagement_g00_d5.0,2961,98.968846,188.400644,77,328,2.215468
0.3,5,engagement_g00_d10.0,2961,95.943464,188.400644,11,823,5.558933
0.3,5,engagement_g05_d0.0,2961,96.862646,187.323161,62,387,2.613982
0.3,5,engagement_g05_d0.25,2961,96.567475,187.323161,58,354,2.391084
0.3,5,engagement_g05_d0.5,2961,96.784307,185.423886,58,352,2.377575
0.3,5,engagement_g05_d1.0,2961,97.204374,187.323161,56,350,2.364066
0.3,5,engagement_g05_d2.0,2961,98.243773,185.423886,52,351,2.370821
0.3,5,engagement_g05_d5.0,2961,96.666306,187.323161,28,456,3.080041
0.3,5,engagement_g05_d10.0,2961,99.466607,188.688177,2,820,5.538669
0.3,5,oracle_a1,2961,26.146739,70.075539,1463,401,2.708544
0.3,6,static,2952,103.348368,191.861847,0,1121,7.594851
0.3,6,nearest,2952,109.796004,191.861847,4,1789,12.120596
0.3,6,naive_target_aware,2952,87.972437,189.900942,538,256,1.734417
0.3,6,engagement_g00_d0.0,2952,87.972437,189.900942,538,256,1.734417
0.3,6,engagement_g00_d0.25,2952,89.013376,189.900942,322,249,1.686992
0.3,6,engagement_g00_d0.5,2952,89.597130,189.900942,292,245,1.659892
0.3,6,engagement_g00_d1.0,2952,92.155480,189.959220,252,246,1.666667
0.3,6,engagement_g00_d2.0,2952,94.986087,189.959220,185,286,1.937669
0.3,6,engagement_g00_d5.0,2952,96.291336,189.900942,90,319,2.161247
0.3,6,engagement_g00_d10.0,2952,97.994181,193.300957,11,502,3.401084
0.3,6,engagement_g05_d0.0,2952,92.722941,193.300957,62,302,2.046070
0.3,6,engagement_g05_d0.25,2952,92.450738,191.861847,59,302,2.046070
0.3,6,engagement_g05_d0.5,2952,92.582206,191.861847,59,302,2.046070
0.3,6,engagement_g05_d1.0,2952,93.008322,191.861847,57,308,2.086721
0.3,6,engagement_g05_d2.0,2952,95.495499,193.300957,53,367,2.486450
0.3,6,engagement_g05_d5.0,2952,98.479725,191.861847,29,763,5.169377
0.3,6,engagement_g05_d10.0,2952,103.348368,191.861847,0,1121,7.594851
0.3,6,oracle_a1,2952,25.655339,73.826539,1386,1015,6.876694
0.3,7,static,2971,116.677992,194.999538,0,1186,7.983844
0.3,7,nearest,2971,106.514167,190.860806,5,1156,7.781892
0.3,7,naive_target_aware,2971,94.520856,192.291707,554,214,1.440592
0.3,7,engagement_g00_d0.0,2971,94.520856,192.291707,554,214,1.440592
0.3,7,engagement_g00_d0.25,2971,95.708824,193.018501,331,218,1.467519
0.3,7,engagement_g00_d0.5,2971,96.963986,193.018501,300,216,1.454056
0.3,7,engagement_g00_d1.0,2971,98.389841,193.345003,258,226,1.521373
0.3,7,engagement_g00_d2.0,2971,100.635680,193.345003,186,240,1.615618
0.3,7,engagement_g00_d5.0,2971,106.224722,193.345003,80,358,2.409963
0.3,7,engagement_g00_d10.0,2971,114.391616,194.443616,9,841,5.661393
0.3,7,engagement_g05_d0.0,2971,106.130019,193.345003,62,351,2.362841
0.3,7,engagement_g05_d0.25,2971,106.202675,193.345003,61,373,2.510939
0.3,7,engagement_g05_d0.5,2971,106.882096,193.345003,61,373,2.510939
0.3,7,engagement_g05_d1.0,2971,106.823713,193.345003,60,373,2.510939
0.3,7,engagement_g05_d2.0,2971,106.470771,193.345003,53,364,2.450353
0.3,7,engagement_g05_d5.0,2971,107.358987,193.018501,24,501,3.372602
0.3,7,engagement_g05_d10.0,2971,116.677992,194.999538,0,1186,7.983844
0.3,7,oracle_a1,2971,31.687517,90.277494,1412,502,3.379334
0.3,8,static,2983,94.127493,180.007151,0,634,4.250754
0.3,8,nearest,2983,97.406421,192.593661,5,633,4.244050
0.3,8,naive_target_aware,2983,86.318881,185.761014,542,258,1.729802
0.3,8,engagement_g00_d0.0,2983,86.318881,185.761014,542,258,1.729802
0.3,8,engagement_g00_d0.25,2983,86.513704,185.761014,331,283,1.897419
0.3,8,engagement_g00_d0.5,2983,87.644501,185.761014,292,295,1.977875
0.3,8,engagement_g00_d1.0,2983,87.954450,183.754120,235,298,1.997989
0.3,8,engagement_g00_d2.0,2983,90.995680,189.128087,176,350,2.346631
0.3,8,engagement_g00_d5.0,2983,96.618080,185.761014,93,324,2.172310
0.3,8,engagement_g00_d10.0,2983,95.445175,180.742985,14,629,4.217231
0.3,8,engagement_g05_d0.0,2983,95.443847,185.761014,69,446,2.990278
0.3,8,engagement_g05_d0.25,2983,95.676558,185.761014,64,461,3.090848
0.3,8,engagement_g05_d0.5,2983,95.567592,185.761014,63,460,3.084143
0.3,8,engagement_g05_d1.0,2983,95.894553,185.761014,63,457,3.064030
0.3,8,engagement_g05_d2.0,2983,95.571442,185.761014,60,466,3.124371
0.3,8,engagement_g05_d5.0,2983,96.347455,180.742985,30,511,3.426081
0.3,8,engagement_g05_d10.0,2983,96.296607,180.742985,1,629,4.217231
0.3,8,oracle_a1,2983,26.561582,64.070021,1445,950,6.369427
0.3,9,static,2932,93.861304,192.213794,0,619,4.222374
0.3,9,nearest,2932,105.252895,192.089223,5,1166,7.953615
0.3,9,naive_target_aware,2932,85.847425,192.936402,548,276,1.882674
0.3,9,engagement_g00_d0.0,2932,85.847425,192.936402,548,276,1.882674
0.3,9,engagement_g00_d0.25,2932,86.113922,192.213794,307,269,1.834925
0.3,9,engagement_g00_d0.5,2932,86.421006,192.936402,278,268,1.828104
0.3,9,engagement_g00_d1.0,2932,87.086659,192.089223,232,255,1.739427
0.3,9,engagement_g00_d2.0,2932,89.826001,192.089223,177,266,1.814461
0.3,9,engagement_g00_d5.0,2932,96.969192,194.147333,91,305,2.080491
0.3,9,engagement_g00_d10.0,2932,96.539014,190.911677,21,541,3.690314
0.3,9,engagement_g05_d0.0,2932,95.873621,193.815742,66,340,2.319236
0.3,9,engagement_g05_d0.25,2932,95.882963,193.815742,61,339,2.312415
0.3,9,engagement_g05_d0.5,2932,95.908816,193.815742,60,336,2.291951
0.3,9,engagement_g05_d1.0,2932,96.190886,193.815742,59,286,1.950887
0.3,9,engagement_g05_d2.0,2932,97.285777,194.147333,55,285,1.944065
0.3,9,engagement_g05_d5.0,2932,100.971897,194.147333,26,381,2.598909
0.3,9,engagement_g05_d10.0,2932,96.944883,191.396320,1,619,4.222374
0.3,9,oracle_a1,2932,25.612096,76.927467,1438,463,3.158254
0.3,10,static,3006,103.730369,197.013378,0,645,4.291417
0.3,10,nearest,3006,87.988435,193.383493,5,1201,7.990685
0.3,10,naive_target_aware,3006,88.392284,193.932007,582,230,1.530273
0.3,10,engagement_g00_d0.0,3006,88.392284,193.932007,582,230,1.530273
0.3,10,engagement_g00_d0.25,3006,89.935860,193.383493,326,245,1.630073
0.3,10,engagement_g00_d0.5,3006,90.125912,193.383493,280,238,1.583500
0.3,10,engagement_g00_d1.0,3006,91.419669,193.932007,240,255,1.696607
0.3,10,engagement_g00_d2.0,3006,94.082447,193.383493,177,305,2.029275
0.3,10,engagement_g00_d5.0,3006,99.451558,193.932007,84,255,1.696607
0.3,10,engagement_g00_d10.0,3006,98.358987,193.932007,15,737,4.903526
0.3,10,engagement_g05_d0.0,3006,93.829009,193.932007,62,413,2.747838
0.3,10,engagement_g05_d0.25,3006,94.518146,193.932007,60,411,2.734531
0.3,10,engagement_g05_d0.5,3006,94.798401,193.932007,59,407,2.707917
0.3,10,engagement_g05_d1.0,3006,95.862529,193.932007,56,408,2.714571
0.3,10,engagement_g05_d2.0,3006,95.829661,193.932007,53,373,2.481703
0.3,10,engagement_g05_d5.0,3006,96.305381,187.385812,26,452,3.007319
0.3,10,engagement_g05_d10.0,3006,101.130373,190.666506,2,645,4.291417
0.3,10,oracle_a1,3006,28.685534,71.502974,1247,707,4.703925
0.3,11,static,3002,104.381627,190.037967,0,1161,7.734843
0.3,11,nearest,3002,101.555059,195.914883,39,604,4.023984
0.3,11,naive_target_aware,3002,88.039095,191.897722,539,237,1.578947
0.3,11,engagement_g00_d0.0,3002,88.039095,191.897722,539,237,1.578947
0.3,11,engagement_g00_d0.25,3002,89.834916,191.962029,314,250,1.665556
0.3,11,engagement_g00_d0.5,3002,91.083095,195.195911,284,247,1.645570
0.3,11,engagement_g00_d1.0,3002,92.730453,195.195911,237,269,1.792139
0.3,11,engagement_g00_d2.0,3002,95.465148,195.195911,176,229,1.525650
0.3,11,engagement_g00_d5.0,3002,98.935856,191.962029,89,284,1.892072
0.3,11,engagement_g00_d10.0,3002,99.947866,197.007541,15,631,4.203864
0.3,11,engagement_g05_d0.0,3002,96.441769,195.781786,71,357,2.378414
0.3,11,engagement_g05_d0.25,3002,96.863498,195.781786,69,356,2.371752
0.3,11,engagement_g05_d0.5,3002,96.635465,195.781786,66,317,2.111925
0.3,11,engagement_g05_d1.0,3002,96.666511,195.781786,66,317,2.111925
0.3,11,engagement_g05_d2.0,3002,98.012643,195.195911,58,346,2.305130
0.3,11,engagement_g05_d5.0,3002,97.444963,195.781786,31,531,3.537642
0.3,11,engagement_g05_d10.0,3002,103.748638,191.962029,4,960,6.395736
0.3,11,oracle_a1,3002,25.282287,68.335652,1553,487,3.244504
0.3,12,static,3026,100.040014,186.894546,0,623,4.117647
0.3,12,nearest,3026,112.639083,194.211587,5,1221,8.070059
0.3,12,naive_target_aware,3026,87.483706,186.757214,592,217,1.434237
0.3,12,engagement_g00_d0.0,3026,87.483706,186.757214,592,217,1.434237
0.3,12,engagement_g00_d0.25,3026,86.565677,185.394139,331,220,1.454065
0.3,12,engagement_g00_d0.5,3026,86.799202,185.394139,302,225,1.487112
0.3,12,engagement_g00_d1.0,3026,87.363894,185.287723,245,237,1.566424
0.3,12,engagement_g00_d2.0,3026,92.705385,185.394139,173,212,1.401190
0.3,12,engagement_g00_d5.0,3026,93.726717,186.757214,84,279,1.844019
0.3,12,engagement_g00_d10.0,3026,95.727939,185.394139,15,518,3.423662
0.3,12,engagement_g05_d0.0,3026,92.254795,184.968476,65,480,3.172505
0.3,12,engagement_g05_d0.25,3026,92.325532,184.968476,61,479,3.165896
0.3,12,engagement_g05_d0.5,3026,92.347639,184.968476,61,479,3.165896
0.3,12,engagement_g05_d1.0,3026,91.032673,184.434694,58,479,3.165896
0.3,12,engagement_g05_d2.0,3026,91.072039,184.968476,50,526,3.476537
0.3,12,engagement_g05_d5.0,3026,91.695138,184.968476,25,474,3.132849
0.3,12,engagement_g05_d10.0,3026,99.417683,186.894546,2,623,4.117647
0.3,12,oracle_a1,3026,24.710851,70.140282,1623,646,4.269663
0.3,13,static,3014,96.533776,194.766677,0,615,4.080956
0.3,13,nearest,3014,101.700327,186.578228,23,867,5.753152
0.3,13,naive_target_aware,3014,84.520870,193.754252,537,264,1.751825
0.3,13,engagement_g00_d0.0,3014,84.520870,193.754252,537,264,1.751825
0.3,13,engagement_g00_d0.25,3014,85.948091,193.946928,315,262,1.738553
0.3,13,engagement_g00_d0.5,3014,87.012584,194.096605,280,253,1.678832
0.3,13,engagement_g00_d1.0,3014,88.115583,194.766677,245,250,1.658925
0.3,13,engagement_g00_d2.0,3014,90.259733,195.025073,180,248,1.645654
0.3,13,engagement_g00_d5.0,3014,95.090300,195.504952,91,371,2.461845
0.3,13,engagement_g00_d10.0,3014,101.337308,189.049937,16,815,5.408096
0.3,13,engagement_g05_d0.0,3014,91.353163,191.052024,75,283,1.877903
0.3,13,engagement_g05_d0.25,3014,91.167332,190.447507,68,296,1.964167
0.3,13,engagement_g05_d0.5,3014,91.204620,190.447507,68,296,1.964167
0.3,13,engagement_g05_d1.0,3014,91.269934,191.052024,68,294,1.950896
0.3,13,engagement_g05_d2.0,3014,93.207296,193.754252,59,328,2.176510
0.3,13,engagement_g05_d5.0,3014,95.680693,192.174698,28,748,4.963504
0.3,13,engagement_g05_d10.0,3014,99.308305,194.766677,2,615,4.080956
0.3,13,oracle_a1,3014,25.869016,69.852590,1574,564,3.742535
0.3,14,static,3050,103.358286,196.742674,0,633,4.150820
0.3,14,nearest,3050,111.265118,194.444810,5,1208,7.921311
0.3,14,naive_target_aware,3050,91.656568,186.163371,577,234,1.534426
0.3,14,engagement_g00_d0.0,3050,91.656568,186.163371,577,234,1.534426
0.3,14,engagement_g00_d0.25,3050,92.481216,187.761899,318,252,1.652459
0.3,14,engagement_g00_d0.5,3050,92.849623,187.761899,286,244,1.600000
0.3,14,engagement_g00_d1.0,3050,93.467942,186.163371,235,248,1.626230
0.3,14,engagement_g00_d2.0,3050,96.001467,186.163371,188,247,1.619672
0.3,14,engagement_g00_d5.0,3050,105.315338,193.072017,91,369,2.419672
0.3,14,engagement_g00_d10.0,3050,105.116427,194.444810,13,570,3.737705
0.3,14,engagement_g05_d0.0,3050,101.317789,186.163371,68,327,2.144262
0.3,14,engagement_g05_d0.25,3050,101.258797,187.761899,65,326,2.137705
0.3,14,engagement_g05_d0.5,3050,101.284582,187.761899,65,322,2.111475
0.3,14,engagement_g05_d1.0,3050,101.178248,186.163371,61,399,2.616393
0.3,14,engagement_g05_d2.0,3050,102.001889,187.042561,60,398,2.609836
0.3,14,engagement_g05_d5.0,3050,108.033154,187.761899,22,504,3.304918
0.3,14,engagement_g05_d10.0,3050,103.826512,196.004517,1,633,4.150820
0.3,14,oracle_a1,3050,30.201493,84.452546,1627,413,2.708197
0.3,15,static,3022,101.909986,194.911133,0,1227,8.120450
0.3,15,nearest,3022,111.794411,194.911133,4,629,4.162806
0.3,15,naive_target_aware,3022,88.207518,190.394114,573,254,1.681006
0.3,15,engagement_g00_d0.0,3022,88.207518,190.394114,573,254,1.681006
0.3,15,engagement_g00_d0.25,3022,89.473688,190.433104,317,237,1.568498
0.3,15,engagement_g00_d0.5,3022,91.217696,190.433104,282,239,1.581734
0.3,15,engagement_g00_d1.0,3022,92.809244,190.433104,246,236,1.561880
0.3,15,engagement_g00_d2.0,3022,95.031510,191.250963,178,246,1.628061
0.3,15,engagement_g00_d5.0,3022,106.611225,194.911133,97,269,1.780278
0.3,15,engagement_g00_d10.0,3022,99.276854,194.739933,15,835,5.526142
0.3,15,engagement_g05_d0.0,3022,101.817739,194.739933,78,424,2.806089
0.3,15,engagement_g05_d0.25,3022,102.340906,194.739933,67,373,2.468564
0.3,15,engagement_g05_d0.5,3022,102.832745,194.739933,66,372,2.461946
0.3,15,engagement_g05_d1.0,3022,103.049482,194.739933,66,373,2.468564
0.3,15,engagement_g05_d2.0,3022,105.366114,194.911133,59,371,2.455328
0.3,15,engagement_g05_d5.0,3022,107.240920,194.911133,25,422,2.792852
0.3,15,engagement_g05_d10.0,3022,98.711811,194.911133,3,1174,7.769689
0.3,15,oracle_a1,3022,27.261295,77.991315,1478,424,2.806089
0.3,16,static,3097,89.369199,187.034514,0,1200,7.749435
0.3,16,nearest,3097,94.097672,177.163443,5,642,4.145948
0.3,16,naive_target_aware,3097,84.916486,188.811624,543,238,1.536971
0.3,16,engagement_g00_d0.0,3097,84.916486,188.811624,543,238,1.536971
0.3,16,engagement_g00_d0.25,3097,86.367805,190.823164,314,245,1.582176
0.3,16,engagement_g00_d0.5,3097,86.824621,190.823164,276,237,1.530513
0.3,16,engagement_g00_d1.0,3097,88.657501,190.823164,229,240,1.549887
0.3,16,engagement_g00_d2.0,3097,90.396827,190.823164,177,258,1.666129
0.3,16,engagement_g00_d5.0,3097,93.538206,190.823164,94,236,1.524056
0.3,16,engagement_g00_d10.0,3097,95.591985,190.858262,22,520,3.358088
0.3,16,engagement_g05_d0.0,3097,91.482063,190.823164,86,276,1.782370
0.3,16,engagement_g05_d0.25,3097,91.674833,190.823164,79,274,1.769454
0.3,16,engagement_g05_d0.5,3097,91.684776,190.823164,78,272,1.756539
0.3,16,engagement_g05_d1.0,3097,91.991750,190.823164,76,278,1.795286
0.3,16,engagement_g05_d2.0,3097,92.239110,190.823164,69,522,3.371004
0.3,16,engagement_g05_d5.0,3097,94.122035,190.858262,36,422,2.725218
0.3,16,engagement_g05_d10.0,3097,90.520293,187.034514,3,1291,8.337100
0.3,16,oracle_a1,3097,24.073399,68.546717,1575,431,2.783339
0.3,17,static,2945,114.205137,191.935999,0,1800,12.224109
0.3,17,nearest,2945,92.298222,181.989679,4,1127,7.653650
0.3,17,naive_target_aware,2945,84.488117,184.710449,537,210,1.426146
0.3,17,engagement_g00_d0.0,2945,84.488117,184.710449,537,210,1.426146
0.3,17,engagement_g00_d0.25,2945,85.941146,184.667989,308,206,1.398981
0.3,17,engagement_g00_d0.5,2945,86.635947,184.710449,277,204,1.385399
0.3,17,engagement_g00_d1.0,2945,88.196518,184.498149,239,206,1.398981
0.3,17,engagement_g00_d2.0,2945,92.288200,184.498149,167,199,1.351443
0.3,17,engagement_g00_d5.0,2945,101.337418,191.935999,93,339,2.302207
0.3,17,engagement_g00_d10.0,2945,103.483137,191.935999,19,564,3.830221
0.3,17,engagement_g05_d0.0,2945,95.565638,184.710449,73,292,1.983022
0.3,17,engagement_g05_d0.25,2945,95.906938,184.710449,68,293,1.989813
0.3,17,engagement_g05_d0.5,2945,96.153713,184.710449,67,293,1.989813
0.3,17,engagement_g05_d1.0,2945,96.028400,184.667989,64,331,2.247878
0.3,17,engagement_g05_d2.0,2945,97.189510,184.710449,59,346,2.349745
0.3,17,engagement_g05_d5.0,2945,101.603799,192.605489,28,487,3.307301
0.3,17,engagement_g05_d10.0,2945,114.100926,191.935999,1,1259,8.550085
0.3,17,oracle_a1,2945,26.000866,70.075042,1403,577,3.918506
0.3,18,static,3040,101.363394,194.101582,0,1230,8.092105
0.3,18,nearest,3040,100.414925,195.269272,40,942,6.197368
0.3,18,naive_target_aware,3040,87.458806,185.659650,579,240,1.578947
0.3,18,engagement_g00_d0.0,3040,87.458806,185.659650,579,240,1.578947
0.3,18,engagement_g00_d0.25,3040,88.196578,185.659650,333,216,1.421053
0.3,18,engagement_g00_d0.5,3040,88.859537,185.876876,293,222,1.460526
0.3,18,engagement_g00_d1.0,3040,89.821306,185.876876,245,234,1.539474
0.3,18,engagement_g00_d2.0,3040,92.988996,185.876876,184,277,1.822368
0.3,18,engagement_g00_d5.0,3040,103.878824,189.391888,82,392,2.578947
0.3,18,engagement_g00_d10.0,3040,108.185803,185.876876,14,824,5.421053
0.3,18,engagement_g05_d0.0,3040,98.934391,189.391888,74,370,2.434211
0.3,18,engagement_g05_d0.25,3040,98.711054,189.391888,67,352,2.315789
0.3,18,engagement_g05_d0.5,3040,98.617351,189.391888,64,351,2.309211
0.3,18,engagement_g05_d1.0,3040,98.941624,189.391888,63,347,2.282895
0.3,18,engagement_g05_d2.0,3040,100.621743,187.074705,59,336,2.210526
0.3,18,engagement_g05_d5.0,3040,103.345115,185.659650,29,621,4.085526
0.3,18,engagement_g05_d10.0,3040,101.363394,194.101582,0,1230,8.092105
0.3,18,oracle_a1,3040,23.604530,57.850966,1595,483,3.177632
0.3,19,static,2979,108.214233,195.753930,0,604,4.055052
0.3,19,nearest,2979,102.939093,198.905499,16,1173,7.875126
0.3,19,naive_target_aware,2979,92.019192,194.302009,523,271,1.819402
0.3,19,engagement_g00_d0.0,2979,92.019192,194.302009,523,271,1.819402
0.3,19,engagement_g00_d0.25,2979,93.779368,194.302009,303,267,1.792548
0.3,19,engagement_g00_d0.5,2979,94.312719,194.347135,280,267,1.792548
0.3,19,engagement_g00_d1.0,2979,96.963578,195.239167,236,265,1.779121
0.3,19,engagement_g00_d2.0,2979,100.899315,195.239167,175,259,1.738839
0.3,19,engagement_g00_d5.0,2979,107.808128,195.765024,102,346,2.322927
0.3,19,engagement_g00_d10.0,2979,107.082558,195.753930,14,570,3.826788
0.3,19,engagement_g05_d0.0,2979,102.048609,194.801860,77,321,2.155086
0.3,19,engagement_g05_d0.25,2979,103.073130,195.239167,70,341,2.289359
0.3,19,engagement_g05_d0.5,2979,103.289273,195.239167,70,341,2.289359
0.3,19,engagement_g05_d1.0,2979,103.465594,195.239167,70,343,2.302786
0.3,19,engagement_g05_d2.0,2979,103.356273,195.864866,62,388,2.604901
0.3,19,engagement_g05_d5.0,2979,108.219410,195.239167,34,378,2.537764
0.3,19,engagement_g05_d10.0,2979,107.735724,191.218909,2,601,4.034911
0.3,19,oracle_a1,2979,25.051547,60.896324,1572,782,5.250084
0.3,20,static,3045,103.673255,188.818412,0,636,4.177340
0.3,20,nearest,3045,103.632001,196.288496,33,920,6.042693
0.3,20,naive_target_aware,3045,89.140680,188.792542,622,300,1.970443
0.3,20,engagement_g00_d0.0,3045,89.140680,188.792542,622,300,1.970443
0.3,20,engagement_g00_d0.25,3045,90.133568,188.551211,345,297,1.950739
0.3,20,engagement_g00_d0.5,3045,90.481307,188.792542,310,287,1.885057
0.3,20,engagement_g00_d1.0,3045,91.413612,188.551211,249,286,1.878489
0.3,20,engagement_g00_d2.0,3045,95.797935,188.818412,184,253,1.661741
0.3,20,engagement_g00_d5.0,3045,100.255352,190.309189,85,280,1.839080
0.3,20,engagement_g00_d10.0,3045,102.662873,188.551211,12,658,4.321839
0.3,20,engagement_g05_d0.0,3045,101.560604,191.784586,64,371,2.436782
0.3,20,engagement_g05_d0.25,3045,101.940270,192.153435,59,371,2.436782
0.3,20,engagement_g05_d0.5,3045,101.931633,192.153435,58,371,2.436782
0.3,20,engagement_g05_d1.0,3045,101.679838,192.153435,56,374,2.456486
0.3,20,engagement_g05_d2.0,3045,101.638513,192.153435,50,434,2.850575
0.3,20,engagement_g05_d5.0,3045,103.773924,190.309189,27,419,2.752053
0.3,20,engagement_g05_d10.0,3045,104.101786,188.818412,1,636,4.177340
0.3,20,oracle_a1,3045,27.968991,78.706121,1381,537,3.527094
0.3,21,static,3058,109.970543,197.070043,0,644,4.211903
0.3,21,nearest,3058,98.392839,189.097051,22,1197,7.828646
0.3,21,naive_target_aware,3058,88.216463,189.130716,523,260,1.700458
0.3,21,engagement_g00_d0.0,3058,88.216463,189.130716,523,260,1.700458
0.3,21,engagement_g00_d0.25,3058,90.645749,190.876755,324,263,1.720078
0.3,21,engagement_g00_d0.5,3058,91.439978,193.497870,292,266,1.739699
0.3,21,engagement_g00_d1.0,3058,93.372412,191.312631,244,249,1.628515
0.3,21,engagement_g00_d2.0,3058,97.577549,193.497870,171,247,1.615435
0.3,21,engagement_g00_d5.0,3058,107.796895,190.876755,92,326,2.132112
0.3,21,engagement_g00_d10.0,3058,99.478639,189.097051,18,724,4.735121
0.3,21,engagement_g05_d0.0,3058,102.942130,193.790927,71,338,2.210595
0.3,21,engagement_g05_d0.25,3058,103.394349,193.790927,69,338,2.210595
0.3,21,engagement_g05_d0.5,3058,102.699686,193.790927,67,338,2.210595
0.3,21,engagement_g05_d1.0,3058,103.722847,193.790927,66,335,2.190974
0.3,21,engagement_g05_d2.0,3058,105.713622,193.790927,60,402,2.629169
0.3,21,engagement_g05_d5.0,3058,102.299393,193.790927,27,675,4.414650
0.3,21,engagement_g05_d10.0,3058,108.660480,190.876755,1,634,4.146501
0.3,21,oracle_a1,3058,27.047569,72.057153,1520,378,2.472204
0.3,22,static,3009,98.490624,194.441784,0,632,4.200731
0.3,22,nearest,3009,96.665017,182.201864,6,630,4.187438
0.3,22,naive_target_aware,3009,90.321014,185.145093,551,215,1.429046
0.3,22,engagement_g00_d0.0,3009,90.321014,185.145093,551,215,1.429046
0.3,22,engagement_g00_d0.25,3009,91.530614,184.725397,337,223,1.482220
0.3,22,engagement_g00_d0.5,3009,91.750130,184.725397,301,220,1.462280
0.3,22,engagement_g00_d1.0,3009,93.055167,184.725397,250,237,1.575274
0.3,22,engagement_g00_d2.0,3009,95.992227,185.145093,176,236,1.568627
0.3,22,engagement_g00_d5.0,3009,100.512700,185.145093,94,277,1.841143
0.3,22,engagement_g00_d10.0,3009,100.415219,192.285001,19,526,3.496178
0.3,22,engagement_g05_d0.0,3009,97.177908,183.029627,77,305,2.027252
0.3,22,engagement_g05_d0.25,3009,97.188058,183.029627,71,302,2.007311
0.3,22,engagement_g05_d0.5,3009,97.386854,183.029627,71,302,2.007311
0.3,22,engagement_g05_d1.0,3009,98.010161,183.029627,69,369,2.452642
0.3,22,engagement_g05_d2.0,3009,98.036875,183.029627,60,394,2.618810
0.3,22,engagement_g05_d5.0,3009,98.834243,182.879836,30,494,3.283483
0.3,22,engagement_g05_d10.0,3009,98.490624,194.441784,0,632,4.200731
0.3,22,oracle_a1,3009,25.040402,71.864889,1700,484,3.217016
0.3,23,static,3060,101.421458,194.457226,0,637,4.163399
0.3,23,nearest,3060,95.390780,186.745361,5,1175,7.679739
0.3,23,naive_target_aware,3060,86.103293,188.979161,518,290,1.895425
0.3,23,engagement_g00_d0.0,3060,86.103293,188.979161,518,290,1.895425
0.3,23,engagement_g00_d0.25,3060,88.167386,188.979161,324,289,1.888889
0.3,23,engagement_g00_d0.5,3060,88.718893,188.979161,279,284,1.856209
0.3,23,engagement_g00_d1.0,3060,90.713894,188.979161,236,287,1.875817
0.3,23,engagement_g00_d2.0,3060,94.010421,188.979161,175,226,1.477124
0.3,23,engagement_g00_d5.0,3060,101.675901,188.979161,94,270,1.764706
0.3,23,engagement_g00_d10.0,3060,105.219333,190.315294,16,649,4.241830
0.3,23,engagement_g05_d0.0,3060,96.696934,190.886001,75,308,2.013072
0.3,23,engagement_g05_d0.25,3060,97.244531,191.138789,71,362,2.366013
0.3,23,engagement_g05_d0.5,3060,97.478056,191.138789,69,363,2.372549
0.3,23,engagement_g05_d1.0,3060,97.612803,191.138789,68,364,2.379085
0.3,23,engagement_g05_d2.0,3060,97.982595,190.315294,63,363,2.372549
0.3,23,engagement_g05_d5.0,3060,97.837985,188.531539,34,415,2.712418
0.3,23,engagement_g05_d10.0,3060,101.562584,194.457226,1,649,4.241830
0.3,23,oracle_a1,3060,25.296485,61.211710,1486,528,3.450980
0.3,24,static,2894,98.411743,186.447964,0,606,4.187975
0.3,24,nearest,2894,97.286891,192.970243,44,996,6.883207
0.3,24,naive_target_aware,2894,89.778809,188.299249,551,249,1.720802
0.3,24,engagement_g00_d0.0,2894,89.778809,188.299249,551,249,1.720802
0.3,24,engagement_g00_d0.25,2894,90.465500,188.299249,321,256,1.769178
0.3,24,engagement_g00_d0.5,2894,91.544282,190.891710,300,260,1.796821
0.3,24,engagement_g00_d1.0,2894,92.555734,190.891710,246,241,1.665515
0.3,24,engagement_g00_d2.0,2894,94.873732,188.299249,186,235,1.624050
0.3,24,engagement_g00_d5.0,2894,98.686100,188.299249,91,279,1.928127
0.3,24,engagement_g00_d10.0,2894,100.462042,188.299249,10,496,3.427782
0.3,24,engagement_g05_d0.0,2894,94.710418,186.139226,69,369,2.550104
0.3,24,engagement_g05_d0.25,2894,94.380981,185.972982,65,368,2.543193
0.3,24,engagement_g05_d0.5,2894,94.413685,185.972982,65,368,2.543193
0.3,24,engagement_g05_d1.0,2894,94.084567,185.972982,64,370,2.557015
0.3,24,engagement_g05_d2.0,2894,95.491964,185.972982,58,373,2.577747
0.3,24,engagement_g05_d5.0,2894,99.030870,184.185850,22,354,2.446441
0.3,24,engagement_g05_d10.0,2894,98.592340,186.447964,1,625,4.319281
0.3,24,oracle_a1,2894,27.627509,74.581438,1423,397,2.743607
0.3,25,static,2903,97.921024,189.465833,0,599,4.126765
0.3,25,nearest,2903,94.203659,192.681692,5,598,4.119876
0.3,25,naive_target_aware,2903,86.135634,190.836168,573,227,1.563899
0.3,25,engagement_g00_d0.0,2903,86.135634,190.836168,573,227,1.563899
0.3,25,engagement_g00_d0.25,2903,87.790388,190.453135,319,210,1.446779
0.3,25,engagement_g00_d0.5,2903,88.679534,190.836168,294,210,1.446779
0.3,25,engagement_g00_d1.0,2903,89.343823,191.922013,245,218,1.501895
0.3,25,engagement_g00_d2.0,2903,94.309768,190.878727,191,203,1.398553
0.3,25,engagement_g00_d5.0,2903,100.401184,192.646833,84,231,1.591457
0.3,25,engagement_g00_d10.0,2903,105.200310,192.670044,15,610,4.202549
0.3,25,engagement_g05_d0.0,2903,98.211975,192.670044,69,342,2.356183
0.3,25,engagement_g05_d0.25,2903,97.932852,192.670044,61,342,2.356183
0.3,25,engagement_g05_d0.5,2903,98.014470,192.670044,61,342,2.356183
0.3,25,engagement_g05_d1.0,2903,98.351922,192.681692,61,347,2.390630
0.3,25,engagement_g05_d2.0,2903,99.695944,193.044041,59,335,2.307957
0.3,25,engagement_g05_d5.0,2903,108.023328,193.044041,35,610,4.202549
0.3,25,engagement_g05_d10.0,2903,97.392817,189.662628,2,585,4.030313
0.3,25,oracle_a1,2903,25.921796,70.454036,1455,367,2.528419
0.3,26,static,3057,109.640350,196.881824,0,662,4.331044
0.3,26,nearest,3057,111.850463,200.055703,4,661,4.324501
0.3,26,naive_target_aware,3057,94.604127,192.437554,572,237,1.550540
0.3,26,engagement_g00_d0.0,3057,94.604127,192.437554,572,237,1.550540
0.3,26,engagement_g00_d0.25,3057,96.046658,192.437554,335,239,1.563624
0.3,26,engagement_g00_d0.5,3057,96.564067,192.437554,306,243,1.589794
0.3,26,engagement_g00_d1.0,3057,96.720467,192.437554,263,241,1.576709
0.3,26,engagement_g00_d2.0,3057,99.709325,192.509952,186,260,1.701014
0.3,26,engagement_g00_d5.0,3057,106.487473,193.883593,83,355,2.322538
0.3,26,engagement_g00_d10.0,3057,105.917856,192.437554,16,608,3.977756
0.3,26,engagement_g05_d0.0,3057,103.661307,193.883593,64,452,2.957148
0.3,26,engagement_g05_d0.25,3057,103.945764,193.883593,56,473,3.094537
0.3,26,engagement_g05_d0.5,3057,104.049809,193.883593,56,474,3.101079
0.3,26,engagement_g05_d1.0,3057,104.661724,193.883593,55,490,3.205757
0.3,26,engagement_g05_d2.0,3057,105.491159,194.281119,50,494,3.231927
0.3,26,engagement_g05_d5.0,3057,109.342610,193.883593,24,541,3.539418
0.3,26,engagement_g05_d10.0,3057,107.157720,195.660024,5,823,5.384364
0.3,26,oracle_a1,3057,26.790419,79.469753,1579,592,3.873078
0.3,27,static,2968,104.344817,184.186024,0,619,4.171159
0.3,27,nearest,2968,102.286030,192.165093,18,817,5.505391
0.3,27,naive_target_aware,2968,89.922194,190.204173,564,234,1.576819
0.3,27,engagement_g00_d0.0,2968,89.922194,190.204173,564,234,1.576819
0.3,27,engagement_g00_d0.25,2968,90.329518,190.204173,317,239,1.610512
0.3,27,engagement_g00_d0.5,2968,91.441174,190.204173,284,248,1.671159
0.3,27,engagement_g00_d1.0,2968,92.098605,189.802931,233,216,1.455526
0.3,27,engagement_g00_d2.0,2968,95.746971,190.204173,183,231,1.556604
0.3,27,engagement_g00_d5.0,2968,99.280387,190.805193,89,237,1.597035
0.3,27,engagement_g00_d10.0,2968,101.196158,187.698939,15,619,4.171159
0.3,27,engagement_g05_d0.0,2968,93.780223,189.802931,66,318,2.142857
0.3,27,engagement_g05_d0.25,2968,94.180401,189.802931,61,314,2.115903
0.3,27,engagement_g05_d0.5,2968,94.329873,189.802931,61,314,2.115903
0.3,27,engagement_g05_d1.0,2968,94.636476,189.802931,57,311,2.095687
0.3,27,engagement_g05_d2.0,2968,95.877006,190.204173,51,331,2.230458
0.3,27,engagement_g05_d5.0,2968,97.401846,193.437027,24,935,6.300539
0.3,27,engagement_g05_d10.0,2968,105.493361,189.703787,1,871,5.869272
0.3,27,oracle_a1,2968,27.029671,79.200759,1461,386,2.601078
0.3,28,static,3014,113.695431,197.117162,0,1217,8.075647
0.3,28,nearest,3014,109.462197,194.189343,14,743,4.930325
0.3,28,naive_target_aware,3014,89.865312,194.189343,542,258,1.712011
0.3,28,engagement_g00_d0.0,3014,89.865312,194.189343,542,258,1.712011
0.3,28,engagement_g00_d0.25,3014,92.536627,194.189343,336,260,1.725282
0.3,28,engagement_g00_d0.5,3014,92.410823,197.117162,289,257,1.705375
0.3,28,engagement_g00_d1.0,3014,94.145151,197.117162,241,295,1.957532
0.3,28,engagement_g00_d2.0,3014,97.744436,197.117162,177,262,1.738553
0.3,28,engagement_g00_d5.0,3014,107.585959,198.381200,94,282,1.871267
0.3,28,engagement_g00_d10.0,3014,109.137129,199.664551,15,817,5.421367
0.3,28,engagement_g05_d0.0,3014,103.674356,198.002655,68,439,2.913072
0.3,28,engagement_g05_d0.25,3014,104.134539,198.002655,65,439,2.913072
0.3,28,engagement_g05_d0.5,3014,104.079328,198.002655,64,440,2.919708
0.3,28,engagement_g05_d1.0,3014,104.147315,198.002655,63,442,2.932979
0.3,28,engagement_g05_d2.0,3014,103.866449,197.117162,57,442,2.932979
0.3,28,engagement_g05_d5.0,3014,107.373185,199.029969,27,557,3.696085
0.3,28,engagement_g05_d10.0,3014,111.964532,199.029969,2,969,6.429993
0.3,28,oracle_a1,3014,25.087881,65.366607,1569,694,4.605176
0.3,29,static,3063,93.766512,186.238844,0,1209,7.894221
0.3,29,nearest,3063,94.025255,186.238844,4,652,4.257264
0.3,29,naive_target_aware,3063,83.299322,186.238844,573,229,1.495266
0.3,29,engagement_g00_d0.0,3063,83.299322,186.238844,573,229,1.495266
0.3,29,engagement_g00_d0.25,3063,84.923692,184.850775,312,253,1.651975
0.3,29,engagement_g00_d0.5,3063,85.523258,186.238844,280,259,1.691152
0.3,29,engagement_g00_d1.0,3063,87.106920,186.238844,238,241,1.573621
0.3,29,engagement_g00_d2.0,3063,89.918400,187.059320,172,238,1.554032
0.3,29,engagement_g00_d5.0,3063,93.414368,186.238844,94,436,2.846882
0.3,29,engagement_g00_d10.0,3063,93.491199,184.850775,15,931,6.079008
0.3,29,engagement_g05_d0.0,3063,94.017071,193.356366,70,295,1.926216
0.3,29,engagement_g05_d0.25,3063,93.850494,193.022381,66,402,2.624878
0.3,29,engagement_g05_d0.5,3063,93.933236,193.356366,66,401,2.618348
0.3,29,engagement_g05_d1.0,3063,94.134058,193.356366,66,400,2.611818
0.3,29,engagement_g05_d2.0,3063,93.739393,193.356366,60,480,3.134182
0.3,29,engagement_g05_d5.0,3063,94.725193,187.059320,28,433,2.827294
0.3,29,engagement_g05_d10.0,3063,93.946689,183.924439,1,1209,7.894221
0.3,29,oracle_a1,3063,24.897032,64.708540,1500,1037,6.771139
0.3,30,static,2933,102.055236,189.082593,0,1171,7.984998
0.3,30,nearest,2933,97.014717,184.585723,12,1699,11.585407
0.3,30,naive_target_aware,2933,95.558347,195.710540,551,251,1.711558
0.3,30,engagement_g00_d0.0,2933,95.558347,195.710540,551,251,1.711558
0.3,30,engagement_g00_d0.25,2933,98.271088,195.828568,325,238,1.622912
0.3,30,engagement_g00_d0.5,2933,97.982552,195.710540,297,226,1.541084
0.3,30,engagement_g00_d1.0,2933,98.942526,195.710540,260,248,1.691101
0.3,30,engagement_g00_d2.0,2933,100.912854,195.710540,193,199,1.356972
0.3,30,engagement_g00_d5.0,2933,109.716804,196.005609,89,316,2.154790
0.3,30,engagement_g00_d10.0,2933,104.707058,190.947689,12,684,4.664166
0.3,30,engagement_g05_d0.0,2933,102.919211,196.005609,62,378,2.577566
0.3,30,engagement_g05_d0.25,2933,103.316678,196.005609,62,374,2.550290
0.3,30,engagement_g05_d0.5,2933,103.073533,196.005609,61,374,2.550290
0.3,30,engagement_g05_d1.0,2933,103.169380,196.005609,61,369,2.516195
0.3,30,engagement_g05_d2.0,2933,104.227223,195.710540,53,421,2.870781
0.3,30,engagement_g05_d5.0,2933,105.392401,194.583798,26,402,2.741221
0.3,30,engagement_g05_d10.0,2933,102.665311,193.745334,2,1161,7.916809
0.3,30,oracle_a1,2933,31.390524,81.860640,1385,430,2.932151
0.25,1,static,3072,93.946974,184.634696,0,1224,7.968750
0.25,1,nearest,3072,98.467063,193.824434,25,629,4.095052
0.25,1,naive_target_aware,3072,85.000554,188.415484,684,282,1.835938
0.25,1,engagement_g00_d0.0,3072,85.000554,188.415484,684,282,1.835938
0.25,1,engagement_g00_d0.25,3072,85.534832,188.974578,353,285,1.855469
0.25,1,engagement_g00_d0.5,3072,86.187038,188.974578,319,284,1.848958
0.25,1,engagement_g00_d1.0,3072,85.298048,188.415484,253,289,1.881510
0.25,1,engagement_g00_d2.0,3072,86.217079,188.415484,185,304,1.979167
0.25,1,engagement_g00_d5.0,3072,90.885189,188.415484,78,335,2.180990
0.25,1,engagement_g00_d10.0,3072,96.268959,182.673446,11,799,5.201823
0.25,1,engagement_g05_d0.0,3072,92.347951,193.625508,46,539,3.509115
0.25,1,engagement_g05_d0.25,3072,92.102844,193.625508,41,469,3.053385
0.25,1,engagement_g05_d0.5,3072,92.493457,193.625508,39,469,3.053385
0.25,1,engagement_g05_d1.0,3072,92.667322,193.625508,38,465,3.027344
0.25,1,engagement_g05_d2.0,3072,95.140661,193.625508,32,453,2.949219
0.25,1,engagement_g05_d5.0,3072,94.206371,184.634696,17,699,4.550781
0.25,1,engagement_g05_d10.0,3072,93.946974,184.634696,0,1224,7.968750
0.25,1,oracle_a1,3072,25.703907,61.303580,1625,529,3.444010
0.25,2,static,3076,97.531688,187.852690,0,1260,8.192458
0.25,2,nearest,3076,90.391499,191.478106,5,1206,7.841352
0.25,2,naive_target_aware,3076,93.323234,190.464828,709,329,2.139142
0.25,2,engagement_g00_d0.0,3076,93.323234,190.464828,709,329,2.139142
0.25,2,engagement_g00_d0.25,3076,94.331264,191.478106,396,315,2.048114
0.25,2,engagement_g00_d0.5,3076,94.027696,192.414643,345,327,2.126138
0.25,2,engagement_g00_d1.0,3076,96.388315,193.035682,272,311,2.022107
0.25,2,engagement_g00_d2.0,3076,98.053107,193.294707,180,297,1.931079
0.25,2,engagement_g00_d5.0,3076,101.154304,193.294707,65,333,2.165150
0.25,2,engagement_g00_d10.0,3076,100.538061,189.455350,7,494,3.211964
0.25,2,engagement_g05_d0.0,3076,98.994113,193.035682,43,407,2.646294
0.25,2,engagement_g05_d0.25,3076,98.484691,193.035682,40,407,2.646294
0.25,2,engagement_g05_d0.5,3076,98.142248,193.035682,38,407,2.646294
0.25,2,engagement_g05_d1.0,3076,98.556638,193.035682,37,407,2.646294
0.25,2,engagement_g05_d2.0,3076,96.622962,191.478106,35,653,4.245774
0.25,2,engagement_g05_d5.0,3076,99.057051,189.455350,17,799,5.195059
0.25,2,engagement_g05_d10.0,3076,99.756277,189.197740,1,1260,8.192458
0.25,2,oracle_a1,3076,27.912219,70.904515,1552,589,3.829649
0.25,3,static,2993,94.831109,186.923839,0,620,4.143000
0.25,3,nearest,2993,92.412115,175.873447,5,1175,7.851654
0.25,3,naive_target_aware,2993,91.735575,191.730185,693,258,1.724023
0.25,3,engagement_g00_d0.0,2993,91.735575,191.730185,693,258,1.724023
0.25,3,engagement_g00_d0.25,2993,92.541832,191.259772,382,265,1.770799
0.25,3,engagement_g00_d0.5,2993,91.678225,191.259772,337,267,1.784163
0.25,3,engagement_g00_d1.0,2993,91.571169,191.259772,275,264,1.764116
0.25,3,engagement_g00_d2.0,2993,94.566768,188.906630,187,291,1.944537
0.25,3,engagement_g00_d5.0,2993,98.305212,191.259772,70,378,2.525894
0.25,3,engagement_g00_d10.0,2993,96.441992,188.906630,11,543,3.628466
0.25,3,engagement_g05_d0.0,2993,101.740508,188.906630,46,476,3.180755
0.25,3,engagement_g05_d0.25,2993,102.066604,188.906630,42,475,3.174073
0.25,3,engagement_g05_d0.5,2993,102.055244,188.906630,42,474,3.167391
0.25,3,engagement_g05_d1.0,2993,99.452982,188.906630,38,413,2.759773
0.25,3,engagement_g05_d2.0,2993,99.007557,191.259772,33,432,2.886736
0.25,3,engagement_g05_d5.0,2993,99.742039,192.273920,16,542,3.621784
0.25,3,engagement_g05_d10.0,2993,94.831109,186.923839,0,620,4.143000
0.25,3,oracle_a1,2993,28.047258,69.951973,1502,548,3.661878
0.25,4,static,2947,102.172693,193.598701,0,606,4.112657
0.25,4,nearest,2947,97.735530,189.576396,4,606,4.112657
0.25,4,naive_target_aware,2947,90.415417,191.198623,675,236,1.601629
0.25,4,engagement_g00_d0.0,2947,90.415417,191.198623,675,236,1.601629
0.25,4,engagement_g00_d0.25,2947,93.304230,191.198623,396,231,1.567696
0.25,4,engagement_g00_d0.5,2947,93.403545,189.576396,348,244,1.655921
0.25,4,engagement_g00_d1.0,2947,94.032742,191.471346,264,261,1.771293
0.25,4,engagement_g00_d2.0,2947,97.127882,191.471346,188,273,1.852732
0.25,4,engagement_g00_d5.0,2947,98.661786,191.198623,71,383,2.599253
0.25,4,engagement_g00_d10.0,2947,102.494302,189.576396,8,506,3.434001
0.25,4,engagement_g05_d0.0,2947,98.164988,193.697416,37,559,3.793688
0.25,4,engagement_g05_d0.25,2947,98.664297,193.697416,33,559,3.793688
0.25,4,engagement_g05_d0.5,2947,98.492371,193.368367,32,559,3.793688
0.25,4,engagement_g05_d1.0,2947,96.954124,193.368367,31,555,3.766542
0.25,4,engagement_g05_d2.0,2947,96.809376,193.368367,28,568,3.854768
0.25,4,engagement_g05_d5.0,2947,100.591141,193.697416,10,473,3.210044
0.25,4,engagement_g05_d10.0,2947,103.023748,193.697416,1,606,4.112657
0.25,4,oracle_a1,2947,24.480414,65.119678,1639,351,2.382083
0.25,5,static,2961,102.818680,187.323161,0,1225,8.274232
0.25,5,nearest,2961,100.711763,187.743898,6,626,4.228301
0.25,5,naive_target_aware,2961,94.829212,187.743898,671,267,1.803445
0.25,5,engagement_g00_d0.0,2961,94.829212,187.743898,671,267,1.803445
0.25,5,engagement_g00_d0.25,2961,95.261059,188.400644,381,272,1.837217
0.25,5,engagement_g00_d0.5,2961,96.427216,188.688177,337,286,1.931780
0.25,5,engagement_g00_d1.0,2961,96.857164,188.688177,265,311,2.100642
0.25,5,engagement_g00_d2.0,2961,100.300934,188.688177,187,317,2.141169
0.25,5,engagement_g00_d5.0,2961,100.046914,187.323161,67,392,2.647754
0.25,5,engagement_g00_d10.0,2961,99.605260,187.323161,7,776,5.241472
0.25,5,engagement_g05_d0.0,2961,100.511439,187.323161,48,348,2.350557
0.25,5,engagement_g05_d0.25,2961,100.085850,187.323161,43,316,2.134414
0.25,5,engagement_g05_d0.5,2961,100.130384,187.323161,43,316,2.134414
0.25,5,engagement_g05_d1.0,2961,100.109545,187.323161,43,316,2.134414
0.25,5,engagement_g05_d2.0,2961,101.259624,187.323161,38,316,2.134414
0.25,5,engagement_g05_d5.0,2961,102.931816,188.400644,13,571,3.856805
0.25,5,engagement_g05_d10.0,2961,101.017026,188.688177,1,819,5.531915
0.25,5,oracle_a1,2961,27.233132,70.075539,1529,408,2.755826
0.25,6,static,2952,101.519438,191.861847,0,1121,7.594851
0.25,6,nearest,2952,109.534339,191.861847,4,1789,12.120596
0.25,6,naive_target_aware,2952,89.713271,189.900942,599,292,1.978320
0.25,6,engagement_g00_d0.0,2952,89.713271,189.900942,599,292,1.978320
0.25,6,engagement_g00_d0.25,2952,90.947506,189.927167,353,284,1.924119
0.25,6,engagement_g00_d0.5,2952,91.282430,189.959220,312,288,1.951220
0.25,6,engagement_g00_d1.0,2952,92.023534,190.815402,262,272,1.842818
0.25,6,engagement_g00_d2.0,2952,92.903269,189.900942,194,262,1.775068
0.25,6,engagement_g00_d5.0,2952,99.940713,191.861847,78,385,2.608401
0.25,6,engagement_g00_d10.0,2952,98.937660,191.861847,9,720,4.878049
0.25,6,engagement_g05_d0.0,2952,96.422801,193.300957,54,415,2.811653
0.25,6,engagement_g05_d0.25,2952,96.124363,193.300957,50,415,2.811653
0.25,6,engagement_g05_d0.5,2952,96.096802,193.300957,50,415,2.811653
0.25,6,engagement_g05_d1.0,2952,96.942001,193.300957,48,411,2.784553
0.25,6,engagement_g05_d2.0,2952,100.828524,194.256895,41,364,2.466125
0.25,6,engagement_g05_d5.0,2952,101.734584,194.665214,15,1043,7.066396
0.25,6,engagement_g05_d10.0,2952,101.519438,191.861847,0,1121,7.594851
0.25,6,oracle_a1,2952,25.543995,71.962392,1429,1057,7.161247
0.25,7,static,2971,114.869137,194.999538,0,1186,7.983844
0.25,7,nearest,2971,107.130862,190.860806,5,1156,7.781892
0.25,7,naive_target_aware,2971,99.649205,193.345003,658,206,1.386738
0.25,7,engagement_g00_d0.0,2971,99.649205,193.345003,658,206,1.386738
0.25,7,engagement_g00_d0.25,2971,100.317589,193.345003,399,205,1.380007
0.25,7,engagement_g00_d0.5,2971,100.689699,193.018501,351,209,1.406934
0.25,7,engagement_g00_d1.0,2971,100.902341,193.345003,279,241,1.622349
0.25,7,engagement_g00_d2.0,2971,102.466453,193.345003,188,254,1.709862
0.25,7,engagement_g00_d5.0,2971,106.036975,193.345003,68,318,2.140693
0.25,7,engagement_g00_d10.0,2971,113.796867,194.443616,7,797,5.365197
0.25,7,engagement_g05_d0.0,2971,107.212679,193.345003,40,508,3.419724
0.25,7,engagement_g05_d0.25,2971,107.032790,193.018501,37,509,3.426456
0.25,7,engagement_g05_d0.5,2971,107.410937,193.018501,36,509,3.426456
0.25,7,engagement_g05_d1.0,2971,107.734696,193.018501,35,512,3.446651
0.25,7,engagement_g05_d2.0,2971,107.529442,193.018501,30,532,3.581286
0.25,7,engagement_g05_d5.0,2971,115.093783,197.808734,8,641,4.315045
0.25,7,engagement_g05_d10.0,2971,114.869137,194.999538,0,1186,7.983844
0.25,7,oracle_a1,2971,32.221926,90.899463,1502,530,3.567822
0.25,8,static,2983,93.794995,180.007151,0,634,4.250754
0.25,8,nearest,2983,96.216994,192.593661,5,633,4.244050
0.25,8,naive_target_aware,2983,91.675526,189.368946,673,276,1.850486
0.25,8,engagement_g00_d0.0,2983,91.675526,189.368946,673,276,1.850486
0.25,8,engagement_g00_d0.25,2983,92.273711,189.368946,367,266,1.783439
0.25,8,engagement_g00_d0.5,2983,92.037441,189.128087,313,285,1.910828
0.25,8,engagement_g00_d1.0,2983,93.166376,189.128087,264,276,1.850486
0.25,8,engagement_g00_d2.0,2983,93.983857,185.761014,179,267,1.790144
0.25,8,engagement_g00_d5.0,2983,95.799747,185.761014,71,304,2.038217
0.25,8,engagement_g00_d10.0,2983,101.015850,183.453007,9,884,5.926919
0.25,8,engagement_g05_d0.0,2983,96.963069,191.061951,50,415,2.782434
0.25,8,engagement_g05_d0.25,2983,96.933644,189.368946,44,415,2.782434
0.25,8,engagement_g05_d0.5,2983,97.228156,189.368946,43,467,3.131076
0.25,8,engagement_g05_d1.0,2983,97.728005,189.368946,41,547,3.667449
0.25,8,engagement_g05_d2.0,2983,98.205072,189.008153,39,552,3.700972
0.25,8,engagement_g05_d5.0,2983,94.955969,180.742985,11,1040,6.972846
0.25,8,engagement_g05_d10.0,2983,93.794995,180.007151,0,634,4.250754
0.25,8,oracle_a1,2983,27.421539,62.082729,1481,1077,7.220919
0.25,9,static,2932,92.869238,191.396320,0,619,4.222374
0.25,9,nearest,2932,107.521016,192.089223,5,1166,7.953615
0.25,9,naive_target_aware,2932,91.010245,192.145280,632,254,1.732606
0.25,9,engagement_g00_d0.0,2932,91.010245,192.145280,632,254,1.732606
0.25,9,engagement_g00_d0.25,2932,90.680026,192.089223,367,259,1.766712
0.25,9,engagement_g00_d0.5,2932,91.454055,192.213794,335,264,1.800819
0.25,9,engagement_g00_d1.0,2932,91.789098,192.089223,275,250,1.705321
0.25,9,engagement_g00_d2.0,2932,95.211194,192.936402,193,276,1.882674
0.25,9,engagement_g00_d5.0,2932,97.027561,193.815742,72,304,2.073670
0.25,9,engagement_g00_d10.0,2932,92.731851,193.815742,9,793,5.409277
0.25,9,engagement_g05_d0.0,2932,98.813790,192.213794,49,483,3.294679
0.25,9,engagement_g05_d0.25,2932,98.868133,192.213794,44,494,3.369714
0.25,9,engagement_g05_d0.5,2932,98.862202,192.213794,43,495,3.376535
0.25,9,engagement_g05_d1.0,2932,99.090512,192.213794,42,495,3.376535
0.25,9,engagement_g05_d2.0,2932,99.979548,192.213794,39,505,3.444748
0.25,9,engagement_g05_d5.0,2932,101.866427,191.708126,15,476,3.246930
0.25,9,engagement_g05_d10.0,2932,92.869238,191.396320,0,619,4.222374
0.25,9,oracle_a1,2932,26.761416,72.580379,1477,447,3.049113
0.25,10,static,3006,102.014224,197.013378,0,645,4.291417
0.25,10,nearest,3006,87.721038,187.385812,5,1201,7.990685
0.25,10,naive_target_aware,3006,92.563110,193.383493,710,303,2.015968
0.25,10,engagement_g00_d0.0,3006,92.563110,193.383493,710,303,2.015968
0.25,10,engagement_g00_d0.25,3006,94.014919,193.383493,393,306,2.035928
0.25,10,engagement_g00_d0.5,3006,94.300649,193.383493,332,325,2.162342
0.25,10,engagement_g00_d1.0,3006,94.051186,193.383493,275,316,2.102462
0.25,10,engagement_g00_d2.0,3006,94.913736,193.383493,176,271,1.803061
0.25,10,engagement_g00_d5.0,3006,97.342663,193.932007,66,448,2.980705
0.25,10,engagement_g00_d10.0,3006,100.040743,195.834886,11,669,4.451098
0.25,10,engagement_g05_d0.0,3006,99.760503,194.980716,36,367,2.441783
0.25,10,engagement_g05_d0.25,3006,100.245347,194.980716,32,367,2.441783
0.25,10,engagement_g05_d0.5,3006,100.131733,194.980716,31,367,2.441783
0.25,10,engagement_g05_d1.0,3006,99.710910,194.980716,30,364,2.421823
0.25,10,engagement_g05_d2.0,3006,99.620938,194.980716,24,432,2.874251
0.25,10,engagement_g05_d5.0,3006,97.282428,187.385812,11,635,4.224884
0.25,10,engagement_g05_d10.0,3006,98.928529,190.666506,1,645,4.291417
0.25,10,oracle_a1,3006,29.627710,71.032923,1316,733,4.876913
0.25,11,static,3002,104.098791,190.037967,0,1161,7.734843
0.25,11,nearest,3002,99.585033,195.914883,39,604,4.023984
0.25,11,naive_target_aware,3002,91.956048,191.962029,675,297,1.978681
0.25,11,engagement_g00_d0.0,3002,91.956048,191.962029,675,297,1.978681
0.25,11,engagement_g00_d0.25,3002,92.006106,191.962029,375,300,1.998668
0.25,11,engagement_g00_d0.5,3002,92.902283,191.962029,327,297,1.978681
0.25,11,engagement_g00_d1.0,3002,93.871391,195.195911,274,294,1.958694
0.25,11,engagement_g00_d2.0,3002,96.759990,195.195911,177,302,2.011992
0.25,11,engagement_g00_d5.0,3002,100.757128,195.781786,64,405,2.698201
0.25,11,engagement_g00_d10.0,3002,96.841495,191.962029,12,515,3.431046
0.25,11,engagement_g05_d0.0,3002,100.268925,195.914883,47,425,2.831446
0.25,11,engagement_g05_d0.25,3002,100.595227,195.914883,44,424,2.824783
0.25,11,engagement_g05_d0.5,3002,99.143866,195.781786,41,391,2.604930
0.25,11,engagement_g05_d1.0,3002,99.002157,195.908228,40,391,2.604930
0.25,11,engagement_g05_d2.0,3002,101.283172,196.952908,32,507,3.377748
0.25,11,engagement_g05_d5.0,3002,100.916170,191.962029,11,580,3.864091
0.25,11,engagement_g05_d10.0,3002,100.983330,190.037967,1,658,4.383744
0.25,11,oracle_a1,3002,27.067685,68.943833,1576,505,3.364424
0.25,12,static,3026,100.049279,186.757214,0,623,4.117647
0.25,12,nearest,3026,111.486745,194.211587,5,1221,8.070059
0.25,12,naive_target_aware,3026,93.043868,186.894546,690,271,1.791143
0.25,12,engagement_g00_d0.0,3026,93.043868,186.894546,690,271,1.791143
0.25,12,engagement_g00_d0.25,3026,92.668545,186.757214,383,274,1.810972
0.25,12,engagement_g00_d0.5,3026,91.982088,185.394139,342,259,1.711831
0.25,12,engagement_g00_d1.0,3026,93.439263,185.394139,280,267,1.764706
0.25,12,engagement_g00_d2.0,3026,96.142972,186.894546,193,309,2.042300
0.25,12,engagement_g00_d5.0,3026,92.652532,186.757214,69,492,3.251818
0.25,12,engagement_g00_d10.0,3026,97.400789,184.968476,8,598,3.952412
0.25,12,engagement_g05_d0.0,3026,90.455200,184.434694,45,462,3.053536
0.25,12,engagement_g05_d0.25,3026,90.580284,184.434694,41,461,3.046927
0.25,12,engagement_g05_d0.5,3026,91.294117,184.137957,40,461,3.046927
0.25,12,engagement_g05_d1.0,3026,91.325135,184.137957,39,461,3.046927
0.25,12,engagement_g05_d2.0,3026,91.260031,184.137957,35,522,3.450099
0.25,12,engagement_g05_d5.0,3026,96.640731,184.968476,9,1023,6.761401
0.25,12,engagement_g05_d10.0,3026,100.049279,186.757214,0,623,4.117647
0.25,12,oracle_a1,3026,25.346942,70.140282,1598,690,4.560476
0.25,13,static,3014,94.436721,194.766677,0,615,4.080956
0.25,13,nearest,3014,101.882460,186.578228,23,867,5.753152
0.25,13,naive_target_aware,3014,89.471915,194.766677,639,249,1.652289
0.25,13,engagement_g00_d0.0,3014,89.471915,194.766677,639,249,1.652289
0.25,13,engagement_g00_d0.25,3014,90.642165,194.766677,352,243,1.612475
0.25,13,engagement_g00_d0.5,3014,91.221390,194.766677,315,246,1.632382
0.25,13,engagement_g00_d1.0,3014,92.728904,195.504952,255,254,1.685468
0.25,13,engagement_g00_d2.0,3014,94.376746,195.504952,183,306,2.030524
0.25,13,engagement_g00_d5.0,3014,96.686046,194.766677,78,339,2.249502
0.25,13,engagement_g00_d10.0,3014,98.712467,186.578228,9,674,4.472462
0.25,13,engagement_g05_d0.0,3014,98.016582,195.504952,53,366,2.428666
0.25,13,engagement_g05_d0.25,3014,97.540508,194.766677,44,379,2.514930
0.25,13,engagement_g05_d0.5,3014,97.548057,194.766677,44,379,2.514930
0.25,13,engagement_g05_d1.0,3014,97.612730,194.766677,44,377,2.501659
0.25,13,engagement_g05_d2.0,3014,97.337893,194.766677,37,396,2.627737
0.25,13,engagement_g05_d5.0,3014,95.241570,192.174698,20,824,5.467817
0.25,13,engagement_g05_d10.0,3014,94.436721,194.766677,0,615,4.080956
0.25,13,oracle_a1,3014,26.283562,69.852590,1612,612,4.061048
0.25,14,static,3050,100.414085,196.004517,0,633,4.150820
0.25,14,nearest,3050,110.878444,194.444810,5,1208,7.921311
0.25,14,naive_target_aware,3050,98.311348,188.580797,658,303,1.986885
0.25,14,engagement_g00_d0.0,3050,98.311348,188.580797,658,303,1.986885
0.25,14,engagement_g00_d0.25,3050,99.045767,188.580797,379,308,2.019672
0.25,14,engagement_g00_d0.5,3050,99.657366,187.761899,337,315,2.065574
0.25,14,engagement_g00_d1.0,3050,100.291567,187.761899,268,316,2.072131
0.25,14,engagement_g00_d2.0,3050,100.014989,186.163371,193,351,2.301639
0.25,14,engagement_g00_d5.0,3050,104.805488,187.761899,72,491,3.219672
0.25,14,engagement_g00_d10.0,3050,104.014282,194.444810,10,633,4.150820
0.25,14,engagement_g05_d0.0,3050,100.666662,187.761899,39,500,3.278689
0.25,14,engagement_g05_d0.25,3050,101.040622,188.580797,38,502,3.291803
0.25,14,engagement_g05_d0.5,3050,101.893011,194.444810,37,414,2.714754
0.25,14,engagement_g05_d1.0,3050,101.168741,194.444810,35,525,3.442623
0.25,14,engagement_g05_d2.0,3050,102.425252,193.353481,29,487,3.193443
0.25,14,engagement_g05_d5.0,3050,102.783852,194.444810,8,633,4.150820
0.25,14,engagement_g05_d10.0,3050,100.414085,196.004517,0,633,4.150820
0.25,14,oracle_a1,3050,30.287395,84.452546,1663,472,3.095082
0.25,15,static,3022,101.312535,194.911133,0,1227,8.120450
0.25,15,nearest,3022,111.363814,194.911133,4,629,4.162806
0.25,15,naive_target_aware,3022,92.417172,190.433104,658,274,1.813369
0.25,15,engagement_g00_d0.0,3022,92.417172,190.433104,658,274,1.813369
0.25,15,engagement_g00_d0.25,3022,93.966885,190.433104,366,262,1.733951
0.25,15,engagement_g00_d0.5,3022,94.680882,190.433104,325,266,1.760424
0.25,15,engagement_g00_d1.0,3022,95.344906,190.433104,264,267,1.767042
0.25,15,engagement_g00_d2.0,3022,98.722263,190.711083,192,293,1.939113
0.25,15,engagement_g00_d5.0,3022,106.153782,194.911133,66,306,2.025149
0.25,15,engagement_g00_d10.0,3022,98.127280,194.911133,6,1218,8.060887
0.25,15,engagement_g05_d0.0,3022,104.256159,194.739933,55,421,2.786234
0.25,15,engagement_g05_d0.25,3022,103.848936,194.739933,46,396,2.620781
0.25,15,engagement_g05_d0.5,3022,103.920979,194.739933,45,395,2.614163
0.25,15,engagement_g05_d1.0,3022,103.867821,194.739933,44,396,2.620781
0.25,15,engagement_g05_d2.0,3022,104.707923,194.739933,36,399,2.640635
0.25,15,engagement_g05_d5.0,3022,103.408911,191.250963,13,801,5.301125
0.25,15,engagement_g05_d10.0,3022,97.276991,194.739933,2,1227,8.120450
0.25,15,oracle_a1,3022,28.162006,82.206592,1466,444,2.938451
0.25,16,static,3097,90.475705,187.034514,0,1200,7.749435
0.25,16,nearest,3097,93.790994,177.163443,5,642,4.145948
0.25,16,naive_target_aware,3097,88.039463,189.680270,644,285,1.840491
0.25,16,engagement_g00_d0.0,3097,88.039463,189.680270,644,285,1.840491
0.25,16,engagement_g00_d0.25,3097,88.545042,190.823164,366,290,1.872780
0.25,16,engagement_g00_d0.5,3097,88.481822,189.908849,321,297,1.917985
0.25,16,engagement_g00_d1.0,3097,90.554909,190.823164,247,307,1.982564
0.25,16,engagement_g00_d2.0,3097,92.688447,190.823164,178,301,1.943817
0.25,16,engagement_g00_d5.0,3097,95.631320,190.823164,79,367,2.370036
0.25,16,engagement_g00_d10.0,3097,98.982411,189.680270,15,791,5.108169
0.25,16,engagement_g05_d0.0,3097,93.990388,190.823164,65,394,2.544398
0.25,16,engagement_g05_d0.25,3097,94.125830,190.823164,58,393,2.537940
0.25,16,engagement_g05_d0.5,3097,93.936733,190.823164,57,392,2.531482
0.25,16,engagement_g05_d1.0,3097,93.800587,190.823164,55,390,2.518566
0.25,16,engagement_g05_d2.0,3097,93.924476,190.823164,50,496,3.203100
0.25,16,engagement_g05_d5.0,3097,93.388019,190.823164,23,568,3.668066
0.25,16,engagement_g05_d10.0,3097,91.610337,187.034514,2,989,6.386826
0.25,16,oracle_a1,3097,24.595990,69.552815,1622,433,2.796254
0.25,17,static,2945,115.343564,191.935999,0,1800,12.224109
0.25,17,nearest,2945,89.720495,181.989679,4,1127,7.653650
0.25,17,naive_target_aware,2945,88.520778,186.462393,640,283,1.921902
0.25,17,engagement_g00_d0.0,2945,88.520778,186.462393,640,283,1.921902
0.25,17,engagement_g00_d0.25,2945,89.829740,186.462393,361,285,1.935484
0.25,17,engagement_g00_d0.5,2945,89.710705,186.462393,324,291,1.976231
0.25,17,engagement_g00_d1.0,2945,90.498483,186.462393,261,305,2.071307
0.25,17,engagement_g00_d2.0,2945,94.688794,187.239980,184,269,1.826825
0.25,17,engagement_g00_d5.0,2945,100.455146,194.743651,78,444,3.015280
0.25,17,engagement_g00_d10.0,2945,99.877206,191.935999,11,589,4.000000
0.25,17,engagement_g05_d0.0,2945,99.904944,191.935999,48,354,2.404075
0.25,17,engagement_g05_d0.25,2945,99.908404,191.935999,41,354,2.404075
0.25,17,engagement_g05_d0.5,2945,100.835232,191.935999,40,354,2.404075
0.25,17,engagement_g05_d1.0,2945,102.695529,192.772862,39,425,2.886248
0.25,17,engagement_g05_d2.0,2945,104.342361,194.743651,36,423,2.872666
0.25,17,engagement_g05_d5.0,2945,101.951157,191.935999,15,505,3.429542
0.25,17,engagement_g05_d10.0,2945,115.788108,191.935999,1,1260,8.556876
0.25,17,oracle_a1,2945,27.919699,70.720488,1392,603,4.095076
0.25,18,static,3040,103.294983,183.163229,0,1230,8.092105
0.25,18,nearest,3040,101.740731,195.269272,40,942,6.197368
0.25,18,naive_target_aware,3040,93.185016,187.074705,664,274,1.802632
0.25,18,engagement_g00_d0.0,3040,93.185016,187.074705,664,274,1.802632
0.25,18,engagement_g00_d0.25,3040,92.485487,187.074705,359,269,1.769737
0.25,18,engagement_g00_d0.5,3040,92.990061,187.074705,324,281,1.848684
0.25,18,engagement_g00_d1.0,3040,93.252303,187.190564,271,280,1.842105
0.25,18,engagement_g00_d2.0,3040,97.643632,189.391888,190,310,2.039474
0.25,18,engagement_g00_d5.0,3040,104.599545,194.101582,66,402,2.644737
0.25,18,engagement_g00_d10.0,3040,104.208276,194.101582,8,843,5.546053
0.25,18,engagement_g05_d0.0,3040,103.472565,194.101582,45,422,2.776316
0.25,18,engagement_g05_d0.25,3040,103.441978,194.101582,41,422,2.776316
0.25,18,engagement_g05_d0.5,3040,103.188478,194.101582,38,422,2.776316
0.25,18,engagement_g05_d1.0,3040,103.323445,194.101582,38,422,2.776316
0.25,18,engagement_g05_d2.0,3040,104.793752,194.101582,34,748,4.921053
0.25,18,engagement_g05_d5.0,3040,106.675742,194.101582,13,1093,7.190789
0.25,18,engagement_g05_d10.0,3040,103.294983,183.163229,0,1230,8.092105
0.25,18,oracle_a1,3040,24.597733,57.509057,1643,510,3.355263
0.25,19,static,2979,107.651287,195.753930,0,604,4.055052
0.25,19,nearest,2979,102.963640,198.905499,16,1173,7.875126
0.25,19,naive_target_aware,2979,96.884057,194.302009,649,362,2.430346
0.25,19,engagement_g00_d0.0,2979,96.884057,194.302009,649,362,2.430346
0.25,19,engagement_g00_d0.25,2979,98.274295,194.027842,366,356,2.390064
0.25,19,engagement_g00_d0.5,2979,98.485363,194.027842,325,366,2.457200
0.25,19,engagement_g00_d1.0,2979,99.595754,194.027842,252,338,2.269218
0.25,19,engagement_g00_d2.0,2979,102.294484,194.302009,181,387,2.598187
0.25,19,engagement_g00_d5.0,2979,108.717799,195.864866,75,339,2.275932
0.25,19,engagement_g00_d10.0,2979,105.118465,191.218909,9,626,4.202753
0.25,19,engagement_g05_d0.0,2979,104.310540,194.302009,55,411,2.759315
0.25,19,engagement_g05_d0.25,2979,105.517424,194.302009,46,463,3.108426
0.25,19,engagement_g05_d0.5,2979,105.650169,194.302009,46,463,3.108426
0.25,19,engagement_g05_d1.0,2979,105.675214,194.753270,45,464,3.115139
0.25,19,engagement_g05_d2.0,2979,106.429038,194.302009,43,468,3.141994
0.25,19,engagement_g05_d5.0,2979,107.909477,194.027842,20,816,5.478348
0.25,19,engagement_g05_d10.0,2979,107.151994,191.447600,2,601,4.034911
0.25,19,oracle_a1,2979,25.326441,60.896324,1678,777,5.216516
0.25,20,static,3045,104.126646,188.764972,0,636,4.177340
0.25,20,nearest,3045,104.628494,196.288496,33,920,6.042693
0.25,20,naive_target_aware,3045,93.149687,188.818412,675,299,1.963875
0.25,20,engagement_g00_d0.0,3045,93.149687,188.818412,675,299,1.963875
0.25,20,engagement_g00_d0.25,3045,93.983834,190.309189,363,301,1.977011
0.25,20,engagement_g00_d0.5,3045,94.593920,190.011034,324,310,2.036125
0.25,20,engagement_g00_d1.0,3045,95.939555,188.818412,261,323,2.121511
0.25,20,engagement_g00_d2.0,3045,98.602172,190.309189,188,335,2.200328
0.25,20,engagement_g00_d5.0,3045,100.817800,188.818412,72,360,2.364532
0.25,20,engagement_g00_d10.0,3045,104.813431,192.153435,8,636,4.177340
0.25,20,engagement_g05_d0.0,3045,104.938810,195.621442,46,413,2.712644
0.25,20,engagement_g05_d0.25,3045,105.341041,195.621442,41,413,2.712644
0.25,20,engagement_g05_d0.5,3045,105.357155,195.621442,40,413,2.712644
0.25,20,engagement_g05_d1.0,3045,105.120896,195.621442,38,413,2.712644
0.25,20,engagement_g05_d2.0,3045,105.721478,195.621442,34,416,2.732348
0.25,20,engagement_g05_d5.0,3045,104.334556,190.309189,15,632,4.151067
0.25,20,engagement_g05_d10.0,3045,104.564453,188.551211,1,636,4.177340
0.25,20,oracle_a1,3045,29.448732,79.664641,1437,555,3.645320
0.25,21,static,3058,107.918034,197.070043,0,644,4.211903
0.25,21,nearest,3058,98.298303,188.161891,22,1197,7.828646
0.25,21,naive_target_aware,3058,91.751716,190.876755,630,257,1.680837
0.25,21,engagement_g00_d0.0,3058,91.751716,190.876755,630,257,1.680837
0.25,21,engagement_g00_d0.25,3058,92.874344,189.391733,357,245,1.602354
0.25,21,engagement_g00_d0.5,3058,93.585464,189.391733,319,246,1.608895
0.25,21,engagement_g00_d1.0,3058,95.164811,190.876755,267,260,1.700458
0.25,21,engagement_g00_d2.0,3058,97.024196,191.312631,180,276,1.805101
0.25,21,engagement_g00_d5.0,3058,103.189538,189.391733,78,346,2.262917
0.25,21,engagement_g00_d10.0,3058,100.178769,190.876755,6,634,4.146501
0.25,21,engagement_g05_d0.0,3058,106.048933,191.312631,45,680,4.447351
0.25,21,engagement_g05_d0.25,3058,106.465722,191.312631,43,680,4.447351
0.25,21,engagement_g05_d0.5,3058,106.195916,190.876755,41,680,4.447351
0.25,21,engagement_g05_d1.0,3058,106.938727,190.876755,39,677,4.427731
0.25,21,engagement_g05_d2.0,3058,106.854035,191.312631,36,664,4.342708
0.25,21,engagement_g05_d5.0,3058,107.785326,189.321484,13,931,6.088947
0.25,21,engagement_g05_d10.0,3058,107.918034,197.070043,0,644,4.211903
0.25,21,oracle_a1,3058,28.023923,72.197224,1503,378,2.472204
0.25,22,static,3009,98.721863,194.441784,0,632,4.200731
0.25,22,nearest,3009,98.372503,182.615363,6,630,4.187438
0.25,22,naive_target_aware,3009,95.872424,185.145093,695,275,1.827850
0.25,22,engagement_g00_d0.0,3009,95.872424,185.145093,695,275,1.827850
0.25,22,engagement_g00_d0.25,3009,96.125524,184.725397,381,282,1.874377
0.25,22,engagement_g00_d0.5,3009,95.778820,184.725397,335,261,1.734796
0.25,22,engagement_g00_d1.0,3009,97.654454,185.145093,261,245,1.628448
0.25,22,engagement_g00_d2.0,3009,101.544314,185.145093,183,243,1.615155
0.25,22,engagement_g00_d5.0,3009,100.437926,184.725397,69,303,2.013958
0.25,22,engagement_g00_d10.0,3009,99.722345,192.004825,6,750,4.985045
0.25,22,engagement_g05_d0.0,3009,102.780539,192.004825,53,328,2.180126
0.25,22,engagement_g05_d0.25,3009,103.012283,192.004825,51,329,2.186773
0.25,22,engagement_g05_d0.5,3009,103.217176,192.004825,50,451,2.997674
0.25,22,engagement_g05_d1.0,3009,104.016782,190.904079,42,351,2.333001
0.25,22,engagement_g05_d2.0,3009,104.591223,192.004825,38,400,2.658691
0.25,22,engagement_g05_d5.0,3009,97.458224,183.334345,14,570,3.788634
0.25,22,engagement_g05_d10.0,3009,98.448799,194.441784,1,632,4.200731
0.25,22,oracle_a1,3009,25.784865,69.860044,1758,524,3.482885
0.25,23,static,3060,100.233392,194.457226,0,637,4.163399
0.25,23,nearest,3060,94.841549,186.745361,5,1175,7.679739
0.25,23,naive_target_aware,3060,89.392210,190.315294,604,292,1.908497
0.25,23,engagement_g00_d0.0,3060,89.392210,190.315294,604,292,1.908497
0.25,23,engagement_g00_d0.25,3060,91.926981,190.886001,365,290,1.895425
0.25,23,engagement_g00_d0.5,3060,92.459046,190.886001,324,274,1.790850
0.25,23,engagement_g00_d1.0,3060,93.893296,191.138789,275,305,1.993464
0.25,23,engagement_g00_d2.0,3060,97.130017,191.138789,178,291,1.901961
0.25,23,engagement_g00_d5.0,3060,100.488922,188.979161,75,332,2.169935
0.25,23,engagement_g00_d10.0,3060,103.765986,194.457226,9,660,4.313725
0.25,23,engagement_g05_d0.0,3060,99.087160,192.993145,55,359,2.346405
0.25,23,engagement_g05_d0.25,3060,99.697442,194.457226,49,519,3.392157
0.25,23,engagement_g05_d0.5,3060,99.872239,194.457226,49,521,3.405229
0.25,23,engagement_g05_d1.0,3060,99.871212,194.457226,49,522,3.411765
0.25,23,engagement_g05_d2.0,3060,101.607625,194.457226,41,761,4.973856
0.25,23,engagement_g05_d5.0,3060,100.448859,192.993145,21,482,3.150327
0.25,23,engagement_g05_d10.0,3060,100.463240,194.457226,1,652,4.261438
0.25,23,oracle_a1,3060,26.287112,62.747621,1492,602,3.934641
0.25,24,static,2894,98.791733,186.447964,0,606,4.187975
0.25,24,nearest,2894,96.315513,190.891710,44,996,6.883207
0.25,24,naive_target_aware,2894,92.355815,187.243145,621,245,1.693158
0.25,24,engagement_g00_d0.0,2894,92.355815,187.243145,621,245,1.693158
0.25,24,engagement_g00_d0.25,2894,93.049695,187.612781,354,255,1.762267
0.25,24,engagement_g00_d0.5,2894,93.486631,187.243145,319,257,1.776088
0.25,24,engagement_g00_d1.0,2894,94.984717,188.299249,264,248,1.713891
0.25,24,engagement_g00_d2.0,2894,97.275981,190.891710,188,254,1.755356
0.25,24,engagement_g00_d5.0,2894,101.519521,191.423027,78,263,1.817554
0.25,24,engagement_g00_d10.0,2894,99.509045,190.891710,9,683,4.720111
0.25,24,engagement_g05_d0.0,2894,100.392901,188.299249,44,466,3.220456
0.25,24,engagement_g05_d0.25,2894,100.507510,188.299249,43,466,3.220456
0.25,24,engagement_g05_d0.5,2894,100.530006,188.299249,43,466,3.220456
0.25,24,engagement_g05_d1.0,2894,100.010086,188.299249,42,466,3.220456
0.25,24,engagement_g05_d2.0,2894,100.616478,188.299249,35,376,2.598480
0.25,24,engagement_g05_d5.0,2894,96.084667,184.185850,10,528,3.648929
0.25,24,engagement_g05_d10.0,2894,98.791733,186.447964,0,606,4.187975
0.25,24,oracle_a1,2894,28.019834,77.473953,1423,426,2.944022
0.25,25,static,2903,99.162503,189.465833,0,599,4.126765
0.25,25,nearest,2903,95.473917,192.681692,5,598,4.119876
0.25,25,naive_target_aware,2903,92.248656,191.922013,657,248,1.708577
0.25,25,engagement_g00_d0.0,2903,92.248656,191.922013,657,248,1.708577
0.25,25,engagement_g00_d0.25,2903,92.099108,191.922013,366,243,1.674130
0.25,25,engagement_g00_d0.5,2903,92.717422,191.922013,338,243,1.674130
0.25,25,engagement_g00_d1.0,2903,94.190395,191.922013,272,255,1.756803
0.25,25,engagement_g00_d2.0,2903,96.991890,191.922013,196,231,1.591457
0.25,25,engagement_g00_d5.0,2903,102.821003,193.044041,63,310,2.135722
0.25,25,engagement_g00_d10.0,2903,107.373959,189.890187,13,650,4.478126
0.25,25,engagement_g05_d0.0,2903,102.746734,192.681692,45,396,2.728212
0.25,25,engagement_g05_d0.25,2903,103.313331,192.681692,37,384,2.645539
0.25,25,engagement_g05_d0.5,2903,103.278420,192.681692,37,384,2.645539
0.25,25,engagement_g05_d1.0,2903,103.513103,192.681692,36,386,2.659318
0.25,25,engagement_g05_d2.0,2903,105.212040,192.681692,33,378,2.604203
0.25,25,engagement_g05_d5.0,2903,108.721726,189.890187,18,643,4.429900
0.25,25,engagement_g05_d10.0,2903,99.162503,189.465833,0,599,4.126765
0.25,25,oracle_a1,2903,27.225742,73.416681,1445,336,2.314847
0.25,26,static,3057,108.844503,196.881824,0,662,4.331044
0.25,26,nearest,3057,110.506252,200.055703,4,661,4.324501
0.25,26,naive_target_aware,3057,98.765474,192.437554,645,273,1.786065
0.25,26,engagement_g00_d0.0,3057,98.765474,192.437554,645,273,1.786065
0.25,26,engagement_g00_d0.25,3057,100.415863,192.437554,366,263,1.720641
0.25,26,engagement_g00_d0.5,3057,100.286193,192.437554,328,267,1.746811
0.25,26,engagement_g00_d1.0,3057,100.166705,192.437554,266,274,1.792607
0.25,26,engagement_g00_d2.0,3057,101.732731,192.437554,189,265,1.733726
0.25,26,engagement_g00_d5.0,3057,108.215017,192.881960,71,327,2.139352
0.25,26,engagement_g00_d10.0,3057,107.744473,193.883593,15,649,4.245993
0.25,26,engagement_g05_d0.0,3057,103.761547,193.883593,47,406,2.656199
0.25,26,engagement_g05_d0.25,3057,105.708928,194.281119,38,527,3.447825
0.25,26,engagement_g05_d0.5,3057,105.825433,194.281119,38,525,3.434740
0.25,26,engagement_g05_d1.0,3057,106.243888,194.281119,36,540,3.532875
0.25,26,engagement_g05_d2.0,3057,106.691860,194.281119,35,488,3.192673
0.25,26,engagement_g05_d5.0,3057,106.733066,194.386793,12,1084,7.091920
0.25,26,engagement_g05_d10.0,3057,108.391077,195.660024,2,662,4.331044
0.25,26,oracle_a1,3057,27.084175,76.801141,1670,614,4.017010
0.25,27,static,2968,104.634811,184.186024,0,619,4.171159
0.25,27,nearest,2968,103.548626,193.437027,18,817,5.505391
0.25,27,naive_target_aware,2968,93.721981,190.063738,659,283,1.907008
0.25,27,engagement_g00_d0.0,2968,93.721981,190.063738,659,283,1.907008
0.25,27,engagement_g00_d0.25,2968,94.522540,189.802931,365,286,1.927224
0.25,27,engagement_g00_d0.5,2968,95.728708,189.802931,324,274,1.846361
0.25,27,engagement_g00_d1.0,2968,97.372160,190.063738,266,270,1.819407
0.25,27,engagement_g00_d2.0,2968,99.214641,190.204173,190,248,1.671159
0.25,27,engagement_g00_d5.0,2968,102.159936,190.063738,71,347,2.338275
0.25,27,engagement_g00_d10.0,2968,99.761152,183.658935,9,757,5.101078
0.25,27,engagement_g05_d0.0,2968,99.887589,190.805193,42,453,3.052561
0.25,27,engagement_g05_d0.25,2968,98.111841,191.119936,35,546,3.679245
0.25,27,engagement_g05_d0.5,2968,98.767374,191.613039,34,546,3.679245
0.25,27,engagement_g05_d1.0,2968,97.933765,189.703787,31,546,3.679245
0.25,27,engagement_g05_d2.0,2968,99.692704,189.703787,27,715,4.818059
0.25,27,engagement_g05_d5.0,2968,97.555656,190.805193,11,878,5.916442
0.25,27,engagement_g05_d10.0,2968,106.109018,187.772570,1,871,5.869272
0.25,27,oracle_a1,2968,27.488277,76.237991,1492,375,2.526954
0.25,28,static,3014,114.174859,197.117162,0,1217,8.075647
0.25,28,nearest,3014,108.838386,194.189343,14,743,4.930325
0.25,28,naive_target_aware,3014,93.607081,193.009144,645,279,1.851360
0.25,28,engagement_g00_d0.0,3014,93.607081,193.009144,645,279,1.851360
0.25,28,engagement_g00_d0.25,3014,94.559450,193.009144,366,293,1.944260
0.25,28,engagement_g00_d0.5,3014,94.998107,193.009144,323,294,1.950896
0.25,28,engagement_g00_d1.0,3014,95.489668,193.009144,272,282,1.871267
0.25,28,engagement_g00_d2.0,3014,98.475195,197.117162,191,309,2.050431
0.25,28,engagement_g00_d5.0,3014,106.089358,198.002655,75,482,3.198407
0.25,28,engagement_g00_d10.0,3014,110.468826,199.029969,6,923,6.124751
0.25,28,engagement_g05_d0.0,3014,103.534913,190.111815,42,592,3.928334
0.25,28,engagement_g05_d0.25,3014,103.720143,190.111815,39,592,3.928334
0.25,28,engagement_g05_d0.5,3014,104.291139,190.111815,37,592,3.928334
0.25,28,engagement_g05_d1.0,3014,104.447356,190.111815,37,593,3.934970
0.25,28,engagement_g05_d2.0,3014,103.614942,188.422013,33,602,3.994691
0.25,28,engagement_g05_d5.0,3014,111.466200,199.029969,9,987,6.549436
0.25,28,engagement_g05_d10.0,3014,114.174859,197.117162,0,1217,8.075647
0.25,28,oracle_a1,3014,24.988265,65.366607,1657,743,4.930325
0.25,29,static,3063,94.600413,186.238844,0,1209,7.894221
0.25,29,nearest,3063,94.985865,188.917131,4,652,4.257264
0.25,29,naive_target_aware,3063,89.616069,187.059320,632,252,1.645446
0.25,29,engagement_g00_d0.0,3063,89.616069,187.059320,632,252,1.645446
0.25,29,engagement_g00_d0.25,3063,88.776229,186.238844,363,235,1.534443
0.25,29,engagement_g00_d0.5,3063,88.738996,186.238844,320,237,1.547502
0.25,29,engagement_g00_d1.0,3063,89.614569,186.238844,259,229,1.495266
0.25,29,engagement_g00_d2.0,3063,91.397263,187.059320,180,216,1.410382
0.25,29,engagement_g00_d5.0,3063,97.556952,193.356366,81,472,3.081946
0.25,29,engagement_g00_d10.0,3063,92.177052,183.710002,9,652,4.257264
0.25,29,engagement_g05_d0.0,3063,96.270944,187.059320,44,346,2.259223
0.25,29,engagement_g05_d0.25,3063,95.847600,186.977272,40,314,2.050278
0.25,29,engagement_g05_d0.5,3063,95.732596,186.238844,39,319,2.082925
0.25,29,engagement_g05_d1.0,3063,95.771117,186.238844,39,319,2.082925
0.25,29,engagement_g05_d2.0,3063,95.718688,186.238844,35,472,3.081946
0.25,29,engagement_g05_d5.0,3063,93.464616,186.238844,17,497,3.245184
0.25,29,engagement_g05_d10.0,3063,94.600413,186.238844,0,1209,7.894221
0.25,29,oracle_a1,3063,25.816950,64.890635,1580,1033,6.745021
0.25,30,static,2933,103.071450,189.082593,0,1171,7.984998
0.25,30,nearest,2933,96.935049,185.901848,12,1699,11.585407
0.25,30,naive_target_aware,2933,99.840728,196.005609,637,267,1.820661
0.25,30,engagement_g00_d0.0,2933,99.840728,196.005609,637,267,1.820661
0.25,30,engagement_g00_d0.25,2933,100.114452,196.005609,386,256,1.745653
0.25,30,engagement_g00_d0.5,2933,99.768066,196.005609,339,253,1.725196
0.25,30,engagement_g00_d1.0,2933,99.712762,196.005609,275,241,1.643369
0.25,30,engagement_g00_d2.0,2933,103.011460,195.710540,193,241,1.643369
0.25,30,engagement_g00_d5.0,2933,108.823449,195.710540,67,295,2.011592
0.25,30,engagement_g00_d10.0,2933,109.031416,194.583798,8,747,5.093761
0.25,30,engagement_g05_d0.0,2933,108.095923,195.710540,40,564,3.845892
0.25,30,engagement_g05_d0.25,2933,108.041930,195.710540,37,563,3.839073
0.25,30,engagement_g05_d0.5,2933,107.633522,195.710540,36,614,4.186839
0.25,30,engagement_g05_d1.0,2933,107.756051,195.710540,36,614,4.186839
0.25,30,engagement_g05_d2.0,2933,108.219379,195.710540,32,588,4.009547
0.25,30,engagement_g05_d5.0,2933,106.976745,193.745334,10,687,4.684623
0.25,30,engagement_g05_d10.0,2933,101.303804,189.082593,1,1161,7.916809
0.25,30,oracle_a1,2933,31.981159,83.025032,1415,442,3.013979
