ratio,seed,policy_id,cost_s,mean_latency_ms,migrations,imbalance,max_requests_per_peer,p95_latency_ms,medoid_peer
0.85,1,medoid,222.22524833400044,72.29369938378906,4,19.973958333333336,3068,,P0008
0.85,1,rtt_weighted_w5_d0,114.85124963300031,29.29014054361979,520,1.6145833333333335,248,,
0.85,1,demand_argmax_w5_d0,102.27203160400016,28.659366482096356,165,1.1783854166666667,181,,
0.85,1,static,283.36217540600126,92.2402914733073,0,7.96875,1224,192.868599,
0.85,1,nearest,296.9368065140025,95.29206205208334,25,4.095052083333334,629,,
0.85,2,medoid,228.27367195700108,74.03992074057217,5,19.96749024707412,3071,,P0016
0.85,2,rtt_weighted_w5_d0,118.1296782470001,30.804251072496747,528,1.9505851755526658,300,,
0.85,2,demand_argmax_w5_d0,117.58977892499998,32.17608703771131,166,1.3003901170351104,200,,
0.85,2,static,300.56168231399874,97.71186031014304,0,8.192457737321195,1260,187.85269,
0.85,2,nearest,270.8421377410006,87.8858924476593,5,7.841352405721716,1206,,
0.85,3,medoid,256.14152125100173,85.43643826862679,4,19.973270965586366,2989,,P0003
0.85,3,rtt_weighted_w5_d0,117.29379225600009,30.51619033511527,497,1.262946876044103,189,,
0.85,3,demand_argmax_w5_d0,111.81201462599996,31.28067261877715,174,1.2295355830270631,184,,
0.85,3,static,283.69636360400233,94.78662332241898,0,4.14300033411293,620,186.923839,
0.85,3,nearest,272.75602582299734,91.00882215135316,5,7.851653859004343,1175,,
0.85,4,medoid,256.3127600550006,86.84595194401086,5,19.966067186969802,2942,,P0018
0.85,4,rtt_weighted_w5_d0,122.79448144800011,32.788069703087885,553,1.7848659653885308,263,,
0.85,4,demand_argmax_w5_d0,117.89604816700017,33.67007002680692,166,1.5066168985408892,222,,
0.85,4,static,301.99196027400166,102.4743672460129,0,4.1126569392602645,606,193.697416,
0.85,4,nearest,291.9442337280006,98.94603680624363,4,4.1126569392602645,606,,
0.85,5,medoid,223.58635776799787,75.36570581391422,5,19.96622762580209,2956,,P0006
0.85,5,rtt_weighted_w5_d0,122.27495494399983,33.49232788888889,563,1.6683552853765617,247,,
0.85,5,demand_argmax_w5_d0,125.79287616500001,35.89470633738602,169,1.2968591691995945,192,,
0.85,5,static,296.868046154999,100.25938742147923,0,8.274231678486997,1225,188.688177,
0.85,5,nearest,296.52343338699563,100.01019987673084,6,4.228301249577845,626,,
0.85,6,medoid,236.8924926020012,80.15319735365854,5,19.966124661246614,2947,,P0019
0.85,6,rtt_weighted_w5_d0,117.94896663799955,30.972888043699186,525,2.2086720867208673,326,,
0.85,6,demand_argmax_w5_d0,111.76747635299981,31.943136970189702,179,1.334688346883469,197,,
0.85,6,static,301.115381198001,102.00385541937669,0,7.594850948509485,1121,191.861847,
0.85,6,nearest,318.77322781600185,107.88548322222222,4,12.12059620596206,1789,,
0.85,7,medoid,254.0951404130037,85.33765117468866,5,19.96634129922585,2966,,P0017
0.85,7,rtt_weighted_w5_d0,118.75788946099931,32.073668502187815,468,1.790642881184786,266,,
0.85,7,demand_argmax_w5_d0,114.38681675299935,32.55492355570515,164,1.6088858970043756,239,,
0.85,7,static,335.8461758970026,113.04145940659711,0,7.9838438236284075,1186,194.443616,
0.85,7,nearest,314.70371723600334,105.76690656546617,5,7.781891618983507,1156,,
0.85,8,medoid,217.88680331699916,72.95180051994636,5,19.966476701307407,2978,,P0005
0.85,8,rtt_weighted_w5_d0,108.37517967599983,28.914315727790818,462,2.1589004358028827,322,,
0.85,8,demand_argmax_w5_d0,103.17617282399992,29.466924712370098,160,1.3007039892725443,194,,
0.85,8,static,277.89481594900184,93.15950920181027,0,4.250754274220583,634,180.007151,
0.85,8,nearest,289.73652743499935,96.973949512236,5,4.244049614482065,633,,
0.85,9,medoid,221.8948411510024,75.58452707230559,5,19.965893587994543,2927,,P0012
0.85,9,rtt_weighted_w5_d0,112.63374216599982,30.444973608799454,457,1.5075034106412006,221,,
0.85,9,demand_argmax_w5_d0,110.76252788799971,31.826989606070942,175,1.343792633015007,197,,
0.85,9,static,277.4773009939991,94.63755149863574,0,4.22237380627558,619,191.39632,
0.85,9,nearest,316.71159119999896,107.86861918417462,5,7.9536152796725785,1166,,
0.85,10,medoid,209.94189417299998,69.74239825116433,5,19.966733200266134,3001,,P0010
0.85,10,rtt_weighted_w5_d0,116.82313015299995,30.844262619095144,506,2.2621423819028608,340,,
0.85,10,demand_argmax_w5_d0,114.30611323899991,32.09762231437126,171,1.2042581503659346,181,,
0.85,10,static,317.9624200270027,105.77592149933467,0,4.291417165668662,645,197.013378,
0.85,10,nearest,259.1224548679969,86.05913790585495,5,7.990685296074517,1201,,
0.85,11,medoid,263.0799627809948,87.4599686632245,5,19.966688874083946,2997,,P0010
0.85,11,rtt_weighted_w5_d0,119.11567587599973,31.60668712458361,536,1.658894070619587,249,,
0.85,11,demand_argmax_w5_d0,118.8255711549999,33.3730320296469,163,1.239173884077282,186,,
0.85,11,static,309.48364696699815,103.09248733077948,0,7.734843437708195,1161,190.037967,
0.85,11,nearest,310.34838590900046,101.71278947701532,39,4.023984010659561,604,,
0.85,12,medoid,226.05117409000323,74.58371447025776,5,19.966953073364177,3021,,P0014
0.85,12,rtt_weighted_w5_d0,114.88370158499977,30.331886666226044,559,2.2273628552544613,337,,
0.85,12,demand_argmax_w5_d0,113.723632992,31.884661665895575,166,1.3747521480502312,208,,
0.85,12,static,299.19823247800184,98.8758203826834,0,4.117647058823529,623,184.968476,
0.85,12,nearest,343.06189508300116,113.13832664672834,5,8.070059484467944,1221,,
0.85,13,medoid,241.248149680998,79.87227673092237,4,19.973457199734572,3010,,P0002
0.85,13,rtt_weighted_w5_d0,115.15262813499996,30.239834066357,524,1.4067684140676842,212,,
0.85,13,demand_argmax_w5_d0,105.51248185999997,29.802756198739214,169,1.2276045122760453,185,,
0.85,13,static,288.4334508659994,95.69789345255475,0,4.080955540809556,615,193.946928,
0.85,13,nearest,313.6192579960005,102.99017174651625,23,5.75315195753152,867,,
0.85,14,medoid,281.2350270760001,92.06749222360656,4,19.97377049180328,3046,,P0003
0.85,14,rtt_weighted_w5_d0,121.66644997499968,32.15656985704918,490,1.455737704918033,222,,
0.85,14,demand_argmax_w5_d0,114.79630707299977,32.29144757803279,163,1.2065573770491804,184,,
0.85,14,static,315.22699584700183,103.35311339245901,0,4.150819672131147,633,197.3164059499997,
0.85,14,nearest,344.3908260610003,112.73984969672131,5,7.921311475409836,1208,,
0.85,15,medoid,232.04708607699803,76.65368124851092,5,19.9669093315685,3017,,P0016
0.85,15,rtt_weighted_w5_d0,124.48678218300051,32.114285475182,539,1.7008603573792191,257,,
0.85,15,demand_argmax_w5_d0,113.32448167400021,31.93337175943084,166,1.442753143613501,218,,
0.85,15,static,305.0455416090006,100.94160873891462,0,8.120450033090668,1227,194.911133,
0.85,15,nearest,333.16695335200006,110.05188557114494,4,4.162806088682991,629,,
0.85,16,medoid,262.314615901994,84.58028580626413,4,19.974168550209882,3093,,P0011
0.85,16,rtt_weighted_w5_d0,109.38035681600022,27.951302305134003,522,1.5305134000645786,237,,
0.85,16,demand_argmax_w5_d0,105.02547869900033,28.917596043913463,161,1.1172102034226672,173,,
0.85,16,static,278.1186012459997,89.80258354730384,0,7.749434937035842,1200,187.034514,
0.85,16,nearest,299.09316508700095,96.41233172844689,5,4.145947691314175,642,,
0.85,17,medoid,192.58680683900076,65.1803378590832,5,19.9660441426146,2940,,P0018
0.85,17,rtt_weighted_w5_d0,116.26800898099982,31.08978116910017,529,1.8607809847198642,274,,
0.85,17,demand_argmax_w5_d0,115.87604239800002,32.64868443123939,173,1.2088285229202038,178,,
0.85,17,static,336.7154118360022,114.33460503769099,0,12.224108658743633,1800,191.935999,
0.85,17,nearest,266.8439490740032,90.47582730016978,4,7.65365025466893,1127,,
0.85,18,medoid,235.313951394995,77.29739885822367,4,19.973684210526315,3036,,P0019
0.85,18,rtt_weighted_w5_d0,122.77691645699994,31.300232200657895,562,1.4078947368421053,214,,
0.85,18,demand_argmax_w5_d0,117.26996875400009,32.26723251282895,170,1.388157894736842,211,,
0.85,18,static,308.4741831359972,101.47177076842105,0,8.092105263157896,1230,183.163229,
0.85,18,nearest,314.7142039050007,101.43662536282895,40,6.197368421052632,942,,
0.85,19,medoid,209.28780024699904,70.08260848069821,5,19.96643168848607,2974,,P0020
0.85,19,rtt_weighted_w5_d0,126.49251074900006,33.495413424639146,594,2.4706277274253106,368,,
0.85,19,demand_argmax_w5_d0,126.04809441699987,35.362195981873114,167,1.3763007720711649,205,,
0.85,19,static,322.12489416099737,108.13188793588452,0,4.055052030882847,604,195.981932,
0.85,19,nearest,308.2666726029996,103.24950136018798,16,7.875125881168178,1173,,
0.85,20,medoid,244.39084638400382,80.14326297208538,4,19.973727422003282,3041,,P0016
0.85,20,rtt_weighted_w5_d0,123.41846647399997,32.28941819638752,510,1.6880131362889983,257,,
0.85,20,demand_argmax_w5_d0,118.40046272399977,32.92370247192118,174,1.2545155993431856,191,,
0.85,20,static,322.06939791500145,105.7699172134647,0,4.177339901477833,636,188.818412,
0.85,20,nearest,314.5818996049993,102.342196545156,33,6.042692939244663,920,,
0.85,21,medoid,251.59289776599755,82.08205025931981,5,19.967298888162198,3053,,P0015
0.85,21,rtt_weighted_w5_d0,120.72000057700009,31.38493418999346,539,1.4453891432308699,221,,
0.85,21,demand_argmax_w5_d0,122.3300134719997,33.70262346697188,162,1.1968606932635708,183,,
0.85,21,static,337.7429274460005,110.44569242838456,0,4.2119032047089595,644,197.070043,
0.85,21,nearest,300.22730133499863,97.68913209712231,22,7.828646173969915,1197,,
0.85,22,medoid,248.6785265989998,82.50773987969424,4,19.973413094051182,3005,,P0012
0.85,22,rtt_weighted_w5_d0,113.6434990239996,30.370878101694917,528,1.92090395480226,289,,
0.85,22,demand_argmax_w5_d0,111.49960236899987,31.264884580259224,163,1.2229976736457295,184,,
0.85,22,static,298.02079900899895,99.04313692555667,0,4.200731139913593,632,196.376444,
0.85,22,nearest,293.20742098300167,97.24680533599204,6,4.187437686939183,630,,
0.85,23,medoid,222.76222521299783,72.6991008375817,5,19.96732026143791,3055,,P0002
0.85,23,rtt_weighted_w5_d0,123.78275205999999,31.853108043464054,552,2.1699346405228757,332,,
0.85,23,demand_argmax_w5_d0,114.84061944199988,31.7478213496732,175,1.326797385620915,203,,
0.85,23,static,312.27556376299634,102.05083783104575,0,4.163398692810458,637,194.89973,
0.85,23,nearest,284.31960345699747,92.75261098464053,5,7.6797385620915035,1175,,
0.85,24,medoid,264.1359591180017,91.16804846544575,5,19.96544574982723,2889,,P0015
0.85,24,rtt_weighted_w5_d0,119.86075503100005,33.056284027297856,515,1.3959917069799586,202,,
0.85,24,demand_argmax_w5_d0,114.48343092900011,33.41308384105045,167,1.2232204561161024,177,,
0.85,24,static,285.54336996800043,98.66737041050449,0,4.187975120939876,606,186.447964,
0.85,24,nearest,283.26459709699594,97.01157328921907,44,6.883206634416034,996,,
0.85,25,medoid,223.30010096600427,76.86280316121254,4,19.97244230106786,2899,,P0002
0.85,25,rtt_weighted_w5_d0,112.31686643200011,31.059070638994147,527,1.9290389252497415,280,,
0.85,25,demand_argmax_w5_d0,113.11942641800006,32.761158862900444,158,1.191870478815019,173,,
0.85,25,static,279.6729395390016,96.33928334102652,0,4.12676541508784,599,188.0401,
0.85,25,nearest,273.1371619389985,93.93472643920082,5,4.119875990354805,598,,
0.85,26,medoid,270.1329068129971,88.32602480863592,5,19.967288191036964,3052,,P0010
0.85,26,rtt_weighted_w5_d0,122.60498531699982,32.28178978639189,505,1.740268236833497,266,,
0.85,26,demand_argmax_w5_d0,119.16067079499994,33.12027845305855,166,1.2037945698397121,184,,
0.85,26,static,334.88618869400113,109.5473302891724,0,4.331043506705921,662,197.4387915999995,
0.85,26,nearest,341.3235973550009,111.51235712005234,4,4.324501144913314,661,,
0.85,27,medoid,219.38832784699835,73.79868068969003,5,19.966307277628033,2963,,P0013
0.85,27,rtt_weighted_w5_d0,118.75264317100006,31.60611670990566,519,1.7991913746630728,267,,
0.85,27,demand_argmax_w5_d0,116.10861810300038,32.86557130154986,170,1.1792452830188678,175,,
0.85,27,static,313.4768366910008,105.61888028672506,0,4.171159029649596,619,189.703787,
0.85,27,nearest,307.7327925000004,103.10191623854448,18,5.505390835579514,817,,
0.85,28,medoid,206.58372899900172,68.45508218646317,5,19.966821499668217,3009,,P0015
0.85,28,rtt_weighted_w5_d0,112.80424717699985,29.584109268745852,524,2.3954877239548775,361,,
0.85,28,demand_argmax_w5_d0,119.56565854899964,33.18736519741208,172,1.2209688122096882,184,,
0.85,28,static,347.78960939099886,115.3913767057067,0,8.07564698075647,1217,186.849985,
0.85,28,nearest,331.12475789800436,109.40820984804246,14,4.930325149303252,743,,
0.85,29,medoid,219.36053413999954,71.5036193121123,4,19.973881815213844,3059,,P0010
0.85,29,rtt_weighted_w5_d0,108.7176699799998,28.11423888475351,501,2.748938948743062,421,,
0.85,29,demand_argmax_w5_d0,107.17994245500003,29.707106758733268,168,1.28632060071825,197,,
0.85,29,static,289.828383067001,94.62239081521385,0,7.894221351616062,1209,186.238844,
0.85,29,nearest,286.03388330299975,93.26847523343129,4,4.25726412014365,652,,
0.85,30,medoid,249.25206480300238,84.83205060552335,5,19.965905216501874,2928,,P0014
0.85,30,rtt_weighted_w5_d0,122.22876155100009,33.23650832083191,475,1.6774633481077394,246,,
0.85,30,demand_argmax_w5_d0,123.3425690360001,35.51809825196045,162,1.4183429935219911,208,,
0.85,30,static,307.746583710001,104.92553143879985,0,7.984998295260825,1171,189.082593,
0.85,30,nearest,288.7599036670037,98.04295105148313,12,11.585407432662802,1699,,
0.7,1,medoid,225.1348246010006,73.24082707486978,4,19.973958333333336,3068,,P0008
0.7,1,rtt_weighted_w10_d0,171.29675097900105,45.9458682845052,611,2.3372395833333335,359,,
0.7,1,demand_argmax_w5_d0,156.01115898300066,42.99037545117187,269,1.34765625,207,,
0.7,1,static,286.61334234200086,93.29861404361979,0,7.96875,1224,184.634696,
0.7,1,nearest,299.4905445710023,96.12335699251302,25,4.095052083333334,629,,
0.7,2,medoid,227.05716282500083,73.64443662743822,5,19.96749024707412,3071,,P0016
0.7,2,rtt_weighted_w10_d0,186.27656052300037,50.73544058257477,588,3.192457737321196,491,,
0.7,2,demand_argmax_w5_d0,170.43257203499968,46.269480060793235,258,1.2028608582574771,185,,
0.7,2,static,298.39513836699865,97.00752222594278,0,8.192457737321195,1260,187.85269,
0.7,2,nearest,275.25614273800056,89.32087456631989,5,7.841352405721716,1206,,
0.7,3,medoid,257.65687175600164,85.94273646608754,4,19.973270965586366,2989,,P0003
0.7,3,rtt_weighted_w10_d0,189.39196338100015,52.3879415452723,581,1.931172736384898,289,,
0.7,3,demand_argmax_w5_d0,174.41965724900018,48.064550127297025,292,1.2295355830270631,184,,
0.7,3,static,285.6127705480016,95.42691966187772,0,4.14300033411293,620,191.259772,
0.7,3,nearest,272.52190318499737,90.93059875075176,5,7.851653859004343,1175,,
0.7,4,medoid,254.48826838600016,86.22685059721752,5,19.966067186969802,2942,,P0018
0.7,4,rtt_weighted_w10_d0,179.0943870519995,50.675099415337634,572,1.8459450288428911,272,,
0.7,4,demand_argmax_w5_d0,164.62647968199977,46.59497594163556,267,1.4455378350865287,213,,
0.7,4,static,300.5652089010016,101.99023037020699,0,4.1126569392602645,606,193.697416,
0.7,4,nearest,292.66153456100056,99.1894371567696,4,4.1126569392602645,606,,
0.7,5,medoid,224.40061014499784,75.64069817359001,5,19.96622762580209,2956,,P0006
0.7,5,rtt_weighted_w10_d0,177.59172983699932,50.87872008139142,582,2.2695035460992905,336,,
0.7,5,demand_argmax_w5_d0,184.55687181,50.81621392097264,293,1.3576494427558257,201,,
0.7,5,static,299.28385342399883,101.07526289226611,0,8.274231678486997,1225,188.688177,
0.7,5,nearest,299.62300981799655,101.05700042755825,6,4.228301249577845,626,,
0.7,6,medoid,233.8556994560012,79.12447338821138,5,19.966124661246614,2947,,P0019
0.7,6,rtt_weighted_w10_d0,174.69622708699978,49.10525419783198,551,3.407859078590786,503,,
0.7,6,demand_argmax_w5_d0,164.58553400899982,46.29348092953929,288,1.2804878048780488,189,,
0.7,6,static,300.7484212780013,101.87954650338753,0,7.594850948509485,1121,189.900942,
0.7,6,nearest,316.2810128490015,107.04123695968833,4,12.12059620596206,1789,,
0.7,7,medoid,256.03027146700384,85.98899114574218,5,19.96634129922585,2966,,P0017
0.7,7,rtt_weighted_w10_d0,182.68977345399963,53.27530917031302,475,1.9522046449007067,290,,
0.7,7,demand_argmax_w5_d0,176.65442697999964,48.906142369909126,287,1.5684954560753954,233,,
0.7,7,static,333.98562889900273,112.41522345977785,0,7.9838438236284075,1186,194.999538,
0.7,7,nearest,316.3681695030033,106.32713957354426,5,7.781891618983507,1156,,
0.7,8,medoid,219.38218085299957,73.45310039792156,5,19.966476701307407,2978,,P0005
0.7,8,rtt_weighted_w10_d0,178.4764443260001,49.8293902520952,555,3.6138115990613473,539,,
0.7,8,demand_argmax_w5_d0,168.67600499400015,47.30728130439155,267,1.3878645658732818,207,,
0.7,8,static,279.70976438700154,93.76793978779752,0,4.250754274220583,634,180.007151,
0.7,8,nearest,291.305896866,97.50005391418034,5,4.244049614482065,633,,
0.7,9,medoid,224.33253159500228,76.41593581855389,5,19.965893587994543,2927,,P0012
0.7,9,rtt_weighted_w10_d0,167.9651359940007,48.6531255218281,496,1.814461118690314,266,,
0.7,9,demand_argmax_w5_d0,163.17332777299976,46.469841552864935,274,1.3506139154160983,198,,
0.7,9,static,277.7617983849988,94.73458335095496,0,4.22237380627558,619,191.39632,
0.7,9,nearest,316.2046217359982,107.69571009004092,5,7.9536152796725785,1166,,
0.7,10,medoid,209.56501128499968,69.61702137558217,5,19.966733200266134,3001,,P0010
0.7,10,rtt_weighted_w10_d0,166.96374335700025,47.21635448769128,496,3.659347970725216,550,,
0.7,10,demand_argmax_w5_d0,167.90845638099944,46.06463762009315,284,1.170991350632069,176,,
0.7,10,static,314.19502094200243,104.52262839055221,0,4.291417165668662,645,197.013378,
0.7,10,nearest,257.4233993439972,85.4939165073187,5,7.990685296074517,1201,,
0.7,11,medoid,263.04011627599465,87.44669534377083,5,19.966688874083946,2997,,P0010
0.7,11,rtt_weighted_w10_d0,178.91952868699957,50.47212401432378,562,1.9720186542305131,296,,
0.7,11,demand_argmax_w5_d0,175.8413910259998,48.336389324450366,292,1.239173884077282,186,,
0.7,11,static,314.98650383199845,104.92555091005997,0,7.734843437708195,1161,190.037967,
0.7,11,nearest,307.73412928899984,100.8419511625583,39,4.023984010659561,604,,
0.7,12,medoid,227.31550914300334,75.00153834765368,5,19.966953073364177,3021,,P0014
0.7,12,rtt_weighted_w10_d0,170.54458700000006,48.00459357699933,582,2.961004626569729,448,,
0.7,12,demand_argmax_w5_d0,167.9834525040002,46.03759756245869,282,1.3152676801057501,199,,
0.7,12,static,301.20807124600185,99.5400103258427,0,4.117647058823529,623,186.757214,
0.7,12,nearest,337.04172384500157,111.14884507435559,5,8.070059484467944,1221,,
0.7,13,medoid,240.37100887799787,79.58125456668878,4,19.973457199734572,3010,,P0002
0.7,13,rtt_weighted_w10_d0,169.88630200199992,48.038198591572666,533,1.6589250165892504,250,,
0.7,13,demand_argmax_w5_d0,158.72300574000005,43.960657034173856,272,1.1877903118779032,179,,
0.7,13,static,287.61503427399987,95.42635510086264,0,4.080955540809556,615,193.946928,
0.7,13,nearest,310.30311933900026,101.88992667120107,23,5.75315195753152,867,,
0.7,14,medoid,279.95133360300025,91.64660911770491,4,19.97377049180328,3046,,P0003
0.7,14,rtt_weighted_w10_d0,192.31445384499995,53.47479627508197,536,1.9147540983606557,292,,
0.7,14,demand_argmax_w5_d0,174.80728783899966,48.76906378786885,255,1.2393442622950819,189,,
0.7,14,static,314.5892947000016,103.14403104918031,0,4.150819672131147,633,196.742674,
0.7,14,nearest,340.7428325780002,111.54378625967213,5,7.921311475409836,1208,,
0.7,15,medoid,232.29175253399788,76.7346430145599,5,19.9669093315685,3017,,P0016
0.7,15,rtt_weighted_w10_d0,191.84496173300013,53.3854597524818,586,2.2170747849106553,335,,
0.7,15,demand_argmax_w5_d0,181.30932085700036,49.93679050330907,294,1.4824619457313037,224,,
0.7,15,static,308.7729424110008,102.17503057941761,0,8.120450033090668,1227,194.911133,
0.7,15,nearest,331.44749711000026,109.48290600727995,4,4.162806088682991,629,,
0.7,16,medoid,261.1642022569941,84.20882515240555,4,19.974168550209882,3093,,P0011
0.7,16,rtt_weighted_w10_d0,163.64842781200045,44.85578772715531,491,1.8598643848886018,288,,
0.7,16,demand_argmax_w5_d0,156.93299968600064,42.52543704326767,243,1.1494995156603165,178,,
0.7,16,static,277.9249097979997,89.7400419108815,0,7.749434937035842,1200,187.034514,
0.7,16,nearest,294.4423676010008,94.9106212066516,5,4.145947691314175,642,,
0.7,17,medoid,190.6487181870007,64.52224324040746,5,19.9660441426146,2940,,P0018
0.7,17,rtt_weighted_w10_d0,173.84028947800007,49.754780216638366,577,3.4770797962648556,512,,
0.7,17,demand_argmax_w5_d0,168.2844020910002,47.10039815959254,276,1.3242784380305603,195,,
0.7,17,static,337.75495311900147,114.68759019320883,0,12.224108658743633,1800,191.935999,
0.7,17,nearest,264.37503266300274,89.6374855646859,4,7.65365025466893,1127,,
0.7,18,medoid,238.82075450799485,78.45095251381579,4,19.973684210526315,3036,,P0019
0.7,18,rtt_weighted_w10_d0,173.68329522000002,48.492934748684206,558,1.881578947368421,286,,
0.7,18,demand_argmax_w5_d0,177.17321819499972,47.69014620460526,301,1.3026315789473684,198,,
0.7,18,static,310.40765556099683,102.10778143453948,0,8.092105263157896,1230,183.163229,
0.7,18,nearest,315.66519792200023,101.74945234210526,40,6.197368421052632,942,,
0.7,19,medoid,208.2907214269992,69.7479059563612,5,19.96643168848607,2974,,P0020
0.7,19,rtt_weighted_w10_d0,178.7263190760005,50.93795813024505,586,4.169184290030212,621,,
0.7,19,demand_argmax_w5_d0,176.505933401,49.15250495266868,257,1.530715005035247,228,,
0.7,19,static,325.82140279599747,109.37274346962069,0,4.055052030882847,604,195.75393,
0.7,19,nearest,303.55438821099966,101.66766705605907,16,7.875125881168178,1173,,
0.7,20,medoid,251.3692721680047,82.4350284183908,4,19.973727422003282,3041,,P0016
0.7,20,rtt_weighted_w10_d0,193.5714242719999,53.10736853431855,579,1.9835796387520526,302,,
0.7,20,demand_argmax_w5_d0,177.7941871979998,48.28325282824302,300,1.3399014778325122,204,,
0.7,20,static,322.8416295000016,106.0235236453202,0,4.177339901477833,636,188.818412,
0.7,20,nearest,321.6321065390002,104.65753543973727,33,6.042692939244663,920,,
0.7,21,medoid,249.05171277799764,81.25105451438849,5,19.967298888162198,3053,,P0015
0.7,21,rtt_weighted_w10_d0,182.5914294680002,50.25611971451929,553,2.040549378678875,312,,
0.7,21,demand_argmax_w5_d0,175.05835221799975,47.55575079921517,259,1.2361020274689338,189,,
0.7,21,static,339.16453588600024,110.91057419424462,0,4.2119032047089595,644,197.29538440000013,
0.7,21,nearest,301.3756811339989,98.06466505951603,22,7.828646173969915,1197,,
0.7,22,medoid,252.7101831340006,83.84760579361914,4,19.973413094051182,3005,,P0012
0.7,22,rtt_weighted_w10_d0,179.24235600500043,51.03844752276503,579,2.3529411764705883,354,,
0.7,22,demand_argmax_w5_d0,175.81729940900033,48.15165237022266,282,1.27617148554337,192,,
0.7,22,static,298.8882646469989,99.3314272671984,0,4.200731139913593,632,196.376444,
0.7,22,nearest,299.7125016180005,99.40867992389498,6,4.187437686939183,630,,
0.7,23,medoid,222.80075088399835,72.71169092614379,5,19.96732026143791,3055,,P0002
0.7,23,rtt_weighted_w10_d0,180.4262893399998,49.43284251013072,548,3.6405228758169934,557,,
0.7,23,demand_argmax_w5_d0,173.09219965299994,46.68632735294118,296,1.4183006535947713,217,,
0.7,23,static,315.895649903996,103.23387251764706,0,4.163398692810458,637,194.89973,
0.7,23,nearest,285.26708156299753,93.06224435261439,5,7.6797385620915035,1175,,
0.7,24,medoid,257.94630287700187,89.02925916309606,5,19.96544574982723,2889,,P0015
0.7,24,rtt_weighted_w10_d0,182.7629068340001,53.26304330269524,544,1.789910158949551,259,,
0.7,24,demand_argmax_w5_d0,170.45206157700025,48.974908231513474,267,1.237042156185211,179,,
0.7,24,static,287.2200632840005,99.24673921354525,0,4.187975120939876,606,184.18585,
0.7,24,nearest,283.6361843059963,97.13997246302695,44,6.883206634416034,996,,
0.7,25,medoid,224.9507626110042,77.43140861935927,4,19.97244230106786,2899,,P0002
0.7,25,rtt_weighted_w10_d0,176.89373774899988,51.07104960179125,585,1.9979331725800895,290,,
0.7,25,demand_argmax_w5_d0,168.48565219999995,48.58962979710644,259,1.3434378229417843,195,,
0.7,25,static,280.45194663600154,96.6076288790906,0,4.12676541508784,599,188.0401,
0.7,25,nearest,273.9983481449983,94.23138031656907,5,4.119875990354805,598,,
0.7,26,medoid,272.6130376669971,89.13732047562969,5,19.967288191036964,3052,,P0010
0.7,26,rtt_weighted_w10_d0,187.84872806699917,52.32928352666013,589,2.296368989205103,351,,
0.7,26,demand_argmax_w5_d0,173.59679088999997,47.78279351422963,240,1.2692181877657835,194,,
0.7,26,static,332.051635222001,108.62009657245666,0,4.331043506705921,662,196.881824,
0.7,26,nearest,341.37448826700086,111.52900445796531,4,4.324501144913314,661,,
0.7,27,medoid,221.93245259499807,74.65586557783018,5,19.966307277628033,2963,,P0013
0.7,27,rtt_weighted_w10_d0,179.0343520669998,51.19029372473045,563,2.897574123989218,430,,
0.7,27,demand_argmax_w5_d0,180.68008059499988,50.211317717654985,275,1.1859838274932615,176,,
0.7,27,static,309.532847886001,104.29004308827493,0,4.171159029649596,619,184.186024,
0.7,27,nearest,307.1350843110007,102.90053207783018,18,5.505390835579514,817,,
0.7,28,medoid,203.71515048400153,67.50333085434637,5,19.966821499668217,3009,,P0015
0.7,28,rtt_weighted_w10_d0,173.80796824700045,48.68822815428003,571,3.5633709356337095,537,,
0.7,28,demand_argmax_w5_d0,173.67788713199994,47.964624406768415,262,1.2873258128732583,194,,
0.7,28,static,344.99311005199996,114.4635401632382,0,8.07564698075647,1217,186.849985,
0.7,28,nearest,330.6857947230043,109.26256844956868,14,4.930325149303252,743,,
0.7,29,medoid,220.14679662300003,71.76031617238002,4,19.973881815213844,3059,,P0010
0.7,29,rtt_weighted_w10_d0,173.91089876399982,47.50900149167482,586,4.035259549461312,618,,
0.7,29,demand_argmax_w5_d0,168.56207163400003,45.109851909892264,288,1.266731962128632,194,,
0.7,29,static,287.2920454250009,93.79433412504082,0,7.894221351616062,1209,183.924439,
0.7,29,nearest,286.94169439099954,93.56485495527261,4,4.25726412014365,652,,
0.7,30,medoid,248.321821286002,84.51488609239686,5,19.965905216501874,2928,,P0014
0.7,30,rtt_weighted_w10_d0,183.2055759139998,52.96332559972724,503,2.372996931469485,348,,
0.7,30,demand_argmax_w5_d0,180.21041907,50.502946886123425,277,1.3978861234231161,205,,
0.7,30,static,302.9838231760007,103.30167854619842,0,7.984998295260825,1171,189.082593,
0.7,30,nearest,287.9082924530027,97.75259605182407,12,11.585407432662802,1699,,
0.6,1,medoid,224.4624075670003,73.02194132161459,4,19.973958333333336,3068,,P0008
0.6,1,rtt_weighted_w10_d0.25,197.433260701001,57.58646605273437,382,2.858072916666667,439,,
0.6,1,demand_argmax_w10_d0,189.91285158300064,56.01943415201823,196,1.2565104166666667,193,,
0.6,1,static,285.7647184380008,93.02236928320313,0,7.96875,1224,184.634696,
0.6,1,nearest,295.5978819360019,94.85621420768229,25,4.095052083333334,629,,
0.6,2,medoid,228.3344070950007,74.05966558387517,5,19.96749024707412,3071,,P0016
0.6,2,rtt_weighted_w10_d0.25,213.07427168200059,63.59192134362809,356,4.1222366710013,634,,
0.6,2,demand_argmax_w10_d0,213.32416910400033,62.663056465864756,184,1.2743823146944082,196,,
0.6,2,static,298.99103041499853,97.20124525845253,0,8.192457737321195,1260,184.757355,
0.6,2,nearest,272.8999067979998,88.55486808387516,5,7.841352405721716,1206,,
0.6,3,medoid,258.8784282510016,86.35087428600067,4,19.973270965586366,2989,,P0003
0.6,3,rtt_weighted_w10_d0.25,216.9169553019996,65.39252554092883,362,2.1316404944871366,319,,
0.6,3,demand_argmax_w10_d0,208.3319459660001,62.165844683260936,210,1.1493484797861677,172,,
0.6,3,static,287.62631953300126,96.0996724132977,0,4.14300033411293,620,186.923839,
0.6,3,nearest,271.7543093139976,90.67413571333111,5,7.851653859004343,1175,,
0.6,4,medoid,255.26035611099982,86.48884168137089,5,19.966067186969802,2942,,P0018
0.6,4,rtt_weighted_w10_d0.25,215.44959771099886,65.62470729148286,371,2.029182219205972,299,,
0.6,4,demand_argmax_w10_d0,206.21736923599968,62.87009827689175,186,1.4726840855106889,217,,
0.6,4,static,300.8992698810013,102.10358665795724,0,4.1126569392602645,606,193.697416,
0.6,4,nearest,291.7905032940004,98.8938717455039,4,4.1126569392602645,606,,
0.6,5,medoid,226.28596868299795,76.27742851401554,5,19.96622762580209,2956,,P0006
0.6,5,rtt_weighted_w10_d0.25,215.24000428499915,66.03940373860182,376,2.6950354609929077,399,,
0.6,5,demand_argmax_w10_d0,216.90630812499947,65.20812159709558,210,1.276595744680851,189,,
0.6,5,static,299.6055190299992,101.18389700439042,0,8.274231678486997,1225,188.688177,
0.6,5,nearest,303.0743943929958,102.22261494123607,6,4.228301249577845,626,,
0.6,6,medoid,236.16835855600084,79.90789449254743,5,19.966124661246614,2947,,P0019
0.6,6,rtt_weighted_w10_d0.25,208.7074842830005,63.43760948915989,380,3.997289972899729,590,,
0.6,6,demand_argmax_w10_d0,197.06059973300074,60.222340152439024,198,1.2601626016260163,186,,
0.6,6,static,302.30022699900104,102.40522594817074,0,7.594850948509485,1121,191.861847,
0.6,6,nearest,319.6477424560017,108.18172801897019,4,12.12059620596206,1789,,
0.6,7,medoid,257.05609498500314,86.33427001413665,5,19.96634129922585,2966,,P0017
0.6,7,rtt_weighted_w10_d0.25,224.08259913200038,67.90880744193873,353,2.3157186132615277,344,,
0.6,7,demand_argmax_w10_d0,216.93485798900065,66.01482869303264,190,1.5954224166947155,237,,
0.6,7,static,339.55568582200254,114.29003225244024,0,7.9838438236284075,1186,194.999538,
0.6,7,nearest,317.4522302760025,106.69202034533826,5,7.781891618983507,1156,,
0.6,8,medoid,218.27013813699963,73.08030699664768,5,19.966476701307407,2978,,P0005
0.6,8,rtt_weighted_w10_d0.25,198.35869485299955,60.17209672812605,323,5.088836741535367,759,,
0.6,8,demand_argmax_w10_d0,193.4927468259996,58.634507081796855,192,1.3811599061347637,206,,
0.6,8,static,279.6543947430016,93.74937805665436,0,4.250754274220583,634,180.007151,
0.6,8,nearest,291.0067876819995,97.39978264901106,5,4.244049614482065,633,,
0.6,9,medoid,226.04793421400208,77.00099810334243,5,19.965893587994543,2927,,P0012
0.6,9,rtt_weighted_w10_d0.25,207.88521940599966,63.64474681480218,367,2.298772169167804,337,,
0.6,9,demand_argmax_w10_d0,198.57713235799906,61.39832128308323,189,1.5006821282401093,220,,
0.6,9,static,282.3563911009994,96.30163407264666,0,4.22237380627558,619,191.39632,
0.6,9,nearest,317.09578549799835,107.99965407435198,5,7.9536152796725785,1166,,
0.6,10,medoid,212.34216829899984,70.54089263772455,5,19.966733200266134,3001,,P0010
0.6,10,rtt_weighted_w10_d0.25,194.64339802399985,59.06049463339986,328,4.258150365934797,640,,
0.6,10,demand_argmax_w10_d0,200.86232370499968,60.139513939121755,194,1.224218230206254,184,,
0.6,10,static,311.4759681060021,103.61808652894211,0,4.291417165668662,645,197.013378,
0.6,10,nearest,262.19837093399707,87.08239674351297,5,7.990685296074517,1201,,
0.6,11,medoid,262.19984086599464,87.16679014390407,5,19.966688874083946,2997,,P0010
0.6,11,rtt_weighted_w10_d0.25,212.76330972600005,63.817777575283145,379,2.3384410393071287,351,,
0.6,11,demand_argmax_w10_d0,209.98190776200033,63.21012430979347,183,1.2858094603597603,193,,
0.6,11,static,312.4350405019984,104.07562974750167,0,7.734843437708195,1161,190.037967,
0.6,11,nearest,305.8037142619994,100.19890818221187,39,4.023984010659561,604,,
0.6,12,medoid,230.5154211580032,76.0590109236616,5,19.966953073364177,3021,,P0014
0.6,12,rtt_weighted_w10_d0.25,199.1738203000009,59.93103349702577,356,3.1394580304031723,475,,
0.6,12,demand_argmax_w10_d0,196.71481277400127,58.92912942630535,191,1.3813615333773959,209,,
0.6,12,static,299.2939231900023,98.90744322207534,0,4.117647058823529,623,186.757214,
0.6,12,nearest,343.2177528590014,113.18983285161929,5,8.070059484467944,1221,,
0.6,13,medoid,241.6123648209974,79.99311785235567,4,19.973457199734572,3010,,P0002
0.6,13,rtt_weighted_w10_d0.25,206.90962900899981,62.20587119873922,367,2.5547445255474455,385,,
0.6,13,demand_argmax_w10_d0,197.2041336060003,59.23933775381553,206,1.1877903118779032,179,,
0.6,13,static,288.8372450120001,95.83186629462509,0,4.080955540809556,615,194.766677,
0.6,13,nearest,310.96908484199963,102.11088403782348,23,5.75315195753152,867,,
0.6,14,medoid,282.5972026920001,92.51410717967212,4,19.97377049180328,3046,,P0003
0.6,14,rtt_weighted_w10_d0.25,226.5144131120003,67.21249846557377,357,2.1704918032786886,331,,
0.6,14,demand_argmax_w10_d0,212.9093628369995,63.82230558426229,176,1.2327868852459016,188,,
0.6,14,static,314.4354453500016,103.09358863934426,0,4.150819672131147,633,196.742674,
0.6,14,nearest,339.93728092600026,111.27967096393444,5,7.921311475409836,1208,,
0.6,15,medoid,230.89331948099783,76.27189216975512,5,19.9669093315685,3017,,P0016
0.6,15,rtt_weighted_w10_d0.25,213.45948110300006,63.26244508074123,373,2.6340172071475845,398,,
0.6,15,demand_argmax_w10_d0,211.9462247089995,63.10597118365321,199,1.469225678358703,222,,
0.6,15,static,303.514901539001,100.4351097084712,0,8.120450033090668,1227,194.911133,
0.6,15,nearest,332.00464944800075,109.66727144010589,4,4.162806088682991,629,,
0.6,16,medoid,261.6840934849944,84.37669445431062,4,19.974168550209882,3093,,P0011
0.6,16,rtt_weighted_w10_d0.25,200.9321541609997,58.438008867290925,339,2.150468195027446,333,,
0.6,16,demand_argmax_w10_d0,195.27618163899987,57.27590171714562,182,1.130125928317727,175,,
0.6,16,static,278.3449008859986,89.87565414465612,0,7.749434937035842,1200,187.034514,
0.6,16,nearest,298.3165726620005,96.16157537552469,5,4.145947691314175,642,,
0.6,17,medoid,194.4437654120011,65.81088406383701,5,19.9660441426146,2940,,P0018
0.6,17,rtt_weighted_w10_d0.25,198.26938405400003,61.25572083056027,343,4.251273344651953,626,,
0.6,17,demand_argmax_w10_d0,201.13711016299987,61.51827563735144,179,1.2563667232597624,185,,
0.6,17,static,332.888663518001,113.03519983633277,0,12.224108658743633,1800,191.935999,
0.6,17,nearest,265.4238419820028,89.99361776129031,4,7.65365025466893,1127,,
0.6,18,medoid,237.57948150999513,78.04263902763158,4,19.973684210526315,3036,,P0019
0.6,18,rtt_weighted_w10_d0.25,207.82528268600052,61.95724305822368,379,2.2828947368421053,347,,
0.6,18,demand_argmax_w10_d0,212.36832337100026,62.48684010921053,201,1.368421052631579,208,,
0.6,18,static,307.85370974699674,101.26766767993422,0,8.092105263157896,1230,183.710146649997,
0.6,18,nearest,312.8408893300003,100.8204034631579,40,6.197368421052632,942,,
0.6,19,medoid,207.36236547499954,69.43627253843572,5,19.96643168848607,2974,,P0020
0.6,19,rtt_weighted_w10_d0.25,210.4166460710001,64.66106128700906,352,5.203088284659282,775,,
0.6,19,demand_argmax_w10_d0,216.75849079599908,64.65867720308829,186,1.3897280966767374,207,,
0.6,19,static,325.27659148899875,109.1898595129238,0,4.055052030882847,604,195.75393,
0.6,19,nearest,308.8387519560001,103.44153873950991,16,7.875125881168178,1173,,
0.6,20,medoid,245.79600658600467,80.60472773464696,4,19.973727422003282,3041,,P0016
0.6,20,rtt_weighted_w10_d0.25,220.93727205600106,64.90981021050904,357,2.7454844006568146,418,,
0.6,20,demand_argmax_w10_d0,211.9388316270008,61.97316491954023,210,1.2807881773399015,195,,
0.6,20,static,320.0704251050015,105.1134401001642,0,4.177339901477833,636,188.818412,
0.6,20,nearest,319.0156128429996,103.79826000591133,33,6.042692939244663,920,,
0.6,21,medoid,251.39565183799763,82.01754864780902,5,19.967298888162198,3053,,P0015
0.6,21,rtt_weighted_w10_d0.25,221.0513112090001,65.55234122596468,366,2.001308044473512,306,,
0.6,21,demand_argmax_w10_d0,218.30993121400027,64.43423944637017,186,1.2295618051013735,188,,
0.6,21,static,339.26444605300026,110.94324592969261,0,4.2119032047089595,644,197.070043,
0.6,21,nearest,306.1612581369996,99.6296019473512,22,7.828646173969915,1197,,
0.6,22,medoid,249.25776490600086,82.7002418095713,4,19.973413094051182,3005,,P0012
0.6,22,rtt_weighted_w10_d0.25,211.91583527100016,64.23034145131273,348,3.722166832834829,560,,
0.6,22,demand_argmax_w10_d0,211.78880989300015,63.60038650714523,190,1.2296444001329345,185,,
0.6,22,static,303.09721117799916,100.7302130867398,0,4.200731139913593,632,196.376444,
0.6,22,nearest,298.24666309400044,98.92152853672317,6,4.187437686939183,630,,
0.6,23,medoid,224.88235755799835,73.39195454509803,5,19.96732026143791,3055,,P0002
0.6,23,rtt_weighted_w10_d0.25,207.9420840279993,61.00269610294117,355,3.627450980392157,555,,
0.6,23,demand_argmax_w10_d0,204.14987529400003,60.31440442777778,195,1.3856209150326797,212,,
0.6,23,static,317.5530949469963,103.7755212245098,0,4.163398692810458,637,194.457226,
0.6,23,nearest,284.20535671199735,92.71527544705883,5,7.6797385620915035,1175,,
0.6,24,medoid,256.13534648000194,88.40349675915688,5,19.96544574982723,2889,,P0015
0.6,24,rtt_weighted_w10_d0.25,210.87339419100002,65.60793068693849,362,1.9004837595024189,275,,
0.6,24,demand_argmax_w10_d0,201.43019900499962,62.40773172563925,183,1.2093987560469939,175,,
0.6,24,static,286.0225591420003,98.83295063648929,0,4.187975120939876,606,184.18585,
0.6,24,nearest,283.1162104869967,96.96029940877679,44,6.883206634416034,996,,
0.6,25,medoid,226.16537655900424,77.8498081880813,4,19.97244230106786,2899,,P0002
0.6,25,rtt_weighted_w10_d0.25,196.27758870100038,61.37748021770582,340,2.2528418877023766,327,,
0.6,25,demand_argmax_w10_d0,195.8709875879995,60.75619419290389,176,1.253875301412332,182,,
0.6,25,static,284.21915935900125,97.90532530451257,0,4.12676541508784,599,189.465833,
0.6,25,nearest,271.7537171279984,93.45816949431624,5,4.119875990354805,598,,
0.6,26,medoid,271.76409672499716,88.85961653647365,5,19.967288191036964,3052,,P0010
0.6,26,rtt_weighted_w10_d0.25,226.75425566099938,67.07136117239124,368,2.5188092901537456,385,,
0.6,26,demand_argmax_w10_d0,216.1972534469999,63.64646677134446,195,1.2692181877657835,194,,
0.6,26,static,331.9605856840007,108.59031262152436,0,4.331043506705921,662,196.881824,
0.6,26,nearest,339.79442313700065,111.01213657114818,4,4.324501144913314,661,,
0.6,27,medoid,225.8657296529981,75.98109369710242,5,19.966307277628033,2963,,P0013
0.6,27,rtt_weighted_w10_d0.25,211.53219698399982,64.33661609602426,355,3.4703504043126685,515,,
0.6,27,demand_argmax_w10_d0,212.2946217319999,64.27919245956873,197,1.1522911051212938,171,,
0.6,27,static,308.5474695790008,103.95804231098384,0,4.171159029649596,619,184.186024,
0.6,27,nearest,309.1003269490011,103.56267582378706,18,5.505390835579514,817,,
0.6,28,medoid,200.5980505560016,66.46912384439284,5,19.966821499668217,3009,,P0015
0.6,28,rtt_weighted_w10_d0.25,198.54379987600038,59.69468956702057,348,4.850696748506968,731,,
0.6,28,demand_argmax_w10_d0,208.98509587500033,62.42616566987392,186,1.2475116124751162,188,,
0.6,28,static,348.73842094999975,115.70617815195753,0,8.07564698075647,1217,190.4434969499991,
0.6,28,nearest,334.43255484000406,110.50568726741871,14,4.930325149303252,743,,
0.6,29,medoid,219.914675795,71.68453398889977,4,19.973881815213844,3059,,P0010
0.6,29,rtt_weighted_w10_d0.25,207.9312760850003,61.10317611883774,389,5.008161932745674,767,,
0.6,29,demand_argmax_w10_d0,199.9705040390002,58.846791009794316,192,1.3320274240940255,204,,
0.6,29,static,292.4981029300009,95.4939937740777,0,7.894221351616062,1209,186.238844,
0.6,29,nearest,286.8287169849998,93.5279703956905,4,4.25726412014365,652,,
0.6,30,medoid,251.78869386800244,85.69690879338562,5,19.965905216501874,2928,,P0014
0.6,30,rtt_weighted_w10_d0.25,218.61631515899956,67.69798379202183,344,2.679849982952608,393,,
0.6,30,demand_argmax_w10_d0,218.37321458400004,66.56598948823729,197,1.3842482100238662,203,,
0.6,30,static,304.07558973400063,103.67391399045346,0,7.984998295260825,1171,189.082593,
0.6,30,nearest,289.5164709040024,98.30090101295602,12,11.585407432662802,1699,,
0.5,1,medoid,226.29364197000078,73.6180462705078,4,19.973958333333336,3068,,P0008
0.5,1,rtt_weighted_w10_d0.25,217.76117641700068,63.79952215950521,388,2.75390625,423,,
0.5,1,demand_argmax_w10_d0,220.7281255750002,63.95519266243489,251,1.328125,204,,
0.5,1,static,286.7868729850007,93.35510188313803,0,7.96875,1224,184.634696,
0.5,1,nearest,299.8362041280017,96.23587637955728,25,4.095052083333334,629,,
0.5,2,medoid,228.65365729700068,74.16345303576072,5,19.96749024707412,3071,,P0016
0.5,2,rtt_weighted_w10_d0.25,241.25808472700086,71.15759947951885,400,5.032509752925877,774,,
0.5,2,demand_argmax_w10_d0,248.29646269600042,71.31638858224967,251,1.261378413524057,194,,
0.5,2,static,297.2693831769987,96.64154199512353,0,8.192457737321195,1260,184.757355,
0.5,2,nearest,277.0626532110006,89.9081666576723,5,7.841352405721716,1206,,
0.5,3,medoid,253.5259553920016,84.56254389542265,4,19.973270965586366,2989,,P0003
0.5,3,rtt_weighted_w10_d0.25,241.6446083819993,72.03797459472102,395,2.3722018042098227,355,,
0.5,3,demand_argmax_w10_d0,241.38890044899966,70.80983217707985,285,1.236217841630471,185,,
0.5,3,static,284.6908800770017,95.11890413531574,0,4.14300033411293,620,191.259772,
0.5,3,nearest,268.8693119419979,89.7102207878383,5,7.851653859004343,1175,,
0.5,4,medoid,252.23160306699978,85.46110057380386,5,19.966067186969802,2942,,P0018
0.5,4,rtt_weighted_w10_d0.25,244.88157428099916,74.0475519952494,403,1.798439090600611,265,,
0.5,4,demand_argmax_w10_d0,229.7746137689995,69.52602473566338,238,1.479470648116729,218,,
0.5,4,static,302.125443395001,102.5196618238887,0,4.1126569392602645,606,193.697416,
0.5,4,nearest,291.9594321569998,98.95119406073974,4,4.1126569392602645,606,,
0.5,5,medoid,222.86362648599786,75.12162230091185,5,19.96622762580209,2956,,P0006
0.5,5,rtt_weighted_w10_d0.25,234.0508137269993,70.58410295001688,399,2.8706518068220195,425,,
0.5,5,demand_argmax_w10_d0,244.58292217499937,72.37780813779129,283,1.337386018237082,198,,
0.5,5,static,296.2204819279994,100.04068960756501,0,8.274231678486997,1225,188.688177,
0.5,5,nearest,298.00100050099684,100.50920937149611,6,4.228301249577845,626,,
0.5,6,medoid,231.56776203700122,78.34942683705962,5,19.966124661246614,2947,,P0019
0.5,6,rtt_weighted_w10_d0.25,228.6444333220008,69.38053136212737,354,4.925474254742547,727,,
0.5,6,demand_argmax_w10_d0,229.8575293660011,68.77869656470189,275,1.2940379403794038,191,,
0.5,6,static,300.4781459170017,101.78798980928185,0,7.594850948509485,1121,191.861847,
0.5,6,nearest,317.89059392100177,107.58648800033876,4,12.12059620596206,1789,,
0.5,7,medoid,260.5061741820026,87.49552184752609,5,19.96634129922585,2966,,P0017
0.5,7,rtt_weighted_w10_d0.25,248.31970338100078,75.43738481790643,376,2.2955233927970378,341,,
0.5,7,demand_argmax_w10_d0,246.04561575300056,73.78985973746212,257,1.6762032985526758,249,,
0.5,7,static,337.79568331000206,113.69763827330864,0,7.9838438236284075,1186,194.999538,
0.5,7,nearest,319.5558705920032,107.4000783446651,5,7.781891618983507,1156,,
0.5,8,medoid,216.62405747199966,72.52848645859872,5,19.966476701307407,2978,,P0005
0.5,8,rtt_weighted_w10_d0.25,226.24194204999978,68.18753153134428,375,4.948038887026483,738,,
0.5,8,demand_argmax_w10_d0,221.73222163799912,66.43442198022126,255,1.3476366074421722,201,,
0.5,8,static,279.5781475400009,93.72381747904792,0,4.250754274220583,634,180.007151,
0.5,8,nearest,289.9540033459994,97.04685461146497,5,4.244049614482065,633,,
0.5,9,medoid,225.28188015300242,76.73972454911323,5,19.965893587994543,2927,,P0012
0.5,9,rtt_weighted_w10_d0.25,224.3561599810004,68.93651670566166,345,3.0354706684856754,445,,
0.5,9,demand_argmax_w10_d0,227.34194781799908,68.45101545804911,248,1.480218281036835,217,,
0.5,9,static,277.59841173299907,94.67885802626195,0,4.22237380627558,619,191.39632,
0.5,9,nearest,317.7099457939983,108.20912211527967,5,7.9536152796725785,1166,,
0.5,10,medoid,209.35451174199963,69.54699491417165,5,19.966733200266134,3001,,P0010
0.5,10,rtt_weighted_w10_d0.25,217.08219593699963,65.64351733300066,343,4.996673320026613,751,,
0.5,10,demand_argmax_w10_d0,233.42864408799878,68.5228238190286,268,1.2974051896207583,195,,
0.5,10,static,313.16280721800103,104.17924391816368,0,4.291417165668662,645,197.013378,
0.5,10,nearest,262.795723583997,87.28111685329343,5,7.990685296074517,1201,,
0.5,11,medoid,262.8457750449945,87.38195809160558,5,19.966688874083946,2997,,P0010
0.5,11,rtt_weighted_w10_d0.25,235.82769459500034,70.4036724407062,391,2.718187874750167,408,,
0.5,11,demand_argmax_w10_d0,245.52052746900037,71.6378514053964,273,1.2858094603597603,193,,
0.5,11,static,311.5811430319989,103.79118688607595,0,7.734843437708195,1161,190.037967,
0.5,11,nearest,309.63883079,101.4764286778814,39,4.023984010659561,604,,
0.5,12,medoid,228.1562653020031,75.27938241870456,5,19.966953073364177,3021,,P0014
0.5,12,rtt_weighted_w10_d0.25,219.85088487500178,65.63407078023795,378,4.091209517514871,619,,
0.5,12,demand_argmax_w10_d0,234.06252186700158,68.77487388003965,245,1.407799074686054,213,,
0.5,12,static,297.87009794500216,98.43691273793787,0,4.117647058823529,623,186.894546,
0.5,12,nearest,339.9187363870009,112.09960929841374,5,8.070059484467944,1221,,
0.5,13,medoid,239.89452057699708,79.42316289416058,4,19.973457199734572,3010,,P0002
0.5,13,rtt_weighted_w10_d0.25,234.935219415,70.08761624950232,411,2.4220305242203053,365,,
0.5,13,demand_argmax_w10_d0,231.92939294000024,67.79600353881884,271,1.1877903118779032,179,,
0.5,13,static,292.2675257519998,96.96998200132714,0,4.080955540809556,615,193.946928,
0.5,13,nearest,307.8416233820005,101.07323922694094,23,5.75315195753152,867,,
0.5,14,medoid,283.181585857999,92.70570821770491,4,19.97377049180328,3046,,P0003
0.5,14,rtt_weighted_w10_d0.25,262.81638617400046,77.05265737475409,384,2.380327868852459,363,,
0.5,14,demand_argmax_w10_d0,256.7107050739994,74.78844993770493,250,1.1475409836065573,175,,
0.5,14,static,318.20889197800193,104.33078425508197,0,4.150819672131147,633,196.742674,
0.5,14,nearest,337.3321831530003,110.42554054655737,5,7.921311475409836,1208,,
0.5,15,medoid,232.25799143699766,76.72347124189278,5,19.9669093315685,3017,,P0016
0.5,15,rtt_weighted_w10_d0.25,246.30298054999957,72.83520026439444,416,3.2627399073461287,493,,
0.5,15,demand_argmax_w10_d0,251.69715336799933,72.69134818398412,296,1.4890800794176042,225,,
0.5,15,static,308.9857091300006,102.24543650893447,0,8.120450033090668,1227,194.911133,
0.5,15,nearest,335.275021369001,110.74945936896094,4,4.162806088682991,629,,
0.5,16,medoid,261.4539165159941,84.30237189409105,4,19.974168550209882,3093,,P0011
0.5,16,rtt_weighted_w10_d0.25,223.40401988800005,64.66853133548595,380,2.337746206005812,362,,
0.5,16,demand_argmax_w10_d0,225.8566060779998,65.42137190958992,236,1.272198902163384,197,,
0.5,16,static,281.01548124499897,90.73796617533095,0,7.749434937035842,1200,187.034514,
0.5,16,nearest,301.70169495500005,97.25460808233775,5,4.145947691314175,642,,
0.5,17,medoid,194.2761507180005,65.75396905738539,5,19.9660441426146,2940,,P0018
0.5,17,rtt_weighted_w10_d0.25,209.9478709550005,64.37133433344653,376,4.99830220713073,736,,
0.5,17,demand_argmax_w10_d0,229.240747631,68.63064602750426,263,1.2563667232597624,185,,
0.5,17,static,334.76772786200064,113.6732522451613,0,12.224108658743633,1800,191.935999,
0.5,17,nearest,268.3012157080025,90.97065468013582,4,7.65365025466893,1127,,
0.5,18,medoid,243.59860409199524,80.02261356118422,4,19.973684210526315,3036,,P0019
0.5,18,rtt_weighted_w10_d0.25,239.03807256000056,70.52095959210526,418,2.2697368421052633,345,,
0.5,18,demand_argmax_w10_d0,246.32412976600077,71.24931191151316,262,1.25,190,,
0.5,18,static,311.9973276789968,102.63069989440788,0,8.092105263157896,1230,183.163229,
0.5,18,nearest,315.0047214759997,101.53219035328948,40,6.197368421052632,942,,
0.5,19,medoid,203.60257292999958,68.17417366465257,5,19.96643168848607,2974,,P0020
0.5,19,rtt_weighted_w10_d0.25,225.88135596799992,69.31731845485062,370,6.069150721718698,904,,
0.5,19,demand_argmax_w10_d0,243.47996299199949,73.03011312084593,222,1.4501510574018128,216,,
0.5,19,static,324.73314496799816,109.0074336918429,0,4.055052030882847,604,195.75393,
0.5,19,nearest,306.6862461019991,102.7189788690836,16,7.875125881168178,1173,,
0.5,20,medoid,249.60876918100482,81.8568665178982,4,19.973727422003282,3041,,P0016
0.5,20,rtt_weighted_w10_d0.25,250.6390111910016,72.58545248998358,433,3.251231527093596,495,,
0.5,20,demand_argmax_w10_d0,244.47756677300066,71.18460506535304,264,1.4252873563218391,217,,
0.5,20,static,320.1247672650017,105.13128645812807,0,4.177339901477833,636,188.818412,
0.5,20,nearest,318.4138296190008,103.60063004729064,33,6.042692939244663,920,,
0.5,21,medoid,249.32165070299735,81.33932721713539,5,19.967298888162198,3053,,P0015
0.5,21,rtt_weighted_w10_d0.25,245.235605848,72.81607224002616,388,2.583387835186396,395,,
0.5,21,demand_argmax_w10_d0,249.87266868900014,72.18930749803793,265,1.4257684761281884,218,,
0.5,21,static,339.4343847230003,110.99881776422498,0,4.2119032047089595,644,197.070043,
0.5,21,nearest,303.75420988599893,98.84247040680182,22,7.828646173969915,1197,,
0.5,22,medoid,247.2342019780013,82.0277383439681,4,19.973413094051182,3005,,P0012
0.5,22,rtt_weighted_w10_d0.25,233.835815008001,70.81084042804919,386,3.954802259887006,595,,
0.5,22,demand_argmax_w10_d0,248.19260176300014,72.43613884878697,273,1.2163509471585245,183,,
0.5,22,static,296.6774078849994,98.59667925722832,0,4.200731139913593,632,196.376444,
0.5,22,nearest,294.43675920300046,97.6553590814224,6,4.187437686939183,630,,
0.5,23,medoid,225.22478841399797,73.50386005359478,5,19.96732026143791,3055,,P0002
0.5,23,rtt_weighted_w10_d0.25,228.66920334699884,67.32494111666666,381,5.006535947712418,766,,
0.5,23,demand_argmax_w10_d0,232.14595595599977,67.95663274869281,240,1.3725490196078431,210,,
0.5,23,static,313.51649949499637,102.45637238398693,0,4.163398692810458,637,194.89973,
0.5,23,nearest,286.98837164399794,93.6247574509804,5,7.6797385620915035,1175,,
0.5,24,medoid,256.3524619330023,88.47851937595024,5,19.96544574982723,2889,,P0015
0.5,24,rtt_weighted_w10_d0.25,230.2862655589998,71.5605045366275,388,2.3842432619212164,345,,
0.5,24,demand_argmax_w10_d0,226.33264135399975,69.76563392052523,227,1.3821700069108502,200,,
0.5,24,static,287.6966768439995,99.41142945542502,0,4.187975120939876,606,186.447964,
0.5,24,nearest,281.14502386599685,96.27917065238425,44,6.883206634416034,996,,
0.5,25,medoid,225.95993551500428,77.77903965759559,4,19.97244230106786,2899,,P0002
0.5,25,rtt_weighted_w10_d0.25,228.3785058520001,70.37958808852912,392,2.7213227695487427,395,,
0.5,25,demand_argmax_w10_d0,232.65541380999983,70.63365672855667,260,1.3089906992766103,190,,
0.5,25,static,286.6745774380014,98.75114620668275,0,4.12676541508784,599,192.646833,
0.5,25,nearest,267.8418314919987,92.11063741164313,5,4.119875990354805,598,,
0.5,26,medoid,267.24043188599813,87.37984393621197,5,19.967288191036964,3052,,P0010
0.5,26,rtt_weighted_w10_d0.25,249.9874582699983,74.23293303696434,396,3.4216552175335297,523,,
0.5,26,demand_argmax_w10_d0,257.6948958349993,74.26923878508342,274,1.3280994438992477,203,,
0.5,26,static,332.44051802500053,108.74730717206411,0,4.331043506705921,662,196.881824,
0.5,26,nearest,342.18614491,111.79451202845928,4,4.324501144913314,661,,
0.5,27,medoid,220.92715751999847,74.31715429919137,5,19.966307277628033,2963,,P0013
0.5,27,rtt_weighted_w10_d0.25,235.92791853900047,70.90612677695418,390,4.110512129380054,610,,
0.5,27,demand_argmax_w10_d0,243.28750125400006,72.3209619009434,277,1.1994609164420484,178,,
0.5,27,static,305.7126933740004,103.00292903436659,0,4.171159029649596,619,184.186024,
0.5,27,nearest,305.4024981660016,102.31677663814015,18,5.505390835579514,817,,
0.5,28,medoid,202.5116996890018,67.10404392833445,5,19.966821499668217,3009,,P0015
0.5,28,rtt_weighted_w10_d0.25,209.3387856390004,62.978042971798274,346,5.879230258792303,886,,
0.5,28,demand_argmax_w10_d0,242.25931301600085,71.48419934007963,241,1.3337757133377572,201,,
0.5,28,static,344.2336656160006,114.21156788852025,0,8.07564698075647,1217,197.117162,
0.5,28,nearest,333.5024461980043,110.19709116854679,14,4.930325149303252,743,,
0.5,29,medoid,220.95694534700007,72.02481134835129,4,19.973881815213844,3059,,P0010
0.5,29,rtt_weighted_w10_d0.25,225.59473657599935,66.27290499412341,369,5.8047665687234735,889,,
0.5,29,demand_argmax_w10_d0,230.5038474099996,67.21538429840027,241,1.3189683317009466,202,,
0.5,29,static,291.4278863140008,95.14459233235391,0,7.894221351616062,1209,186.238844,
0.5,29,nearest,287.0916307459994,93.61380577309826,4,4.25726412014365,652,,
0.5,30,medoid,253.69375889800253,86.3464365908626,5,19.965905216501874,2928,,P0014
0.5,30,rtt_weighted_w10_d0.25,243.48310646199977,74.78909985987043,355,2.570746675758609,377,,
0.5,30,demand_argmax_w10_d0,251.7316940920003,75.84370580634163,247,1.3842482100238662,203,,
0.5,30,static,303.8465634580006,103.59582797749745,0,7.984998295260825,1171,189.082593,
0.5,30,nearest,289.65641269600144,98.34861386396183,12,11.585407432662802,1699,,
0.4,1,medoid,227.6988177200005,74.0754602516276,4,19.973958333333336,3068,,P0008
0.4,1,rtt_weighted_w100_d0.25,234.94192140500144,74.44782246223959,93,6.328125,972,,
0.4,1,demand_argmax_w10_d0.25,244.51184537700007,72.81800955533855,225,1.5169270833333335,233,,
0.4,1,static,287.8700612150004,93.70770221842447,0,7.96875,1224,184.634696,
0.4,1,nearest,296.6549578290006,95.20031443326822,25,4.095052083333334,629,,
0.4,2,medoid,230.23768824900057,74.67841758452536,5,19.96749024707412,3071,,P0016
0.4,2,rtt_weighted_w100_d0.25,228.9532439770015,73.71212378055917,45,11.462938881664499,1763,,
0.4,2,demand_argmax_w10_d0.25,276.76491820000103,81.7929500796489,226,1.2548764629388816,193,,
0.4,2,static,298.08916191399896,96.90805003706112,0,8.192457737321195,1260,184.757355,
0.4,2,nearest,275.3207345940008,89.34187321911574,5,7.841352405721716,1206,,
0.4,3,medoid,261.50438350100137,87.2282398890745,4,19.973270965586366,2989,,P0003
0.4,3,rtt_weighted_w100_d0.25,276.23908616699794,89.11271045272304,115,4.316739057801537,646,,
0.4,3,demand_argmax_w10_d0.25,265.92970992299973,79.83751712195122,260,1.2829936518543268,192,,
0.4,3,static,289.2087486590012,96.62838244537252,0,4.14300033411293,620,186.923839,
0.4,3,nearest,272.9441991919974,91.07169330704977,5,7.851653859004343,1175,,
0.4,4,medoid,254.2319465279998,86.13987338038683,5,19.966067186969802,2942,,P0018
0.4,4,rtt_weighted_w100_d0.25,284.56299766400053,92.22182925178147,152,5.178147268408551,763,,
0.4,4,demand_argmax_w10_d0.25,271.4116268889996,83.79271795724466,238,1.465897522904649,216,,
0.4,4,static,300.349003125001,101.91686566847642,0,4.1126569392602645,606,193.697416,
0.4,4,nearest,290.5052039310001,98.45773351577876,4,4.1126569392602645,606,,
0.4,5,medoid,227.02701359699805,76.52769697534616,5,19.96622762580209,2956,,P0006
0.4,5,rtt_weighted_w100_d0.25,247.50030260699913,80.26449019182708,110,10.327592029719689,1529,,
0.4,5,demand_argmax_w10_d0.25,267.6011940599997,81.46336070043904,247,1.310368118878757,194,,
0.4,5,static,302.5436675339992,102.17617951165147,0,8.274231678486997,1225,188.688177,
0.4,5,nearest,297.6054374179978,100.37561832691658,6,4.228301249577845,626,,
0.4,6,medoid,234.8656483690012,79.46659700372629,5,19.966124661246614,2947,,P0019
0.4,6,rtt_weighted_w100_d0.25,245.42770327499994,79.8397930558943,106,9.613821138211382,1419,,
0.4,6,demand_argmax_w10_d0.25,255.46412645900156,78.47921312059621,237,1.619241192411924,239,,
0.4,6,static,305.1247085090018,103.36202862771003,0,7.594850948509485,1121,191.861847,
0.4,6,nearest,321.3865791400009,108.77076483604337,4,12.12059620596206,1789,,
0.4,7,medoid,256.85520519000283,86.2666531191518,5,19.96634129922585,2966,,P0017
0.4,7,rtt_weighted_w100_d0.25,277.5484323950027,90.24437357455403,131,6.509592729720632,967,,
0.4,7,demand_argmax_w10_d0.25,284.9470036520012,86.78649328441603,250,1.6223493773140356,241,,
0.4,7,static,345.1890394930015,116.18614590811175,0,7.9838438236284075,1186,194.443616,
0.4,7,nearest,321.1081328200024,107.92254964321778,5,7.781891618983507,1156,,
0.4,8,medoid,213.95153673899983,71.63256935065371,5,19.966476701307407,2978,,P0005
0.4,8,rtt_weighted_w100_d0.25,223.88007455100043,73.22455498960778,56,11.250419041233657,1678,,
0.4,8,demand_argmax_w10_d0.25,252.86142039399985,77.18989853536708,240,1.3275226282266175,198,,
0.4,8,static,278.35845461700137,93.31493617733825,0,4.250754274220583,634,180.007151,
0.4,8,nearest,286.81730151699975,95.99532868823333,5,4.244049614482065,633,,
0.4,9,medoid,223.48607052500213,76.12723831855389,5,19.965893587994543,2927,,P0012
0.4,9,rtt_weighted_w100_d0.25,239.69358539700147,79.57934762653478,93,10.34106412005457,1516,,
0.4,9,demand_argmax_w10_d0.25,261.77838887299885,80.9758868175307,234,1.4256480218281038,209,,
0.4,9,static,275.8730411449995,94.09039602489769,0,4.22237380627558,619,191.39632,
0.4,9,nearest,310.3891982749971,105.71227780457026,5,7.9536152796725785,1166,,
0.4,10,medoid,210.17940891199956,69.82141180372588,5,19.966733200266134,3001,,P0010
0.4,10,rtt_weighted_w100_d0.25,214.25720250799944,69.70749829507652,82,11.051230871590151,1661,,
0.4,10,demand_argmax_w10_d0.25,267.3554587859986,81.15870305888224,233,1.2042581503659346,181,,
0.4,10,static,310.9186468630013,103.43268358715902,0,4.291417165668662,645,197.013378,
0.4,10,nearest,264.9542404519978,87.99918633699268,5,7.990685296074517,1201,,
0.4,11,medoid,260.5545767789955,86.61873415223184,5,19.966688874083946,2997,,P0010
0.4,11,rtt_weighted_w100_d0.25,262.37223013999954,84.8808578754164,105,6.122584943371086,919,,
0.4,11,demand_argmax_w10_d0.25,271.7266112860001,81.83585812791472,230,1.2524983344437042,188,,
0.4,11,static,308.86923063199885,102.88781833177882,0,7.734843437708195,1161,190.037967,
0.4,11,nearest,302.7214503479998,99.17217136875416,39,4.023984010659561,604,,
0.4,12,medoid,228.94524046400417,75.54011446166557,5,19.966953073364177,3021,,P0014
0.4,12,rtt_weighted_w100_d0.25,237.0261144320027,76.05805308625249,98,8.777263714474554,1328,,
0.4,12,demand_argmax_w10_d0.25,268.34774987300176,80.28021771480503,243,1.4276272306675477,216,,
0.4,12,static,299.36763239500203,98.93180184897555,0,4.117647058823529,623,186.757214,
0.4,12,nearest,336.7097468240014,111.03913687177793,5,8.070059484467944,1221,,
0.4,13,medoid,237.8693392819971,78.75123811147976,4,19.973457199734572,3010,,P0002
0.4,13,rtt_weighted_w100_d0.25,253.34491788299832,81.57986818779031,106,7.876575978765761,1187,,
0.4,13,demand_argmax_w10_d0.25,259.93924922699983,78.1311936725282,252,1.3934970139349703,210,,
0.4,13,static,288.26993913100017,95.64364271101527,0,4.080955540809556,615,193.946928,
0.4,13,nearest,308.94030201899994,101.43776432216323,23,5.75315195753152,867,,
0.4,14,medoid,283.6168952299992,92.8484326019672,4,19.97377049180328,3046,,P0003
0.4,14,rtt_weighted_w100_d0.25,290.70786602499925,92.04921253344261,116,3.7442622950819673,571,,
0.4,14,demand_argmax_w10_d0.25,279.048330253,83.27509219868853,246,1.3442622950819672,205,,
0.4,14,static,313.039913398001,102.63603717967213,0,4.150819672131147,633,196.742674,
0.4,14,nearest,337.4957721670014,110.47917628885247,5,7.921311475409836,1208,,
0.4,15,medoid,235.26806595199758,77.71952501919259,5,19.9669093315685,3017,,P0016
0.4,15,rtt_weighted_w100_d0.25,240.66225707699886,77.81032836234283,88,8.908007941760424,1346,,
0.4,15,demand_argmax_w10_d0.25,280.24391035399907,83.49741774784911,253,1.6082064857710126,243,,
0.4,15,static,308.5726580640005,102.10875515023164,0,8.120450033090668,1227,194.911133,
0.4,15,nearest,332.7718634690003,109.92114768795498,4,4.162806088682991,629,,
0.4,16,medoid,260.62727894199384,84.03545630674847,4,19.974168550209882,3093,,P0011
0.4,16,rtt_weighted_w100_d0.25,262.0289749679989,82.22867418534065,107,4.346141427187601,673,,
0.4,16,demand_argmax_w10_d0.25,263.50623559099927,77.53563268195028,232,1.3948982886664514,216,,
0.4,16,static,279.2309531629986,90.16175433096545,0,7.749434937035842,1200,187.034514,
0.4,16,nearest,298.80746802200014,96.32008211107524,5,4.145947691314175,642,,
0.4,17,medoid,193.92069862300116,65.63327225093379,5,19.9660441426146,2940,,P0018
0.4,17,rtt_weighted_w100_d0.25,201.94329147100117,67.71167223123939,56,12.950764006791172,1907,,
0.4,17,demand_argmax_w10_d0.25,254.16664618100037,78.05045236400679,238,1.5212224108658743,224,,
0.4,17,static,332.2613422660011,112.82218752665534,0,12.224108658743633,1800,191.935999,
0.4,17,nearest,268.54203827600185,91.05242804787775,4,7.65365025466893,1127,,
0.4,18,medoid,242.69509804299486,79.72540762401316,4,19.973684210526315,3036,,P0019
0.4,18,rtt_weighted_w100_d0.25,253.15309043799732,81.30259391776316,111,6.5394736842105265,994,,
0.4,18,demand_argmax_w10_d0.25,273.214050954,81.1753205875,243,1.361842105263158,207,,
0.4,18,static,311.40845860199676,102.4369929611842,0,8.092105263157896,1230,183.163229,
0.4,18,nearest,314.0990859270009,101.23428392269737,40,6.197368421052632,942,,
0.4,19,medoid,209.35807201499986,70.1061975266868,5,19.96643168848607,2974,,P0020
0.4,19,rtt_weighted_w100_d0.25,217.00277117699991,72.21827470191339,38,17.56965424639141,2617,,
0.4,19,demand_argmax_w10_d0.25,281.5289407159991,85.53447286136287,224,1.5441423296408192,230,,
0.4,19,static,319.7375848959991,107.33050852500838,0,4.055052030882847,604,195.75393,
0.4,19,nearest,305.0971312419993,102.18553984256462,16,7.875125881168178,1173,,
0.4,20,medoid,251.11391545200482,82.35116742791462,4,19.973727422003282,3041,,P0016
0.4,20,rtt_weighted_w100_d0.25,261.7683479580027,83.2777082315271,85,9.155993431855501,1394,,
0.4,20,demand_argmax_w10_d0.25,271.1083004180008,81.3742167497537,238,1.477832512315271,225,,
0.4,20,static,321.3917100690015,105.54735962857144,0,4.177339901477833,636,188.818412,
0.4,20,nearest,319.5374227520001,103.9696261500821,33,6.042692939244663,920,,
0.4,21,medoid,252.0066565289978,82.21735397514716,5,19.967298888162198,3053,,P0015
0.4,21,rtt_weighted_w100_d0.25,269.4673756860019,85.24486948626553,120,4.2184434270765205,645,,
0.4,21,demand_argmax_w10_d0.25,290.93670826600027,86.15325406867233,240,1.4715500327011117,225,,
0.4,21,static,336.0044100619996,109.87717791432308,0,4.2119032047089595,644,197.070043,
0.4,21,nearest,304.86522500099863,99.20578470209287,22,7.828646173969915,1197,,
0.4,22,medoid,245.45177044700142,81.43537160053174,4,19.973413094051182,3005,,P0012
0.4,22,rtt_weighted_w100_d0.25,276.77109391200247,88.75895371053507,136,8.295114656031904,1248,,
0.4,22,demand_argmax_w10_d0.25,274.4512393540007,82.74620355832502,237,1.3692256563642407,206,,
0.4,22,static,295.02717980800037,98.04824852376204,0,4.200731139913593,632,196.376444,
0.4,22,nearest,291.0609366140002,96.53345061050183,6,4.187437686939183,630,,
0.4,23,medoid,223.30780080199818,72.8773935137255,5,19.96732026143791,3055,,P0002
0.4,23,rtt_weighted_w100_d0.25,235.86056049699874,75.85424459150327,62,12.92156862745098,1977,,
0.4,23,demand_argmax_w10_d0.25,275.81755784499893,81.55666928627451,234,1.2287581699346406,188,,
0.4,23,static,312.7898498719961,102.2189051869281,0,4.163398692810458,637,194.457226,
0.4,23,nearest,287.634985764998,93.83606925522876,5,7.6797385620915035,1175,,
0.4,24,medoid,258.91226112000186,89.36303879094679,5,19.96544574982723,2889,,P0015
0.4,24,rtt_weighted_w100_d0.25,265.7665582329987,87.7608233113338,145,3.9806496199032484,576,,
0.4,24,demand_argmax_w10_d0.25,259.73181751799916,81.48641312093987,227,1.4720110573600553,213,,
0.4,24,static,283.7916157250002,98.06206486696613,0,4.187975120939876,606,186.447964,
0.4,24,nearest,285.7403415789973,97.86704823116794,44,6.883206634416034,996,,
0.4,25,medoid,228.83639779400434,78.7698981760248,4,19.97244230106786,2899,,P0002
0.4,25,rtt_weighted_w100_d0.25,243.10956607700095,81.683200281433,110,6.172924560799173,896,,
0.4,25,demand_argmax_w10_d0.25,271.6591767290007,84.18838460420254,247,1.5776782638649671,229,,
0.4,25,static,286.1878879230021,98.58349566758525,0,4.12676541508784,599,192.646833,
0.4,25,nearest,276.2115231649981,94.9937554526352,5,4.119875990354805,598,,
0.4,26,medoid,272.7067480209977,89.16797482760877,5,19.967288191036964,3052,,P0010
0.4,26,rtt_weighted_w100_d0.25,288.91093629699753,92.34076434478247,104,5.95354923127249,910,,
0.4,26,demand_argmax_w10_d0.25,289.9958490239998,86.37393660484136,240,1.3542688910696763,207,,
0.4,26,static,330.7416913710004,108.19159024239451,0,4.331043506705921,662,196.881824,
0.4,26,nearest,341.4639497070004,111.55826891331371,4,4.324501144913314,661,,
0.4,27,medoid,217.99761354899886,73.33011118227762,5,19.966307277628033,2963,,P0013
0.4,27,rtt_weighted_w100_d0.25,236.67569890999928,78.25429973652291,64,14.278975741239892,2119,,
0.4,27,demand_argmax_w10_d0.25,277.58045269200034,84.44133684568733,239,1.3477088948787062,200,,
0.4,27,static,310.7178995620007,104.68931925943396,0,4.171159029649596,619,189.703787,
0.4,27,nearest,307.1892275650008,102.91877441408356,18,5.505390835579514,817,,
0.4,28,medoid,201.62155430600163,66.80870703948241,5,19.966821499668217,3009,,P0015
0.4,28,rtt_weighted_w100_d0.25,217.2492771200006,69.81676821831454,90,14.021234240212344,2113,,
0.4,28,demand_argmax_w10_d0.25,277.4411702120007,82.77872676177837,249,1.5063039150630393,227,,
0.4,28,static,343.1867819050007,113.86422757299269,0,8.07564698075647,1217,197.117162,
0.4,28,nearest,331.75376837500295,109.61690609124088,14,4.930325149303252,743,,
0.4,29,medoid,221.75107582599978,72.28407693078681,4,19.973881815213844,3059,,P0010
0.4,29,rtt_weighted_w100_d0.25,243.96955043099902,77.99728045119164,69,12.451844596800521,1907,,
0.4,29,demand_argmax_w10_d0.25,262.2221254299997,78.14325151550767,227,1.4495592556317336,222,,
0.4,29,static,288.4453536910007,94.1708631051257,0,7.894221351616062,1209,186.238844,
0.4,29,nearest,287.2172392399991,93.6548140963108,4,4.25726412014365,652,,
0.4,30,medoid,252.09330780300255,85.80076625502899,5,19.965905216501874,2928,,P0014
0.4,30,rtt_weighted_w100_d0.25,265.7507756069992,87.47907183293556,94,5.441527446300716,798,,
0.4,30,demand_argmax_w10_d0.25,292.52233554499975,89.33246667405386,265,1.3365155131264916,196,,
0.4,30,static,303.70648359600017,103.54806805182407,0,7.984998295260825,1171,189.082593,
0.4,30,nearest,290.4904291700019,98.6329699751108,12,11.585407432662802,1699,,
0.3,1,medoid,227.26369766800102,73.93381960970052,4,19.973958333333336,3068,,P0008
0.3,1,rtt_weighted_w100_d0.25,236.8631932240015,74.72666151692708,100,6.920572916666667,1063,,
0.3,1,demand_argmax_w10_d1,274.54151547100105,82.3575607718099,234,1.7643229166666667,271,,
0.3,1,static,288.1196738240016,93.78895632291666,0,7.96875,1224,184.634696,
0.3,1,nearest,304.50989794600184,97.7572610859375,25,4.095052083333334,629,,
0.3,2,medoid,229.70092557500064,74.50391736540962,5,19.96749024707412,3071,,P0016
0.3,2,rtt_weighted_w100_d0.25,235.8422953870009,75.60677482184656,56,12.184655396618984,1874,,
0.3,2,demand_argmax_w10_d1,311.7875711560006,92.69212802990897,244,1.4759427828348504,227,,
0.3,2,static,300.7401716919995,97.76988676592978,0,8.192457737321195,1260,184.757355,
0.3,2,nearest,277.9532804480004,90.19770737191156,5,7.841352405721716,1206,,
0.3,3,medoid,252.3614516640013,84.17346814266622,4,19.973270965586366,2989,,P0003
0.3,3,rtt_weighted_w100_d0.25,268.9552343819983,86.59600886401604,141,5.299031072502506,793,,
0.3,3,demand_argmax_w10_d1,302.60565082899944,91.40212225927164,271,1.677246909455396,251,,
0.3,3,static,286.57118052200093,95.7471368265954,0,4.14300033411293,620,191.259772,
0.3,3,nearest,279.0055489869971,93.09686864784497,5,7.851653859004343,1175,,
0.3,4,medoid,256.8689144629992,87.03467077943671,5,19.966067186969802,2942,,P0018
0.3,4,rtt_weighted_w100_d0.25,282.33121231700045,92.10888137258229,128,6.63047166610112,977,,
0.3,4,demand_argmax_w10_d1,289.82630885400056,90.43153182456736,229,1.8391584662368512,271,,
0.3,4,static,300.5731444510007,101.99292312555141,0,4.1126569392602645,606,193.36836700000003,
0.3,4,nearest,296.13188736400014,100.3670254848999,4,4.1126569392602645,606,,
0.3,5,medoid,226.47920459999787,76.34268887098953,5,19.96622762580209,2956,,P0006
0.3,5,rtt_weighted_w100_d0.25,248.0625766469987,81.03823946133063,106,11.27321850726106,1669,,
0.3,5,demand_argmax_w10_d1,302.9663331929995,92.85676711482607,260,1.9317798041202294,286,,
0.3,5,static,307.28714391699896,103.77816410570752,0,8.274231678486997,1225,188.688177,
0.3,5,nearest,295.16326402299796,99.55083838939547,6,4.228301249577845,626,,
0.3,6,medoid,234.9870466480012,79.50772108197832,5,19.966124661246614,2947,,P0019
0.3,6,rtt_weighted_w100_d0.25,254.38799589900074,82.79924911585366,131,9.613821138211382,1419,,
0.3,6,demand_argmax_w10_d1,299.04573392200075,92.15548012872628,252,1.6666666666666667,246,,
0.3,6,static,305.0843823620004,103.34836800880758,0,7.594850948509485,1121,191.861847,
0.3,6,nearest,324.4130864020015,109.79600442344174,4,12.12059620596206,1789,,
0.3,7,medoid,259.486852179002,87.15243130461124,5,19.96634129922585,2966,,P0017
0.3,7,rtt_weighted_w100_d0.25,278.50706752700324,91.12680876068663,112,6.778862335913833,1007,,
0.3,7,demand_argmax_w10_d1,321.6451559650009,98.38984138303601,258,1.5213732749915851,226,,
0.3,7,static,346.65031386200116,116.67799187546281,0,7.9838438236284075,1186,194.999538,
0.3,7,nearest,316.9238292280028,106.51416741770448,5,7.781891618983507,1156,,
0.3,8,medoid,213.16751849100024,71.36974057157225,5,19.966476701307407,2978,,P0005
0.3,8,rtt_weighted_w100_d0.25,228.47655387200075,74.29098515521287,72,13.308749580958766,1985,,
0.3,8,demand_argmax_w10_d1,284.62847074499945,87.95445008716058,235,1.9979886020784445,298,,
0.3,8,static,280.7823108150012,94.12749273047267,0,4.250754274220583,634,180.007151,
0.3,8,nearest,291.02658976999913,97.40642096211866,5,4.244049614482065,633,,
0.3,9,medoid,223.4777699310022,76.12440728376535,5,19.965893587994543,2927,,P0012
0.3,9,rtt_weighted_w100_d0.25,236.09839058700135,78.98881643553888,82,11.377899045020465,1668,,
0.3,9,demand_argmax_w10_d1,278.2822672409987,87.08665940177355,232,1.7394270122783084,255,,
0.3,9,static,275.20134459099984,93.86130443076398,0,4.22237380627558,619,192.213794,
0.3,9,nearest,309.04228858499766,105.25289523635743,5,7.9536152796725785,1166,,
0.3,10,medoid,209.27284598999967,69.51982733200265,5,19.966733200266134,3001,,P0010
0.3,10,rtt_weighted_w100_d0.25,218.4444882220001,71.19470561343978,82,11.164337990685295,1678,,
0.3,10,demand_argmax_w10_d1,300.0639101559998,91.41966866899534,240,1.6966067864271457,255,,
0.3,10,static,311.81348772800106,103.73036850565535,0,4.291417165668662,645,197.013378,
0.3,10,nearest,264.92192108599755,87.9884347182302,5,7.990685296074517,1201,,
0.3,11,medoid,260.91805762299515,86.73981371385743,5,19.966688874083946,2997,,P0010
0.3,11,rtt_weighted_w100_d0.25,265.99256544599973,86.00461191239174,117,5.602931379080613,841,,
0.3,11,demand_argmax_w10_d1,304.0731192809994,92.73045283610927,237,1.792138574283811,269,,
0.3,11,static,313.3536455759988,104.38162744037308,0,7.734843437708195,1161,190.037967,
0.3,11,nearest,309.874878595999,101.55505885976015,39,4.023984010659561,604,,
0.3,12,medoid,227.2657714380042,74.98510156477198,5,19.966953073364177,3021,,P0014
0.3,12,rtt_weighted_w100_d0.25,245.4769613420031,78.12431710475876,111,10.15862524785195,1537,,
0.3,12,demand_argmax_w10_d1,288.151930494002,87.36389438896232,245,1.566424322538004,237,,
0.3,12,static,302.72108318700106,100.0400142719762,0,4.117647058823529,623,186.894546,
0.3,12,nearest,341.55118251400023,112.63908257237277,5,8.070059484467944,1221,,
0.3,13,medoid,239.8998508299975,79.42493139216988,4,19.973457199734572,3010,,P0002
0.3,13,rtt_weighted_w100_d0.25,260.8290868089981,83.7010401108162,117,8.102189781021899,1221,,
0.3,13,demand_argmax_w10_d1,288.0502274609996,88.1155831015262,245,1.6589250165892504,250,,
0.3,13,static,290.9528018849998,96.5337763387525,0,4.080955540809556,615,194.766677,
0.3,13,nearest,309.7316651709997,101.70032674817519,23,5.75315195753152,867,,
0.3,14,medoid,281.9638514839991,92.30645104590164,4,19.97377049180328,3046,,P0003
0.3,14,rtt_weighted_w100_d0.25,293.77518669299866,92.92279407377049,111,5.357377049180328,817,,
0.3,14,demand_argmax_w10_d1,310.3347854019993,93.46794227278689,235,1.6262295081967213,248,,
0.3,14,static,315.24277123800124,103.35828565180329,0,4.150819672131147,633,196.742674,
0.3,14,nearest,339.89289514800004,111.26511824983608,5,7.921311475409836,1208,,
0.3,15,medoid,236.7940137219979,78.22447133620119,5,19.9669093315685,3017,,P0016
0.3,15,rtt_weighted_w100_d0.25,238.7914906179987,77.73654880641959,68,7.921906022501655,1197,,
0.3,15,demand_argmax_w10_d1,306.7710869169993,92.80924439609531,246,1.5618795499669094,236,,
0.3,15,static,307.9719783520005,101.90998621839842,0,8.120450033090668,1227,194.911133,
0.3,15,nearest,338.43286455800194,111.79441078821972,4,4.162806088682991,629,,
0.3,16,medoid,258.96364328399375,83.49827979463997,4,19.974168550209882,3093,,P0011
0.3,16,rtt_weighted_w100_d0.25,264.0195910479982,81.99371510009686,140,4.985469809493058,772,,
0.3,16,demand_argmax_w10_d1,297.7569611539988,88.65750072780111,229,1.5498869874071683,240,,
0.3,16,static,276.7764093849987,89.36919902647723,0,7.749434937035842,1200,187.034514,
0.3,16,nearest,291.9246640749994,94.09767205392315,5,4.145947691314175,642,,
0.3,17,medoid,194.42209079800065,65.80352426281833,5,19.9660441426146,2940,,P0018
0.3,17,rtt_weighted_w100_d0.25,201.4703923260003,67.39689713514431,72,13.222410865874364,1947,,
0.3,17,demand_argmax_w10_d1,284.75952650799957,88.19651817249576,239,1.3989813242784381,206,,
0.3,17,static,336.334127877,114.20513680033956,0,12.224108658743633,1800,191.935999,
0.3,17,nearest,272.2109029050022,92.29822248896436,4,7.65365025466893,1127,,
0.3,18,medoid,239.41276294799562,78.64569213223685,4,19.973684210526315,3036,,P0019
0.3,18,rtt_weighted_w100_d0.25,253.20396559099808,80.71490894835526,125,7.203947368421052,1095,,
0.3,18,demand_argmax_w10_d1,297.5305603470013,89.82130627960527,245,1.5394736842105263,234,,
0.3,18,static,308.14471784099726,101.36339402664474,0,8.092105263157896,1230,194.101582,
0.3,18,nearest,311.60823401500033,100.41492474111841,40,6.197368421052632,942,,
0.3,19,medoid,207.4377462510001,69.46157659214501,5,19.96643168848607,2974,,P0020
0.3,19,rtt_weighted_w100_d0.25,212.38955638900018,70.83603348338369,21,18.590130916414907,2769,,
0.3,19,demand_argmax_w10_d1,315.9228910419991,96.96357819402483,236,1.7791205102383352,265,,
0.3,19,static,322.3701999909989,108.21423296106076,0,4.055052030882847,604,195.75393,
0.3,19,nearest,307.34196696799967,102.93909329204432,16,7.875125881168178,1173,,
0.3,20,medoid,248.06929791600461,81.3512930318555,4,19.973727422003282,3041,,P0016
0.3,20,rtt_weighted_w100_d0.25,269.0652168190036,84.71657768899836,127,10.377668308702791,1580,,
0.3,20,demand_argmax_w10_d1,303.8447523120014,91.41361222988505,249,1.8784893267651888,286,,
0.3,20,static,315.6850614370018,103.67325498752052,0,4.177339901477833,636,188.818412,
0.3,20,nearest,318.50935434200125,103.63200105648605,33,6.042692939244663,920,,
0.3,21,medoid,252.37119610599757,82.33656246991498,5,19.967298888162198,3053,,P0015
0.3,21,rtt_weighted_w100_d0.25,274.15013994399965,86.71839293165468,128,6.9784172661870505,1067,,
0.3,21,demand_argmax_w10_d1,312.024942373,93.3724120497057,244,1.6285153695225638,249,,
0.3,21,static,336.28992118800016,109.97054322694572,0,4.2119032047089595,644,197.070043,
0.3,21,nearest,302.3792365449986,98.39283883682145,22,7.828646173969915,1197,,
0.3,22,medoid,246.6627416530013,81.83782132003988,4,19.973413094051182,3005,,P0012
0.3,22,rtt_weighted_w100_d0.25,267.932707914002,86.07825620505152,100,10.016616816218013,1507,,
0.3,22,demand_argmax_w10_d1,306.0963642620004,93.05516713526087,250,1.5752741774675973,237,,
0.3,22,static,296.35828690000005,98.49062376204719,0,4.200731139913593,632,194.441784,
0.3,22,nearest,291.45681915500086,96.66501675905616,6,4.187437686939183,630,,
0.3,23,medoid,223.5346504269981,72.95152737810457,5,19.96732026143791,3055,,P0002
0.3,23,rtt_weighted_w100_d0.25,234.84117284099835,75.67766733300653,52,14.679738562091503,2246,,
0.3,23,demand_argmax_w10_d1,301.25292165099864,90.71389356732026,236,1.8758169934640523,287,,
0.3,23,static,310.3496614149965,101.42145797875817,0,4.163398692810458,637,194.457226,
0.3,23,nearest,292.39240043799805,95.39077993267973,5,7.6797385620915035,1175,,
0.3,24,medoid,254.27562133100204,87.76088267864547,5,19.96544574982723,2889,,P0015
0.3,24,rtt_weighted_w100_d0.25,266.31436816899935,88.65563047201105,137,4.457498272287491,645,,
0.3,24,demand_argmax_w10_d1,294.2466146719986,92.55573370179681,246,1.6655148583275745,241,,
0.3,24,static,284.80358303399976,98.41174258258467,0,4.187975120939876,606,186.447964,
0.3,24,nearest,284.06136572499753,97.28689071423635,44,6.883206634416034,996,,
0.3,25,medoid,223.5566641780045,76.95118180812952,4,19.97244230106786,2899,,P0002
0.3,25,rtt_weighted_w100_d0.25,242.1232464820013,81.49608183465381,99,8.866689631415776,1287,,
0.3,25,demand_argmax_w10_d1,285.45096842400045,89.3438233747847,245,1.5018945918015845,218,,
0.3,25,static,284.26473392600127,97.92102443196694,0,4.12676541508784,599,189.465833,
0.3,25,nearest,273.91787420299795,94.20365935825009,5,4.119875990354805,598,,
0.3,26,medoid,273.51374337999806,89.43195760778542,5,19.967288191036964,3052,,P0010
0.3,26,rtt_weighted_w100_d0.25,298.2874141329982,94.20851676807328,135,6.947988223748774,1062,,
0.3,26,demand_argmax_w10_d1,325.30477484099976,96.72046700621523,263,1.5767091920183187,241,,
0.3,26,static,335.17054943500057,109.64034983153418,0,4.331043506705921,662,196.881824,
0.3,26,nearest,342.3571875780012,111.8504631792607,4,4.324501144913314,661,,
0.3,27,medoid,224.64775354299852,75.57072438780322,5,19.966307277628033,2963,,P0013
0.3,27,rtt_weighted_w100_d0.25,243.56564625299868,80.0549612921159,85,14.548517520215633,2159,,
0.3,27,demand_argmax_w10_d1,298.177803125,92.09860499966308,233,1.4555256064690025,216,,
0.3,27,static,309.6954162330002,104.34481679009434,0,4.171159029649596,619,184.186024,
0.3,27,nearest,305.3112434490014,102.28603043969002,18,5.505390835579514,817,,
0.3,28,medoid,199.7850023470017,66.1993666416722,5,19.966821499668217,3009,,P0015
0.3,28,rtt_weighted_w100_d0.25,215.31078696400178,69.67042934472461,66,15.295288652952888,2305,,
0.3,28,demand_argmax_w10_d1,309.8454949680018,94.14515116091573,241,1.9575315195753153,295,,
0.3,28,static,342.67802933700136,113.69543110053085,0,8.07564698075647,1217,197.117162,
0.3,28,nearest,331.287474078003,109.46219663636363,14,4.930325149303252,743,,
0.3,29,medoid,217.88206788399947,71.02093362618349,4,19.973881815213844,3059,,P0010
0.3,29,rtt_weighted_w100_d0.25,240.2767124149992,76.52973609239308,68,14.573947110675807,2232,,
0.3,29,demand_argmax_w10_d1,291.7962197419994,87.10691967711394,238,1.573620633365981,241,,
0.3,29,static,287.20682538400075,93.7665117153118,0,7.894221351616062,1209,186.238844,
0.3,29,nearest,288.35190057899956,94.0252552778322,4,4.25726412014365,652,,
0.3,30,medoid,249.9615800040027,85.07395827719058,5,19.965905216501874,2928,,P0014
0.3,30,rtt_weighted_w100_d0.25,273.2057964150008,89.32437291408115,111,6.846232526423457,1004,,
0.3,30,demand_argmax_w10_d1,319.94925013000005,98.94252628810092,260,1.6911012615069894,248,,
0.3,30,static,299.3280075520004,102.05523612410501,0,7.984998295260825,1171,189.082593,
0.3,30,nearest,285.7440941050014,97.01471731060347,12,11.585407432662802,1699,,
0.25,1,medoid,227.12184251500065,73.88764280208333,4,19.973958333333336,3068,,P0008
0.25,1,rtt_weighted_w100_d1,237.3271368590004,75.48454279785156,74,7.473958333333334,1148,,
0.25,1,demand_argmax_w5_d5,293.7407243170014,95.16011236100262,17,3.8411458333333335,590,,
0.25,1,static,288.6051048460013,93.94697423372395,0,7.96875,1224,184.634696,
0.25,1,nearest,306.6904102410012,98.46706326529949,25,4.095052083333334,629,,
0.25,2,medoid,229.87277311100107,74.55978457477244,5,19.96749024707412,3071,,P0016
0.25,2,rtt_weighted_w100_d1,230.4414120360017,74.44437967197659,35,12.782834850455135,1966,,
0.25,2,demand_argmax_w5_d5,311.73254893300054,100.65685536118336,20,4.076723016905071,627,,
0.25,2,static,300.0074723489993,97.53168801983095,0,8.192457737321195,1260,187.85269,
0.25,2,nearest,278.54938387500016,90.39149912321197,5,7.841352405721716,1206,,
0.25,3,medoid,255.79882310500147,85.32193838690277,4,19.973270965586366,2989,,P0003
0.25,3,rtt_weighted_w100_d1,270.2141440239987,87.92732849949883,90,6.541931172736384,979,,
0.25,3,demand_argmax_w5_d5,298.6179391359978,99.35502629802873,15,4.136318075509522,619,,
0.25,3,static,283.8295077500003,94.83110850317406,0,4.14300033411293,620,186.923839,
0.25,3,nearest,276.95608206599746,92.41211524958236,5,7.851653859004343,1175,,
0.25,4,medoid,251.85742623599927,85.3341318493383,5,19.966067186969802,2942,,P0018
0.25,4,rtt_weighted_w100_d1,271.33461903500057,89.08685275466577,98,7.641669494401087,1126,,
0.25,4,demand_argmax_w5_d5,288.35160642700004,97.34692770105191,16,5.205293518832711,767,,
0.25,4,static,301.1029250310006,102.17269257923311,0,4.1126569392602645,606,193.59870129999996,
0.25,4,nearest,288.3768712430004,97.73553036409908,4,4.1126569392602645,606,,
0.25,5,medoid,224.12805913299798,75.54865122593718,5,19.96622762580209,2956,,P0006
0.25,5,rtt_weighted_w100_d1,240.9564091109981,79.36615599223235,61,15.69739952718676,2324,,
0.25,5,demand_argmax_w5_d5,325.1096422489983,109.0563126359338,16,7.369132049983113,1091,,
0.25,5,static,304.4461100089994,102.81867950320837,0,8.274231678486997,1225,187.323161,
0.25,5,nearest,298.6007607279981,100.71176263964877,6,4.228301249577845,626,,
0.25,6,medoid,233.56407349100138,79.0256841046748,5,19.966124661246614,2947,,P0019
0.25,6,rtt_weighted_w100_d1,242.63276766000098,80.71856205521681,49,10.13550135501355,1496,,
0.25,6,demand_argmax_w5_d5,290.12843868800275,97.75895271375339,16,5.074525745257453,749,,
0.25,6,static,299.6853802820015,101.51943776490515,0,7.594850948509485,1121,191.861847,
0.25,6,nearest,323.6406501330014,109.53433902066396,4,12.12059620596206,1789,,
0.25,7,medoid,259.1107944070023,87.02585514439582,5,19.96634129922585,2966,,P0017
0.25,7,rtt_weighted_w100_d1,274.0197237030027,90.09366813160553,81,8.374284752608549,1244,,
0.25,7,demand_argmax_w5_d5,328.0729808060014,109.63624479872097,19,3.3726018175698416,501,,
0.25,7,static,341.2762073900017,114.8691374587681,0,7.9838438236284075,1186,194.999538,
0.25,7,nearest,318.75603007200266,107.1308624173679,5,7.781891618983507,1156,,
0.25,8,medoid,210.38748242899973,70.43778077874623,5,19.966476701307407,2978,,P0005
0.25,8,rtt_weighted_w100_d1,226.69280565599996,74.02805967046598,53,15.588333892054978,2325,,
0.25,8,demand_argmax_w5_d5,287.9343015029992,95.95851797787462,19,3.83506537043245,572,,
0.25,8,static,279.790470726001,93.79499521488435,0,4.250754274220583,634,180.007151,
0.25,8,nearest,287.4785296979992,96.21699418638954,5,4.244049614482065,633,,
0.25,9,medoid,224.507887690002,76.47574349079127,5,19.965893587994543,2927,,P0012
0.25,9,rtt_weighted_w100_d1,239.24727411700115,80.29149716371077,61,13.369713506139155,1960,,
0.25,9,demand_argmax_w5_d5,296.3704797040011,100.56861907401091,15,5.7094133697135065,837,,
0.25,9,static,272.29260489300003,92.86923768519782,0,4.22237380627558,619,191.39632,
0.25,9,nearest,315.69241849999713,107.52101594406548,5,7.9536152796725785,1166,,
0.25,10,medoid,209.57142459999955,69.61915488023952,5,19.966733200266134,3001,,P0010
0.25,10,rtt_weighted_w100_d1,217.72236822200077,71.18184805355955,71,10.292747837658016,1547,,
0.25,10,demand_argmax_w5_d5,294.96115905599805,97.77219002960744,12,4.790419161676646,720,,
0.25,10,static,306.65475701200114,102.01422388955423,0,4.291417165668662,645,197.013378,
0.25,10,nearest,264.11812712499716,87.72103819095143,5,7.990685296074517,1201,,
0.25,11,medoid,257.41834025099547,85.57401845336443,5,19.966688874083946,2997,,P0010
0.25,11,rtt_weighted_w100_d1,271.1252038089989,88.3342085976016,95,7.115256495669554,1068,,
0.25,11,demand_argmax_w5_d5,290.19572674799815,96.01610381479014,22,3.3644237175216523,505,,
0.25,11,static,312.5045720159988,104.09879147768154,0,7.734843437708195,1161,190.037967,
0.25,11,nearest,303.96086048899906,99.58503284143904,39,4.023984010659561,604,,
0.25,12,medoid,230.4347195430042,76.03234152015862,5,19.966953073364177,3021,,P0014
0.25,12,rtt_weighted_w100_d1,249.28964947800344,80.0725188301388,82,10.69398545935228,1618,,
0.25,12,demand_argmax_w5_d5,291.5164743740008,95.78517527924653,17,5.109054857898215,773,,
0.25,12,static,302.74911965600154,100.04927946331792,0,4.117647058823529,623,186.757214,
0.25,12,nearest,338.0642082540004,111.48674474686055,5,8.070059484467944,1221,,
0.25,13,medoid,243.5742998159973,80.64405846118116,4,19.973457199734572,3010,,P0002
0.25,13,rtt_weighted_w100_d1,265.5483614799973,85.65313970869276,100,8.221632382216324,1239,,
0.25,13,demand_argmax_w5_d5,292.4404923579991,96.25415372030525,21,5.42136695421367,817,,
0.25,13,static,284.63227791799983,94.43672127339084,0,4.080955540809556,615,194.766677,
0.25,13,nearest,310.28061573600024,101.88246031320504,23,5.75315195753152,867,,
0.25,14,medoid,283.094120952999,92.67703119967213,4,19.97377049180328,3046,,P0003
0.25,14,rtt_weighted_w100_d1,290.86844929699885,93.12159832590164,91,4.79344262295082,731,,
0.25,14,demand_argmax_w5_d5,318.2977391350024,103.45053975868852,22,6.327868852459017,965,,
0.25,14,static,306.26295869000154,100.41408481639344,0,4.150819672131147,633,196.004517,
0.25,14,nearest,338.7135398919997,110.87844439540984,5,7.921311475409836,1208,,
0.25,15,medoid,240.06992992299766,79.30849390436796,5,19.9669093315685,3017,,P0016
0.25,15,rtt_weighted_w100_d1,243.89113783099833,79.59814021906023,65,8.338848444738584,1260,,
0.25,15,demand_argmax_w5_d5,318.01111480000003,104.26321604665785,23,5.307743216412971,802,,
0.25,15,static,306.1664815420004,101.31253525545996,0,8.120450033090668,1227,194.911133,
0.25,15,nearest,337.13160198900164,111.36381430608868,4,4.162806088682991,629,,
0.25,16,medoid,259.4725190049935,83.66259226509526,4,19.974168550209882,3093,,P0011
0.25,16,rtt_weighted_w100_d1,264.3066882719983,83.41334574975782,88,6.36745237326445,986,,
0.25,16,demand_argmax_w5_d5,295.7333531019995,94.78150380335809,21,3.371004197610591,522,,
0.25,16,static,280.2032594079985,90.47570533031966,0,7.749434937035842,1200,187.034514,
0.25,16,nearest,290.97488097199954,93.79099362221505,5,4.145947691314175,642,,
0.25,17,medoid,194.7234730680007,65.9058611966044,5,19.9660441426146,2940,,P0018
0.25,17,rtt_weighted_w100_d1,205.86424317200039,68.9781862393888,52,14.186757215619695,2089,,
0.25,17,demand_argmax_w5_d5,305.8394272360006,102.92730000101866,21,3.8098471986417657,561,,
0.25,17,static,339.6867962430001,115.34356408930391,0,12.224108658743633,1800,191.935999,
0.25,17,nearest,264.619496079003,89.72049521358234,4,7.65365025466893,1127,,
0.25,18,medoid,241.25382671999506,79.25130521513158,4,19.973684210526315,3036,,P0019
0.25,18,rtt_weighted_w100_d1,249.85058377699755,80.94421132828947,65,8.164473684210526,1241,,
0.25,18,demand_argmax_w5_d5,316.8461355049981,103.34949064703947,23,4.1644736842105265,633,,
0.25,18,static,314.0167478999967,103.29498286184212,0,8.092105263157896,1230,183.163229,
0.25,18,nearest,315.6386864830015,101.74073147401315,40,6.197368421052632,942,,
0.25,19,medoid,211.9047640459999,70.96107904095334,5,19.96643168848607,2974,,P0020
0.25,19,rtt_weighted_w100_d1,218.24986953500004,72.89403735481706,17,18.784827123195704,2798,,
0.25,19,demand_argmax_w5_d5,309.5108186249998,103.10721500402819,22,3.0211480362537766,450,,
0.25,19,static,320.69318422299926,107.65128708392079,0,4.055052030882847,604,195.75393,
0.25,19,nearest,307.4150920050002,102.96364013225914,16,7.875125881168178,1173,,
0.25,20,medoid,249.50010364800494,81.82117997175698,4,19.973727422003282,3041,,P0016
0.25,20,rtt_weighted_w100_d1,263.7905690670037,84.18825414022989,84,9.48440065681445,1444,,
0.25,20,demand_argmax_w5_d5,317.98778820600194,103.82687564334975,21,8.998357963875206,1370,,
0.25,20,static,317.06563640900174,104.12664578292284,0,4.177339901477833,636,188.76497179999993,
0.25,20,nearest,321.54367570900104,104.62849411625615,33,6.042692939244663,920,,
0.25,21,medoid,251.0150260079972,81.89307976945716,5,19.967298888162198,3053,,P0015
0.25,21,rtt_weighted_w100_d1,273.22621412900054,86.84431889045128,102,6.664486592544146,1019,,
0.25,21,demand_argmax_w5_d5,313.30490164999975,101.88069298920863,16,4.5192936559843035,691,,
0.25,21,static,330.0133467290004,107.91803359352518,0,4.2119032047089595,644,197.070043,
0.25,21,nearest,302.0901447179983,98.29830259516025,22,7.828646173969915,1197,,
0.25,22,medoid,247.55873711900102,82.13559315985377,4,19.973413094051182,3005,,P0012
0.25,22,rtt_weighted_w100_d1,263.3926287960018,85.34259242339648,74,10.20937188434696,1536,,
0.25,22,demand_argmax_w5_d5,302.3705153300013,99.79361605084746,20,3.449651046859422,519,,
0.25,22,static,297.0540847470004,98.72186266101696,0,4.200731139913593,632,194.441784,
0.25,22,nearest,296.59464577600056,98.37250317347956,6,4.187437686939183,630,,
0.25,23,medoid,224.37397699799823,73.22581710718954,5,19.96732026143791,3055,,P0002
0.25,23,rtt_weighted_w100_d1,237.1487211269982,76.27481960457517,50,14.019607843137255,2145,,
0.25,23,demand_argmax_w5_d5,294.3417468029973,95.56195250915033,25,3.718954248366013,569,,
0.25,23,static,306.7141809749966,100.2333924754902,0,4.163398692810458,637,194.457226,
0.25,23,nearest,290.7117540759979,94.84154909542482,5,7.6797385620915035,1175,,
0.25,24,medoid,253.49551892400197,87.49132414132688,5,19.96544574982723,2889,,P0015
0.25,24,rtt_weighted_w100_d1,269.45527452899955,90.13158063407049,114,4.270905321354527,618,,
0.25,24,demand_argmax_w5_d5,291.50188708599904,100.02953879267449,19,5.031098825155494,728,,
0.25,24,static,285.9032745660001,98.7917327456807,0,4.187975120939876,606,186.447964,
0.25,24,nearest,281.2501977609976,96.31551270317898,44,6.883206634416034,996,,
0.25,25,medoid,230.03116405200504,79.18146078642783,4,19.97244230106786,2899,,P0002
0.25,25,rtt_weighted_w100_d1,243.19755232900118,82.25137399931106,73,8.101963486048914,1176,,
0.25,25,demand_argmax_w5_d5,306.5924306019992,105.11853905959352,15,4.746813641060971,689,,
0.25,25,static,287.86874639900094,99.16250306544953,0,4.12676541508784,599,189.465833,
0.25,25,nearest,277.60543151799857,95.4739167867723,5,4.119875990354805,598,,
0.25,26,medoid,275.43926844399755,90.06183168825646,5,19.967288191036964,3052,,P0010
0.25,26,rtt_weighted_w100_d1,303.4326238779983,96.37394304088977,118,6.8367680732744525,1045,,
0.25,26,demand_argmax_w5_d5,332.67905226700066,108.43445273699705,14,3.5786719005561007,547,,
0.25,26,static,332.7376462850014,108.84450320085051,0,4.331043506705921,662,196.881824,
0.25,26,nearest,338.2479354190013,110.50625246319922,4,4.324501144913314,661,,
0.25,27,medoid,219.55735512199908,73.85563058018867,5,19.966307277628033,2963,,P0013
0.25,27,rtt_weighted_w100_d1,228.29529392399905,76.37718635242587,21,18.16711590296496,2696,,
0.25,27,demand_argmax_w5_d5,308.4108387050018,103.61097415768194,11,5.296495956873315,786,,
0.25,27,static,310.55612039800013,104.63481145485176,0,4.171159029649596,619,184.186024,
0.25,27,nearest,309.0586283480021,103.54862642991915,18,5.505390835579514,817,,
0.25,28,medoid,198.56987872900189,65.79620684804247,5,19.966821499668217,3009,,P0015
0.25,28,rtt_weighted_w100_d1,211.17112386700165,68.90968361546118,46,15.952222959522231,2404,,
0.25,28,demand_argmax_w5_d5,305.27332256199946,100.78656873689448,17,4.923689449236895,742,,
0.25,28,static,344.12302627500105,114.17485941439948,0,8.07564698075647,1217,197.117162,
0.25,28,nearest,329.4073090240022,108.83838606768414,14,4.930325149303252,743,,
0.25,29,medoid,220.36695448499964,71.83219271890303,4,19.973881815213844,3059,,P0010
0.25,29,rtt_weighted_w100_d1,236.0607270129992,75.58760953672869,57,16.180215475024486,2478,,
0.25,29,demand_argmax_w5_d5,288.5408998350002,93.65800873294155,18,4.44662095984329,681,,
0.25,29,static,289.7610663170011,94.60041342376755,0,7.894221351616062,1209,186.238844,
0.25,29,nearest,291.2942470389993,94.98586463467188,4,4.25726412014365,652,,
0.25,30,medoid,250.9058911790028,85.39591912785544,5,19.965905216501874,2928,,P0014
0.25,30,rtt_weighted_w100_d1,265.7851701860014,88.22461264984658,74,8.407773610637571,1233,,
0.25,30,demand_argmax_w5_d5,323.3321646899984,109.55352601261507,17,4.139106716672349,607,,
0.25,30,static,302.30856144800015,103.07144952199114,0,7.984998295260825,1171,189.082593,
0.25,30,nearest,285.5104268470007,96.93504896488237,12,11.585407432662802,1699,,
0.85,31,medoid,256.85042786499923,86.08127260704698,4,19.973154362416107,2976,,P0012
0.85,31,rtt_weighted_w5_d0,125.72324240900011,33.71531856409396,492,1.6442953020134228,245,,
0.85,31,demand_argmax_w5_d0,123.07528052000015,34.94182084463087,164,1.2080536912751678,180,,
0.85,31,static,312.7807225780002,104.95997401946309,0,4.261744966442953,635,190.912359,
0.85,31,nearest,350.53219227200003,117.44112725067114,4,4.25503355704698,634,,
0.85,32,medoid,257.51458815100426,83.86198540489397,5,19.9673735725938,3060,,P0020
0.85,32,rtt_weighted_w5_d0,137.91339736799995,35.04174713931484,602,1.4486133768352365,222,,
0.85,32,demand_argmax_w5_d0,131.78992626399983,36.09973721207178,173,1.272430668841762,195,,
0.85,32,static,332.45939949800294,108.46962463230015,0,7.947797716150082,1218,197.097531,
0.85,32,nearest,345.95569719300187,112.65174306003262,5,8.117455138662317,1244,,
0.85,33,medoid,209.1609153049979,70.81880975483215,4,19.97287216005426,2945,,P0018
0.85,33,rtt_weighted_w5_d0,89.08204098499971,24.628689561885388,462,1.8921668362156665,279,,
0.85,33,demand_argmax_w5_d0,90.5506255479998,26.150198578840282,162,1.2478806375042388,184,,
0.85,33,static,250.3111115959994,84.87999715022042,0,4.157341471685317,613,187.873615,
0.85,33,nearest,301.45108758399886,102.10223991793828,5,4.150559511698881,612,,
0.85,34,medoid,258.32955436400357,83.34520830639948,5,19.967679379444085,3089,,P0008
0.85,34,rtt_weighted_w5_d0,127.10192702999998,32.6239781040724,559,1.5837104072398192,245,,
0.85,34,demand_argmax_w5_d0,124.89222740400004,33.90319153005818,173,1.376858435681965,213,,
0.85,34,static,344.89936479300127,111.4736149945055,0,4.169360051712993,645,193.309518,
0.85,34,nearest,349.72101933099725,112.95953930898513,4,7.79573367808662,1206,,
0.85,35,medoid,241.28041412600305,79.48392416386416,3,19.980217606330367,3030,,P0014
0.85,35,rtt_weighted_w5_d0,111.26958131000036,29.312187814704913,530,1.4309264754368611,217,,
0.85,35,demand_argmax_w5_d0,110.37954066400029,30.856022107154633,167,1.3386086383119025,203,,
0.85,35,static,291.5500582929987,96.1259671259479,0,7.695351137487636,1167,183.441957,
0.85,35,nearest,314.1054378109993,103.41140395219256,5,4.299373557533794,652,,
0.85,36,medoid,242.62416248900368,80.30268072489227,4,19.973483592973153,3013,,P0008
0.85,36,rtt_weighted_w5_d0,112.6033021020003,28.94677019622141,555,1.7633410672853829,266,,
0.85,36,demand_argmax_w5_d0,110.44050178100021,30.780865785217102,162,1.3921113689095128,210,,
0.85,36,static,288.20311836900237,95.52638991349022,0,4.3288034471329135,653,179.109112,
0.85,36,nearest,297.67908978499867,98.56290839608884,4,7.703016241299304,1162,,
0.85,37,medoid,274.148760051002,86.09362443252596,5,19.968543567159486,3174,,P0005
0.85,37,rtt_weighted_w5_d0,125.9006722419999,30.780549237810632,582,1.3652091852783896,217,,
0.85,37,demand_argmax_w5_d0,121.26151008699992,31.849457569675998,181,1.3715004718464927,218,,
0.85,37,static,326.98498258100096,102.85781144416484,0,7.920729789241901,1259,196.91083,
0.85,37,nearest,334.75062143600024,104.90927838408305,13,4.33469644542309,689,,
0.85,38,medoid,240.2699139230001,79.0285350520079,5,19.967083607636603,3033,,P0018
0.85,38,rtt_weighted_w5_d0,116.23730657700008,29.7609211240948,547,1.5470704410796576,235,,
0.85,38,demand_argmax_w5_d0,102.65707582400023,29.118072004608294,164,1.1981566820276497,182,,
0.85,38,static,307.0421032800009,101.06718343647135,0,4.114549045424622,625,191.050271,
0.85,38,nearest,304.95772846299644,100.21492047037525,4,7.834101382488479,1190,,
0.85,39,medoid,231.4061491309998,76.11490061923584,5,19.96706192358366,3031,,P0003
0.85,39,rtt_weighted_w5_d0,118.33703848600008,31.830269643610013,465,1.903820816864295,289,,
0.85,39,demand_argmax_w5_d0,113.603844262,31.85500228491436,168,1.2714097496706191,193,,
0.85,39,static,326.8055997120003,107.64347816600791,0,4.1436100131752305,629,189.271259,
0.85,39,nearest,296.65356995000104,97.55743834782609,5,7.891963109354413,1198,,
0.85,40,medoid,241.3073308610008,79.87574972913907,4,19.973509933774835,3016,,P0002
0.85,40,rtt_weighted_w5_d0,109.1154668620003,28.37108782384106,568,1.8211920529801324,275,,
0.85,40,demand_argmax_w5_d0,103.07784941000018,29.158606045033114,159,1.3112582781456954,198,,
0.85,40,static,256.4247656900012,84.90886281125827,0,4.152317880794702,627,193.198487,
0.85,40,nearest,291.2363938100017,95.94841100231787,17,4.059602649006623,613,,
0.85,41,medoid,224.88222617699975,74.49953990661349,5,19.966766367563977,3004,,P0006
0.85,41,rtt_weighted_w5_d0,105.06621983900003,27.120596976404123,500,1.7680292455965438,266,,
0.85,41,demand_argmax_w5_d0,92.24104128800002,26.252943418411434,162,1.4622798271851114,220,,
0.85,41,static,304.1866956149998,101.09228833998006,0,8.23529411764706,1239,189.053076,
0.85,41,nearest,269.1653688150001,88.96210137155202,14,7.869724160850781,1184,,
0.85,42,medoid,244.60535746399546,83.12539334059204,4,19.972779857094253,2935,,P0014
0.85,42,rtt_weighted_w5_d0,119.92777406099995,32.92244085777475,513,1.5855733242599526,233,,
0.85,42,demand_argmax_w5_d0,115.31534151999975,33.08731738686628,170,1.2929567880231372,190,,
0.85,42,static,293.8398627879961,99.97953820619259,0,7.737325620959511,1137,192.00980200000004,
0.85,42,nearest,314.0635143369972,106.67083891970059,5,11.970057842803676,1759,,
0.85,43,medoid,182.9268827139979,63.9171957867647,5,19.964985994397757,2851,,P0006
0.85,43,rtt_weighted_w5_d0,117.54955506500026,32.2974317815126,538,2.3389355742296916,334,,
0.85,43,demand_argmax_w5_d0,113.52101643700001,33.42162267016806,172,1.3375350140056022,191,,
0.85,43,static,265.0683354339992,92.81104181862746,0,8.487394957983193,1212,190.638927,
0.85,43,nearest,298.960522090996,104.51553513585434,5,12.170868347338935,1738,,
0.85,44,medoid,273.177261033998,89.54089235566502,5,19.967159277504106,3040,,P0005
0.85,44,rtt_weighted_w5_d0,118.91647587199974,31.295909395730707,510,1.5763546798029557,240,,
0.85,44,demand_argmax_w5_d0,115.75899991999982,32.25256195829228,164,1.3333333333333333,203,,
0.85,44,static,316.7968327030031,104.03836870377668,0,8.105090311986864,1234,191.890354,
0.85,44,nearest,309.9740561310021,101.45219841576355,8,6.778325123152709,1032,,
0.85,45,medoid,273.15515275099864,92.7513495972789,5,19.965986394557824,2935,,P0008
0.85,45,rtt_weighted_w5_d0,136.65583558499983,37.04738485918367,557,1.469387755102041,216,,
0.85,45,demand_argmax_w5_d0,133.7166668719997,38.3289769340136,164,1.380952380952381,203,,
0.85,45,static,293.754128122001,99.91637010952381,0,8.204081632653061,1206,190.914703,
0.85,45,nearest,342.76975879400015,116.45396349829932,5,8.129251700680273,1195,,
0.85,46,medoid,237.05266754699926,79.46447631048387,5,19.966397849462364,2971,,P0006
0.85,46,rtt_weighted_w5_d0,116.10858422300032,31.5789011515457,518,1.8279569892473118,272,,
0.85,46,demand_argmax_w5_d0,114.92351654200014,32.72405919287635,170,1.2634408602150538,188,,
0.85,46,static,304.95555967399645,102.47162623454302,0,4.348118279569892,647,196.635704,
0.85,46,nearest,322.97955244399617,108.37474307560484,5,4.341397849462365,646,,
0.85,47,medoid,241.01763241900096,78.13155803896103,5,19.967532467532468,3075,,P0018
0.85,47,rtt_weighted_w5_d0,114.98182426599993,29.652440318506493,533,1.7272727272727273,266,,
0.85,47,demand_argmax_w5_d0,109.57815389299995,30.2120223737013,166,1.1883116883116882,183,,
0.85,47,static,326.8768279990009,106.1288402594156,0,4.1103896103896105,633,187.284697,
0.85,47,nearest,296.85656536700196,96.22821642467532,5,4.103896103896104,632,,
0.85,48,medoid,260.0413560749958,85.11048006588004,5,19.96722386102917,3046,,P0015
0.85,48,rtt_weighted_w5_d0,125.76382174999962,31.86272668633235,550,1.62569649295313,248,,
0.85,48,demand_argmax_w5_d0,112.66463836999984,31.61581154768928,171,1.2651589642740084,193,,
0.85,48,static,320.2365612050011,104.96118033595542,0,11.80596525729269,1801,196.508129,
0.85,48,nearest,344.193616952998,112.51645699770566,5,4.195345788266142,640,,
0.85,49,medoid,218.4738146219993,73.90719579694915,5,19.966101694915253,2945,,P0020
0.85,49,rtt_weighted_w5_d0,115.62944722800012,29.99286258542373,588,2.3389830508474576,345,,
0.85,49,demand_argmax_w5_d0,117.55744398899994,33.18683617898305,169,1.2271186440677966,181,,
0.85,49,static,269.2497575270028,91.27110424644067,0,7.9932203389830505,1179,187.942203,
0.85,49,nearest,273.9979130710015,92.68930048576271,5,8.345762711864406,1231,,
0.85,50,medoid,229.12418546699942,76.99216430245873,5,19.966318625799936,2964,,P0013
0.85,50,rtt_weighted_w5_d0,122.41177503100003,32.300736556416304,579,1.6301785112832605,242,,
0.85,50,demand_argmax_w5_d0,128.920032289,35.80328943853149,170,1.252947120242506,186,,
0.85,50,static,303.3639546610002,102.17714875749411,0,7.8477601886156965,1165,185.649135,
0.85,50,nearest,295.9250940220008,99.47597281407882,5,4.183226675648367,621,,
0.85,51,medoid,239.34950151599602,78.7864547979565,5,19.967040210942653,3029,,P0011
0.85,51,rtt_weighted_w5_d0,107.47240451499984,28.17297724357284,472,1.6413974950560317,249,,
0.85,51,demand_argmax_w5_d0,100.04726305099994,28.05993410448253,173,1.2854317732366514,195,,
0.85,51,static,293.4319893190007,96.71456470632828,0,4.152933421226105,630,194.60144,
0.85,51,nearest,298.39131239000017,98.18639457580751,5,4.152933421226105,630,,
0.85,52,medoid,257.4580208340048,88.69029351035196,5,19.965493443754312,2893,,P0009
0.85,52,rtt_weighted_w5_d0,112.43283992700027,31.787420721877158,452,1.7736369910282952,257,,
0.85,52,demand_argmax_w5_d0,114.7920632570001,33.103016510006896,176,1.3457556935817805,195,,
0.85,52,static,338.13891725500383,116.68009567115251,0,7.964113181504485,1154,189.627792,
0.85,52,nearest,293.3335221829993,100.55994359868875,20,7.412008281573499,1074,,
0.85,53,medoid,243.8732076239987,82.22308674417033,5,19.966204798918554,2954,,P0019
0.85,53,rtt_weighted_w5_d0,116.2598133630001,31.325555465021967,504,1.527543088881379,226,,
0.85,53,demand_argmax_w5_d0,114.61579670600022,32.455403802973976,165,1.3720851639067253,203,,
0.85,53,static,320.9855699920012,108.47771882122339,0,4.17032781345049,617,197.56126,
0.85,53,nearest,293.0279741179979,98.78047378100709,5,7.7999324095978375,1154,,
0.85,54,medoid,232.69676211799776,81.28385964635855,5,19.964985994397757,2851,,P0015
0.85,54,rtt_weighted_w5_d0,116.24068950700041,31.78988308158263,547,1.5406162464985993,220,,
0.85,54,demand_argmax_w5_d0,110.68534852299999,32.60397309138656,166,1.211484593837535,173,,
0.85,54,static,259.1684391739984,90.74525181162466,0,4.30672268907563,615,194.900819,
0.85,54,nearest,255.92206698499956,89.46512422794117,5,8.095238095238095,1156,,
0.85,55,medoid,256.3616696180007,86.98683842167856,4,19.972816853550796,2939,,P0006
0.85,55,rtt_weighted_w5_d0,114.60177161999971,30.809948526673463,511,1.4135236153584776,208,,
0.85,55,demand_argmax_w5_d0,109.07085067899983,31.504571718314647,160,1.2504247366632688,184,,
0.85,55,static,287.48182264299743,97.6832560798505,0,4.138634046890927,609,195.093552,
0.85,55,nearest,326.6486312140021,110.09380875739042,16,5.633707101597009,829,,
0.85,56,medoid,253.72663672999795,81.85239917118864,4,19.974160206718345,3092,,P0017
0.85,56,rtt_weighted_w5_d0,116.91678614699961,29.403001425387597,528,1.6795865633074933,260,,
0.85,56,demand_argmax_w5_d0,105.60593136499996,29.054347614341083,162,1.2273901808785528,190,,
0.85,56,static,309.32910766599997,99.9125024760982,0,4.2118863049095605,652,182.508852,
0.85,56,nearest,303.1689870220006,97.76710641925065,4,7.945736434108526,1230,,
0.85,57,medoid,248.56646113900004,83.50527758089471,5,19.96636394214598,2968,,P0015
0.85,57,rtt_weighted_w5_d0,110.5423274280002,30.4129856152035,484,1.7356205852674067,258,,
0.85,57,demand_argmax_w5_d0,108.32252165900019,31.242830665993946,171,1.2781701984527414,190,,
0.85,57,static,316.7526628790035,106.54310894012782,0,8.045745038681467,1196,189.558704,
0.85,57,nearest,289.3539562370013,97.18874024554323,5,4.1439623276152036,616,,
0.85,58,medoid,284.1063252919977,90.5987926174968,5,19.968071519795657,3127,,P0008
0.85,58,rtt_weighted_w5_d0,121.93855377199968,31.755566635376756,468,1.7560664112388251,275,,
0.85,58,demand_argmax_w5_d0,130.19411259099974,34.6446940862069,166,1.3282247765006385,208,,
0.85,58,static,344.79428096400164,110.08757374329501,0,4.144316730523627,649,196.537664,
0.85,58,nearest,317.88287954200393,101.05886762037036,13,4.144316730523627,649,,
0.85,59,medoid,231.21815987000247,77.6987040161453,5,19.96636394214598,2968,,P0017
0.85,59,rtt_weighted_w5_d0,111.33312988200007,30.134559048435925,506,1.9441641439623276,289,,
0.85,59,demand_argmax_w5_d0,103.00419563299988,29.710691593003702,170,1.372351160443996,204,,
0.85,59,static,280.0409897679988,94.19474933333332,0,11.705348133198788,1740,191.573679,
0.85,59,nearest,277.7021557999991,93.15818360242179,6,8.180289270097544,1216,,
0.85,60,medoid,246.2454852389948,83.62874886020408,5,19.965986394557824,2935,,P0010
0.85,60,rtt_weighted_w5_d0,120.21513568100012,32.650777061564625,510,1.3605442176870748,200,,
0.85,60,demand_argmax_w5_d0,115.36827073499988,32.82809762857143,176,1.1700680272108843,172,,
0.85,60,static,314.8177277799956,107.08085978911565,0,7.979591836734694,1173,186.696765,
0.85,60,nearest,293.5413946739947,99.68245034795918,5,8.047619047619047,1183,,
0.7,31,medoid,257.94728141599967,86.44934426845637,4,19.973154362416107,2976,,P0012
0.7,31,rtt_weighted_w10_d0,183.19713407899965,53.58156358020134,473,2.4563758389261743,366,,
0.7,31,demand_argmax_w5_d0,179.79003018900016,50.35935137449665,270,1.167785234899329,174,,
0.7,31,static,316.18878339900033,106.10361859026845,0,4.261744966442953,635,191.994167,
0.7,31,nearest,352.3610569190002,118.05484021946309,4,4.25503355704698,634,,
0.7,32,medoid,258.4316375300039,84.1611858548124,5,19.9673735725938,3060,,P0020
0.7,32,rtt_weighted_w10_d0,203.18326132600032,54.72319209200652,615,1.8205546492659055,279,,
0.7,32,demand_argmax_w5_d0,188.7444679759997,51.29059500783035,269,1.265905383360522,194,,
0.7,32,static,327.1310075990019,106.73116071745514,0,7.947797716150082,1218,197.097531,
0.7,32,nearest,351.74642008000166,114.54104905905383,5,8.117455138662317,1244,,
0.7,33,medoid,214.63718554199784,72.67580203594439,4,19.97287216005426,2945,,P0018
0.7,33,rtt_weighted_w10_d0,155.3085220129994,44.2891155595117,581,2.69922007460156,398,,
0.7,33,demand_argmax_w5_d0,147.9058795619996,42.158121232960326,252,1.2546625974906749,185,,
0.7,33,static,249.49166973699906,84.60212605527298,0,4.157341471685317,613,187.873615,
0.7,33,nearest,299.26969883299904,101.3625353567311,5,4.150559511698881,612,,
0.7,34,medoid,259.38241105800375,83.68549812346477,5,19.967679379444085,3089,,P0008
0.7,34,rtt_weighted_w10_d0,185.88045302100016,52.1617733435682,548,2.100840336134454,325,,
0.7,34,demand_argmax_w5_d0,184.95346168600008,49.9524410782159,269,1.4221073044602457,220,,
0.7,34,static,345.4651565910008,111.65648241467355,0,4.169360051712993,645,193.309518,
0.7,34,nearest,349.0464171049979,112.74150368325792,4,7.79573367808662,1206,,
0.7,35,medoid,243.96943899200238,80.37051330530828,3,19.980217606330367,3030,,P0014
0.7,35,rtt_weighted_w10_d0,174.78724413400093,48.78758546356743,574,2.004615891856248,304,,
0.7,35,demand_argmax_w5_d0,169.9634102570004,46.82208676294098,259,1.2792614573030003,194,,
0.7,35,static,289.8660798309989,95.57074837817343,0,7.695351137487636,1167,183.441957,
0.7,35,nearest,316.11238573100013,104.07310784932409,5,4.299373557533794,652,,
0.7,36,medoid,244.86480932700297,81.04535451939013,4,19.973483592973153,3013,,P0008
0.7,36,rtt_weighted_w10_d0,175.43590197500018,48.38595070898243,584,2.512429565793835,379,,
0.7,36,demand_argmax_w5_d0,169.6441339410002,46.21033123268147,287,1.3921113689095128,210,,
0.7,36,static,290.30132308700166,96.22185054259198,0,4.3288034471329135,653,179.109112,
0.7,36,nearest,298.5039459829986,98.83631117964866,4,7.703016241299304,1162,,
0.7,37,medoid,276.058192892002,86.69426389178989,5,19.968543567159486,3174,,P0005
0.7,37,rtt_weighted_w10_d0,193.65600238099933,50.402809889902485,613,1.5413652091852785,245,,
0.7,37,demand_argmax_w5_d0,176.73446352599964,46.5917661887386,261,1.3589178987102863,216,,
0.7,37,static,325.2065197340009,102.29837047310475,0,7.920729789241901,1259,196.91083,
0.7,37,nearest,333.7739893860005,104.60206477917583,13,4.33469644542309,689,,
0.7,38,medoid,239.9483730850001,78.92269540816326,5,19.967083607636603,3033,,P0018
0.7,38,rtt_weighted_w10_d0,177.62221812800095,48.59684279394339,586,2.1263989466754443,323,,
0.7,38,demand_argmax_w5_d0,160.62695953400032,44.478841332784725,261,1.2508229098090848,190,,
0.7,38,static,305.5762188430009,100.58466716359447,0,4.114549045424622,625,191.050271,
0.7,38,nearest,307.4426552869971,101.03286873370638,4,7.834101382488479,1190,,
0.7,39,medoid,235.2365557109993,77.37656286561266,5,19.96706192358366,3031,,P0003
0.7,39,rtt_weighted_w10_d0,181.96309734200028,51.28015766930171,514,2.5889328063241104,393,,
0.7,39,demand_argmax_w5_d0,168.3031609880006,46.51207139953886,273,1.2516469038208167,190,,
0.7,39,static,325.9484099370001,107.36113634288539,0,4.1436100131752305,629,189.271259,
0.7,39,nearest,302.02444624600054,99.32650168642951,5,7.891963109354413,1198,,
0.7,40,medoid,240.67651503100083,79.66687031523179,4,19.973509933774835,3016,,P0002
0.7,40,rtt_weighted_w10_d0,171.10645225800044,45.91279449900662,604,1.9403973509933774,293,,
0.7,40,demand_argmax_w5_d0,154.58233700200026,43.006449159271526,255,1.390728476821192,210,,
0.7,40,static,260.213792125001,86.16350732615895,0,4.152317880794702,627,193.198487,
0.7,40,nearest,294.1359112520012,96.90851611556292,17,4.059602649006623,613,,
0.7,41,medoid,226.539170042,75.05020254037886,5,19.966766367563977,3004,,P0006
0.7,41,rtt_weighted_w10_d0,164.8751834439996,46.027720375207714,549,2.3595879029577933,355,,
0.7,41,demand_argmax_w5_d0,150.42315927300007,42.48058802691924,272,1.5021601861083418,226,,
0.7,41,static,302.1494999279998,100.41525421335992,0,8.23529411764706,1239,189.053076,
0.7,41,nearest,271.721330374,89.81154024127616,14,7.869724160850781,1184,,
0.7,42,medoid,246.57235465899575,83.7946676498809,4,19.972779857094253,2935,,P0014
0.7,42,rtt_weighted_w10_d0,191.26284052499983,54.397931910854034,595,1.9258251105818307,283,,
0.7,42,demand_argmax_w5_d0,172.88335190299978,48.825313190541,286,1.265736645117387,186,,
0.7,42,static,296.9033295679963,101.0218882504253,0,7.737325620959511,1137,192.00980200000004,
0.7,42,nearest,313.46911285899716,106.46859275501872,5,11.970057842803676,1759,,
0.7,43,medoid,182.65466949699825,63.821883035714286,5,19.964985994397757,2851,,P0006
0.7,43,rtt_weighted_w10_d0,166.83922256699998,49.494240183823536,540,4.054621848739496,579,,
0.7,43,demand_argmax_w5_d0,166.3487976280001,48.12607908718487,274,1.3025210084033612,186,,
0.7,43,static,262.5224103499988,91.91961146708684,0,8.487394957983193,1212,190.638927,
0.7,43,nearest,298.67422219899606,104.41529007563025,5,12.170868347338935,1738,,
0.7,44,medoid,268.1504262989976,87.89004351001643,5,19.967159277504106,3040,,P0005
0.7,44,rtt_weighted_w10_d0,191.31451467999912,52.27540109064039,586,2.3382594417077174,356,,
0.7,44,demand_argmax_w5_d0,185.2275909199996,49.86060255238095,288,1.3596059113300492,207,,
0.7,44,static,321.8202595630026,105.68809837865354,0,8.105090311986864,1234,192.28448,
0.7,44,nearest,307.81827592600143,100.74422462101806,8,6.778325123152709,1032,,
0.7,45,medoid,271.8023248289985,92.29120404557824,5,19.965986394557824,2935,,P0008
0.7,45,rtt_weighted_w10_d0,199.87828963400023,57.52649315,541,2.108843537414966,310,,
0.7,45,demand_argmax_w5_d0,190.96243713600015,53.97403803537414,266,1.3537414965986394,199,,
0.7,45,static,293.88881768700077,99.96218288673468,0,8.204081632653061,1206,190.914703,
0.7,45,nearest,350.020194423,118.9200980659864,5,8.129251700680273,1195,,
0.7,46,medoid,238.44589259999893,79.93262989012098,5,19.966397849462364,2971,,P0006
0.7,46,rtt_weighted_w10_d0,177.25687270599954,50.28257720497312,563,2.540322580645161,378,,
0.7,46,demand_argmax_w5_d0,171.2300267809999,47.510687131384415,273,1.243279569892473,185,,
0.7,46,static,304.1246913449966,102.1924366078629,0,4.348118279569892,647,196.635704,
0.7,46,nearest,320.7621365479964,107.62964364818549,5,4.341397849462365,646,,
0.7,47,medoid,240.53416389700118,77.97458773961039,5,19.967532467532468,3075,,P0018
0.7,47,rtt_weighted_w10_d0,170.9016315470001,46.90074977662338,527,2.8766233766233764,443,,
0.7,47,demand_argmax_w5_d0,159.3040530260002,43.4171293762987,247,1.2597402597402598,194,,
0.7,47,static,325.6877416050006,105.74277324837662,0,4.1103896103896105,633,187.284697,
0.7,47,nearest,293.89355360700193,95.26619961948052,5,4.103896103896104,632,,
0.7,48,medoid,260.29079240199604,85.1922356630613,5,19.96722386102917,3046,,P0015
0.7,48,rtt_weighted_w10_d0,187.24259686899904,51.80457604392003,542,2.3992133726647,366,,
0.7,48,demand_argmax_w5_d0,179.04165504299993,48.58271113438217,288,1.3307112422156668,203,,
0.7,48,static,324.0349656060013,106.20615064110127,0,11.80596525729269,1801,196.508129,
0.7,48,nearest,341.0511421489986,111.48647508882333,5,4.195345788266142,640,,
0.7,49,medoid,220.65420648499926,74.64631168271185,5,19.966101694915253,2945,,P0020
0.7,49,rtt_weighted_w10_d0,168.96667250799996,47.36109242067796,614,2.847457627118644,420,,
0.7,49,demand_argmax_w5_d0,167.59460558600003,46.36137567627119,292,1.2474576271186442,184,,
0.7,49,static,267.20191115500256,90.5769190355932,0,7.9932203389830505,1179,187.942203,
0.7,49,nearest,274.34396197300094,92.80660519830508,5,8.345762711864406,1231,,
0.7,50,medoid,229.01561830499992,76.95559739036713,5,19.966318625799936,2964,,P0013
0.7,50,rtt_weighted_w10_d0,184.4406315240008,50.29056312899966,639,2.647356012125295,393,,
0.7,50,demand_argmax_w5_d0,182.22464047200035,50.11621923812732,281,1.3337824183226676,198,,
0.7,50,static,306.6415006820006,103.28107129740654,0,7.8477601886156965,1165,185.649135,
0.7,50,nearest,292.41691856000057,98.29437110912765,5,4.183226675648367,621,,
0.7,51,medoid,243.701858596996,80.22098251087674,5,19.967040210942653,3029,,P0011
0.7,51,rtt_weighted_w10_d0,175.68818829499958,48.24603605273567,578,2.3269611074489127,353,,
0.7,51,demand_argmax_w5_d0,162.4371640379997,44.43649248714568,287,1.2392880685563614,188,,
0.7,51,static,296.10941964200066,97.5970400929466,0,4.152933421226105,630,195.204188,
0.7,51,nearest,299.4662600080004,98.54069504317734,5,4.152933421226105,630,,
0.7,52,medoid,254.27016919200497,87.59027569047619,5,19.965493443754312,2893,,P0009
0.7,52,rtt_weighted_w10_d0,181.78903354300016,53.759558063492065,517,2.422360248447205,351,,
0.7,52,demand_argmax_w5_d0,179.2283289440003,51.422375180814356,297,1.2491373360938578,181,,
0.7,52,static,336.3609608930033,116.06658415907523,0,7.964113181504485,1154,189.627792,
0.7,52,nearest,290.95882933200056,99.74051887439613,20,7.412008281573499,1074,,
0.7,53,medoid,242.223397633999,81.66553014058803,5,19.966204798918554,2954,,P0019
0.7,53,rtt_weighted_w10_d0,183.045961362,51.24166099357891,595,2.0412301453193646,302,,
0.7,53,demand_argmax_w5_d0,172.05259697500037,48.04056060763771,273,1.3856032443393038,205,,
0.7,53,static,324.51165512000006,109.66936638053397,0,4.17032781345049,617,198.112283,
0.7,53,nearest,290.545548272998,97.94153297499156,5,7.7999324095978375,1154,,
0.7,54,medoid,232.83687465799787,81.33291865896359,5,19.964985994397757,2851,,P0015
0.7,54,rtt_weighted_w10_d0,182.30961198399956,52.327219480042025,613,1.7787114845938374,254,,
0.7,54,demand_argmax_w5_d0,164.40154947100007,48.12270792717087,265,1.3445378151260503,192,,
0.7,54,static,264.77318655099873,92.70769837219888,0,4.30672268907563,615,194.004158,
0.7,54,nearest,256.0839869049994,89.52181887780112,5,8.095238095238095,1156,,
0.7,55,medoid,258.1200776920002,87.58432672409106,4,19.972816853550796,2939,,P0006
0.7,55,rtt_weighted_w10_d0,174.3431314939996,50.21842830988787,549,1.8960244648318043,279,,
0.7,55,demand_argmax_w5_d0,163.37005347400023,46.84838490180089,252,1.399932042133877,206,,
0.7,55,static,289.73674450499806,98.44945446992865,0,4.138634046890927,609,195.093552,
0.7,55,nearest,330.2273923920012,111.30983362249405,16,5.633707101597009,829,,
0.7,56,medoid,254.5693590869983,82.12459631492248,4,19.974160206718345,3092,,P0017
0.7,56,rtt_weighted_w10_d0,179.96992497199892,48.47509676582687,596,2.370801033591731,367,,
0.7,56,demand_argmax_w5_d0,168.80249020699958,45.24687632073643,278,1.3242894056847545,205,,
0.7,56,static,306.7253664780004,99.0715008003876,0,4.2118863049095605,652,182.508852,
0.7,56,nearest,303.1998412610003,97.77707225872093,4,7.945736434108526,1230,,
0.7,57,medoid,249.72448330800012,83.89479058762193,5,19.96636394214598,2968,,P0015
0.7,57,rtt_weighted_w10_d0,168.6232316590007,49.67442739724184,479,2.2132526067944838,329,,
0.7,57,demand_argmax_w5_d0,163.04779462200014,46.32947978573831,245,1.4059872182980153,209,,
0.7,57,static,317.23367636600295,106.70490291490079,0,8.045745038681467,1196,189.558704,
0.7,57,nearest,293.65857908300075,98.63664567642111,5,4.1439623276152036,616,,
0.7,58,medoid,284.5879021159983,90.75255277841636,5,19.968071519795657,3127,,P0008
0.7,58,rtt_weighted_w10_d0,192.03898188099942,53.12262211653895,525,1.922094508301405,301,,
0.7,58,demand_argmax_w5_d0,185.75312200000002,49.038985615581105,272,1.264367816091954,198,,
0.7,58,static,344.31253669600073,109.93376012005109,0,4.144316730523627,649,196.537664,
0.7,58,nearest,319.49678009800334,101.5741615399106,13,4.144316730523627,649,,
0.7,59,medoid,230.67364834100258,77.51555180322906,5,19.96636394214598,2968,,P0017
0.7,59,rtt_weighted_w10_d0,168.09364037299937,47.97814683518331,535,2.865792129162462,426,,
0.7,59,demand_argmax_w5_d0,157.03368640199972,44.6292174752775,259,1.3252606794483686,197,,
0.7,59,static,278.4206150249989,93.64971914732594,0,11.705348133198788,1740,187.767671,
0.7,59,nearest,272.3158778399986,91.3464520316179,6,8.180289270097544,1216,,
0.7,60,medoid,245.39412300499504,83.33916986904762,5,19.965986394557824,2935,,P0010
0.7,60,rtt_weighted_w10_d0,191.18928150599982,54.3890683329932,616,1.8979591836734695,279,,
0.7,60,demand_argmax_w5_d0,180.28578227100002,51.10050013707483,289,1.3945578231292517,205,,
0.7,60,static,314.03510885299585,106.81466287517006,0,7.979591836734694,1173,186.696765,
0.7,60,nearest,293.84623806299527,99.78613857551021,5,8.047619047619047,1183,,
0.6,31,medoid,257.0362339869993,86.14362365469799,4,19.973154362416107,2976,,P0012
0.6,31,rtt_weighted_w10_d0.25,225.25849916899892,68.31548653322147,352,2.4161073825503356,360,,
0.6,31,demand_argmax_w10_d0,218.86311711599967,66.55482033154362,182,1.1812080536912752,176,,
0.6,31,static,314.4115769839998,105.50724059865772,0,4.261744966442953,635,191.994167,
0.6,31,nearest,351.5461352909997,117.78137658590605,4,4.25503355704698,634,,
0.6,32,medoid,255.120825517004,83.08098617683524,5,19.9673735725938,3060,,P0020
0.6,32,rtt_weighted_w10_d0.25,233.42465364600062,68.29406126916803,383,2.5840130505709626,396,,
0.6,32,demand_argmax_w10_d0,227.1858555679996,66.45620509429038,193,1.1876019575856445,182,,
0.6,32,static,332.58623939100204,108.51100795791191,0,7.947797716150082,1218,197.097531,
0.6,32,nearest,353.35817928000245,115.06690850440458,5,8.117455138662317,1244,,
0.6,33,medoid,213.73253657699766,72.36903738182434,4,19.97287216005426,2945,,P0018
0.6,33,rtt_weighted_w10_d0.25,187.34175898599932,57.633625345879956,356,3.1875211936249577,470,,
0.6,33,demand_argmax_w10_d0,176.8066210539995,54.016020066463206,199,1.261444557477111,186,,
0.6,33,static,250.237985373999,84.85520019464225,0,4.157341471685317,613,187.873615,
0.6,33,nearest,297.9521269989997,100.91574938385894,5,4.150559511698881,612,,
0.6,34,medoid,258.3611539990033,83.35542150452488,5,19.967679379444085,3089,,P0008
0.6,34,rtt_weighted_w10_d0.25,225.8295682810003,66.97324507918552,368,2.482223658694247,384,,
0.6,34,demand_argmax_w10_d0,223.59239066800012,65.1335330520362,193,1.396250808015514,216,,
0.6,34,static,348.2357182630012,112.55194513994829,0,4.169360051712993,645,193.309518,
0.6,34,nearest,348.80619050299805,112.66386095475113,4,7.79573367808662,1206,,
0.6,35,medoid,240.9756377300024,79.38343738641609,3,19.980217606330367,3030,,P0014
0.6,35,rtt_weighted_w10_d0.25,206.8643999380007,61.85993994329048,381,2.5980877019452686,394,,
0.6,35,demand_argmax_w10_d0,203.9034669399997,61.20552383613584,180,1.3452027695351136,204,,
0.6,35,static,287.86794369599926,94.91194978437191,0,7.695351137487636,1167,183.441957,
0.6,35,nearest,313.18496588999983,103.10791832047477,5,4.299373557533794,652,,
0.6,36,medoid,244.79145720400314,81.02104158501822,4,19.973483592973153,3013,,P0008
0.6,36,rtt_weighted_w10_d0.25,212.25652807699996,63.58917893636062,370,3.049386808087504,460,,
0.6,36,demand_argmax_w10_d0,206.59345069199975,61.12647038249917,202,1.3854822671528009,209,,
0.6,36,static,292.2181374050014,96.8571884007292,0,4.3288034471329135,653,179.109112,
0.6,36,nearest,298.74965647599845,98.9177531726881,4,7.703016241299304,1162,,
0.6,37,medoid,283.1622676330016,88.92895239163259,5,19.968543567159486,3174,,P0005
0.6,37,rtt_weighted_w10_d0.25,233.3402263319994,65.65875174111356,388,2.063541994337842,328,,
0.6,37,demand_argmax_w10_d0,225.82724527699975,64.08749721453287,193,1.4595784837999373,232,,
0.6,37,static,326.85062407900114,102.81554705221768,0,7.920729789241901,1259,196.91083,
0.6,37,nearest,330.56637864800024,103.59306486159169,13,4.33469644542309,689,,
0.6,38,medoid,242.43679287700007,79.74179343054641,5,19.967083607636603,3033,,P0018
0.6,38,rtt_weighted_w10_d0.25,205.23629605700046,61.262796167544444,388,2.6464779460171166,402,,
0.6,38,demand_argmax_w10_d0,183.90948350900024,55.38827344535879,178,1.2442396313364055,189,,
0.6,38,static,308.21140670600084,101.45207594009216,0,4.114549045424622,625,191.050271,
0.6,38,nearest,303.92673261199815,99.87555383080974,4,7.834101382488479,1190,,
0.6,39,medoid,233.2872929719996,76.73451321508564,5,19.96706192358366,3031,,P0003
0.6,39,rtt_weighted_w10_d0.25,212.17404325999948,63.79099167391305,349,3.9920948616600787,606,,
0.6,39,demand_argmax_w10_d0,204.1622033000001,60.773411885375495,192,1.2714097496706191,193,,
0.6,39,static,323.76735078000087,106.64273741106719,0,4.1436100131752305,629,183.262546,
0.6,39,nearest,302.9720505749998,99.63862432444004,5,7.891963109354413,1198,,
0.6,40,medoid,242.79719302500095,80.36908157152318,4,19.973509933774835,3016,,P0002
0.6,40,rtt_weighted_w10_d0.25,199.0809244870007,58.71364352317881,377,2.5231788079470197,381,,
0.6,40,demand_argmax_w10_d0,191.33427255400085,57.37866283112582,188,1.2649006622516556,191,,
0.6,40,static,258.09041632200115,85.46040275562915,0,4.152317880794702,627,193.198487,
0.6,40,nearest,292.8134957180012,96.47063017715232,17,4.059602649006623,613,,
0.6,41,medoid,225.34086066999976,74.65196080824194,5,19.966766367563977,3004,,P0006
0.6,41,rtt_weighted_w10_d0.25,190.11903003799907,56.94463729212363,342,2.798271851113327,421,,
0.6,41,demand_argmax_w10_d0,177.9229334669996,54.13484985443669,183,1.4888667331339316,224,,
0.6,41,static,304.98332025799976,101.35703564572948,0,8.23529411764706,1239,189.053076,
0.6,41,nearest,271.942517808,89.88504886008641,14,7.869724160850781,1184,,
0.6,42,medoid,247.13574637699585,83.98636268832936,4,19.972779857094253,2935,,P0014
0.6,42,rtt_weighted_w10_d0.25,220.73474368899892,67.66792349676761,370,2.9942157196325283,440,,
0.6,42,demand_argmax_w10_d0,203.82949568700013,62.12702073188159,205,1.2589316093909495,185,,
0.6,42,static,294.78078898099716,100.29969002415788,0,7.737325620959511,1137,192.00980200000004,
0.6,42,nearest,311.9901936289975,105.96538784518545,5,11.970057842803676,1759,,
0.6,43,medoid,179.31311669699846,62.65187155112045,5,19.964985994397757,2851,,P0006
0.6,43,rtt_weighted_w10_d0.25,194.32438853599996,60.352465198529416,357,4.824929971988795,689,,
0.6,43,demand_argmax_w10_d0,201.62982836900014,63.73674492121849,185,1.3655462184873948,195,,
0.6,43,static,260.3413037849994,91.15591869222689,0,8.487394957983193,1212,183.93596,
0.6,43,nearest,295.68159076799697,103.36744993872549,5,12.170868347338935,1738,,
0.6,44,medoid,263.5852072599979,86.39079259408867,5,19.967159277504106,3040,,P0005
0.6,44,rtt_weighted_w10_d0.25,219.95742604699913,65.02726688571428,360,2.6732348111658455,407,,
0.6,44,demand_argmax_w10_d0,214.03919719399983,63.37309080656814,193,1.431855500821018,218,,
0.6,44,static,321.23313880900287,105.49528368111659,0,8.105090311986864,1234,192.28448,
0.6,44,nearest,303.9450014100006,99.47221328571429,8,6.778325123152709,1032,,
0.6,45,medoid,273.6462559469993,92.91839150068026,5,19.965986394557824,2935,,P0008
0.6,45,rtt_weighted_w10_d0.25,239.90874861700058,73.52325477823129,364,2.197278911564626,323,,
0.6,45,demand_argmax_w10_d0,238.03460202600044,71.3468125282313,217,1.3877551020408163,204,,
0.6,45,static,295.0847374180001,100.36895830544218,0,8.204081632653061,1206,190.914703,
0.6,45,nearest,347.38146108900054,118.02256972108843,5,8.129251700680273,1195,,
0.6,46,medoid,238.8732826079989,80.07624212399193,5,19.966397849462364,2971,,P0006
0.6,46,rtt_weighted_w10_d0.25,205.8452019249989,62.91459975873656,376,3.2997311827956985,491,,
0.6,46,demand_argmax_w10_d0,197.42194542499905,60.039166379704305,180,1.2634408602150538,188,,
0.6,46,static,304.96645593999745,102.47528761424732,0,4.348118279569892,647,196.635704,
0.6,46,nearest,322.4373223369964,108.19254209879031,5,4.341397849462365,646,,
0.6,47,medoid,239.05637957700043,77.49478763571429,5,19.967532467532468,3075,,P0018
0.6,47,rtt_weighted_w10_d0.25,204.61754654200095,60.13115659350649,351,3.7142857142857144,572,,
0.6,47,demand_argmax_w10_d0,196.70423033100016,58.297807171428566,171,1.1753246753246753,181,,
0.6,47,static,329.33428740300087,106.92671668928571,0,4.1103896103896105,633,187.284697,
0.6,47,nearest,294.14644133500167,95.34830602467532,5,4.103896103896104,632,,
0.6,48,medoid,259.5092330289963,84.93607067682727,5,19.96722386102917,3046,,P0015
0.6,48,rtt_weighted_w10_d0.25,221.7680222300004,64.91565178138315,384,2.989183874139626,456,,
0.6,48,demand_argmax_w10_d0,207.80519470500045,61.863178020976726,187,1.2586037364798426,192,,
0.6,48,static,317.00848078700125,103.90314021206161,0,11.80596525729269,1801,196.508129,
0.6,48,nearest,342.5104548429986,111.96478144542773,5,4.195345788266142,640,,
0.6,49,medoid,218.15525033199935,73.7992079020339,5,19.966101694915253,2945,,P0020
0.6,49,rtt_weighted_w10_d0.25,199.15026261100041,60.21141302644068,407,3.0033898305084747,443,,
0.6,49,demand_argmax_w10_d0,204.91014273100066,61.85869329152542,192,1.2677966101694915,187,,
0.6,49,static,268.29859315500255,90.94867564576272,0,7.9932203389830505,1179,187.942203,
0.6,49,nearest,275.45059290700135,93.18173432847458,5,8.345762711864406,1231,,
0.6,50,medoid,229.1877536269995,77.01357493230044,5,19.966318625799936,2964,,P0013
0.6,50,rtt_weighted_w10_d0.25,215.56268162400025,65.28577536106434,408,3.0986864264061977,460,,
0.6,50,demand_argmax_w10_d0,217.68441803000076,65.32376148972718,193,1.266419669922533,188,,
0.6,50,static,302.4616178310005,101.87322931323678,0,7.8477601886156965,1165,185.649135,
0.6,50,nearest,292.94355950200026,98.47175101549342,5,4.183226675648367,621,,
0.6,51,medoid,236.45251565299637,77.83161436849043,5,19.967040210942653,3029,,P0011
0.6,51,rtt_weighted_w10_d0.25,201.4358685739998,59.93746882729071,356,3.559657218193804,540,,
0.6,51,demand_argmax_w10_d0,194.19149719200033,58.125560590639424,194,1.2788398154251814,194,,
0.6,51,static,293.35606429500035,96.68953997857614,0,4.152933421226105,630,194.60144,
0.6,51,nearest,303.7802915719999,99.96259074653923,5,4.152933421226105,630,,
0.6,52,medoid,252.8294773340053,87.09314254416839,5,19.965493443754312,2893,,P0009
0.6,52,rtt_weighted_w10_d0.25,207.00430231600095,64.57314752242927,344,3.1538992408557625,457,,
0.6,52,demand_argmax_w10_d0,204.71759719500037,64.30341301311249,185,1.2698412698412698,184,,
0.6,52,static,335.37114567400306,115.72503301380263,0,7.964113181504485,1154,189.627792,
0.6,52,nearest,289.8862950700008,99.37042423602485,20,7.412008281573499,1074,,
0.6,53,medoid,246.55508395699874,83.1294322436634,5,19.966204798918554,2954,,P0019
0.6,53,rtt_weighted_w10_d0.25,209.19800540399976,63.6935942859074,373,2.392700236566408,354,,
0.6,53,demand_argmax_w10_d0,205.52229358499997,62.31073467083474,183,1.4531936465021968,215,,
0.6,53,static,319.4426440510008,107.95628389692465,0,4.17032781345049,617,198.112283,
0.6,53,nearest,290.09486075699766,97.78922222271038,5,7.7999324095978375,1154,,
0.6,54,medoid,234.7698226389979,82.00972117331932,5,19.964985994397757,2851,,P0015
0.6,54,rtt_weighted_w10_d0.25,201.3591962029995,63.29489114180673,368,2.2268907563025206,318,,
0.6,54,demand_argmax_w10_d0,198.0768573319996,61.56884360889355,206,1.3445378151260503,192,,
0.6,54,static,264.3258201769988,92.55105748494398,0,4.30672268907563,615,194.900819,
0.6,54,nearest,252.48190431599917,88.26058547829132,5,8.095238095238095,1156,,
0.6,55,medoid,257.4998398420005,87.37357652021747,4,19.972816853550796,2939,,P0006
0.6,55,rtt_weighted_w10_d0.25,207.252973318999,63.85803738634047,347,2.3037716615698267,339,,
0.6,55,demand_argmax_w10_d0,204.056723257,62.559072262657146,187,1.2776078831124702,188,,
0.6,55,static,288.24847633799845,97.94375682568807,0,4.138634046890927,609,195.093552,
0.6,55,nearest,330.49755870400054,111.40163325280325,16,5.633707101597009,829,,
0.6,56,medoid,253.28871460699833,81.71095145704135,4,19.974160206718345,3092,,P0017
0.6,56,rtt_weighted_w10_d0.25,215.09852837399905,61.67724916408269,393,2.6873385012919893,416,,
0.6,56,demand_argmax_w10_d0,199.61612659599973,57.897777322028425,202,1.2467700258397931,193,,
0.6,56,static,306.03674856200047,98.84907899289405,0,4.2118863049095605,652,182.508852,
0.6,56,nearest,304.3594747510011,98.15163087952196,4,7.945736434108526,1230,,
0.6,57,medoid,249.22158472200005,83.72563532828792,5,19.96636394214598,2968,,P0015
0.6,57,rtt_weighted_w10_d0.25,204.7170439399993,62.68560116414396,348,2.939791456441305,437,,
0.6,57,demand_argmax_w10_d0,197.19821741999974,60.60417246787757,182,1.237806929027918,184,,
0.6,57,static,318.5156647410033,107.13611326639757,0,8.045745038681467,1196,189.558704,
0.6,57,nearest,289.3261643940011,97.17939216515303,5,4.1439623276152036,616,,
0.6,58,medoid,284.72934471199824,90.79771324968071,5,19.968071519795657,3127,,P0008
0.6,58,rtt_weighted_w10_d0.25,241.07554032699986,70.06660794252873,382,2.19029374201788,343,,
0.6,58,demand_argmax_w10_d0,232.7034281159996,66.59277015070242,191,1.289910600255428,202,,
0.6,58,static,340.1930770340012,108.61847925734355,0,4.144316730523627,649,196.537664,
0.6,58,nearest,323.9650908480035,103.00082525319286,13,4.144316730523627,649,,
0.6,59,medoid,234.1007598400026,78.66829700975445,5,19.96636394214598,2968,,P0017
0.6,59,rtt_weighted_w10_d0.25,205.27118964499985,62.286003706357214,381,3.0339724184325596,451,,
0.6,59,demand_argmax_w10_d0,193.75571069400036,59.287956709720824,185,1.3925327951564077,207,,
0.6,59,static,279.1193877409985,93.88475874234778,0,11.705348133198788,1740,191.573679,
0.6,59,nearest,274.5822560979985,92.1087723336697,6,8.180289270097544,1216,,
0.6,60,medoid,241.11924732499475,81.88513052210884,5,19.965986394557824,2935,,P0010
0.6,60,rtt_weighted_w10_d0.25,219.1377944489996,66.57209011870748,366,2.5306122448979593,372,,
0.6,60,demand_argmax_w10_d0,205.11858219099994,63.33106399965986,190,1.217687074829932,179,,
0.6,60,static,311.85963734999575,106.07470658163264,0,7.979591836734694,1173,186.696765,
0.6,60,nearest,291.4643493409953,98.97597234353742,5,8.047619047619047,1183,,
0.5,31,medoid,262.1708652579992,87.86665428255033,4,19.973154362416107,2976,,P0012
0.5,31,rtt_weighted_w10_d0.25,250.5117244539987,76.16566507617449,353,3.120805369127517,465,,
0.5,31,demand_argmax_w10_d0,257.7532521729995,76.98529413791947,243,1.2147651006711409,181,,
0.5,31,static,317.14616287699937,106.4248868714765,0,4.261744966442953,635,190.912359,
0.5,31,nearest,353.6492730639998,118.48712751644295,4,4.25503355704698,634,,
0.5,32,medoid,256.431125368004,83.5084902065253,5,19.9673735725938,3060,,P0020
0.5,32,rtt_weighted_w10_d0.25,255.7727587670007,73.89043797226753,417,2.205546492659054,338,,
0.5,32,demand_argmax_w10_d0,264.8982019599999,75.22660205644372,279,1.370309951060359,210,,
0.5,32,static,327.9098393250018,106.98526568515499,0,7.947797716150082,1218,194.265348,
0.5,32,nearest,354.8774010910021,115.56257630570963,5,8.117455138662317,1244,,
0.5,33,medoid,214.78642279299802,72.72640808918277,4,19.97287216005426,2945,,P0018
0.5,33,rtt_weighted_w10_d0.25,203.27036213399887,62.461850118684296,364,3.716514072566972,548,,
0.5,33,demand_argmax_w10_d0,209.39873388199922,62.83486331705663,274,1.2546625974906749,185,,
0.5,33,static,256.0096697889985,86.8123668324856,0,4.157341471685317,613,187.873615,
0.5,33,nearest,295.68288839799897,100.14625511427603,5,4.150559511698881,612,,
0.5,34,medoid,252.12595212500315,81.34016556593407,5,19.967679379444085,3089,,P0008
0.5,34,rtt_weighted_w10_d0.25,247.13492250700003,72.55006820232708,385,2.915319974143504,451,,
0.5,34,demand_argmax_w10_d0,255.5202570049997,72.85620084776988,279,1.493212669683258,231,,
0.5,34,static,342.7121668170001,110.76669903587589,0,4.169360051712993,645,193.309518,
0.5,34,nearest,345.96876846199876,111.74678854330963,4,7.79573367808662,1206,,
0.5,35,medoid,241.55608088100215,79.5748133016815,3,19.980217606330367,3030,,P0014
0.5,35,rtt_weighted_w10_d0.25,236.54782474900034,69.28166726969997,416,3.2311242993735574,490,,
0.5,35,demand_argmax_w10_d0,238.31248718499944,69.69779824365315,263,1.3781734256511704,209,,
0.5,35,static,289.15418263599923,95.33603120211012,0,7.695351137487636,1167,185.363723,
0.5,35,nearest,317.4458110710005,104.51274693273986,5,4.299373557533794,652,,
0.5,36,medoid,244.07858289000285,80.78475576665562,4,19.973483592973153,3013,,P0008
0.5,36,rtt_weighted_w10_d0.25,232.10889674899917,68.99474686808088,403,3.307921776599271,499,,
0.5,36,demand_argmax_w10_d0,231.6490150199994,67.86713043453761,246,1.3987404706662248,211,,
0.5,36,static,289.25114284100135,95.87376295691084,0,4.3288034471329135,653,179.109112,
0.5,36,nearest,299.96189694699905,99.31955644448128,4,7.703016241299304,1162,,
0.5,37,medoid,277.55118970100193,87.163907430324,5,19.968543567159486,3174,,P0005
0.5,37,rtt_weighted_w10_d0.25,261.768949966,73.19625313022964,440,2.126454860018874,338,,
0.5,37,demand_argmax_w10_d0,255.28781662599974,71.72522082195658,252,1.5224913494809689,242,,
0.5,37,static,329.0633230380016,103.51158321421832,0,7.920729789241901,1259,196.23106,
0.5,37,nearest,330.5030152529999,103.57313299779804,13,4.33469644542309,689,,
0.5,38,medoid,245.2701653509998,80.67443743120474,5,19.967083607636603,3033,,P0018
0.5,38,rtt_weighted_w10_d0.25,240.73632236000168,70.55380508229098,417,3.377221856484529,513,,
0.5,38,demand_argmax_w10_d0,224.75759994100048,66.41274820111916,250,1.2508229098090848,190,,
0.5,38,static,307.16844521800124,101.10877064450295,0,4.114549045424622,625,191.050271,
0.5,38,nearest,307.7129218419976,101.12183073337722,4,7.834101382488479,1190,,
0.5,39,medoid,226.5864505819988,74.52738462812911,5,19.96706192358366,3031,,P0003
0.5,39,rtt_weighted_w10_d0.25,229.5348836980004,68.51537349341238,353,4.328063241106719,657,,
0.5,39,demand_argmax_w10_d0,236.61044847100015,69.44746711166007,252,1.2779973649538865,194,,
0.5,39,static,320.2291711900015,105.47732911396575,0,4.1436100131752305,629,183.262546,
0.5,39,nearest,308.568395411,101.48195266304347,5,7.891963109354413,1198,,
0.5,40,medoid,236.8008273030006,78.38353000794702,4,19.973509933774835,3016,,P0002
0.5,40,rtt_weighted_w10_d0.25,226.03777547000024,65.93507737317881,407,2.3245033112582782,351,,
0.5,40,demand_argmax_w10_d0,216.93633855700108,64.29914098509934,238,1.3509933774834437,204,,
0.5,40,static,261.7891042150008,86.68513384602649,0,4.152317880794702,627,193.198487,
0.5,40,nearest,293.9133922990012,96.83483434304635,17,4.059602649006623,613,,
0.5,41,medoid,227.28305002299996,75.29742087902957,5,19.966766367563977,3004,,P0006
0.5,41,rtt_weighted_w10_d0.25,223.54373049999862,66.32300679793951,389,2.7384513127284813,412,,
0.5,41,demand_argmax_w10_d0,219.44932983399931,65.1567665709538,268,1.5752741774675973,237,,
0.5,41,static,306.4387196279993,101.8407177228315,0,8.23529411764706,1239,189.053076,
0.5,41,nearest,275.12882051999964,90.94397299169158,14,7.869724160850781,1184,,
0.5,42,medoid,244.41009853199617,83.05895614018374,4,19.972779857094253,2935,,P0014
0.5,42,rtt_weighted_w10_d0.25,240.7894293439992,73.80127055869343,385,3.3208574345015314,488,,
0.5,42,demand_argmax_w10_d0,236.75477447300014,71.3152709717591,248,1.435862538278326,211,,
0.5,42,static,294.5176645109971,100.21016145321538,0,7.737325620959511,1137,192.00980200000004,
0.5,42,nearest,314.20613936499734,106.71936734025178,5,11.970057842803676,1759,,
0.5,43,medoid,178.36123643099907,62.318580141456586,5,19.964985994397757,2851,,P0006
0.5,43,rtt_weighted_w10_d0.25,209.05096867299906,65.50769246813725,352,7.079831932773109,1011,,
0.5,43,demand_argmax_w10_d0,234.84944158799922,72.71175176610645,253,1.3165266106442577,188,,
0.5,43,static,260.77987553299886,91.30948022864146,0,8.487394957983193,1212,190.638927,
0.5,43,nearest,299.7754740929972,104.8008824754902,5,12.170868347338935,1738,,
0.5,44,medoid,263.94610577699774,86.50931427454844,5,19.967159277504106,3040,,P0005
0.5,44,rtt_weighted_w10_d0.25,246.4577131949991,72.90103831559935,376,3.1067323481116587,473,,
0.5,44,demand_argmax_w10_d0,248.92767725499974,72.14191352643678,277,1.5172413793103448,231,,
0.5,44,static,323.25760607900196,106.1601333592775,0,8.105090311986864,1234,192.28448,
0.5,44,nearest,305.45025213200034,99.96654849819377,8,6.778325123152709,1032,,
0.5,45,medoid,273.5964147539998,92.90143871394558,5,19.965986394557824,2935,,P0008
0.5,45,rtt_weighted_w10_d0.25,259.3338386390001,78.95846974557823,384,2.4081632653061225,354,,
0.5,45,demand_argmax_w10_d0,257.57592913900044,76.85731459319727,269,1.3605442176870748,200,,
0.5,45,static,296.39220848599984,100.81367635578232,0,8.204081632653061,1206,190.914703,
0.5,45,nearest,343.58534848800116,116.73137495884353,5,8.129251700680273,1195,,
0.5,46,medoid,240.8100490459988,80.72703729805107,5,19.966397849462364,2971,,P0006
0.5,46,rtt_weighted_w10_d0.25,233.92769699299876,70.87220872614247,408,3.622311827956989,539,,
0.5,46,demand_argmax_w10_d0,229.57469942599883,68.30302056787635,257,1.3306451612903225,198,,
0.5,46,static,309.63160606899845,104.04287838340053,0,4.348118279569892,647,196.635704,
0.5,46,nearest,326.89443593199667,109.69022811861558,5,4.341397849462365,646,,
0.5,47,medoid,241.778718666001,78.3786639633117,5,19.967532467532468,3075,,P0018
0.5,47,rtt_weighted_w10_d0.25,231.81186457200212,67.8456052064935,377,3.831168831168831,590,,
0.5,47,demand_argmax_w10_d0,230.13356278200038,66.99685618961038,238,1.3246753246753247,204,,
0.5,47,static,325.76075489600055,105.76647886233768,0,4.1103896103896105,633,186.503298,
0.5,47,nearest,290.2034093590019,94.06810083766233,5,4.103896103896104,632,,
0.5,48,medoid,258.1291977509963,84.48374839626352,5,19.96722386102917,3046,,P0015
0.5,48,rtt_weighted_w10_d0.25,255.84411190900062,74.78218139233039,387,2.871189773844641,438,,
0.5,48,demand_argmax_w10_d0,249.2995599580005,72.28327933038348,294,1.2520485086856767,191,,
0.5,48,static,322.0558247620014,105.5574646876434,0,11.80596525729269,1801,196.508129,
0.5,48,nearest,343.57668957799825,112.31425202392658,5,4.195345788266142,640,,
0.5,49,medoid,219.02723136799963,74.09479469389831,5,19.966101694915253,2945,,P0020
0.5,49,rtt_weighted_w10_d0.25,215.41320090200037,65.34665214711865,397,3.294915254237288,486,,
0.5,49,demand_argmax_w10_d0,234.52737851900042,69.16988603694915,273,1.240677966101695,183,,
0.5,49,static,267.31084670200215,90.61384633966102,0,7.9932203389830505,1179,187.942203,
0.5,49,nearest,276.5379713750006,93.55033719898304,5,8.345762711864406,1231,,
0.5,50,medoid,228.36620112199932,76.73686475884136,5,19.966318625799936,2964,,P0013
0.5,50,rtt_weighted_w10_d0.25,226.81035570300043,69.1025715611317,365,3.4759178174469523,516,,
0.5,50,demand_argmax_w10_d0,245.575209850001,72.33106681609969,268,1.3405186931626811,199,,
0.5,50,static,304.4453830340001,102.54138869450993,0,7.8477601886156965,1165,185.649135,
0.5,50,nearest,289.11168105099995,97.18112169552037,5,4.183226675648367,621,,
0.5,51,medoid,236.79853742999626,77.94566241628215,5,19.967040210942653,3029,,P0011
0.5,51,rtt_weighted_w10_d0.25,225.7654257649994,66.85871542320369,375,4.482531311799605,680,,
0.5,51,demand_argmax_w10_d0,229.12763159000016,66.99087404284772,272,1.2261041529334213,186,,
0.5,51,static,293.1110886929998,96.60879653691497,0,4.152933421226105,630,194.60144,
0.5,51,nearest,300.7187992439994,98.95352933322347,5,4.152933421226105,630,,
0.5,52,medoid,251.0166803830048,86.46760874465149,5,19.965493443754312,2893,,P0009
0.5,52,rtt_weighted_w10_d0.25,235.57025402100098,73.54118273119393,366,3.291925465838509,477,,
0.5,52,demand_argmax_w10_d0,236.8475609330007,72.64526272394754,248,1.4147688060731538,205,,
0.5,52,static,332.69570924800263,114.80183203864735,0,7.964113181504485,1154,189.627792,
0.5,52,nearest,289.9137378000009,99.37989377708764,20,7.412008281573499,1074,,
0.5,53,medoid,243.80910894999917,82.20142446840148,5,19.966204798918554,2954,,P0019
0.5,53,rtt_weighted_w10_d0.25,230.22254599599984,69.75860816154106,384,2.5549172017573505,378,,
0.5,53,demand_argmax_w10_d0,233.01694048600027,69.62809591990538,245,1.3653261236904362,202,,
0.5,53,static,323.9226369650004,109.47030651064549,0,4.17032781345049,617,198.112283,
0.5,53,nearest,287.24003539599823,96.82442825143629,5,7.7999324095978375,1154,,
0.5,54,medoid,237.55224750499772,82.98395957177871,5,19.964985994397757,2851,,P0015
0.5,54,rtt_weighted_w10_d0.25,225.44674226499953,70.36009102240897,401,2.815126050420168,402,,
0.5,54,demand_argmax_w10_d0,221.65665634399983,68.59658565056021,253,1.2745098039215685,182,,
0.5,54,static,265.46958016099853,92.95153366981793,0,4.30672268907563,615,194.004158,
0.5,54,nearest,256.0976839839993,89.52661477380953,5,8.095238095238095,1156,,
0.5,55,medoid,255.6168316020005,86.7337504108053,4,19.972816853550796,2939,,P0006
0.5,55,rtt_weighted_w10_d0.25,231.22021248099844,70.93470170234455,357,2.657152565409446,391,,
0.5,55,demand_argmax_w10_d0,229.94675586099962,69.84831160244649,244,1.3523615358477743,199,,
0.5,55,static,292.6784968179994,99.44903051919809,0,4.138634046890927,609,195.093552,
0.5,55,nearest,328.5903936589998,110.75359891879035,16,5.633707101597009,829,,
0.5,56,medoid,254.64649044299912,82.14950954360465,4,19.974160206718345,3092,,P0017
0.5,56,rtt_weighted_w10_d0.25,238.98608559799877,68.59588247319122,402,2.9392764857881133,455,,
0.5,56,demand_argmax_w10_d0,229.02376482200003,65.76751486692507,263,1.2596899224806202,195,,
0.5,56,static,304.433658295,98.33128497900518,0,4.2118863049095605,652,183.62070575,
0.5,56,nearest,304.70792871500134,98.26418060949612,4,7.945736434108526,1230,,
0.5,57,medoid,249.41425950400028,83.79044352943154,5,19.96636394214598,2968,,P0015
0.5,57,rtt_weighted_w10_d0.25,234.60930092699925,71.55990111503532,377,3.39724184325597,505,,
0.5,57,demand_argmax_w10_d0,229.95702545799966,69.77956738176925,234,1.2512613521695257,186,,
0.5,57,static,322.9834719290029,108.6389074769593,0,8.045745038681467,1196,189.558704,
0.5,57,nearest,289.9285720580011,97.38201835553312,5,4.1439623276152036,616,,
0.5,58,medoid,286.21694646599855,91.27268188122605,5,19.968071519795657,3127,,P0008
0.5,58,rtt_weighted_w10_d0.25,262.79798786399937,75.6167637605364,385,2.7458492975734354,430,,
0.5,58,demand_argmax_w10_d0,269.05917058800037,76.07490822765006,244,1.277139208173691,200,,
0.5,58,static,340.70847691000034,108.78303860472542,0,4.144316730523627,649,196.537664,
0.5,58,nearest,326.5823674740032,103.83648190261815,13,4.144316730523627,649,,
0.5,59,medoid,236.42978993100274,79.45169091860073,5,19.96636394214598,2968,,P0017
0.5,59,rtt_weighted_w10_d0.25,220.75455048799998,67.50722239892364,360,3.901782711066263,580,,
0.5,59,demand_argmax_w10_d0,225.85367482700065,67.92921228422469,241,1.3050790447359568,194,,
0.5,59,static,272.60349363399905,91.69306883081063,0,11.705348133198788,1740,184.443691,
0.5,59,nearest,274.59863884199825,92.1142828429196,6,8.180289270097544,1216,,
0.5,60,medoid,241.2640546529951,81.93438471530612,5,19.965986394557824,2935,,P0010
0.5,60,rtt_weighted_w10_d0.25,241.76056857299895,73.55325124387754,375,2.7551020408163267,405,,
0.5,60,demand_argmax_w10_d0,241.8135029330002,73.37515529387755,250,1.2925170068027212,190,,
0.5,60,static,312.39283728099576,106.25606710238095,0,7.979591836734694,1173,186.696765,
0.5,60,nearest,290.93639908499614,98.7963974265306,5,8.047619047619047,1183,,
0.4,31,medoid,259.21907271099883,86.87611987080537,4,19.973154362416107,2976,,P0012
0.4,31,rtt_weighted_w100_d0.25,270.61014499699814,88.27534091610738,103,6.758389261744966,1007,,
0.4,31,demand_argmax_w10_d0.25,288.6077410909988,87.56775171577182,238,1.4630872483221478,218,,
0.4,31,static,314.8169616079989,105.64327570738254,0,4.261744966442953,635,190.912359,
0.4,31,nearest,351.3562660329994,117.71766206979866,4,4.25503355704698,634,,
0.4,32,medoid,256.1364991490043,83.41236419706362,5,19.9673735725938,3060,,P0020
0.4,32,rtt_weighted_w100_d0.25,273.1806033280003,86.46735665579119,95,7.810766721044046,1197,,
0.4,32,demand_argmax_w10_d0.25,291.0058017350005,86.13746152561174,242,1.3833605220228384,212,,
0.4,32,static,337.1171148960019,109.989270765416,0,7.947797716150082,1218,197.097531,
0.4,32,nearest,353.57258888300186,115.13686269787928,5,8.117455138662317,1244,,
0.4,33,medoid,215.52242902799796,72.97598633095964,4,19.97287216005426,2945,,P0018
0.4,33,rtt_weighted_w100_d0.25,233.0657123179994,76.95014410478129,116,5.961342828077314,879,,
0.4,33,demand_argmax_w10_d0.25,236.2833944459991,72.87667626822652,234,1.3767378772465244,203,,
0.4,33,static,253.47362961099842,85.95240068192606,0,4.157341471685317,613,187.873615,
0.4,33,nearest,296.035326623,100.26576621125805,5,4.150559511698881,612,,
0.4,34,medoid,256.00372426200323,82.59348558435683,5,19.967679379444085,3089,,P0008
0.4,34,rtt_weighted_w100_d0.25,269.75936728800133,84.7383282081448,134,5.100193923723336,789,,
0.4,34,demand_argmax_w10_d0.25,290.490128466,84.81363025339367,257,1.5319974143503556,237,,
0.4,34,static,341.73021332399986,110.44932557336782,0,4.169360051712993,645,193.309518,
0.4,34,nearest,345.72141414999874,111.66684209469942,4,7.79573367808662,1206,,
0.4,35,medoid,243.492934796002,80.21340674546653,3,19.980217606330367,3030,,P0014
0.4,35,rtt_weighted_w100_d0.25,261.2772382230007,83.26572240290142,103,8.875700626442466,1346,,
0.4,35,demand_argmax_w10_d0.25,270.9155981719991,80.85386192746456,246,1.4309264754368611,217,,
0.4,35,static,292.3811144999993,96.39997181008903,0,7.695351137487636,1167,185.363723,
0.4,35,nearest,314.7189827810002,103.61369375436861,5,4.299373557533794,652,,
0.4,36,medoid,247.09615062600318,81.78494394564136,4,19.973483592973153,3013,,P0008
0.4,36,rtt_weighted_w100_d0.25,247.17093037499922,79.7630569313888,102,7.232350016572755,1091,,
0.4,36,demand_argmax_w10_d0.25,260.51478503399966,78.4661371269473,241,1.4186277759363606,214,,
0.4,36,static,290.4124779620015,96.25869339144846,0,4.3288034471329135,653,179.109112,
0.4,36,nearest,295.4124314549985,97.81161296022539,4,7.703016241299304,1162,,
0.4,37,medoid,279.87088516700175,87.89360087669078,5,19.968543567159486,3174,,P0005
0.4,37,rtt_weighted_w100_d0.25,303.1551419019986,91.23554017301038,145,4.98899024850582,793,,
0.4,37,demand_argmax_w10_d0.25,288.58411753799965,82.97857920918527,234,1.7867253853413023,284,,
0.4,37,static,325.5423647520017,102.40401533564014,0,7.920729789241901,1259,196.91083,
0.4,37,nearest,330.73566448299994,103.64631614658698,13,4.33469644542309,689,,
0.4,38,medoid,240.30787271400044,79.04102971658986,5,19.967083607636603,3033,,P0018
0.4,38,rtt_weighted_w100_d0.25,267.1683150460003,84.88302814614877,113,10.836076366030282,1646,,
0.4,38,demand_argmax_w10_d0.25,258.912226994001,77.70443945292956,245,1.6260697827518102,247,,
0.4,38,static,306.9131665070005,101.02474210236997,0,4.114549045424622,625,191.050271,
0.4,38,nearest,306.45870322199846,100.70898721132325,4,7.834101382488479,1190,,
0.4,39,medoid,229.7947242069991,75.5841282463768,5,19.96706192358366,3031,,P0003
0.4,39,rtt_weighted_w100_d0.25,242.392496262999,78.14584678293808,77,13.227931488801053,2008,,
0.4,39,demand_argmax_w10_d0.25,262.0972233979995,78.98676347628458,241,1.3899868247694334,211,,
0.4,39,static,317.38124721200097,104.53927773781292,0,4.1436100131752305,629,183.262546,
0.4,39,nearest,304.9629927279996,100.29440237220025,5,7.891963109354413,1198,,
0.4,40,medoid,236.57430624000156,78.3085230334437,4,19.973509933774835,3016,,P0002
0.4,40,rtt_weighted_w100_d0.25,253.05332467000107,81.32892834006623,125,4.662251655629139,704,,
0.4,40,demand_argmax_w10_d0.25,244.03757510800114,73.66024222119205,226,1.4437086092715232,218,,
0.4,40,static,259.7568661930013,86.01220734867549,0,4.152317880794702,627,193.198487,
0.4,40,nearest,297.57711818800107,98.04798861092715,17,4.059602649006623,613,,
0.4,41,medoid,234.39796355599955,77.66196509072782,5,19.966766367563977,3004,,P0006
0.4,41,rtt_weighted_w100_d0.25,242.92404275899773,78.40919426420737,89,5.483549351944168,825,,
0.4,41,demand_argmax_w10_d0.25,245.02478415699906,74.32299663841808,242,1.655034895314058,249,,
0.4,41,static,305.5306172589994,101.53892231937522,0,8.23529411764706,1239,189.053076,
0.4,41,nearest,276.98344860999964,91.56033327417747,14,7.869724160850781,1184,,
0.4,42,medoid,240.9663543339957,81.88721602517863,4,19.972779857094253,2935,,P0014
0.4,42,rtt_weighted_w100_d0.25,263.1633412219989,87.05756878087784,101,8.846546444368833,1300,,
0.4,42,demand_argmax_w10_d0.25,270.48316134199996,82.72921224157876,250,1.422252466825451,209,,
0.4,42,static,292.1106404739975,99.39116722490644,0,7.737325620959511,1137,192.00980200000004,
0.4,42,nearest,314.475993764997,106.8111857818986,5,11.970057842803676,1759,,
0.4,43,medoid,181.75203001499887,63.50583279691877,5,19.964985994397757,2851,,P0006
0.4,43,rtt_weighted_w100_d0.25,194.64154450599884,66.57182342577032,50,17.387955182072826,2483,,
0.4,43,demand_argmax_w10_d0.25,259.20645423199846,82.01794139915967,246,1.2745098039215685,182,,
0.4,43,static,260.46426254899853,91.1989714807423,0,8.487394957983193,1212,190.638927,
0.4,43,nearest,301.65636106699753,105.45945634593838,5,12.170868347338935,1738,,
0.4,44,medoid,266.08418755599814,87.21147577832512,5,19.967159277504106,3040,,P0005
0.4,44,rtt_weighted_w100_d0.25,278.52147197899956,88.86964434876847,107,5.155993431855501,785,,
0.4,44,demand_argmax_w10_d0.25,287.18272138099945,84.97497097438423,253,1.3267651888341543,202,,
0.4,44,static,322.0310566620015,105.75732566896552,0,8.105090311986864,1234,192.353547,
0.4,44,nearest,304.0503431040005,99.5068082591133,8,6.778325123152709,1032,,
0.4,45,medoid,275.4581872699989,93.53469467176869,5,19.965986394557824,2935,,P0008
0.4,45,rtt_weighted_w100_d0.25,283.8067659939995,92.96855472959184,125,8.197278911564625,1205,,
0.4,45,demand_argmax_w10_d0.25,294.75827149800057,90.57588065238096,237,1.6258503401360545,239,,
0.4,45,static,293.3729344100009,99.78671238435373,0,8.204081632653061,1206,190.914703,
0.4,45,nearest,348.88117366200055,118.53267603843537,5,8.129251700680273,1195,,
0.4,46,medoid,239.68747377699853,80.34982786626344,5,19.966397849462364,2971,,P0006
0.4,46,rtt_weighted_w100_d0.25,256.27684106799865,83.89056312063171,103,7.473118279569892,1112,,
0.4,46,demand_argmax_w10_d0.25,260.02981404099796,79.38531584038978,237,1.4381720430107525,214,,
0.4,46,static,309.1510090099979,103.8813874361559,0,4.348118279569892,647,196.693153,
0.4,46,nearest,322.7191236999973,108.28723341700268,5,4.341397849462365,646,,
0.4,47,medoid,245.63816569600132,79.63173118084416,5,19.967532467532468,3075,,P0018
0.4,47,rtt_weighted_w100_d0.25,252.7307116250032,79.32299893896104,93,9.123376623376624,1405,,
0.4,47,demand_argmax_w10_d0.25,272.26719304700066,79.56866035844156,245,1.3766233766233766,212,,
0.4,47,static,328.22666855200055,106.56710017922079,0,4.1103896103896105,633,186.503298,
0.4,47,nearest,295.8815948570014,95.91166755779221,5,4.103896103896104,632,,
0.4,48,medoid,256.8561569679965,84.0664947800721,5,19.96722386102917,3046,,P0015
0.4,48,rtt_weighted_w100_d0.25,270.9042545939995,85.39173334447722,112,6.089806620780072,929,,
0.4,48,demand_argmax_w10_d0.25,285.86773351600067,84.70711412291053,261,1.5077023926581448,230,,
0.4,48,static,318.1069909080003,104.26318941592919,0,11.80596525729269,1801,196.508129,
0.4,48,nearest,342.2458856929986,111.8780658931498,5,4.195345788266142,640,,
0.4,49,medoid,217.97527123099974,73.73819803728814,5,19.966101694915253,2945,,P0020
0.4,49,rtt_weighted_w100_d0.25,222.47423690600073,73.52664453050848,91,5.52542372881356,815,,
0.4,49,demand_argmax_w10_d0.25,252.6100784290002,77.23553240440678,233,1.2338983050847459,182,,
0.4,49,static,267.14993454100244,90.55929984440678,0,7.9932203389830505,1179,187.942203,
0.4,49,nearest,274.8514985260011,92.97865148745764,5,8.345762711864406,1231,,
0.4,50,medoid,232.19182978499964,78.02538906433142,5,19.966318625799936,2964,,P0013
0.4,50,rtt_weighted_w100_d0.25,252.54864383300014,82.34441700673628,111,8.097002357696194,1202,,
0.4,50,demand_argmax_w10_d0.25,279.7760451790019,85.0246714291007,231,1.5358706635230719,228,,
0.4,50,static,302.95990359800015,102.04105880700573,0,7.8477601886156965,1165,185.649135,
0.4,50,nearest,292.3355306330001,98.2669585368811,5,4.183226675648367,621,,
0.4,51,medoid,242.96926305299564,79.97952056493078,5,19.967040210942653,3029,,P0011
0.4,51,rtt_weighted_w100_d0.25,251.6713011059984,80.5439014531971,96,5.906394199077126,896,,
0.4,51,demand_argmax_w10_d0.25,266.20928231000073,79.84626392485168,251,1.2392880685563614,188,,
0.4,51,static,294.4113118450001,97.037347345089,0,4.152933421226105,630,194.60144,
0.4,51,nearest,301.1341715709997,99.09043517600529,5,4.152933421226105,630,,
0.4,52,medoid,252.12655283400488,86.85058750621118,5,19.965493443754312,2893,,P0009
0.4,52,rtt_weighted_w100_d0.25,265.29750343400264,88.5709278716356,118,5.6728778467908905,822,,
0.4,52,demand_argmax_w10_d0.25,277.09524406700064,86.47219118978606,248,1.5320910973084885,222,,
0.4,52,static,332.7133282110031,114.80791173602485,0,7.964113181504485,1154,189.627792,
0.4,52,nearest,286.0935092320004,98.06166445755693,20,7.412008281573499,1074,,
0.4,53,medoid,244.59568665999885,82.46724998715783,5,19.966204798918554,2954,,P0019
0.4,53,rtt_weighted_w100_d0.25,252.79137311499898,82.69425677154443,109,5.947955390334573,880,,
0.4,53,demand_argmax_w10_d0.25,264.8458305229996,80.86360499831024,248,1.338289962825279,198,,
0.4,53,static,323.20107916899934,109.22645460256842,0,4.17032781345049,617,198.112283,
0.4,53,nearest,289.14587207999875,97.46850959107807,5,7.7999324095978375,1154,,
0.4,54,medoid,234.7869702169985,82.01572522724089,5,19.964985994397757,2851,,P0015
0.4,54,rtt_weighted_w100_d0.25,247.88658127499855,83.75081235189076,105,6.134453781512605,876,,
0.4,54,demand_argmax_w10_d0.25,255.4336736129994,80.64185184558823,246,1.5406162464985993,220,,
0.4,54,static,269.4321529119992,94.33898911484594,0,4.30672268907563,615,194.004158,
0.4,54,nearest,261.3109061100003,91.35197266106442,5,8.095238095238095,1156,,
0.4,55,medoid,258.1513190269999,87.59494219639824,4,19.972816853550796,2939,,P0006
0.4,55,rtt_weighted_w100_d0.25,267.45819673699697,88.24971942745498,104,5.681277607883112,836,,
0.4,55,demand_argmax_w10_d0.25,271.9323833609986,83.35511979884471,247,1.4814814814814814,218,,
0.4,55,static,294.38723336999897,100.02964096839958,0,4.138634046890927,609,195.093552,
0.4,55,nearest,323.9805689429997,109.18722966428814,16,5.633707101597009,829,,
0.4,56,medoid,256.1164871349991,82.62431467667959,4,19.974160206718345,3092,,P0017
0.4,56,rtt_weighted_w100_d0.25,257.9748420579989,80.53028619121447,92,7.409560723514211,1147,,
0.4,56,demand_argmax_w10_d0.25,265.7782000089997,78.38809965439276,243,1.5633074935400515,242,,
0.4,56,static,307.60133937100005,99.35443778133076,0,4.2118863049095605,652,182.508852,
0.4,56,nearest,304.2279535740012,98.10914987919897,4,7.945736434108526,1230,,
0.4,57,medoid,245.4222023930004,82.44767289001008,5,19.96636394214598,2968,,P0015
0.4,57,rtt_weighted_w100_d0.25,265.4199973090002,87.3965337884292,85,10.44735956945846,1553,,
0.4,57,demand_argmax_w10_d0.25,274.47568007699994,83.6341438173562,246,1.4463504877228388,215,,
0.4,57,static,320.39790189100233,107.76922364312142,0,8.045745038681467,1196,189.558704,
0.4,57,nearest,291.848973248001,98.0279656108308,5,4.1439623276152036,616,,
0.4,58,medoid,282.0733508409983,89.94969477234993,5,19.968071519795657,3127,,P0008
0.4,58,rtt_weighted_w100_d0.25,296.7390523589989,90.32133373499362,162,5.1021711366538955,799,,
0.4,58,demand_argmax_w10_d0.25,301.9685243110002,87.39573531162196,239,1.2324393358876118,193,,
0.4,58,static,341.80180556800127,109.13212182886335,0,4.144316730523627,649,196.537664,
0.4,58,nearest,325.3439374240033,103.44107000925926,13,4.144316730523627,649,,
0.4,59,medoid,230.16038790000218,77.3429112243525,5,19.96636394214598,2968,,P0017
0.4,59,rtt_weighted_w100_d0.25,243.63565337099973,79.8881252193071,95,6.976118398923646,1037,,
0.4,59,demand_argmax_w10_d0.25,255.29668915100052,78.63389630440632,226,1.298351833165153,193,,
0.4,59,static,271.01580937099897,91.15903443356878,0,11.705348133198788,1740,187.767671,
0.4,59,nearest,272.4137199719983,91.37936226774302,6,8.180289270097544,1216,,
0.4,60,medoid,245.75795371599514,83.46292181156463,5,19.965986394557824,2935,,P0010
0.4,60,rtt_weighted_w100_d0.25,264.2858322849985,86.82458811632652,117,6.517006802721088,958,,
0.4,60,demand_argmax_w10_d0.25,277.312398746,85.44130494217687,230,1.3877551020408163,204,,
0.4,60,static,316.0410535299957,107.49695698299318,0,7.979591836734694,1173,186.696765,
0.4,60,nearest,291.6204892859962,99.02908116836736,5,8.047619047619047,1183,,
0.3,31,medoid,258.641238476999,86.68221576543624,4,19.973154362416107,2976,,P0012
0.3,31,rtt_weighted_w100_d0.25,265.8431691119984,86.6289681671141,93,9.778523489932885,1457,,
0.3,31,demand_argmax_w10_d1,328.54803445599913,100.89088497617449,237,1.6711409395973154,249,,
0.3,31,static,314.4938610669988,105.53485270704698,0,4.261744966442953,635,190.912359,
0.3,31,nearest,347.5620730079988,116.4444429338926,4,4.25503355704698,634,,
0.3,32,medoid,256.35678400400394,83.48423527536704,5,19.9673735725938,3060,,P0020
0.3,32,rtt_weighted_w100_d0.25,276.8509695370005,87.00381992756932,121,9.748776508972268,1494,,
0.3,32,demand_argmax_w10_d1,326.6351490220016,97.26050686231649,251,1.6769983686786296,257,,
0.3,32,static,333.39210359400283,108.77393265709624,0,7.947797716150082,1218,197.097531,
0.3,32,nearest,351.7333047880019,114.53677000783034,5,8.117455138662317,1244,,
0.3,33,medoid,218.9678216279978,74.1443120684978,4,19.97287216005426,2945,,P0018
0.3,33,rtt_weighted_w100_d0.25,234.64370966499865,77.05522175890133,123,7.5551034248897935,1114,,
0.3,33,demand_argmax_w10_d1,271.35036220999905,84.04235206408953,242,1.417429637165141,209,,
0.3,33,static,248.4682208099983,84.25507657171923,0,4.157341471685317,613,187.71169299999997,
0.3,33,nearest,296.1874164219994,100.31733955781621,5,4.150559511698881,612,,
0.3,34,medoid,253.40632974700299,81.75399155882353,5,19.967679379444085,3089,,P0008
0.3,34,rtt_weighted_w100_d0.25,264.87759646900224,83.5792312401422,130,7.285067873303168,1127,,
0.3,34,demand_argmax_w10_d1,325.35816997300003,95.93199170814479,242,1.6354234001292827,253,,
0.3,34,static,341.81474041400054,110.47664525339367,0,4.169360051712993,645,193.309518,
0.3,34,nearest,345.6587131909992,111.6465767556561,4,7.79573367808662,1206,,
0.3,35,medoid,238.85841120800214,78.68537391064952,3,19.980217606330367,3030,,P0014
0.3,35,rtt_weighted_w100_d0.25,256.3913649250013,81.96421394131224,84,12.456313880646224,1889,,
0.3,35,demand_argmax_w10_d1,297.36954127599984,89.90518144543357,242,1.4573030003297065,221,,
0.3,35,static,289.4031908039995,95.4181308288823,0,7.695351137487636,1167,184.21066340000016,
0.3,35,nearest,313.4325218040001,103.18953912957468,5,4.299373557533794,652,,
0.3,36,medoid,246.79294078200311,81.68444350016573,4,19.973483592973153,3013,,P0008
0.3,36,rtt_weighted_w100_d0.25,249.61482689699977,80.31730778024527,107,7.4577394763009615,1125,,
0.3,36,demand_argmax_w10_d1,294.21619279699974,89.1275493785217,236,1.7898574743122309,270,,
0.3,36,static,286.6278175300014,95.00424843553199,0,4.3288034471329135,653,179.109112,
0.3,36,nearest,297.57310686999955,98.52777981968845,4,7.703016241299304,1162,,
0.3,37,medoid,278.7580896570019,87.54355510443536,5,19.968543567159486,3174,,P0005
0.3,37,rtt_weighted_w100_d0.25,292.78958484999924,89.01224315665303,123,5.347593582887701,850,,
0.3,37,demand_argmax_w10_d1,322.62215466500055,93.28671933186536,249,2.1453287197231834,341,,
0.3,37,static,327.36121748500113,102.97616152406418,0,7.920729789241901,1259,196.91083,
0.3,37,nearest,329.8656866829996,103.37265216420259,13,4.33469644542309,689,,
0.3,38,medoid,243.47239701400014,80.08267695161291,5,19.967083607636603,3033,,P0018
0.3,38,rtt_weighted_w100_d0.25,266.62711526599963,84.35759711685319,100,12.60039499670836,1914,,
0.3,38,demand_argmax_w10_d1,300.36931691200084,90.87511498387096,244,1.7445687952600395,265,,
0.3,38,static,302.2920973370007,99.50365284298881,0,4.114549045424622,625,191.050271,
0.3,38,nearest,306.7838457749985,100.81601240980909,4,7.834101382488479,1190,,
0.3,39,medoid,225.78606695199846,74.26375365645586,5,19.96706192358366,3031,,P0003
0.3,39,rtt_weighted_w100_d0.25,236.02078292799857,76.68793883003953,53,16.014492753623188,2431,,
0.3,39,demand_argmax_w10_d1,305.1973785279995,91.70599989657445,257,1.5612648221343872,237,,
0.3,39,static,318.86507839900196,105.02802318807642,0,4.1436100131752305,629,183.262546,
0.3,39,nearest,305.83972768099903,100.58318200098815,5,7.891963109354413,1198,,
0.3,40,medoid,237.14689723200112,78.49812269966888,4,19.973509933774835,3016,,P0002
0.3,40,rtt_weighted_w100_d0.25,254.606422161,81.7640105089404,118,6.3509933774834435,959,,
0.3,40,demand_argmax_w10_d1,277.5835166270015,84.29379464139073,243,1.7615894039735098,266,,
0.3,40,static,259.8816226320015,86.05351742781457,0,4.152317880794702,627,193.198487,
0.3,40,nearest,301.93310587100086,99.49036863841059,17,4.059602649006623,613,,
0.3,41,medoid,234.16214314800007,77.58359340312396,5,19.966766367563977,3004,,P0006
0.3,41,rtt_weighted_w100_d0.25,242.7399086459977,77.72213629245597,103,6.39415088069126,962,,
0.3,41,demand_argmax_w10_d1,275.4219593509991,84.17555739780659,242,2.0139581256231307,303,,
0.3,41,static,306.6931536929991,101.92527540478564,0,8.23529411764706,1239,189.053076,
0.3,41,nearest,278.7066406839992,92.13301259421735,14,7.869724160850781,1184,,
0.3,42,medoid,244.29918652999595,83.0212181333787,4,19.972779857094253,2935,,P0014
0.3,42,rtt_weighted_w100_d0.25,256.64195784799807,85.48324719870703,83,10.745151412044914,1579,,
0.3,42,demand_argmax_w10_d1,300.4106695079988,93.78887525586933,244,1.7284790745151413,254,,
0.3,42,static,294.20200917499767,100.10275916127935,0,7.737325620959511,1137,192.00980200000004,
0.3,42,nearest,315.3604091759982,107.11210970534196,5,11.970057842803676,1759,,
0.3,43,medoid,180.2555119479989,62.98184187710084,5,19.964985994397757,2851,,P0006
0.3,43,rtt_weighted_w100_d0.25,184.55435961399897,64.10323907913165,24,18.91456582633053,2701,,
0.3,43,demand_argmax_w10_d1,292.1278192609983,93.41774492682073,231,1.4565826330532212,208,,
0.3,43,static,258.33750169499905,90.45430731617648,0,8.487394957983193,1212,183.93596,
0.3,43,nearest,299.74447292399765,104.79002772443978,5,12.170868347338935,1738,,
0.3,44,medoid,268.86506152499766,88.124734881445,5,19.967159277504106,3040,,P0005
0.3,44,rtt_weighted_w100_d0.25,280.1098077989987,89.16973815139573,114,4.860426929392447,740,,
0.3,44,demand_argmax_w10_d1,312.8160931650003,93.72073961937603,255,1.832512315270936,279,,
0.3,44,static,322.3931118030009,105.87622719310345,0,8.105090311986864,1234,192.353547,
0.3,44,nearest,304.12416945400025,99.53105336584565,8,6.778325123152709,1032,,
0.3,45,medoid,271.07978945399935,92.04544371394557,5,19.965986394557824,2935,,P0008
0.3,45,rtt_weighted_w100_d0.25,280.79476250099987,91.908447935034,122,6.040816326530612,888,,
0.3,45,demand_argmax_w10_d1,326.6858296359997,101.44159792551021,248,1.945578231292517,286,,
0.3,45,static,297.7003572130007,101.25862490238096,0,8.204081632653061,1206,190.914703,
0.3,45,nearest,348.73953066100046,118.48449814693878,5,8.129251700680273,1195,,
0.3,46,medoid,236.803579341999,79.38077731686828,5,19.966397849462364,2971,,P0006
0.3,46,rtt_weighted_w100_d0.25,253.23769726299824,82.88171193313173,94,9.919354838709676,1476,,
0.3,46,demand_argmax_w10_d1,290.3292867209981,89.53370060047044,238,1.8413978494623655,274,,
0.3,46,static,306.81739163799824,103.09724181384408,0,4.348118279569892,647,196.635704,
0.3,46,nearest,319.2609990609974,107.12522917002688,5,4.341397849462365,646,,
0.3,47,medoid,241.04923879500078,78.14181984935065,5,19.967532467532468,3075,,P0018
0.3,47,rtt_weighted_w100_d0.25,252.50415556400225,79.32996905454546,87,10.948051948051948,1686,,
0.3,47,demand_argmax_w10_d1,306.54157909100064,91.33601842987012,247,1.551948051948052,239,,
0.3,47,static,325.24577595000096,105.59927790584415,0,4.1103896103896105,633,183.366333,
0.3,47,nearest,290.38189780500176,94.12605163181819,5,4.103896103896104,632,,
0.3,48,medoid,258.4821217289965,84.59942324975417,5,19.96722386102917,3046,,P0015
0.3,48,rtt_weighted_w100_d0.25,266.3825332609992,84.91672671681417,96,7.663061291379875,1169,,
0.3,48,demand_argmax_w10_d1,314.07441189300084,94.37573563979024,245,1.5863651261881349,242,,
0.3,48,static,323.6477116410009,106.07922374336283,0,11.80596525729269,1801,196.508129,
0.3,48,nearest,335.08817690299907,109.53204531301213,5,4.195345788266142,640,,
0.3,49,medoid,218.05755231499973,73.76608993016949,5,19.966101694915253,2945,,P0020
0.3,49,rtt_weighted_w100_d0.25,229.17441277300014,74.21595954610169,126,6.122033898305085,903,,
0.3,49,demand_argmax_w10_d1,278.38201190000126,85.5422411718644,260,1.4372881355932203,212,,
0.3,49,static,268.30620832900235,90.95125706067796,0,7.9932203389830505,1179,187.942203,
0.3,49,nearest,272.7878675630009,92.27911556779661,5,8.345762711864406,1231,,
0.3,50,medoid,232.13138331499948,78.00502986257999,5,19.966318625799936,2964,,P0013
0.3,50,rtt_weighted_w100_d0.25,253.38415290300085,82.59159250555743,109,7.537891545975076,1119,,
0.3,50,demand_argmax_w10_d1,307.93887373300146,94.42056862142135,238,1.522398113843045,226,,
0.3,50,static,303.76517405599975,102.31228496328731,0,7.8477601886156965,1165,185.649135,
0.3,50,nearest,290.9515157730001,97.80080331289997,5,4.183226675648367,621,,
0.3,51,medoid,242.1094024769958,79.69611233289388,5,19.967040210942653,3029,,P0011
0.3,51,rtt_weighted_w100_d0.25,247.07361144699814,79.67825953065261,90,8.27949901120633,1256,,
0.3,51,demand_argmax_w10_d1,299.13200988599976,90.17914969347396,254,1.5359261700725118,233,,
0.3,51,static,293.5842185670001,96.76473914535268,0,4.152933421226105,630,194.60144,
0.3,51,nearest,301.65036068200004,99.2605700181279,5,4.152933421226105,630,,
0.3,52,medoid,249.52175233200535,85.95176055590062,5,19.965493443754312,2893,,P0009
0.3,52,rtt_weighted_w100_d0.25,261.98010549200404,87.94234870772948,103,7.826086956521739,1134,,
0.3,52,demand_argmax_w10_d1,313.2020700400015,98.37805016390614,249,1.5527950310559007,225,,
0.3,52,static,333.72504573000253,115.15702061076605,0,7.964113181504485,1154,189.627792,
0.3,52,nearest,289.1619447410015,99.12047588233266,20,7.412008281573499,1074,,
0.3,53,medoid,245.4276181019999,82.74840289084149,5,19.966204798918554,2954,,P0019
0.3,53,rtt_weighted_w100_d0.25,257.96819244599936,83.73382635653937,112,7.624197363974316,1128,,
0.3,53,demand_argmax_w10_d1,297.24295650299945,91.94799077120649,242,1.3720851639067253,203,,
0.3,53,static,325.5384093179987,110.01636002636026,0,4.17032781345049,617,198.112283,
0.3,53,nearest,290.53036008699877,97.93640009699222,5,7.7999324095978375,1154,,
0.3,54,medoid,239.08399259099804,83.52028488200281,5,19.964985994397757,2851,,P0015
0.3,54,rtt_weighted_w100_d0.25,249.45885551899886,84.55714217191877,111,4.313725490196078,616,,
0.3,54,demand_argmax_w10_d1,277.471921017,88.62243121358543,237,2.142857142857143,306,,
0.3,54,static,270.1712188949995,94.59776571953782,0,4.30672268907563,615,194.900819,
0.3,54,nearest,260.43093764800034,91.0438604544818,5,8.095238095238095,1156,,
0.3,55,medoid,262.8117172960001,89.17849580462115,4,19.972816853550796,2939,,P0006
0.3,55,rtt_weighted_w100_d0.25,278.077501825998,91.33029204994902,125,5.864763846415222,863,,
0.3,55,demand_argmax_w10_d1,301.72982058499883,93.5828024940537,242,1.5358477743798844,226,,
0.3,55,static,295.7111263949994,100.47948569317025,0,4.138634046890927,609,200.387497,
0.3,55,nearest,327.7136209999988,110.45568092388719,16,5.633707101597009,829,,
0.3,56,medoid,257.8900377259992,83.19716693475452,4,19.974160206718345,3092,,P0017
0.3,56,rtt_weighted_w100_d0.25,270.8091014349992,84.01772322932817,124,6.698966408268733,1037,,
0.3,56,demand_argmax_w10_d1,293.8366152499998,87.46462479360466,233,1.4599483204134367,226,,
0.3,56,static,301.98505379499994,97.54039205264858,0,4.2118863049095605,652,182.508852,
0.3,56,nearest,302.6404119530015,97.5963780377907,4,7.945736434108526,1230,,
0.3,57,medoid,247.14569029999998,83.02738627951564,5,19.96636394214598,2968,,P0015
0.3,57,rtt_weighted_w100_d0.25,260.23751558499913,86.03941701917256,76,12.283888328287924,1826,,
0.3,57,demand_argmax_w10_d1,302.6660962089994,93.60356295257316,243,1.7894382778338378,266,,
0.3,57,static,320.47968489200116,107.79673222065253,0,8.045745038681467,1196,189.558704,
0.3,57,nearest,296.50171177500044,99.59296343356878,5,4.1439623276152036,616,,
0.3,58,medoid,281.18487896499954,89.66601920530013,5,19.968071519795657,3127,,P0008
0.3,58,rtt_weighted_w100_d0.25,298.9920610559987,90.76482692528737,167,6.149425287356322,963,,
0.3,58,demand_argmax_w10_d1,334.8227158640008,97.97248791730524,242,1.7369093231162198,272,,
0.3,58,static,343.98444296300056,109.8290047774585,0,4.144316730523627,649,196.537664,
0.3,58,nearest,323.74729584600215,102.93128661909323,13,4.144316730523627,649,,
0.3,59,medoid,233.73404182500224,78.54494752606794,5,19.96636394214598,2968,,P0017
0.3,59,rtt_weighted_w100_d0.25,242.04385106399909,79.17822820887991,100,8.079381096535485,1201,,
0.3,59,demand_argmax_w10_d1,289.6693606820002,89.85751901580895,241,1.5203498150016816,226,,
0.3,59,static,274.0830713779988,92.19074045677768,0,11.705348133198788,1740,187.767671,
0.3,59,nearest,268.44924184399815,90.04586811099898,6,8.180289270097544,1216,,
0.3,60,medoid,247.9129225539953,84.1959044095238,5,19.965986394557824,2935,,P0010
0.3,60,rtt_weighted_w100_d0.25,267.03056979899793,87.92485622006802,123,7.020408163265306,1032,,
0.3,60,demand_argmax_w10_d1,308.937857334,95.97561693265305,241,1.8027210884353742,265,,
0.3,60,static,315.0556133229965,107.16177323911566,0,7.979591836734694,1173,184.433642,
0.3,60,nearest,292.66125728999657,99.38308389081632,5,8.047619047619047,1183,,
0.25,31,medoid,259.0595868199989,86.82260111543624,4,19.973154362416107,2976,,P0012
0.25,31,rtt_weighted_w100_d1,269.63377069499825,88.46895935134228,78,9.791946308724832,1459,,
0.25,31,demand_argmax_w5_d5,322.7764491889968,107.67988676174495,18,3.1476510067114094,469,,
0.25,31,static,312.8045983049984,104.96798600838926,0,4.261744966442953,635,190.912359,
0.25,31,nearest,346.963388098999,116.24354195771811,4,4.25503355704698,634,,
0.25,32,medoid,257.1484394990041,83.74252418075041,5,19.9673735725938,3060,,P0020
0.25,32,rtt_weighted_w100_d1,276.68395287300035,88.28144973213703,73,9.02446982055465,1383,,
0.25,32,demand_argmax_w5_d5,337.93308061699884,109.73062028743882,15,6.231647634584013,955,,
0.25,32,static,335.3437080770019,109.41067147699836,0,7.947797716150082,1218,197.097531,
0.25,32,nearest,355.88759578900164,115.89216674551388,5,8.117455138662317,1244,,
0.25,33,medoid,219.06440134399816,74.17706205696847,4,19.97287216005426,2945,,P0018
0.25,33,rtt_weighted_w100_d1,236.67207364699817,78.19320959715157,91,9.114954221770093,1344,,
0.25,33,demand_argmax_w5_d5,257.8357677979985,86.95930918989488,16,7.507629704984741,1107,,
0.25,33,static,249.6592005129982,84.6589354062394,0,4.157341471685317,613,187.873615,
0.25,33,nearest,297.5382102930001,100.77539105696847,5,4.150559511698881,612,,
0.25,34,medoid,254.72361505400298,82.17974634453782,5,19.967679379444085,3089,,P0008
0.25,34,rtt_weighted_w100_d1,268.86046157100213,85.262257145766,100,7.511312217194571,1162,,
0.25,34,demand_argmax_w5_d5,346.030964741999,110.99476773012283,21,4.149967679379444,642,,
0.25,34,static,350.93371458999985,113.42395429541047,0,4.169360051712993,645,193.309518,
0.25,34,nearest,346.1233203809993,111.7967406826115,4,7.79573367808662,1206,,
0.25,35,medoid,238.99328332100202,78.72984213122321,3,19.980217606330367,3030,,P0014
0.25,35,rtt_weighted_w100_d1,254.62463920300155,82.39601828025057,54,13.51796900758325,2050,,
0.25,35,demand_argmax_w5_d5,296.4783160950026,97.12376527761293,20,6.396307286515001,970,,
0.25,35,static,289.19629690299956,95.34991655225848,0,7.695351137487636,1167,185.363723,
0.25,35,nearest,313.039524148,103.05996522387075,5,4.299373557533794,652,,
0.25,36,medoid,248.11632007700265,82.12308430062976,4,19.973483592973153,3013,,P0008
0.25,36,rtt_weighted_w100_d1,258.4593676869993,83.12070407656613,101,6.277759363606232,947,,
0.25,36,demand_argmax_w5_d5,292.96779466700093,96.58401017898574,14,5.263506794829301,794,,
0.25,36,static,288.4882235630011,95.62088948060988,0,4.3288034471329135,653,179.109112,
0.25,36,nearest,302.01291639199917,99.99937727477626,4,7.703016241299304,1162,,
0.25,37,medoid,276.2204389920029,86.74530072727273,5,19.968543567159486,3174,,P0005
0.25,37,rtt_weighted_w100_d1,289.27488105199933,88.46549924221452,91,5.901226800880781,938,,
0.25,37,demand_argmax_w5_d5,320.9554953149996,100.35533029852155,18,3.1708084303240014,504,,
0.25,37,static,324.5601084640019,102.09503254608367,0,7.920729789241901,1259,196.23106,
0.25,37,nearest,326.65115328499985,102.36147462472476,13,4.33469644542309,689,,
0.25,38,medoid,240.18142692100082,78.99940832323897,5,19.967083607636603,3033,,P0018
0.25,38,rtt_weighted_w100_d1,258.60164857200107,83.26035974786043,51,14.43712969058591,2193,,
0.25,38,demand_argmax_w5_d5,293.71294325600144,96.32871176300198,13,8.334430546412113,1266,,
0.25,38,static,303.6433577980004,99.94843903818301,0,4.114549045424622,625,191.050271,
0.25,38,nearest,298.79532160499843,98.18647844996707,4,7.834101382488479,1190,,
0.25,39,medoid,226.27908353399826,74.42614383498024,5,19.96706192358366,3031,,P0003
0.25,39,rtt_weighted_w100_d1,230.63744133999833,75.32832098418973,33,15.856389986824768,2407,,
0.25,39,demand_argmax_w5_d5,314.49045655199956,102.73727319894599,25,4.749670619235836,721,,
0.25,39,static,321.632377526001,105.93951828919631,0,4.1436100131752305,629,183.262546,
0.25,39,nearest,308.5396112739988,101.47247172200264,5,7.891963109354413,1198,,
0.25,40,medoid,237.20718584900104,78.51808581788079,4,19.973509933774835,3016,,P0002
0.25,40,rtt_weighted_w100_d1,257.8740514730001,82.865315894702,118,6.688741721854305,1010,,
0.25,40,demand_argmax_w5_d5,275.51372553600237,90.74320321456953,17,3.4768211920529803,525,,
0.25,40,static,259.40485927500106,85.89564876655629,0,4.152317880794702,627,186.8755406499982,
0.25,40,nearest,299.28525069700066,98.61359540198676,17,4.059602649006623,613,,
0.25,41,medoid,236.86026030699983,78.48027574243935,5,19.966766367563977,3004,,P0006
0.25,41,rtt_weighted_w100_d1,250.2111305309976,80.17246975706215,102,6.321036889332005,951,,
0.25,41,demand_argmax_w5_d5,295.88924776699815,97.58075152210036,23,3.429710867397807,516,,
0.25,41,static,306.82021883399943,101.9675037666999,0,8.23529411764706,1239,189.053076,
0.25,41,nearest,279.82964193199854,92.50622670122965,14,7.869724160850781,1184,,
0.25,42,medoid,243.25930522399636,82.66739666144947,4,19.972779857094253,2935,,P0014
0.25,42,rtt_weighted_w100_d1,258.5879630139977,85.89239344845186,84,11.70466144947261,1720,,
0.25,42,demand_argmax_w5_d5,307.19999378700084,103.64041403164342,21,3.341272541680844,491,,
0.25,42,static,292.0894013939982,99.3839405899966,0,7.737325620959511,1137,192.00980200000004,
0.25,42,nearest,317.14741055199755,107.72014011568561,5,11.970057842803676,1759,,
0.25,43,medoid,185.67178316899887,64.87829538585434,5,19.964985994397757,2851,,P0006
0.25,43,rtt_weighted_w100_d1,191.9982832859986,66.58855227240896,24,18.823529411764703,2688,,
0.25,43,demand_argmax_w5_d5,292.5217614999979,101.75808209593838,20,3.1302521008403357,447,,
0.25,43,static,257.44180638499876,90.14068851015406,0,8.487394957983193,1212,183.93596,
0.25,43,nearest,306.82750673599855,107.27008158018208,5,12.170868347338935,1738,,
0.25,44,medoid,263.34280246499844,86.31118510804598,5,19.967159277504106,3040,,P0005
0.25,44,rtt_weighted_w100_d1,282.91655699399865,89.91235203579639,94,6.798029556650246,1035,,
0.25,44,demand_argmax_w5_d5,319.83318330699956,104.49750641576354,13,3.9211822660098523,597,,
0.25,44,static,319.1066569110011,104.79693166206897,0,8.105090311986864,1234,192.353547,
0.25,44,nearest,302.9789174230006,99.15494432446634,8,6.778325123152709,1032,,
0.25,45,medoid,272.7373221729995,92.60923035306122,5,19.965986394557824,2935,,P0008
0.25,45,rtt_weighted_w100_d1,287.36238622700034,94.72551554319729,101,6.1020408163265305,897,,
0.25,45,demand_argmax_w5_d5,330.4811003940018,111.38616707789116,23,5.020408163265306,738,,
0.25,45,static,298.00332675200104,101.3616757659864,0,8.204081632653061,1206,190.914703,
0.25,45,nearest,347.19546707500086,117.95930645102041,5,8.129251700680273,1195,,
0.25,46,medoid,242.81503540699887,81.40075583333333,5,19.966397849462364,2971,,P0006
0.25,46,rtt_weighted_w100_d1,263.4800820019988,86.17052146202957,88,9.260752688172042,1378,,
0.25,46,demand_argmax_w5_d5,309.0406454429982,103.48743608534947,13,4.737903225806451,705,,
0.25,46,static,307.7448263939981,103.40887983669354,0,4.348118279569892,647,196.635704,
0.25,46,nearest,326.7528849889977,109.6426639576613,5,4.341397849462365,646,,
0.25,47,medoid,244.7087870460008,79.3299848659091,5,19.967532467532468,3075,,P0018
0.25,47,rtt_weighted_w100_d1,256.4081735230034,81.15337267727273,71,10.35064935064935,1594,,
0.25,47,demand_argmax_w5_d5,321.0425486989991,103.57272982500001,17,6.142857142857143,946,,
0.25,47,static,329.49158144100187,106.97778618214285,0,4.1103896103896105,633,186.503298,
0.25,47,nearest,297.46783479800166,96.42668052564935,5,4.103896103896104,632,,
0.25,48,medoid,261.06255779899664,85.44519056211078,5,19.96722386102917,3046,,P0015
0.25,48,rtt_weighted_w100_d1,273.80328300899936,87.66883922943298,72,7.899049491969845,1205,,
0.25,48,demand_argmax_w5_d5,320.1210931010002,104.5607350347427,10,4.411668305473615,673,,
0.25,48,static,323.95488306600106,106.17990267649951,0,11.80596525729269,1801,196.508129,
0.25,48,nearest,338.6057252379988,110.68496184365782,5,4.195345788266142,640,,
0.25,49,medoid,220.64101241499975,74.64183911661017,5,19.966101694915253,2945,,P0020
0.25,49,rtt_weighted_w100_d1,232.17696116400026,76.71341403288136,89,6.277966101694915,926,,
0.25,49,demand_argmax_w5_d5,273.72249863800045,92.45675671423729,17,3.6745762711864405,542,,
0.25,49,static,262.7273266550016,89.06011073050847,0,7.9932203389830505,1179,187.942203,
0.25,49,nearest,271.0820167490005,91.70086105457628,5,8.345762711864406,1231,,
0.25,50,medoid,230.7025839999994,77.52379061872684,5,19.966318625799936,2964,,P0013
0.25,50,rtt_weighted_w100_d1,247.09404972199985,81.61439060154935,74,10.852138767261705,1611,,
0.25,50,demand_argmax_w5_d5,308.07028995700125,102.94618287066352,19,3.799259009767599,564,,
0.25,50,static,302.32294907600004,101.82652377096666,0,7.8477601886156965,1165,185.649135,
0.25,50,nearest,292.80949485499957,98.42659620006735,5,4.183226675648367,621,,
0.25,51,medoid,237.47046772799555,78.16712922511536,5,19.967040210942653,3029,,P0011
0.25,51,rtt_weighted_w100_d1,242.71494826299767,78.85671458800263,70,9.19578114700066,1395,,
0.25,51,demand_argmax_w5_d5,302.45051750999994,99.27253388628871,12,5.398813447593936,819,,
0.25,51,static,291.91750422200005,96.21539361305209,0,4.152933421226105,630,194.60144,
0.25,51,nearest,299.0164496780002,98.39243850725116,5,4.152933421226105,630,,
0.25,52,medoid,250.6515951700052,86.34163041028295,5,19.965493443754312,2893,,P0009
0.25,52,rtt_weighted_w100_d1,264.44852390700464,89.2437954258109,73,7.991718426501035,1158,,
0.25,52,demand_argmax_w5_d5,308.7666012740028,105.78155396273291,19,5.77639751552795,837,,
0.25,52,static,334.6855123790027,115.4884445752243,0,7.964113181504485,1154,189.627792,
0.25,52,nearest,287.60339216900104,98.58267306245688,20,7.412008281573499,1074,,
0.25,53,medoid,247.60900882499968,83.48560827205137,5,19.966204798918554,2954,,P0019
0.25,53,rtt_weighted_w100_d1,255.4976812039992,83.90628150388645,75,7.576884082460292,1121,,
0.25,53,demand_argmax_w5_d5,305.37936556300184,102.3347133295032,21,6.373774923960798,943,,
0.25,53,static,323.3819163459986,109.28756889016559,0,4.17032781345049,617,198.737736,
0.25,53,nearest,285.2843583319991,96.16350325515377,5,7.7999324095978375,1154,,
0.25,54,medoid,239.8767707879981,83.79786828431372,5,19.964985994397757,2851,,P0015
0.25,54,rtt_weighted_w100_d1,251.1949491829997,85.37757048879553,101,5.168067226890756,738,,
0.25,54,demand_argmax_w5_d5,260.4250947299994,90.67897657668067,19,3.949579831932773,564,,
0.25,54,static,268.2649233259995,93.93029528221288,0,4.30672268907563,615,194.004158,
0.25,54,nearest,263.9536504910001,92.27730332668068,5,8.095238095238095,1156,,
0.25,55,medoid,258.6344713969997,87.7591122167856,4,19.972816853550796,2939,,P0006
0.25,55,rtt_weighted_w100_d1,274.8843833159971,91.10647904315326,82,7.522935779816513,1107,,
0.25,55,demand_argmax_w5_d5,302.43536604899964,102.1479908501529,18,7.020047570506286,1033,,
0.25,55,static,292.8612933889994,99.5111428436969,0,4.138634046890927,609,195.093552,
0.25,55,nearest,327.57650694399894,110.40909103058104,16,5.633707101597009,829,,
0.25,56,medoid,257.4693113699993,83.06127340891473,4,19.974160206718345,3092,,P0017
0.25,56,rtt_weighted_w100_d1,272.451740315999,85.38072673062015,105,7.047803617571059,1091,,
0.25,56,demand_argmax_w5_d5,300.81969310200054,96.72715319379844,13,3.7661498708010335,583,,
0.25,56,static,303.911072928,98.16249125581396,0,4.2118863049095605,652,186.956267,
0.25,56,nearest,304.1460333860011,98.08268987015505,4,7.945736434108526,1230,,
0.25,57,medoid,247.74812454500068,83.23002141069627,5,19.96636394214598,2968,,P0015
0.25,57,rtt_weighted_w100_d1,261.80008639700014,86.82814656676757,64,12.384796501849983,1841,,
0.25,57,demand_argmax_w5_d5,302.06044594299914,100.84243294752775,24,3.1685166498486375,471,,
0.25,57,static,320.8596510180013,107.92453784661957,0,8.045745038681467,1196,189.558704,
0.25,57,nearest,299.6403623400001,100.6486817534477,5,4.1439623276152036,616,,
0.25,58,medoid,283.3672600079996,90.3628203045977,5,19.968071519795657,3127,,P0008
0.25,58,rtt_weighted_w100_d1,301.9144543609995,93.48995855810985,111,4.885057471264368,765,,
0.25,58,demand_argmax_w5_d5,332.3664713669985,105.6438152857599,12,3.690932311621967,578,,
0.25,58,static,341.3220521730001,108.9789438611111,0,4.144316730523627,649,196.537664,
0.25,58,nearest,326.48222374600243,103.80450753224777,13,4.144316730523627,649,,
0.25,59,medoid,236.2321078930021,79.38519847393205,5,19.96636394214598,2968,,P0017
0.25,59,rtt_weighted_w100_d1,250.71278259099896,82.67386387823747,92,7.3730238816010765,1096,,
0.25,59,demand_argmax_w5_d5,287.6576739739993,96.39383722637068,13,6.370669357551295,947,,
0.25,59,static,275.34594004199874,92.61551969122098,0,11.705348133198788,1740,187.767671,
0.25,59,nearest,267.3289011059986,89.66902965220316,6,8.180289270097544,1216,,
0.25,60,medoid,250.71968802799478,85.15058654353741,5,19.965986394557824,2935,,P0010
0.25,60,rtt_weighted_w100_d1,264.63427209499775,87.92223353027211,81,8.02721088435374,1180,,
0.25,60,demand_argmax_w5_d5,327.8328760959994,110.86303177993197,16,4.64625850340136,683,,
0.25,60,static,311.4993870849965,105.95217247789115,0,7.979591836734694,1173,184.433642,
0.25,60,nearest,292.37164469099673,99.28457620408163,5,8.047619047619047,1183,,
