dominant_peer_ratio,seed,policy_id,total_requests,mean_latency_ms,migration_count,self_service_fraction,mean_remote_rtt_ms,total_served_ms,total_migration_rtt_ms,combined_ms_alpha1
0.85,1,static,3072,92.240291,0,0.053060,95.296726,283362.175406,0.000000,283362.175406
0.85,1,nearest,3072,95.292062,25,0.052409,98.451809,292737.214624,4199.591890,296936.806514
0.85,1,proposed_d0.0,3072,37.061402,150,0.619466,92.137405,113852.626659,12731.592007,126584.218666
0.85,1,proposed_d0.25,3072,42.286703,150,0.556966,90.933690,129904.751797,12731.592007,142636.343804
0.85,1,proposed_d1.0,3072,48.474316,150,0.484049,90.075142,148913.100151,12731.592007,161644.692158
0.85,1,lowest_rtt_w10,3072,33.755548,412,0.524089,66.725749,103697.044466,17311.559663,121008.604129
0.85,1,lowest_rtt_w20,3072,45.666587,344,0.346354,66.804659,140287.755724,16214.029410,156501.785134
0.85,1,lowest_rtt_w50,3072,61.568037,193,0.125326,68.103092,189137.009126,11639.179532,200776.188658
0.85,1,lowest_rtt_w100,3072,69.320022,131,0.194987,83.626003,212951.106232,8005.205343,220956.311575
0.85,1,oracle_a1,3072,9.513081,661,0.800781,37.712721,29224.185251,17653.485724,46877.670975
0.85,2,static,3076,97.711860,0,0.051691,100.928928,300561.682314,0.000000,300561.682314
0.85,2,nearest,3076,87.885892,5,0.046814,90.104026,270337.005169,505.132572,270842.137741
0.85,2,proposed_d0.0,3076,44.422502,152,0.622562,112.395879,136643.615879,17363.583961,154007.199840
0.85,2,proposed_d0.25,3076,52.152182,150,0.550065,111.465399,160420.111885,17086.055979,177506.167864
0.85,2,proposed_d1.0,3076,58.637119,150,0.489597,110.965465,180367.779274,17086.055979,197453.835253
0.85,2,lowest_rtt_w10,3076,37.462777,388,0.510403,72.432604,115235.502031,17662.999568,132898.501599
0.85,2,lowest_rtt_w20,3076,53.166739,370,0.285761,71.638092,163540.887760,20016.472059,183557.359819
0.85,2,lowest_rtt_w50,3076,62.864446,195,0.071196,65.529939,193371.036254,11436.673794,204807.710048
0.85,2,lowest_rtt_w100,3076,68.739704,92,0.040312,69.543133,211443.329299,5436.705876,216880.035175
0.85,2,oracle_a1,3076,9.541625,620,0.802666,38.217524,29350.037036,18277.871871,47627.908907
0.85,3,static,2993,94.786623,0,0.048780,97.544912,283696.363604,0.000000,283696.363604
0.85,3,nearest,2993,91.008822,5,0.055129,94.202053,272389.404699,366.621124,272756.025823
0.85,3,proposed_d0.0,2993,41.976926,153,0.613765,103.504273,125636.939597,15998.377283,141635.316880
0.85,3,proposed_d0.25,2993,48.644618,151,0.550952,103.874511,145593.342678,15895.546737,161488.889415
0.85,3,proposed_d1.0,2993,55.048309,150,0.491814,104.387632,164759.588954,15849.586172,180609.175126
0.85,3,lowest_rtt_w10,2993,37.524743,390,0.508854,72.330310,112311.555289,19640.756839,131952.312128
0.85,3,lowest_rtt_w20,2993,52.800286,331,0.309054,73.522852,158031.257097,18615.931916,176647.189013
0.85,3,lowest_rtt_w50,2993,68.331514,195,0.096225,73.393797,204516.220625,13071.213746,217587.434371
0.85,3,lowest_rtt_w100,2993,84.120921,141,0.081858,89.442474,251773.917217,9566.297560,261340.214777
0.85,3,oracle_a1,2993,9.570423,570,0.820247,42.115757,28644.277093,18663.469329,47307.746422
0.85,4,static,2947,102.474367,0,0.055310,106.357026,301991.960274,0.000000,301991.960274
0.85,4,nearest,2947,98.946037,4,0.051239,102.181678,291593.970468,350.263260,291944.233728
0.85,4,proposed_d0.0,2947,45.256369,154,0.606040,109.798898,133370.520202,17227.235813,150597.756015
0.85,4,proposed_d0.25,2947,52.733287,150,0.542586,110.913202,155404.996093,16710.922515,172115.918608
0.85,4,proposed_d1.0,2947,58.483899,150,0.489650,110.676895,172352.050380,16710.922515,189062.972895
0.85,4,lowest_rtt_w10,2947,38.172866,437,0.472005,68.509920,112495.435862,20507.680083,133003.115945
0.85,4,lowest_rtt_w20,2947,53.460402,370,0.259925,69.534069,157547.803426,19000.574998,176548.378424
0.85,4,lowest_rtt_w50,2947,71.680979,210,0.054971,73.734235,211243.844830,16127.197991,227371.042821
0.85,4,lowest_rtt_w100,2947,86.612660,143,0.064812,90.476599,255247.507761,11642.000403,266889.508164
0.85,4,oracle_a1,2947,9.265601,666,0.793349,35.158830,27305.727227,18250.554998,45556.282225
0.85,5,static,2961,100.259387,0,0.059102,104.431459,296868.046155,0.000000,296868.046155
0.85,5,nearest,2961,100.010200,6,0.058426,104.091894,296130.201835,393.231552,296523.433387
0.85,5,proposed_d0.0,2961,47.190579,154,0.598109,112.444793,139731.303234,17523.051880,157254.355114
0.85,5,proposed_d0.25,2961,54.351151,151,0.535292,112.653894,160933.758426,17136.007111,178069.765537
0.85,5,proposed_d1.0,2961,61.624566,150,0.471125,112.738404,182470.340214,17175.386291,199645.726505
0.85,5,lowest_rtt_w10,2961,39.393011,411,0.457953,68.984864,116642.706694,16004.076121,132646.782815
0.85,5,lowest_rtt_w20,2961,51.899000,358,0.224924,64.379494,153672.939825,14247.893180,167920.833005
0.85,5,lowest_rtt_w50,2961,64.373793,174,0.084769,68.150849,190610.799756,10846.342552,201457.142308
0.85,5,lowest_rtt_w100,2961,79.233055,126,0.064168,82.528718,234609.076825,8431.693914,243040.770739
0.85,5,oracle_a1,2961,11.377666,637,0.776427,41.944515,33689.269037,19091.858588,52781.127625
0.85,6,static,2952,102.003855,0,0.038279,103.984284,301115.381198,0.000000,301115.381198
0.85,6,nearest,2952,107.885483,4,0.051829,111.673436,318477.946472,295.281344,318773.227816
0.85,6,proposed_d0.0,2952,41.643569,150,0.611450,102.029482,122931.815791,14712.095275,137643.911066
0.85,6,proposed_d0.25,2952,48.096706,150,0.542344,100.723521,141981.476355,14712.095275,156693.571630
0.85,6,proposed_d1.0,2952,54.006758,150,0.482046,100.408078,159427.950536,14712.095275,174140.045811
0.85,6,lowest_rtt_w10,2952,36.517029,390,0.468496,64.942174,107798.270613,19177.391115,126975.661728
0.85,6,lowest_rtt_w20,2952,50.519413,340,0.257114,65.312042,149133.308022,17369.616090,166502.924112
0.85,6,lowest_rtt_w50,2952,64.900067,185,0.098238,69.752441,191584.998050,15650.348844,207235.346894
0.85,6,lowest_rtt_w100,2952,68.504754,126,0.078252,72.150692,202226.032749,11224.701730,213450.734479
0.85,6,oracle_a1,2952,9.430288,648,0.782520,34.165438,27838.211340,17211.457686,45049.669026
0.85,7,static,2971,113.041459,0,0.057220,117.780855,335846.175897,0.000000,335846.175897
0.85,7,nearest,2971,105.766907,5,0.060922,110.498738,314233.479406,470.237830,314703.717236
0.85,7,proposed_d0.0,2971,43.627153,150,0.611579,107.170079,129616.271594,16186.812653,145803.084247
0.85,7,proposed_d0.25,2971,50.544098,150,0.544934,106.674938,150166.516353,16186.812653,166353.329006
0.85,7,proposed_d1.0,2971,57.408863,150,0.480983,106.757283,170561.730580,16186.812653,186748.543233
0.85,7,lowest_rtt_w10,2971,38.930777,350,0.522720,77.377530,115663.337573,16986.949160,132650.286733
0.85,7,lowest_rtt_w20,2971,54.461381,316,0.297206,74.646917,161804.762863,18032.318040,179837.080903
0.85,7,lowest_rtt_w50,2971,80.801980,202,0.112083,88.749312,240062.683988,15921.964894,255984.648882
0.85,7,lowest_rtt_w100,2971,85.786291,142,0.145742,98.080800,254871.070506,12179.418645,267050.489151
0.85,7,oracle_a1,2971,11.513904,554,0.818580,52.441202,34207.807940,20222.861299,54430.669239
0.85,8,static,2983,93.159509,0,0.055649,96.531351,277894.815949,0.000000,277894.815949
0.85,8,nearest,2983,96.973950,5,0.048274,99.791226,289273.291395,463.236040,289736.527435
0.85,8,proposed_d0.0,2983,38.856227,153,0.610795,94.696059,115908.124705,14468.700512,130376.825217
0.85,8,proposed_d0.25,2983,44.891761,150,0.547771,94.845162,133912.123982,14079.832376,147991.956358
0.85,8,proposed_d1.0,2983,50.283905,149,0.493128,95.258525,149996.889581,13885.179926,163882.069507
0.85,8,lowest_rtt_w10,2983,34.186213,346,0.505867,65.136685,101977.473349,15728.612929,117706.086278
0.85,8,lowest_rtt_w20,2983,46.026396,291,0.282937,61.398195,137296.739178,14051.142802,151347.881980
0.85,8,lowest_rtt_w50,2983,61.224264,164,0.099564,65.772889,182631.979885,10724.849618,193356.829503
0.85,8,lowest_rtt_w100,2983,64.764231,94,0.079785,68.206084,193191.699966,6012.366681,199204.066647
0.85,8,oracle_a1,2983,9.825022,557,0.805900,40.314406,29308.040864,17103.522122,46411.562986
0.85,9,static,2932,94.637551,0,0.057981,98.339356,277477.300994,0.000000,277477.300994
0.85,9,nearest,2932,107.868619,5,0.043656,110.701423,316270.791448,440.799752,316711.591200
0.85,9,proposed_d0.0,2932,41.526672,150,0.601637,99.222775,121756.201373,14441.497423,136197.698796
0.85,9,proposed_d0.25,2932,47.367661,150,0.538540,98.313365,138881.982890,14441.497423,153323.480313
0.85,9,proposed_d1.0,2932,53.832057,150,0.474420,98.618812,157835.589723,14441.497423,172277.087146
0.85,9,lowest_rtt_w10,2932,36.668813,371,0.494884,68.635355,107512.960843,18242.775317,125755.736160
0.85,9,lowest_rtt_w20,2932,48.415944,300,0.301842,66.483414,141955.547469,15180.630478,157136.177947
0.85,9,lowest_rtt_w50,2932,71.437541,223,0.067190,74.439076,209454.871627,14016.542915,223471.414542
0.85,9,lowest_rtt_w100,2932,76.430213,137,0.089359,81.733852,224093.383869,9478.552553,233571.936422
0.85,9,oracle_a1,2932,10.490822,539,0.811392,45.018247,30759.090532,17112.252216,47871.342748
0.85,10,static,3006,105.775921,0,0.036261,107.680504,317962.420027,0.000000,317962.420027
0.85,10,nearest,3006,86.059138,5,0.055888,89.035155,258693.768545,428.686323,259122.454868
0.85,10,proposed_d0.0,3006,42.195069,152,0.618097,105.249458,126838.377300,16039.932578,142878.309878
0.85,10,proposed_d0.25,3006,48.802305,150,0.556221,105.463064,146699.727942,15889.375512,162589.103454
0.85,10,proposed_d1.0,3006,55.529379,150,0.493014,105.583540,166921.314204,15889.375512,182810.689716
0.85,10,lowest_rtt_w10,3006,35.979012,355,0.515968,70.199939,108152.911234,17887.065896,126039.977130
0.85,10,lowest_rtt_w20,3006,50.643092,343,0.284431,67.978212,152233.133893,18354.571075,170587.704968
0.85,10,lowest_rtt_w50,3006,62.030515,158,0.099468,66.661148,186463.726704,11258.979487,197722.706191
0.85,10,lowest_rtt_w100,3006,67.466709,89,0.090818,72.006193,202804.926028,6224.776266,209029.702294
0.85,10,oracle_a1,3006,10.288370,545,0.821025,46.310110,30926.839357,18757.791654,49684.631011
0.85,11,static,3002,103.092487,0,0.047302,106.111765,309483.646967,0.000000,309483.646967
0.85,11,nearest,3002,101.712789,39,0.052965,105.289410,305341.794010,5006.591899,310348.385909
0.85,11,proposed_d0.0,3002,44.752829,151,0.608594,109.228931,134347.993627,17132.659947,151480.653574
0.85,11,proposed_d0.25,3002,51.493803,151,0.549300,109.815519,154584.397696,17132.659947,171717.057643
0.85,11,proposed_d1.0,3002,58.135602,151,0.489674,109.999398,174523.077867,17132.659947,191655.737814
0.85,11,lowest_rtt_w10,3002,36.487686,406,0.470686,65.155464,109536.032755,18761.147445,128297.180200
0.85,11,lowest_rtt_w20,3002,49.538291,367,0.233844,62.047804,148713.948674,18542.706911,167256.655585
0.85,11,lowest_rtt_w50,3002,67.965327,195,0.077615,71.516039,204031.911929,16173.524762,220205.436691
0.85,11,lowest_rtt_w100,3002,75.954389,127,0.107928,82.901821,228015.075848,9672.324649,237687.400497
0.85,11,oracle_a1,3002,10.185888,634,0.790140,39.006408,30578.037225,17868.023346,48446.060571
0.85,12,static,3026,98.875820,0,0.049570,101.928454,299198.232478,0.000000,299198.232478
0.85,12,nearest,3026,113.138327,5,0.044613,116.328114,342356.576433,705.318650,343061.895083
0.85,12,proposed_d0.0,3026,42.295731,152,0.619630,105.938211,127986.881096,15896.234158,143883.115254
0.85,12,proposed_d0.25,3026,48.894739,150,0.551553,104.571466,147955.479839,15749.119482,163704.599321
0.85,12,proposed_d1.0,3026,55.683080,150,0.489095,105.074385,168496.999059,15749.119482,184246.118541
0.85,12,lowest_rtt_w10,3026,35.143556,421,0.480502,63.799237,106344.401122,18816.166606,125160.567728
0.85,12,lowest_rtt_w20,3026,46.194254,350,0.272637,60.759570,139783.813842,16515.543304,156299.357146
0.85,12,lowest_rtt_w50,3026,59.657829,157,0.134501,66.618019,180524.591074,8653.397066,189177.988140
0.85,12,lowest_rtt_w100,3026,66.428859,109,0.108724,72.288368,201013.728830,7362.393614,208376.122444
0.85,12,oracle_a1,3026,9.489922,679,0.796100,36.733392,28716.502785,17393.110910,46109.613695
0.85,13,static,3014,95.697893,0,0.062044,99.895809,288433.450866,0.000000,288433.450866
0.85,13,nearest,3014,102.990172,23,0.044127,105.652335,310412.377644,3206.880352,313619.257996
0.85,13,proposed_d0.0,3014,39.584210,153,0.610484,96.489615,119306.807537,14357.969821,133664.777358
0.85,13,proposed_d0.25,3014,45.249656,150,0.548772,95.848871,136382.464558,14049.553750,150432.018308
0.85,13,proposed_d1.0,3014,50.806942,150,0.489051,95.522159,153132.124560,14049.553750,167181.678310
0.85,13,lowest_rtt_w10,3014,34.891358,375,0.502322,66.089702,105162.552441,15843.160158,121005.712599
0.85,13,lowest_rtt_w20,3014,47.244496,331,0.287658,63.515096,142394.910140,15315.537680,157710.447820
0.85,13,lowest_rtt_w50,3014,63.640996,195,0.086596,67.484912,191813.961905,13385.846474,205199.808379
0.85,13,lowest_rtt_w100,3014,75.078328,144,0.064035,78.078015,226286.080320,8886.352969,235172.433289
0.85,13,oracle_a1,3014,9.711165,640,0.796616,37.914275,29269.450278,17552.960307,46822.410585
0.85,14,static,3050,103.353113,0,0.045574,106.192716,315226.995847,0.000000,315226.995847
0.85,14,nearest,3050,112.739850,5,0.048197,116.347414,343856.541575,534.284486,344390.826061
0.85,14,proposed_d0.0,3050,41.777575,151,0.619344,104.497506,127421.604090,15116.222724,142537.826814
0.85,14,proposed_d0.25,3050,48.184753,150,0.555410,103.881636,146963.498060,15248.578246,162212.076306
0.85,14,proposed_d1.0,3050,53.744923,150,0.496721,102.815646,163922.016047,15248.578246,179170.594293
0.85,14,lowest_rtt_w10,3050,38.497894,384,0.511148,74.660346,117418.575270,18927.966047,136346.541317
0.85,14,lowest_rtt_w20,3050,54.088562,343,0.319344,76.527029,164970.113013,15676.983783,180647.096796
0.85,14,lowest_rtt_w50,3050,75.273078,190,0.099016,81.325650,229582.887014,13418.644980,243001.531994
0.85,14,lowest_rtt_w100,3050,80.480972,121,0.098361,87.042532,245466.964013,10194.032835,255660.996848
0.85,14,oracle_a1,3050,10.749257,603,0.803279,44.475392,32785.235173,19540.165435,52325.400608
0.85,15,static,3022,100.941609,0,0.055261,104.729086,305045.541609,0.000000,305045.541609
0.85,15,nearest,3022,110.051886,4,0.042025,112.791986,332576.798196,590.155156,333166.953352
0.85,15,proposed_d0.0,3022,42.232679,150,0.608868,102.862231,127627.157136,15620.569498,143247.726634
0.85,15,proposed_d0.25,3022,48.151960,150,0.549967,102.552370,145515.223264,15620.569498,161135.792762
0.85,15,proposed_d1.0,3022,53.931979,150,0.493713,102.574145,162982.441851,15620.569498,178603.011349
0.85,15,lowest_rtt_w10,3022,37.523153,399,0.500000,71.046305,113394.967493,19291.911704,132686.879197
0.85,15,lowest_rtt_w20,3022,51.126208,324,0.304103,70.594105,154503.401908,15699.251172,170202.653080
0.85,15,lowest_rtt_w50,3022,74.132408,237,0.094970,79.701696,224028.137262,17128.041657,241156.178919
0.85,15,lowest_rtt_w100,3022,69.818672,104,0.132694,78.194592,210992.025491,7473.335281,218465.360772
0.85,15,oracle_a1,3022,10.797526,561,0.808736,45.996754,32630.123913,18123.014474,50753.138387
0.85,16,static,3097,89.802584,0,0.065870,93.993986,278118.601246,0.000000,278118.601246
0.85,16,nearest,3097,96.412332,5,0.054892,99.895795,298588.991363,504.173724,299093.165087
0.85,16,proposed_d0.0,3097,38.223358,149,0.623184,96.130025,118377.739449,14062.167306,132439.906755
0.85,16,proposed_d0.25,3097,44.504031,149,0.560542,96.719313,137828.985291,14062.167306,151891.152597
0.85,16,proposed_d1.0,3097,50.050577,148,0.497255,95.576518,155006.638500,14002.656542,169009.295042
0.85,16,lowest_rtt_w10,3097,32.366316,381,0.522441,63.586532,100238.481060,17017.420963,117255.902023
0.85,16,lowest_rtt_w20,3097,43.582854,326,0.315789,60.774941,134976.099065,14489.471644,149465.570709
0.85,16,lowest_rtt_w50,3097,57.364547,146,0.176945,67.267164,177658.000618,8798.675696,186456.676314
0.85,16,lowest_rtt_w100,3097,69.408204,117,0.128189,77.319707,214957.209191,7992.142037,222949.351228
0.85,16,oracle_a1,3097,9.173584,617,0.812076,38.172833,28410.588789,16457.347841,44867.936630
0.85,17,static,2945,114.334605,0,0.047878,117.983385,336715.411836,0.000000,336715.411836
0.85,17,nearest,2945,90.475827,4,0.037351,91.908752,266451.311399,392.637675,266843.949074
0.85,17,proposed_d0.0,2945,44.727215,154,0.611545,109.992699,131721.647214,17828.891077,149550.538291
0.85,17,proposed_d0.25,2945,52.325277,151,0.547029,111.100405,154097.940399,17650.348849,171748.289248
0.85,17,proposed_d1.0,2945,58.144550,150,0.493039,110.747287,171235.699944,17423.874319,188659.574263
0.85,17,lowest_rtt_w10,2945,38.580925,447,0.478098,70.091622,113620.823700,20012.005272,133632.828972
0.85,17,lowest_rtt_w20,2945,54.498408,405,0.236333,68.745136,160497.811929,20470.286817,180968.098746
0.85,17,lowest_rtt_w50,2945,61.450936,215,0.086927,65.110824,180973.006986,13263.697653,194236.704639
0.85,17,lowest_rtt_w100,2945,69.330148,132,0.090662,74.043049,204177.284439,6916.805712,211094.090151
0.85,17,oracle_a1,2945,9.582919,641,0.799660,37.850334,28221.697229,18460.485047,46682.182276
0.85,18,static,3040,101.471771,0,0.061842,106.028816,308474.183136,0.000000,308474.183136
0.85,18,nearest,3040,101.436625,40,0.055592,105.289913,308367.341103,6346.862802,314714.203905
0.85,18,proposed_d0.0,3040,43.624107,150,0.616776,108.615695,132617.284592,17131.090577,149748.375169
0.85,18,proposed_d0.25,3040,50.808987,149,0.555263,109.748019,154459.321851,16968.534775,171427.856626
0.85,18,proposed_d1.0,3040,58.118325,149,0.491447,110.349099,176679.706590,16968.534775,193648.241365
0.85,18,lowest_rtt_w10,3040,36.735290,421,0.490132,68.125989,111675.282277,19936.801931,131612.084208
0.85,18,lowest_rtt_w20,3040,49.874712,358,0.274342,65.974218,151619.124256,18354.439091,169973.563347
0.85,18,lowest_rtt_w50,3040,70.417098,214,0.086184,74.869683,214067.978837,16756.849904,230824.828741
0.85,18,lowest_rtt_w100,3040,77.807001,160,0.081250,82.511022,236533.284256,10414.381368,246947.665624
0.85,18,oracle_a1,3040,9.129929,642,0.796053,34.959650,27754.983176,16746.605219,44501.588395
0.85,19,static,2979,108.131888,0,0.059080,112.795895,322124.894161,0.000000,322124.894161
0.85,19,nearest,2979,103.249501,16,0.045989,106.130283,307580.264552,686.408051,308266.672603
0.85,19,proposed_d0.0,2979,48.767082,150,0.616314,121.889010,145277.138459,19266.221207,164543.359666
0.85,19,proposed_d0.25,2979,56.885295,149,0.554213,123.119951,169461.294499,19209.470699,188670.765198
0.85,19,proposed_d1.0,2979,64.688032,149,0.490097,122.941176,192705.646882,19209.470699,211915.117581
0.85,19,lowest_rtt_w10,2979,39.873480,484,0.434038,66.918800,118783.096776,20186.947445,138970.044221
0.85,19,lowest_rtt_w20,2979,54.824097,390,0.207452,66.650989,163320.984026,17930.742844,181251.726870
0.85,19,lowest_rtt_w50,2979,63.585866,169,0.036254,63.902576,189422.294379,11006.268943,200428.563322
0.85,19,lowest_rtt_w100,2979,75.345455,116,0.040282,76.423963,224454.110479,7447.815619,231901.926098
0.85,19,oracle_a1,2979,9.178198,724,0.784491,33.308183,27341.853184,18782.322444,46124.175628
0.85,20,static,3045,105.769917,0,0.051888,109.449047,322069.397915,0.000000,322069.397915
0.85,20,nearest,3045,102.342197,33,0.062726,107.057459,311631.988480,2949.911125,314581.899605
0.85,20,proposed_d0.0,3045,42.994072,154,0.613136,105.965153,130916.950691,16599.196536,147516.147227
0.85,20,proposed_d0.25,3045,49.674221,150,0.549097,105.730519,151258.002991,15844.393118,167102.396109
0.85,20,proposed_d1.0,3045,56.329061,150,0.486043,105.707343,171521.991155,15844.393118,187366.384273
0.85,20,lowest_rtt_w10,3045,38.815160,397,0.503448,74.141641,118192.161714,18685.327235,136877.488949
0.85,20,lowest_rtt_w20,3045,54.447986,338,0.298194,74.732857,165794.116169,16421.460180,182215.576349
0.85,20,lowest_rtt_w50,3045,70.965628,207,0.087685,75.594074,216090.337034,13153.317371,229243.654405
0.85,20,lowest_rtt_w100,3045,72.551279,126,0.045977,73.951340,220918.643956,10092.723260,231011.367216
0.85,20,oracle_a1,3045,10.626512,601,0.803612,43.925968,32357.728617,20110.644243,52468.372860
0.85,21,static,3058,110.445692,0,0.063440,115.791525,337742.927446,0.000000,337742.927446
0.85,21,nearest,3058,97.689132,22,0.043165,100.005935,298733.365953,1493.935382,300227.301335
0.85,21,proposed_d0.0,3058,45.608976,149,0.627534,117.081869,139472.248596,18019.351717,157491.600313
0.85,21,proposed_d0.25,3058,52.693815,149,0.568999,117.618883,161137.687678,18019.351717,179157.039395
0.85,21,proposed_d1.0,3058,60.638797,149,0.506213,118.753273,185433.442279,18019.351717,203452.793996
0.85,21,lowest_rtt_w10,3058,38.249747,432,0.481033,69.849859,116967.726294,19140.666132,136108.392426
0.85,21,lowest_rtt_w20,3058,53.673161,398,0.261282,69.949768,164132.525334,19863.364174,183995.889508
0.85,21,lowest_rtt_w50,3058,69.003538,213,0.094506,73.996685,211012.819797,17010.153821,228022.973618
0.85,21,lowest_rtt_w100,3058,83.827500,165,0.083715,89.303531,256344.494028,11581.367166,267925.861194
0.85,21,oracle_a1,3058,9.459443,633,0.814912,40.302078,28926.976400,19413.325195,48340.301595
0.85,22,static,3009,99.043137,0,0.049518,102.098881,298020.799009,0.000000,298020.799009
0.85,22,nearest,3009,97.246805,6,0.052841,100.560574,292615.637256,591.783727,293207.420983
0.85,22,proposed_d0.0,3009,42.279796,152,0.623795,107.068821,127219.905165,16336.243867,143556.149032
0.85,22,proposed_d0.25,3009,49.295056,150,0.558325,107.081131,148328.822955,16117.133211,164445.956166
0.85,22,proposed_d1.0,3009,56.609541,150,0.489864,107.048930,170338.108156,16117.133211,186455.241367
0.85,22,lowest_rtt_w10,3009,35.887966,372,0.498172,67.529067,107986.891005,13431.429290,121418.320295
0.85,22,lowest_rtt_w20,3009,50.478644,340,0.260219,65.531105,151890.239751,12911.036663,164801.276414
0.85,22,lowest_rtt_w50,3009,70.101887,187,0.100366,75.699512,210936.578593,12249.933523,223186.512116
0.85,22,lowest_rtt_w100,3009,85.371747,139,0.057494,88.457541,256883.585393,7206.515011,264090.100404
0.85,22,oracle_a1,3009,9.324820,629,0.800266,36.672849,28058.382326,16505.152942,44563.535268
0.85,23,static,3060,102.050838,0,0.041830,104.418678,312275.563763,0.000000,312275.563763
0.85,23,nearest,3060,92.752611,5,0.060784,96.625953,283822.989613,496.613844,284319.603457
0.85,23,proposed_d0.0,3060,41.454344,151,0.610131,101.198903,126850.291677,15313.528062,142163.819739
0.85,23,proposed_d0.25,3060,47.601119,150,0.548693,101.042305,145659.423724,15317.775993,160977.199717
0.85,23,proposed_d1.0,3060,54.155834,150,0.484641,101.202823,165716.851394,15317.775993,181034.627387
0.85,23,lowest_rtt_w10,3060,36.833296,420,0.493791,68.812062,112709.884507,18747.843558,131457.728065
0.85,23,lowest_rtt_w20,3060,49.068961,345,0.296078,66.866769,150151.019826,17337.188669,167488.208495
0.85,23,lowest_rtt_w50,3060,64.524630,190,0.151961,73.728465,197445.366734,12876.859452,210322.226186
0.85,23,lowest_rtt_w100,3060,77.157887,111,0.100654,83.569453,236103.133718,6496.646104,242599.779822
0.85,23,oracle_a1,3060,10.074309,636,0.795425,39.468669,30827.386656,19103.115898,49930.502554
0.85,24,static,2894,98.667370,0,0.044229,101.140770,285543.369968,0.000000,285543.369968
0.85,24,nearest,2894,97.011573,44,0.042156,99.193179,280751.493099,2513.103998,283264.597097
0.85,24,proposed_d0.0,2894,45.204091,154,0.601589,108.441144,130820.639598,17049.917965,147870.557563
0.85,24,proposed_d0.25,2894,51.842295,150,0.541120,108.617170,150031.601543,16590.652753,166622.254296
0.85,24,proposed_d1.0,2894,59.062082,150,0.473393,108.358047,170925.664258,16590.652753,187516.317011
0.85,24,lowest_rtt_w10,2894,39.905103,416,0.487906,74.019816,115485.367807,18949.103991,134434.471798
0.85,24,lowest_rtt_w20,2894,55.570285,325,0.263994,72.785166,160820.403849,15616.872768,176437.276617
0.85,24,lowest_rtt_w50,2894,69.600526,169,0.078784,73.381816,201423.921543,13221.160256,214645.081799
0.85,24,lowest_rtt_w100,2894,80.820289,145,0.091223,86.732288,233893.917784,11562.865173,245456.782957
0.85,24,oracle_a1,2894,10.733364,580,0.799240,43.501474,31062.356531,19541.633768,50603.990299
0.85,25,static,2903,96.339283,0,0.043403,98.619712,279672.939539,0.000000,279672.939539
0.85,25,nearest,2903,93.934726,5,0.033069,95.078914,272692.510853,444.651086,273137.161939
0.85,25,proposed_d0.0,2903,44.605066,150,0.612814,110.037816,129488.505634,17371.639720,146860.145354
0.85,25,proposed_d0.25,2903,52.567978,150,0.542887,110.624597,152604.840222,17371.639720,169976.479942
0.85,25,proposed_d1.0,2903,59.002376,150,0.485704,110.835833,171283.898817,17371.639720,188655.538537
0.85,25,lowest_rtt_w10,2903,38.287275,430,0.478815,69.624560,111147.958606,17890.479246,129038.437852
0.85,25,lowest_rtt_w20,2903,52.034580,369,0.225284,64.584431,151056.385490,15769.797197,166826.182687
0.85,25,lowest_rtt_w50,2903,67.027778,190,0.087840,71.289894,194581.639597,13211.367359,207793.006956
0.85,25,lowest_rtt_w100,2903,75.554043,121,0.077162,79.704138,219333.386339,7148.091165,226481.477504
0.85,25,oracle_a1,2903,9.718985,583,0.812263,41.115989,28214.213743,17729.370101,45943.583844
0.85,26,static,3057,109.547330,0,0.048413,113.018972,334886.188694,0.000000,334886.188694
0.85,26,nearest,3057,111.512357,4,0.040563,114.142269,340893.275716,430.321639,341323.597355
0.85,26,proposed_d0.0,3057,43.743007,150,0.617599,109.160284,133722.372380,16105.592577,149827.964957
0.85,26,proposed_d0.25,3057,50.270305,150,0.555447,108.581548,153676.323431,16105.592577,169781.916008
0.85,26,proposed_d1.0,3057,57.538910,150,0.489696,108.834903,175896.448392,16105.592577,192002.040969
0.85,26,lowest_rtt_w10,3057,38.045156,401,0.489369,70.589393,116304.042074,17229.346408,133533.388482
0.85,26,lowest_rtt_w20,3057,50.458314,318,0.271181,66.488808,154251.064616,13532.901920,167783.966536
0.85,26,lowest_rtt_w50,3057,71.905486,184,0.093883,77.148401,219815.070005,13735.593698,233550.663703
0.85,26,lowest_rtt_w100,3057,84.622799,134,0.074256,89.250140,258691.895117,8073.984670,266765.879787
0.85,26,oracle_a1,3057,10.272160,692,0.794897,40.331728,31401.993656,18898.672631,50300.666287
0.85,27,static,2968,105.618880,0,0.042453,108.212821,313476.836691,0.000000,313476.836691
0.85,27,nearest,2968,103.101916,18,0.064690,108.094556,306006.487396,1726.305104,307732.792500
0.85,27,proposed_d0.0,2968,44.570322,153,0.607480,108.453834,132284.716597,16810.673496,149095.390093
0.85,27,proposed_d0.25,2968,52.153564,150,0.541442,109.372357,154791.778543,16852.030977,171643.809520
0.85,27,proposed_d1.0,2968,59.238475,150,0.474057,108.830105,175819.793140,16852.030977,192671.824117
0.85,27,lowest_rtt_w10,2968,38.404915,397,0.496294,72.274105,113985.786928,17955.266988,131941.053916
0.85,27,lowest_rtt_w20,2968,53.330277,359,0.276280,70.925634,158284.260813,18534.365772,176818.626585
0.85,27,lowest_rtt_w50,2968,63.724621,169,0.086590,67.576051,189134.674157,12108.820633,201243.494790
0.85,27,lowest_rtt_w100,2968,76.881065,117,0.103774,83.551504,228183.000028,7985.330091,236168.330119
0.85,27,oracle_a1,2968,10.307184,551,0.809636,43.638445,30591.721466,18294.282696,48886.004162
0.85,28,static,3014,115.391377,0,0.037492,117.808207,347789.609391,0.000000,347789.609391
0.85,28,nearest,3014,109.408210,14,0.059721,114.230185,329756.344482,1368.413416,331124.757898
0.85,28,proposed_d0.0,3014,44.177287,151,0.616457,109.967425,133150.342881,17166.971478,150317.314359
0.85,28,proposed_d0.25,3014,52.183032,151,0.548772,111.214454,157279.657426,17166.971478,174446.628904
0.85,28,proposed_d1.0,3014,59.777673,151,0.480093,111.130763,180169.905150,17166.971478,197336.876628
0.85,28,lowest_rtt_w10,3014,36.017075,409,0.477770,65.138159,108555.462724,16851.300700,125406.763424
0.85,28,lowest_rtt_w20,3014,49.546610,341,0.258792,64.147485,149333.481467,16915.616445,166249.097912
0.85,28,lowest_rtt_w50,3014,58.942827,158,0.081951,62.025905,177653.679276,12011.340081,189665.019357
0.85,28,lowest_rtt_w100,3014,67.661326,101,0.071334,70.704979,203931.235545,9093.112078,213024.347623
0.85,28,oracle_a1,3014,9.412165,640,0.803583,37.736936,28368.266072,16839.870944,45208.137016
0.85,29,static,3063,94.622391,0,0.051257,97.626422,289828.383067,0.000000,289828.383067
0.85,29,nearest,3063,93.268475,4,0.067581,97.883522,285681.339640,352.543663,286033.883303
0.85,29,proposed_d0.0,3063,40.021238,152,0.619980,100.050733,122585.053052,15198.048292,137783.101344
0.85,29,proposed_d0.25,3063,46.217530,150,0.557297,99.880747,141564.293369,15012.310960,156576.604329
0.85,29,proposed_d1.0,3063,52.800116,150,0.491675,99.936260,161726.756691,15012.310960,176739.067651
0.85,29,lowest_rtt_w10,3063,34.322880,389,0.498857,64.498360,105130.982967,17285.664137,122416.647104
0.85,29,lowest_rtt_w20,3063,47.387338,344,0.281423,63.162842,145147.416173,15846.350164,160993.766337
0.85,29,lowest_rtt_w50,3063,61.604813,191,0.122755,67.945494,188695.542876,11910.231663,200605.774539
0.85,29,lowest_rtt_w100,3063,72.349879,81,0.067581,75.448767,221607.679340,5119.474497,226727.153837
0.85,29,oracle_a1,3063,9.313420,603,0.807378,37.967807,28527.005919,16726.055738,45253.061657
0.85,30,static,2933,104.925531,0,0.041255,107.354404,307746.583710,0.000000,307746.583710
0.85,30,nearest,2933,98.042951,12,0.058302,101.989129,287559.975434,1199.928233,288759.903667
0.85,30,proposed_d0.0,2933,47.753788,152,0.606546,116.287574,140061.860292,18289.845370,158351.705662
0.85,30,proposed_d0.25,2933,55.383295,150,0.541425,116.411304,162439.203261,18218.700824,180657.904085
0.85,30,proposed_d1.0,2933,62.911282,150,0.480395,117.226240,184518.790133,18218.700824,202737.490957
0.85,30,lowest_rtt_w10,2933,40.377978,377,0.506648,77.790331,118428.608273,18622.593041,137051.201314
0.85,30,lowest_rtt_w20,2933,56.613118,325,0.261507,73.952113,166046.276036,17060.634669,183106.910705
0.85,30,lowest_rtt_w50,2933,66.249605,174,0.069212,69.027140,194310.092268,16731.518211,211041.610479
0.85,30,lowest_rtt_w100,2933,81.015831,111,0.078759,85.771071,237619.433215,9374.210479,246993.643694
0.85,30,oracle_a1,2933,11.501288,521,0.817252,51.991188,33733.276729,20067.909033,53801.185762
0.7,1,static,3072,93.298614,0,0.052083,96.315021,286613.342342,0.000000,286613.342342
0.7,1,nearest,3072,96.123357,25,0.048503,98.921298,295290.952681,4199.591890,299490.544571
0.7,1,proposed_d0.0,3072,47.475798,167,0.509766,92.763382,145845.652964,14551.510853,160397.163817
0.7,1,proposed_d0.25,3072,51.780539,155,0.460286,92.235111,159069.814580,13445.005432,172514.820012
0.7,1,proposed_d1.0,3072,56.422420,151,0.404297,91.358293,173329.675505,12965.485513,186295.161018
0.7,1,lowest_rtt_w10,3072,45.945868,611,0.340495,66.634604,141145.707370,30151.043609,171296.750979
0.7,1,lowest_rtt_w20,3072,53.763900,425,0.246745,68.720269,165162.702137,21024.783795,186187.485932
0.7,1,lowest_rtt_w50,3072,64.955218,228,0.114583,71.102363,199542.428466,13393.568255,212935.996721
0.7,1,lowest_rtt_w100,3072,71.231630,142,0.153646,81.799834,218823.568619,8721.265195,227544.833814
0.7,1,oracle_a1,3072,15.017813,976,0.634766,35.642354,46134.721276,25335.098090,71469.819366
0.7,2,static,3076,97.007522,0,0.052666,100.289341,298395.138367,0.000000,298395.138367
0.7,2,nearest,3076,89.320875,5,0.048440,91.765975,274751.010166,505.132572,275256.142738
0.7,2,proposed_d0.0,3076,54.936778,168,0.514304,108.991653,168985.529695,19018.359438,188003.889133
0.7,2,proposed_d0.25,3076,61.568512,157,0.455137,109.327413,189384.743721,18071.996478,207456.740199
0.7,2,proposed_d1.0,3076,66.346487,154,0.407347,108.573667,204081.795515,17754.399728,221836.195243
0.7,2,lowest_rtt_w10,3076,50.735441,588,0.338752,73.702171,156062.215232,30214.345291,186276.560523
0.7,2,lowest_rtt_w20,3076,61.334871,457,0.209363,75.046901,188666.063081,22749.962225,211416.025306
0.7,2,lowest_rtt_w50,3076,66.098163,226,0.065995,68.627202,203317.950772,13291.753790,216609.704562
0.7,2,lowest_rtt_w100,3076,70.361757,114,0.042263,71.378399,216432.763141,5509.232656,221941.995797
0.7,2,oracle_a1,3076,15.558655,961,0.645644,38.262773,47858.422483,26758.704767,74617.127250
0.7,3,static,2993,95.426920,0,0.050451,98.390841,285612.770548,0.000000,285612.770548
0.7,3,nearest,2993,90.930599,5,0.055463,94.152558,272155.282061,366.621124,272521.903185
0.7,3,proposed_d0.0,2993,53.685799,162,0.496826,102.719520,160681.596644,17376.952789,178058.549433
0.7,3,proposed_d0.25,2993,58.932757,158,0.447711,103.085143,176385.740927,16871.341401,193257.082328
0.7,3,proposed_d1.0,2993,63.883240,155,0.401270,103.357442,191202.535953,16396.235403,207598.771356
0.7,3,lowest_rtt_w10,2993,52.387942,581,0.337454,76.051996,156797.109045,32594.854336,189391.963381
0.7,3,lowest_rtt_w20,2993,63.639267,441,0.223856,79.417274,190472.327245,27088.458010,217560.785255
0.7,3,lowest_rtt_w50,2993,74.805045,262,0.091881,80.171265,223891.499457,18454.250702,242345.750159
0.7,3,lowest_rtt_w100,2993,86.828687,199,0.077514,91.956632,259878.261569,13409.478666,273287.740235
0.7,3,oracle_a1,2993,16.342900,899,0.642165,40.082447,48914.300296,26499.199933,75413.500229
0.7,4,static,2947,101.990230,0,0.052596,105.541264,300565.208901,0.000000,300565.208901
0.7,4,nearest,2947,99.189437,4,0.048863,102.182401,292311.271301,350.263260,292661.534561
0.7,4,proposed_d0.0,2947,54.144022,156,0.503224,104.964776,159562.432523,17465.069512,177027.502035
0.7,4,proposed_d0.25,2947,59.297326,152,0.458432,105.799010,174749.219336,16965.251910,191714.471246
0.7,4,proposed_d1.0,2947,63.949452,152,0.416695,106.204209,188459.034661,16965.251910,205424.286571
0.7,4,lowest_rtt_w10,2947,50.675099,572,0.330845,72.741135,149339.517977,29754.869075,179094.387052
0.7,4,lowest_rtt_w20,2947,62.228417,428,0.202918,75.561152,183387.145606,22693.778787,206080.924393
0.7,4,lowest_rtt_w50,2947,77.323113,270,0.053614,79.590252,227871.214183,19458.799196,247330.013379
0.7,4,lowest_rtt_w100,2947,85.948533,174,0.063454,89.636350,253290.327279,13406.886397,266697.213676
0.7,4,oracle_a1,2947,14.694471,1017,0.635562,34.832966,43304.605198,26370.578134,69675.183332
0.7,5,static,2961,101.075263,0,0.059439,105.336393,299283.853424,0.000000,299283.853424
0.7,5,nearest,2961,101.057000,6,0.051334,104.417151,299229.778266,393.231552,299623.009818
0.7,5,proposed_d0.0,2961,57.535094,169,0.493077,109.553239,170361.412450,19346.919469,189708.331919
0.7,5,proposed_d0.25,2961,62.943238,152,0.446133,110.032273,186374.928326,17676.227947,204051.156273
0.7,5,proposed_d1.0,2961,68.192740,150,0.398852,110.110508,201918.703903,17242.389910,219161.093813
0.7,5,lowest_rtt_w10,2961,50.878720,582,0.313408,71.190305,150651.890161,26939.839676,177591.729837
0.7,5,lowest_rtt_w20,2961,59.302058,388,0.174603,69.423647,175593.392686,18203.574608,193796.967294
0.7,5,lowest_rtt_w50,2961,68.775367,221,0.091523,73.502551,203643.862818,14111.580341,217755.443159
0.7,5,lowest_rtt_w100,2961,79.629062,153,0.064505,82.981824,235781.652789,11292.821587,247074.474376
0.7,5,oracle_a1,2961,17.041772,913,0.639311,41.702890,50460.687022,26969.279369,77429.966391
0.7,6,static,2952,101.879547,0,0.039634,104.001560,300748.421278,0.000000,300748.421278
0.7,6,nearest,2952,107.041237,4,0.055894,111.260040,315985.731505,295.281344,316281.012849
0.7,6,proposed_d0.0,2952,51.973545,158,0.510501,102.091283,153425.904643,15405.367028,168831.271671
0.7,6,proposed_d0.25,2952,57.304355,152,0.456301,101.718665,169162.457106,14816.761727,183979.218833
0.7,6,proposed_d1.0,2952,62.608404,150,0.401084,101.196837,184820.008297,14712.095275,199532.103572
0.7,6,lowest_rtt_w10,2952,49.105254,551,0.307249,67.997413,144958.710392,29737.516695,174696.227087
0.7,6,lowest_rtt_w20,2952,58.173068,380,0.191057,69.440074,171726.897091,22441.310962,194168.208053
0.7,6,lowest_rtt_w50,2952,68.579267,194,0.090108,73.172746,202445.995033,15378.474761,217824.469794
0.7,6,lowest_rtt_w100,2952,72.045301,139,0.070122,75.327406,212677.728175,10013.068422,222690.796597
0.7,6,oracle_a1,2952,15.142107,918,0.624322,34.982416,44699.498975,24930.855763,69630.354738
0.7,7,static,2971,112.415223,0,0.057220,117.116612,333985.628899,0.000000,333985.628899
0.7,7,nearest,2971,106.327140,5,0.067317,111.857067,315897.931673,470.237830,316368.169503
0.7,7,proposed_d0.0,2971,56.483706,165,0.501515,109.298509,167813.091400,17435.009723,185248.101123
0.7,7,proposed_d0.25,2971,61.537530,155,0.456749,109.594796,182828.000739,16749.957552,199577.958291
0.7,7,proposed_d1.0,2971,67.265089,151,0.398856,108.568074,199844.580884,16237.382655,216081.963539
0.7,7,lowest_rtt_w10,2971,53.275309,475,0.374621,81.990820,158280.943545,24408.829909,182689.773454
0.7,7,lowest_rtt_w20,2971,64.143813,368,0.239313,81.694367,190571.269681,19048.999676,209620.269357
0.7,7,lowest_rtt_w50,2971,83.749401,250,0.099630,90.795316,248819.469886,17966.928958,266786.398844
0.7,7,lowest_rtt_w100,2971,87.834381,181,0.116459,97.148170,260955.946814,14060.271054,275016.217868
0.7,7,oracle_a1,2971,18.567817,861,0.660047,48.735628,55164.983850,31197.003567,86361.987417
0.7,8,static,2983,93.767940,0,0.052296,96.831894,279709.764387,0.000000,279709.764387
0.7,8,nearest,2983,97.500054,5,0.050620,100.592041,290842.660826,463.236040,291305.896866
0.7,8,proposed_d0.0,2983,52.413277,158,0.496145,100.055093,156348.805307,14836.814414,171185.619721
0.7,8,proposed_d0.25,2983,57.009788,151,0.445189,99.150572,170060.197438,14034.789485,184094.986923
0.7,8,proposed_d1.0,2983,61.727057,150,0.395240,98.761536,184131.810453,14039.318260,198171.128713
0.7,8,lowest_rtt_w10,2983,49.829390,555,0.329534,71.337536,148641.071122,29835.373204,178476.444326
0.7,8,lowest_rtt_w20,2983,55.689053,379,0.224271,69.211083,166120.446231,21816.749953,187937.196184
0.7,8,lowest_rtt_w50,2983,65.656796,181,0.087831,69.786190,195854.221633,13743.123028,209597.344661
0.7,8,lowest_rtt_w100,2983,68.086588,105,0.074757,71.426193,203102.292551,7200.381443,210302.673994
0.7,8,oracle_a1,2983,15.991700,963,0.628227,37.635024,47703.241469,26741.136465,74444.377934
0.7,9,static,2932,94.734583,0,0.062415,98.907893,277761.798385,0.000000,277761.798385
0.7,9,nearest,2932,107.695710,5,0.043315,110.481220,315763.821984,440.799752,316204.621736
0.7,9,proposed_d0.0,2932,52.276322,159,0.499318,100.415652,153274.176788,15268.492060,168542.668848
0.7,9,proposed_d0.25,2932,57.750995,152,0.445089,100.468296,169325.918075,14832.617885,184158.535960
0.7,9,proposed_d1.0,2932,63.082504,151,0.389154,99.996595,184957.900986,14671.637036,199629.538022
0.7,9,lowest_rtt_w10,2932,48.653126,496,0.353001,72.106992,142650.964030,25314.171964,167965.135994
0.7,9,lowest_rtt_w20,2932,57.553580,363,0.225102,71.691504,168747.096280,18539.259679,187286.355959
0.7,9,lowest_rtt_w50,2932,75.944456,232,0.072306,79.707774,222669.145251,15421.138955,238090.284206
0.7,9,lowest_rtt_w100,2932,78.336052,168,0.080491,83.018288,229681.303404,11506.153726,241187.457130
0.7,9,oracle_a1,2932,16.572935,833,0.645293,41.084468,48591.846788,25549.240190,74141.086978
0.7,10,static,3006,104.522628,0,0.045243,107.380844,314195.020942,0.000000,314195.020942
0.7,10,nearest,3006,85.493917,5,0.053227,88.187882,256994.713021,428.686323,257423.399344
0.7,10,proposed_d0.0,3006,52.506491,164,0.507984,102.652137,157834.510987,17069.435038,174903.946025
0.7,10,proposed_d0.25,3006,58.193863,154,0.453094,102.748633,174930.752833,15991.803577,190922.556410
0.7,10,proposed_d1.0,3006,63.857604,152,0.403859,103.763369,191955.956489,16030.521037,207986.477526
0.7,10,lowest_rtt_w10,3006,47.216354,496,0.359281,70.571320,141932.361590,25031.381767,166963.743357
0.7,10,lowest_rtt_w20,3006,57.171522,386,0.217898,70.542576,171857.596122,20672.011334,192529.607456
0.7,10,lowest_rtt_w50,3006,65.130975,210,0.076181,68.336951,195783.712298,13210.721474,208994.433772
0.7,10,lowest_rtt_w100,3006,68.166874,132,0.070193,71.161941,204909.624241,7961.827870,212871.452111
0.7,10,oracle_a1,3006,16.796487,783,0.661011,43.648912,50490.241060,26128.757792,76618.998852
0.7,11,static,3002,104.925551,0,0.045303,107.809666,314986.503832,0.000000,314986.503832
0.7,11,nearest,3002,100.841951,39,0.055296,104.627481,302727.537390,5006.591899,307734.129289
0.7,11,proposed_d0.0,3002,56.376542,176,0.497335,108.176527,169242.379200,19400.006926,188642.386126
0.7,11,proposed_d0.25,3002,61.768036,153,0.452365,109.138470,185427.644627,17447.086459,202874.731086
0.7,11,proposed_d1.0,3002,67.467062,151,0.404730,109.978802,202536.119211,17259.446963,219795.566174
0.7,11,lowest_rtt_w10,3002,50.472124,562,0.328448,72.179224,151517.316291,27402.212396,178919.528687
0.7,11,lowest_rtt_w20,3002,58.975460,423,0.179880,69.472109,177044.331557,24421.723697,201466.055254
0.7,11,lowest_rtt_w50,3002,71.621287,217,0.069287,74.804260,215007.102476,16925.976772,231933.079248
0.7,11,lowest_rtt_w100,3002,80.147541,161,0.089607,85.839340,240602.916790,13126.236674,253729.153464
0.7,11,oracle_a1,3002,16.372835,889,0.637575,39.657400,49151.251228,25980.094181,75131.345409
0.7,12,static,3026,99.540010,0,0.048249,102.484747,301208.071246,0.000000,301208.071246
0.7,12,nearest,3026,111.148845,5,0.050231,114.921505,336336.405195,705.318650,337041.723845
0.7,12,proposed_d0.0,3026,52.326349,165,0.505948,101.864569,158339.530859,16923.670717,175263.201576
0.7,12,proposed_d0.25,3026,57.567630,153,0.453734,101.722714,174199.646956,15931.650007,190131.296963
0.7,12,proposed_d1.0,3026,63.236222,150,0.401190,102.263139,191352.807262,15749.119482,207101.926744
0.7,12,lowest_rtt_w10,3026,48.004594,582,0.323860,68.040029,145261.900164,25282.686836,170544.587000
0.7,12,lowest_rtt_w20,3026,55.742676,406,0.206874,67.760557,168677.337871,19545.421362,188222.759233
0.7,12,lowest_rtt_w50,3026,65.898744,220,0.107072,71.560917,199409.598701,11523.974279,210933.572980
0.7,12,lowest_rtt_w100,3026,70.683646,166,0.095836,75.963710,213888.711888,9487.374641,223376.086529
0.7,12,oracle_a1,3026,15.424503,1006,0.611699,34.572378,46674.544704,24945.417941,71619.962645
0.7,13,static,3014,95.426355,0,0.058394,99.220238,287615.034274,0.000000,287615.034274
0.7,13,nearest,3014,101.889927,23,0.047777,104.901825,307096.238987,3206.880352,310303.119339
0.7,13,proposed_d0.0,3014,49.848221,168,0.507631,97.179608,150242.538915,15867.280636,166109.819551
0.7,13,proposed_d0.25,3014,54.065465,152,0.459190,96.273197,162953.311344,14172.526597,177125.837941
0.7,13,proposed_d1.0,3014,58.253066,150,0.414399,96.060477,175574.741972,14049.553750,189624.295722
0.7,13,lowest_rtt_w10,3014,48.038199,533,0.344393,70.222232,144787.130555,25099.171447,169886.302002
0.7,13,lowest_rtt_w20,3014,56.433129,416,0.224950,70.231786,170089.451324,18151.422826,188240.874150
0.7,13,lowest_rtt_w50,3014,69.415680,231,0.081951,73.433632,209218.858560,14877.532420,224096.390980
0.7,13,lowest_rtt_w100,3014,77.617044,162,0.066357,80.991390,233937.771652,10976.718355,244914.490007
0.7,13,oracle_a1,3014,15.382228,940,0.651294,38.376816,46362.033991,24949.840687,71311.874678
0.7,14,static,3050,103.144031,0,0.048525,106.302307,314589.294700,0.000000,314589.294700
0.7,14,nearest,3050,111.543786,5,0.047541,115.011548,340208.548092,534.284486,340742.832578
0.7,14,proposed_d0.0,3050,55.094780,160,0.503934,107.031778,168039.080161,16116.700963,184155.781124
0.7,14,proposed_d0.25,3050,61.042777,152,0.446557,106.682743,186180.470352,15349.904291,201530.374643
0.7,14,proposed_d1.0,3050,65.469287,150,0.401967,106.130112,199681.324677,15248.578246,214929.902923
0.7,14,lowest_rtt_w10,3050,53.474796,536,0.355410,79.856627,163098.128639,29216.325206,192314.453845
0.7,14,lowest_rtt_w20,3050,64.271336,405,0.240000,81.935969,196027.575191,21265.667335,217293.242526
0.7,14,lowest_rtt_w50,3050,81.777116,249,0.087213,87.399499,249420.203979,17859.585388,267279.789367
0.7,14,lowest_rtt_w100,3050,83.464322,162,0.089508,89.472878,254566.183429,13172.016655,267738.200084
0.7,14,oracle_a1,3050,18.274749,970,0.630492,44.044352,55737.984769,29907.851586,85645.836355
0.7,15,static,3022,102.175031,0,0.050960,105.554025,308772.942411,0.000000,308772.942411
0.7,15,nearest,3022,109.482906,4,0.051291,113.293806,330857.341954,590.155156,331447.497110
0.7,15,proposed_d0.0,3022,55.150445,164,0.496360,105.532618,166664.645341,16516.026773,183180.672114
0.7,15,proposed_d0.25,3022,60.448257,154,0.447055,105.703550,182674.632319,15876.823318,198551.455637
0.7,15,proposed_d1.0,3022,65.409348,151,0.397419,105.229571,197667.048363,15805.991364,213473.039727
0.7,15,lowest_rtt_w10,3022,53.385460,586,0.331899,76.912758,161330.859372,30514.102361,191844.961733
0.7,15,lowest_rtt_w20,3022,62.734780,444,0.228657,78.738956,189584.506330,23578.108816,213162.615146
0.7,15,lowest_rtt_w50,3022,75.144130,268,0.089676,80.349531,227085.560752,18607.776532,245693.337284
0.7,15,lowest_rtt_w100,3022,72.962524,138,0.101919,79.015751,220492.748103,9267.762136,229760.510239
0.7,15,oracle_a1,3022,17.359857,912,0.638650,42.506857,52461.487305,27807.426350,80268.913655
0.7,16,static,3097,89.740042,0,0.067162,94.057082,277924.909798,0.000000,277924.909798
0.7,16,nearest,3097,94.910621,5,0.053600,98.172703,293938.193877,504.173724,294442.367601
0.7,16,proposed_d0.0,3097,48.168809,155,0.522441,96.676674,149178.801124,14673.305347,163852.106471
0.7,16,proposed_d0.25,3097,53.047612,150,0.469487,96.223039,164288.453165,14386.638630,178675.091795
0.7,16,proposed_d1.0,3097,58.378063,148,0.411366,95.777763,180796.862296,14002.656542,194799.518838
0.7,16,lowest_rtt_w10,3097,44.855788,491,0.370036,68.028895,138918.374591,24730.053221,163648.427812
0.7,16,lowest_rtt_w20,3097,52.006419,342,0.248628,66.553451,161063.880215,16313.289661,177377.169876
0.7,16,lowest_rtt_w50,3097,65.066466,164,0.140136,73.344665,201510.844165,10256.016279,211766.860444
0.7,16,lowest_rtt_w100,3097,73.346721,133,0.108815,80.058259,227154.794783,9579.831489,236734.626272
0.7,16,oracle_a1,3097,15.104947,924,0.646432,37.064860,46780.021473,23978.352913,70758.374386
0.7,17,static,2945,114.687590,0,0.046520,118.185525,337754.953119,0.000000,337754.953119
0.7,17,nearest,2945,89.637486,4,0.042105,91.489683,263982.394988,392.637675,264375.032663
0.7,17,proposed_d0.0,2945,54.790248,157,0.500849,105.760055,161357.281443,18171.642741,179528.924184
0.7,17,proposed_d0.25,2945,60.720245,153,0.448557,106.484682,178821.122900,17697.739108,196518.862008
0.7,17,proposed_d1.0,2945,65.947724,152,0.402377,107.003436,194216.047928,17610.765534,211826.813462
0.7,17,lowest_rtt_w10,2945,49.754780,577,0.316469,69.864793,146527.827738,27312.461740,173840.289478
0.7,17,lowest_rtt_w20,2945,61.179319,448,0.177929,71.988060,180173.094005,25123.745786,205296.839791
0.7,17,lowest_rtt_w50,2945,64.775150,248,0.070289,67.521116,190762.815356,12738.577560,203501.392916
0.7,17,lowest_rtt_w100,2945,66.731728,108,0.083531,70.631692,196524.937783,5427.829885,201952.767668
0.7,17,oracle_a1,2945,15.988442,919,0.633277,38.144408,47085.960433,25521.012874,72606.973307
0.7,18,static,3040,102.107781,0,0.061842,106.706752,310407.655561,0.000000,310407.655561
0.7,18,nearest,3040,101.749452,40,0.052303,105.254542,309318.335120,6346.862802,315665.197922
0.7,18,proposed_d0.0,3040,54.932337,157,0.514145,108.946719,166994.303714,17736.833444,184731.137158
0.7,18,proposed_d0.25,3040,60.823376,150,0.465461,110.044962,184903.063829,17207.928565,202110.992394
0.7,18,proposed_d1.0,3040,66.530157,149,0.411184,109.593115,202251.676603,16968.534775,219220.211378
0.7,18,lowest_rtt_w10,3040,48.492935,558,0.318421,68.213572,147418.521636,26264.773584,173683.295220
0.7,18,lowest_rtt_w20,3040,58.828767,400,0.192763,70.399124,178839.450272,20243.375159,199082.825431
0.7,18,lowest_rtt_w50,3040,72.980324,255,0.077632,76.954417,221860.185684,16969.145300,238829.330984
0.7,18,lowest_rtt_w100,3040,77.281683,157,0.065461,80.554846,234936.316422,9787.288998,244723.605420
0.7,18,oracle_a1,3040,14.382045,982,0.631908,33.638443,43721.417663,24832.083478,68553.501141
0.7,19,static,2979,109.372743,0,0.050688,113.105871,325821.402796,0.000000,325821.402796
0.7,19,nearest,2979,101.667667,16,0.045989,104.472196,302867.980160,686.408051,303554.388211
0.7,19,proposed_d0.0,2979,58.370837,169,0.513595,115.892839,173886.723092,20803.137074,194689.860166
0.7,19,proposed_d0.25,2979,65.341707,153,0.459550,117.201829,194652.944066,19476.259953,214129.204019
0.7,19,proposed_d1.0,2979,71.923020,150,0.406177,117.750523,214258.675342,19206.019935,233464.695277
0.7,19,lowest_rtt_w10,2979,50.937958,586,0.303458,70.258399,151744.177270,26982.141806,178726.319076
0.7,19,lowest_rtt_w20,2979,61.182211,440,0.175227,71.755721,182261.807208,21718.744650,203980.551858
0.7,19,lowest_rtt_w50,2979,70.622699,217,0.033233,70.981604,210385.020409,14271.515802,224656.536211
0.7,19,lowest_rtt_w100,2979,77.265095,138,0.049010,79.143918,230172.719177,8474.845992,238647.565169
0.7,19,oracle_a1,2979,14.770060,1006,0.627392,34.272081,44000.009472,24078.603238,68078.612710
0.7,20,static,3045,106.023524,0,0.055501,110.136172,322841.629500,0.000000,322841.629500
0.7,20,nearest,3045,104.657535,33,0.056814,108.841294,318682.195414,2949.911125,321632.106539
0.7,20,proposed_d0.0,3045,54.754736,169,0.500821,105.683007,166728.171066,18418.045784,185146.216850
0.7,20,proposed_d0.25,3045,60.144697,151,0.449918,105.701853,183140.603489,15816.506975,198957.110464
0.7,20,proposed_d1.0,3045,65.167285,150,0.402956,105.799990,198434.382411,15876.078819,214310.461230
0.7,20,lowest_rtt_w10,3045,53.107369,579,0.343842,77.888857,161711.937187,31859.487085,193571.424272
0.7,20,lowest_rtt_w20,3045,63.697365,434,0.235468,80.699517,193958.476017,26040.512455,219998.988472
0.7,20,lowest_rtt_w50,3045,78.386713,277,0.086700,83.638095,238687.542414,22460.530396,261148.072810
0.7,20,lowest_rtt_w100,3045,77.676908,203,0.045977,79.323988,236526.185736,16376.503888,252902.689624
0.7,20,oracle_a1,3045,17.119326,855,0.653202,43.596920,52128.347029,27507.687378,79636.034407
0.7,21,static,3058,110.910574,0,0.056900,115.481462,339164.535886,0.000000,339164.535886
0.7,21,nearest,3058,98.064665,22,0.046109,100.708175,299881.745752,1493.935382,301375.681134
0.7,21,proposed_d0.0,3058,56.009350,158,0.518967,112.277764,171276.591491,19439.132434,190715.723925
0.7,21,proposed_d0.25,3058,61.676277,149,0.470569,112.717761,188606.054296,18019.351717,206625.406013
0.7,21,proposed_d1.0,3058,68.200258,149,0.416612,113.475554,208556.388205,18019.351717,226575.739922
0.7,21,lowest_rtt_w10,3058,50.256120,553,0.344016,73.562918,153683.214087,28908.215381,182591.429468
0.7,21,lowest_rtt_w20,3058,62.099123,437,0.200458,75.166919,189899.116974,25655.416610,215554.533584
0.7,21,lowest_rtt_w50,3058,73.802660,243,0.100065,79.786531,225688.533890,17629.896577,243318.430467
0.7,21,lowest_rtt_w100,3058,84.115938,177,0.076194,88.888686,257226.537572,13377.551139,270604.088711
0.7,21,oracle_a1,3058,15.908110,891,0.643231,38.983501,48646.999827,27266.185353,75913.185180
0.7,22,static,3009,99.331427,0,0.050515,102.509718,298888.264647,0.000000,298888.264647
0.7,22,nearest,3009,99.408680,6,0.048189,102.340334,299120.717891,591.783727,299712.501618
0.7,22,proposed_d0.0,3009,55.039088,161,0.509472,108.126433,165612.614767,17453.719251,183066.334018
0.7,22,proposed_d0.25,3009,59.986368,152,0.462280,107.837442,180498.981869,16385.974144,196884.956013
0.7,22,proposed_d1.0,3009,65.188755,151,0.409438,106.997729,196152.964631,16153.408598,212306.373229
0.7,22,lowest_rtt_w10,3009,51.038448,579,0.311399,71.214618,153574.688596,25667.667409,179242.356005
0.7,22,lowest_rtt_w20,3009,59.751218,374,0.201728,72.345302,179791.414859,16053.275801,195844.690660
0.7,22,lowest_rtt_w50,3009,74.771067,203,0.087737,79.769814,224986.140646,12848.207697,237834.348343
0.7,22,lowest_rtt_w100,3009,88.146431,159,0.058491,91.498274,265232.610244,8560.391390,273793.001634
0.7,22,oracle_a1,3009,15.636320,1061,0.618146,35.710780,47049.685952,26119.713856,73169.399808
0.7,23,static,3060,103.233873,0,0.043137,105.797695,315895.649904,0.000000,315895.649904
0.7,23,nearest,3060,93.062244,5,0.057516,96.619441,284770.467719,496.613844,285267.081563
0.7,23,proposed_d0.0,3060,52.278965,162,0.500980,100.755489,159973.631907,16545.336420,176518.968327
0.7,23,proposed_d0.25,3060,57.648650,153,0.449020,100.999329,176404.869417,15487.439673,191892.309090
0.7,23,proposed_d1.0,3060,63.724403,152,0.387908,100.841790,194996.672153,15550.577761,210547.249914
0.7,23,lowest_rtt_w10,3060,49.432843,548,0.336275,71.464549,151264.498081,29161.791259,180426.289340
0.7,23,lowest_rtt_w20,3060,58.858208,421,0.209804,71.954556,180106.115559,21961.611874,202067.727433
0.7,23,lowest_rtt_w50,3060,70.607472,236,0.115686,77.582729,216058.864304,13810.723660,229869.587964
0.7,23,lowest_rtt_w100,3060,78.210035,144,0.097386,84.432552,239322.707759,8976.829516,248299.537275
0.7,23,oracle_a1,3060,15.724076,908,0.648366,39.029435,48115.671540,26891.726747,75007.398287
0.7,24,static,2894,99.246739,0,0.044229,101.746950,287220.063284,0.000000,287220.063284
0.7,24,nearest,2894,97.139972,44,0.038355,98.934632,281123.080308,2513.103998,283636.184306
0.7,24,proposed_d0.0,2894,56.252161,162,0.494817,107.391076,162793.753200,17868.992926,180662.746126
0.7,24,proposed_d0.25,2894,62.087060,152,0.441603,107.606405,179679.951140,16849.374418,196529.325558
0.7,24,proposed_d1.0,2894,69.021267,150,0.381479,108.357289,199747.547710,16590.652753,216338.200463
0.7,24,lowest_rtt_w10,2894,53.263043,544,0.354181,79.376804,154143.247318,28619.659516,182762.906834
0.7,24,lowest_rtt_w20,2894,64.623262,416,0.205943,78.864978,187019.720137,22762.385448,209782.105585
0.7,24,lowest_rtt_w50,2894,75.317015,268,0.071182,78.935804,217967.441690,18544.239990,236511.681680
0.7,24,lowest_rtt_w100,2894,84.308670,183,0.082930,89.751805,243989.289842,14513.155050,258502.444892
0.7,24,oracle_a1,2894,17.579200,845,0.649965,44.507607,50874.205762,27259.416841,78133.622603
0.7,25,static,2903,96.607629,0,0.042025,98.757982,280451.946636,0.000000,280451.946636
0.7,25,nearest,2903,94.231380,5,0.039270,96.001326,273553.697059,444.651086,273998.348145
0.7,25,proposed_d0.0,2903,55.574991,156,0.502239,107.631971,161334.198282,17943.931573,179278.129855
0.7,25,proposed_d0.25,2903,61.894567,152,0.446435,108.197840,179679.928238,17504.967178,197184.895416
0.7,25,proposed_d1.0,2903,66.983835,152,0.400965,108.480777,194454.071581,17504.967178,211959.038759
0.7,25,lowest_rtt_w10,2903,51.071050,585,0.338960,74.233068,148259.256994,28634.480755,176893.737749
0.7,25,lowest_rtt_w20,2903,60.040598,411,0.176714,70.498684,174297.855054,19999.721356,194297.576410
0.7,25,lowest_rtt_w50,2903,70.629994,198,0.072339,73.981757,205038.872327,11943.236309,216982.108636
0.7,25,lowest_rtt_w100,2903,77.761812,162,0.060971,80.681049,225742.538848,7863.373067,233605.911915
0.7,25,oracle_a1,2903,16.133316,895,0.643817,39.679900,46835.016378,26050.102716,72885.119094
0.7,26,static,3057,108.620097,0,0.050703,112.314830,332051.635222,0.000000,332051.635222
0.7,26,nearest,3057,111.529004,4,0.048086,115.061913,340944.166628,430.321639,341374.488267
0.7,26,proposed_d0.0,3057,55.102602,156,0.515865,109.685578,168448.654868,17470.585330,185919.240198
0.7,26,proposed_d0.25,3057,60.226299,152,0.468760,109.604554,184111.796166,16700.135582,200811.931748
0.7,26,proposed_d1.0,3057,66.130709,151,0.413150,109.279586,202161.577153,16403.392506,218564.969659
0.7,26,lowest_rtt_w10,3057,52.329284,589,0.326791,74.760262,159970.619741,27878.108326,187848.728067
0.7,26,lowest_rtt_w20,3057,60.450336,403,0.205430,73.562239,184796.678443,19167.397447,203964.075890
0.7,26,lowest_rtt_w50,3057,79.272982,227,0.074256,83.471203,242337.505705,16076.722185,258414.227890
0.7,26,lowest_rtt_w100,3057,87.654953,170,0.070985,92.199715,267961.190640,11714.255086,279675.445726
0.7,26,oracle_a1,3057,16.008494,1004,0.647040,39.688569,48937.965845,27953.986806,76891.952651
0.7,27,static,2968,104.290043,0,0.040094,106.562600,309532.847886,0.000000,309532.847886
0.7,27,nearest,2968,102.900532,18,0.066712,108.112917,305408.779207,1726.305104,307135.084311
0.7,27,proposed_d0.0,2968,57.036674,178,0.495283,109.044625,169284.847946,20234.971185,189519.819131
0.7,27,proposed_d0.25,2968,62.805197,154,0.441712,108.913593,186405.824420,17375.927270,203781.751690
0.7,27,proposed_d1.0,2968,68.735686,151,0.387129,108.890333,204007.516586,16919.721577,220927.238163
0.7,27,lowest_rtt_w10,2968,51.190294,563,0.335243,73.997360,151932.791775,27101.560292,179034.352067
0.7,27,lowest_rtt_w20,2968,60.218343,441,0.197439,72.540740,178728.042072,24356.147191,203084.189263
0.7,27,lowest_rtt_w50,2968,68.531321,207,0.088612,72.999986,203400.961802,12957.278685,216358.240487
0.7,27,lowest_rtt_w100,2968,80.045642,145,0.085243,85.318404,237575.466858,9550.840383,247126.307241
0.7,27,oracle_a1,2968,16.966595,908,0.638140,41.360199,50356.853826,27361.059099,77717.912925
0.7,28,static,3014,114.463540,0,0.038819,117.005561,344993.110052,0.000000,344993.110052
0.7,28,nearest,3014,109.262568,14,0.055408,113.554402,329317.381307,1368.413416,330685.794723
0.7,28,proposed_d0.0,3014,55.462374,160,0.509290,108.949017,167163.595959,18077.022741,185240.618700
0.7,28,proposed_d0.25,3014,62.312201,151,0.450232,109.704872,187808.972322,16975.622306,204784.594628
0.7,28,proposed_d1.0,3014,68.001178,151,0.396483,109.360940,204955.550123,16975.622306,221931.172429
0.7,28,lowest_rtt_w10,3014,48.688228,571,0.302256,66.913133,146746.319657,27061.648590,173807.968247
0.7,28,lowest_rtt_w20,3014,57.501216,436,0.190445,68.557650,173308.665875,21207.471669,194516.137544
0.7,28,lowest_rtt_w50,3014,61.673903,172,0.074652,64.488040,185885.143467,13244.979435,199130.122902
0.7,28,lowest_rtt_w100,3014,69.009895,113,0.060717,71.341513,207995.822644,10560.298780,218556.121424
0.7,28,oracle_a1,3014,15.232565,1007,0.615129,34.381854,45910.951060,24863.049808,70774.000868
0.7,29,static,3063,93.794334,0,0.052236,96.853615,287292.045425,0.000000,287292.045425
0.7,29,nearest,3063,93.564855,4,0.062031,97.620310,286589.150728,352.543663,286941.694391
0.7,29,proposed_d0.0,3063,50.617659,170,0.509958,99.211119,155041.890239,17223.083185,172264.973424
0.7,29,proposed_d0.25,3063,55.108975,155,0.464251,99.130281,168798.790852,15690.814533,184489.605385
0.7,29,proposed_d1.0,3063,60.995252,153,0.405811,99.287065,186828.458211,15343.679545,202172.137756
0.7,29,lowest_rtt_w10,3063,47.509001,586,0.328436,67.765713,145520.071569,28390.827195,173910.898764
0.7,29,lowest_rtt_w20,3063,56.048373,416,0.205681,68.043635,171676.165075,21440.588916,193116.753991
0.7,29,lowest_rtt_w50,3063,65.770339,221,0.104146,71.183874,201454.549667,13559.189783,215013.739450
0.7,29,lowest_rtt_w100,3063,75.228065,94,0.054195,77.424081,230423.563762,6065.043078,236488.606840
0.7,29,oracle_a1,3063,15.320632,896,0.638263,36.824093,46927.095180,22967.225409,69894.320589
0.7,30,static,2933,103.301679,0,0.043641,105.924358,302983.823176,0.000000,302983.823176
0.7,30,nearest,2933,97.752596,12,0.061030,101.976167,286708.364220,1199.928233,287908.292453
0.7,30,proposed_d0.0,2933,59.108201,157,0.504944,115.356992,173364.352643,19059.743824,192424.096467
0.7,30,proposed_d0.25,2933,65.581940,151,0.451074,115.829707,192351.828819,18240.034754,210591.863573
0.7,30,proposed_d1.0,2933,71.346922,151,0.399591,115.499445,209260.522067,18240.034754,227500.556821
0.7,30,lowest_rtt_w10,2933,52.963326,503,0.351176,78.547259,155341.433984,27864.141930,183205.575914
0.7,30,lowest_rtt_w20,2933,62.691500,361,0.188885,74.824787,183874.168936,21354.885543,205229.054479
0.7,30,lowest_rtt_w50,2933,71.066508,200,0.039550,71.910567,208438.067980,16792.353350,225230.421330
0.7,30,lowest_rtt_w100,2933,83.226839,141,0.066144,86.980036,244104.317755,11899.034874,256003.352629
0.7,30,oracle_a1,2933,18.503161,797,0.662803,48.942135,54269.771674,27182.384391,81452.156065
0.6,1,static,3072,93.022369,0,0.048503,95.662237,285764.718438,0.000000,285764.718438
0.6,1,nearest,3072,94.856214,25,0.050130,97.756782,291398.290046,4199.591890,295597.881936
0.6,1,proposed_d0.0,3072,56.019434,196,0.425456,94.021361,172091.701715,17821.149868,189912.851583
0.6,1,proposed_d0.25,3072,59.346644,168,0.386719,93.507904,182312.891399,14251.222990,196564.114389
0.6,1,proposed_d1.0,3072,62.224413,158,0.343099,91.679583,191153.398100,12927.338342,204080.736442
0.6,1,lowest_rtt_w10,3072,54.022350,670,0.254557,69.787187,165956.658371,36529.128025,202485.786396
0.6,1,lowest_rtt_w20,3072,58.869109,484,0.197266,70.844243,180845.902833,26374.891882,207220.794715
0.6,1,lowest_rtt_w50,3072,68.864642,263,0.106771,74.857208,211552.179873,14861.408703,226413.588576
0.6,1,lowest_rtt_w100,3072,71.905876,185,0.126302,80.011494,220894.850779,11539.060667,232433.911446
0.6,1,oracle_a1,3072,18.249826,1174,0.530599,34.618214,56063.464413,30949.711044,87013.175457
0.6,2,static,3076,97.201245,0,0.052666,100.493833,298991.030415,0.000000,298991.030415
0.6,2,nearest,3076,88.554868,5,0.045839,90.713041,272394.774226,505.132572,272899.906798
0.6,2,proposed_d0.0,3076,62.663056,184,0.434655,107.302796,192751.561689,20572.607415,213324.169104
0.6,2,proposed_d0.25,3076,67.893444,164,0.388817,107.812890,208840.232973,18786.857010,227627.089983
0.6,2,proposed_d1.0,3076,73.158192,158,0.337776,107.453411,225034.598803,18077.663740,243112.262543
0.6,2,lowest_rtt_w10,3076,58.616653,650,0.254226,75.916663,180304.825986,35056.811429,215361.637415
0.6,2,lowest_rtt_w20,3076,67.816072,487,0.161573,78.499511,208602.238572,27075.819747,235678.058319
0.6,2,lowest_rtt_w50,3076,69.433790,211,0.050715,71.036417,213578.336971,11495.274030,225073.611001
0.6,2,lowest_rtt_w100,3076,72.494197,98,0.046489,73.931180,222992.151269,4370.240826,227362.392095
0.6,2,oracle_a1,3076,19.152858,1143,0.525683,36.163257,58914.192582,32419.111947,91333.304529
0.6,3,static,2993,96.099672,0,0.045105,98.544548,287626.319533,0.000000,287626.319533
0.6,3,nearest,2993,90.674136,5,0.053458,93.682206,271387.688190,366.621124,271754.309314
0.6,3,proposed_d0.0,2993,62.165845,210,0.415302,102.900785,186062.373137,22269.572829,208331.945966
0.6,3,proposed_d0.25,2993,66.150533,171,0.377548,103.060948,197988.546701,17502.179072,215490.725773
0.6,3,proposed_d1.0,2993,70.040605,159,0.340127,103.111661,209631.529909,16227.673685,225859.203594
0.6,3,lowest_rtt_w10,2993,60.444446,691,0.257267,78.688361,180910.225949,40631.992474,221542.218423
0.6,3,lowest_rtt_w20,2993,68.164667,492,0.181089,80.795939,204016.847144,28194.456359,232211.303503
0.6,3,lowest_rtt_w50,2993,78.937909,286,0.093218,84.847149,236261.161931,19667.127269,255928.289200
0.6,3,lowest_rtt_w100,2993,86.125066,218,0.075844,91.029040,257772.323354,15733.517437,273505.840791
0.6,3,oracle_a1,2993,19.926354,1100,0.544270,39.335467,59639.576837,32282.499825,91922.076662
0.6,4,static,2947,102.103587,0,0.053275,105.736656,300899.269881,0.000000,300899.269881
0.6,4,nearest,2947,98.893872,4,0.051917,102.199800,291440.240034,350.263260,291790.503294
0.6,4,proposed_d0.0,2947,62.870098,186,0.422803,105.458072,185278.179622,20939.189614,206217.369236
0.6,4,proposed_d0.25,2947,67.116039,158,0.385477,105.961882,197790.968206,17481.079219,215272.047425
0.6,4,proposed_d1.0,2947,72.534188,156,0.343400,107.423386,213758.251168,17305.786934,231064.038102
0.6,4,lowest_rtt_w10,2947,60.277413,676,0.241602,76.842746,177637.537263,40514.845862,218152.383125
0.6,4,lowest_rtt_w20,2947,68.412010,442,0.162199,79.269418,201610.193839,27946.822002,229557.015841
0.6,4,lowest_rtt_w50,2947,80.926588,288,0.063115,84.243627,238490.654278,20632.176018,259122.830296
0.6,4,lowest_rtt_w100,2947,87.778852,200,0.063115,91.557507,258684.276758,14883.877001,273568.153759
0.6,4,oracle_a1,2947,18.300004,1191,0.520190,33.971791,53930.112683,30332.653278,84262.765961
0.6,5,static,2961,101.183897,0,0.062141,105.755678,299605.519030,0.000000,299605.519030
0.6,5,nearest,2961,102.222615,6,0.053698,105.909765,302681.162841,393.231552,303074.394393
0.6,5,proposed_d0.0,2961,65.208122,210,0.408983,106.948142,193081.248049,23825.060076,216906.308125
0.6,5,proposed_d0.25,2961,69.801893,163,0.371834,107.936239,206683.404712,18755.906748,225439.311460
0.6,5,proposed_d1.0,2961,73.980407,155,0.329956,107.426404,219055.985581,17429.798138,236485.783719
0.6,5,lowest_rtt_w10,2961,61.541817,707,0.239446,78.287442,182225.319490,38119.065873,220344.385363
0.6,5,lowest_rtt_w20,2961,66.795637,496,0.143195,75.624707,197781.882371,25786.836088,223568.718459
0.6,5,lowest_rtt_w50,2961,74.420755,283,0.070584,77.920732,220359.855592,18121.808915,238481.664507
0.6,5,lowest_rtt_w100,2961,79.684067,154,0.064505,83.040622,235944.522361,13011.150844,248955.673205
0.6,5,oracle_a1,2961,20.621858,1100,0.530226,39.640058,61061.320784,32661.602624,93722.923408
0.6,6,static,2952,102.405226,0,0.042005,104.807718,302300.226999,0.000000,302300.226999
0.6,6,nearest,2952,108.181728,4,0.049458,111.706508,319352.461112,295.281344,319647.742456
0.6,6,proposed_d0.0,2952,60.222340,198,0.431572,102.426906,177776.348130,19284.251603,197060.599733
0.6,6,proposed_d0.25,2952,64.235446,168,0.386856,101.502230,189623.036430,16071.552201,205694.588631
0.6,6,proposed_d1.0,2952,68.455029,161,0.345190,101.487453,202079.246140,15363.385832,217442.631972
0.6,6,lowest_rtt_w10,2952,58.498137,664,0.240515,74.390054,172686.501338,38073.863592,210760.364930
0.6,6,lowest_rtt_w20,2952,63.616283,468,0.171070,74.332353,187795.267625,29262.756843,217058.024468
0.6,6,lowest_rtt_w50,2952,71.721489,214,0.078591,75.668321,211721.834197,16224.604848,227946.439045
0.6,6,lowest_rtt_w100,2952,75.565762,152,0.064024,78.597947,223070.128010,12350.488722,235420.616732
0.6,6,oracle_a1,2952,18.240397,1088,0.522019,33.977074,53845.651909,29724.564367,83570.216276
0.6,7,static,2971,114.290032,0,0.057220,119.105207,339555.685822,0.000000,339555.685822
0.6,7,nearest,2971,106.692020,5,0.061595,111.563842,316981.992446,470.237830,317452.230276
0.6,7,proposed_d0.0,2971,66.014829,190,0.422753,110.896826,196130.056047,20804.801942,216934.857989
0.6,7,proposed_d0.25,2971,70.384615,164,0.384382,111.082937,209112.692058,17796.095171,226908.787229
0.6,7,proposed_d1.0,2971,74.780154,153,0.341636,110.546952,222171.838030,16413.178223,238585.016253
0.6,7,lowest_rtt_w10,2971,62.966190,615,0.277684,84.403798,187072.549789,37620.439803,224692.989592
0.6,7,lowest_rtt_w20,2971,71.725195,429,0.183103,85.353751,213095.552876,25838.600651,238934.153527
0.6,7,lowest_rtt_w50,2971,85.950825,257,0.084147,91.664058,255359.901427,19407.597163,274767.498590
0.6,7,lowest_rtt_w100,2971,89.216408,188,0.094244,96.291322,265061.948758,15172.529458,280234.478216
0.6,7,oracle_a1,2971,24.075323,1047,0.539212,47.907804,71527.783826,36793.526584,108321.310410
0.6,8,static,2983,93.749378,0,0.049950,96.573181,279654.394743,0.000000,279654.394743
0.6,8,nearest,2983,97.399783,5,0.050955,100.521919,290543.551642,463.236040,291006.787682
0.6,8,proposed_d0.0,2983,58.634507,192,0.423399,98.221357,174906.734625,18586.012201,193492.746826
0.6,8,proposed_d0.25,2983,62.333213,160,0.384847,98.078461,185939.975119,15071.998974,201011.974093
0.6,8,proposed_d1.0,2983,66.470029,152,0.343614,98.219662,198280.097468,14448.875331,212728.972799
0.6,8,lowest_rtt_w10,2983,56.059998,620,0.245726,71.671545,167226.975488,33307.990640,200534.966128
0.6,8,lowest_rtt_w20,2983,61.049276,425,0.180691,72.072009,182109.989446,24722.376137,206832.365583
0.6,8,lowest_rtt_w50,2983,67.779441,181,0.088166,72.139732,202186.071108,11720.923280,213906.994388
0.6,8,lowest_rtt_w100,2983,68.574985,122,0.072075,71.746091,204559.181248,9668.606917,214227.788165
0.6,8,oracle_a1,2983,19.467287,1101,0.533020,37.404821,58070.915944,30130.235774,88201.151718
0.6,9,static,2932,96.301634,0,0.055935,99.888870,282356.391101,0.000000,282356.391101
0.6,9,nearest,2932,107.999654,5,0.040246,110.444558,316654.985746,440.799752,317095.785498
0.6,9,proposed_d0.0,2932,61.398321,189,0.419168,102.264168,180019.878002,18557.254356,198577.132358
0.6,9,proposed_d0.25,2932,65.159349,162,0.372783,100.697776,191047.210360,15408.295795,206455.506155
0.6,9,proposed_d1.0,2932,69.090714,155,0.328786,99.954255,202573.974480,14851.535234,217425.509714
0.6,9,lowest_rtt_w10,2932,59.989632,635,0.248636,77.179120,175889.601992,36956.347275,212845.949267
0.6,9,lowest_rtt_w20,2932,63.643832,420,0.181787,75.339607,186603.716046,24368.002279,210971.718325
0.6,9,lowest_rtt_w50,2932,76.877729,242,0.071965,80.684124,225405.501312,14430.682381,239836.183693
0.6,9,lowest_rtt_w100,2932,79.828662,159,0.071965,83.863887,234057.636862,10834.997502,244892.634364
0.6,9,oracle_a1,2932,20.229657,1061,0.539905,39.621463,59313.353987,30856.074762,90169.428749
0.6,10,static,3006,103.618087,0,0.040585,105.916771,311475.968106,0.000000,311475.968106
0.6,10,nearest,3006,87.082397,5,0.051231,89.676608,261769.684611,428.686323,262198.370934
0.6,10,proposed_d0.0,3006,60.139514,194,0.430140,102.024156,180779.378901,20082.944804,200862.323705
0.6,10,proposed_d0.25,3006,64.741319,162,0.383899,101.836071,194612.403767,16741.102809,211353.506576
0.6,10,proposed_d1.0,3006,68.944753,156,0.346307,102.410141,207247.927826,16124.016102,223371.943928
0.6,10,lowest_rtt_w10,3006,55.475670,619,0.267798,73.034014,166759.864293,33431.988546,200191.852839
0.6,10,lowest_rtt_w20,3006,61.160956,391,0.175316,71.737731,183849.834392,20216.137161,204065.971553
0.6,10,lowest_rtt_w50,3006,68.435744,213,0.061876,70.817676,205717.847370,14064.256809,219782.104179
0.6,10,lowest_rtt_w100,3006,68.969404,116,0.071856,72.154132,207322.029276,7077.681655,214399.710931
0.6,10,oracle_a1,3006,20.601343,973,0.556886,41.978707,61927.637520,31782.666777,93710.304297
0.6,11,static,3002,104.075630,0,0.046969,107.106271,312435.040502,0.000000,312435.040502
0.6,11,nearest,3002,100.198908,39,0.052298,103.617969,300797.122363,5006.591899,305803.714262
0.6,11,proposed_d0.0,3002,63.210124,183,0.430047,107.394970,189756.793178,20225.114584,209981.907762
0.6,11,proposed_d0.25,3002,67.732942,160,0.392072,108.126187,203334.290555,17698.238736,221032.529291
0.6,11,proposed_d1.0,3002,71.725048,154,0.351432,107.506212,215318.594505,17061.084807,232379.679312
0.6,11,lowest_rtt_w10,3002,58.823745,661,0.244171,75.180645,176588.883115,37626.903452,214215.786567
0.6,11,lowest_rtt_w20,3002,64.533973,465,0.161226,74.554006,193730.986689,27682.116254,221413.102943
0.6,11,lowest_rtt_w50,3002,75.894445,281,0.058294,78.468738,227835.123264,20626.095694,248461.218958
0.6,11,lowest_rtt_w100,3002,79.973328,159,0.082278,84.964040,240079.930937,10078.272704,250158.203641
0.6,11,oracle_a1,3002,20.202286,1050,0.518321,37.789254,60647.261449,29963.475048,90610.736497
0.6,12,static,3026,98.907443,0,0.052545,102.281801,299293.923190,0.000000,299293.923190
0.6,12,nearest,3026,113.189833,5,0.044944,116.422296,342512.434209,705.318650,343217.752859
0.6,12,proposed_d0.0,3026,58.929129,191,0.432915,100.389013,178319.545644,18395.267130,196714.812774
0.6,12,proposed_d0.25,3026,63.850675,163,0.390284,101.441812,193212.142801,15996.310285,209208.453086
0.6,12,proposed_d1.0,3026,69.219790,157,0.340053,101.856326,209459.083474,15848.041365,225307.124839
0.6,12,lowest_rtt_w10,3026,54.903130,670,0.254792,70.991074,166136.871995,32473.354431,198610.226426
0.6,12,lowest_rtt_w20,3026,59.980663,436,0.180106,70.717246,181501.486100,21980.417824,203481.903924
0.6,12,lowest_rtt_w50,3026,69.120433,234,0.116656,75.984449,209158.431274,12881.309646,222039.740920
0.6,12,lowest_rtt_w100,3026,73.124174,159,0.092862,78.405009,221273.749198,10261.071847,231534.821045
0.6,12,oracle_a1,3026,18.032703,1182,0.516523,33.161284,54566.957953,28176.716887,82743.674840
0.6,13,static,3014,95.831866,0,0.053417,99.126970,288837.245012,0.000000,288837.245012
0.6,13,nearest,3014,102.110884,23,0.049768,105.354122,307762.204490,3206.880352,310969.084842
0.6,13,proposed_d0.0,3014,59.239338,206,0.428334,100.127315,178547.363990,18656.769616,197204.133606
0.6,13,proposed_d0.25,3014,63.431214,168,0.384539,99.813305,191181.680199,15714.095558,206895.775757
0.6,13,proposed_d1.0,3014,67.450884,159,0.343729,99.731529,203296.963729,15247.889578,218544.853307
0.6,13,lowest_rtt_w10,3014,57.744195,681,0.230259,72.419399,174041.004760,33297.855663,207338.860423
0.6,13,lowest_rtt_w20,3014,63.907933,506,0.163902,74.043853,192618.509406,24774.142195,217392.651601
0.6,13,lowest_rtt_w50,3014,73.307704,271,0.058062,75.703213,220949.421361,16952.939746,237902.361107
0.6,13,lowest_rtt_w100,3014,80.560122,206,0.042468,82.044424,242808.208415,12304.075222,255112.283637
0.6,13,oracle_a1,3014,18.181707,1151,0.554413,36.315461,54799.664364,31513.968373,86313.632737
0.6,14,static,3050,103.093589,0,0.053443,106.801332,314435.445350,0.000000,314435.445350
0.6,14,nearest,3050,111.279671,5,0.051803,115.249999,339402.996440,534.284486,339937.280926
0.6,14,proposed_d0.0,3050,63.822306,176,0.432787,108.993082,194658.032032,18251.330805,212909.362837
0.6,14,proposed_d0.25,3050,67.718832,157,0.392459,108.171850,206542.437330,16038.331079,222580.768409
0.6,14,proposed_d1.0,3050,71.021543,152,0.356393,107.241827,216615.705783,15278.107090,231893.812873
0.6,14,lowest_rtt_w10,3050,62.072905,651,0.263607,81.577187,189322.361438,38449.109484,227771.470922
0.6,14,lowest_rtt_w20,3050,69.546821,450,0.202295,84.676451,212117.804594,25980.598528,238098.403122
0.6,14,lowest_rtt_w50,3050,83.820946,254,0.086557,89.574259,255653.884891,18671.845986,274325.730877
0.6,14,lowest_rtt_w100,3050,84.370548,163,0.084918,90.014393,257330.170913,13121.646815,270451.817728
0.6,14,oracle_a1,3050,22.556518,1172,0.523607,43.150296,68797.380729,34853.450753,103650.831482
0.6,15,static,3022,100.435110,0,0.056254,104.302560,303514.901539,0.000000,303514.901539
0.6,15,nearest,3022,109.667271,4,0.051291,113.488139,331414.494292,590.155156,332004.649448
0.6,15,proposed_d0.0,3022,63.105971,199,0.423561,106.005881,190706.244917,21239.979792,211946.224709
0.6,15,proposed_d0.25,3022,67.122245,169,0.380212,105.071769,202843.423767,17375.664212,220219.087979
0.6,15,proposed_d1.0,3022,71.644897,163,0.334547,104.657822,216510.879829,16942.220104,233453.099933
0.6,15,lowest_rtt_w10,3022,59.838078,693,0.233289,75.436630,180830.671484,40460.517498,221291.188982
0.6,15,lowest_rtt_w20,3022,66.328076,501,0.165122,77.050910,200443.446475,31373.188671,231816.635146
0.6,15,lowest_rtt_w50,3022,74.610591,266,0.102250,80.880651,225473.205571,20189.934304,245663.139875
0.6,15,lowest_rtt_w100,3022,75.403803,170,0.091661,80.811036,227870.293553,11691.449801,239561.743354
0.6,15,oracle_a1,3022,20.017677,1141,0.549967,40.036339,60493.420630,33425.233250,93918.653880
0.6,16,static,3097,89.875654,0,0.055538,93.043043,278344.900886,0.000000,278344.900886
0.6,16,nearest,3097,96.161575,5,0.051017,99.223681,297812.398938,504.173724,298316.572662
0.6,16,proposed_d0.0,3097,57.275902,182,0.444624,99.528760,177383.467618,17892.714021,195276.181639
0.6,16,proposed_d0.25,3097,62.071079,160,0.397159,99.646563,192234.132446,15028.947063,207263.079509
0.6,16,proposed_d1.0,3097,66.566118,152,0.349370,99.236360,206155.266324,14429.344560,220584.610884
0.6,16,lowest_rtt_w10,3097,53.992441,640,0.278980,72.109535,167214.590551,36615.705340,203830.295891
0.6,16,lowest_rtt_w20,3097,59.769332,422,0.210849,73.204427,185105.620759,24493.494651,209599.115410
0.6,16,lowest_rtt_w50,3097,68.733471,179,0.134324,77.088236,212867.560338,13249.755738,226117.316076
0.6,16,lowest_rtt_w100,3097,75.493524,127,0.096868,81.376276,233803.443050,9166.348086,242969.791136
0.6,16,oracle_a1,3097,18.339875,1142,0.551501,36.432392,56798.592767,29963.305371,86761.898138
0.6,17,static,2945,113.035200,0,0.051952,117.119865,332888.663518,0.000000,332888.663518
0.6,17,nearest,2945,89.993618,4,0.044482,92.089980,265031.204307,392.637675,265423.841982
0.6,17,proposed_d0.0,2945,61.518276,179,0.429542,104.334120,181171.321752,19965.788411,201137.110163
0.6,17,proposed_d0.25,2945,66.547581,158,0.382003,104.446497,195982.625280,17832.417005,213815.042285
0.6,17,proposed_d1.0,2945,71.832728,155,0.338879,105.627829,211547.382557,17526.378631,229073.761188
0.6,17,lowest_rtt_w10,2945,56.543700,688,0.233277,71.138706,166521.197875,34456.566328,200977.764203
0.6,17,lowest_rtt_w20,2945,63.899102,485,0.131409,71.263822,188182.855710,25182.342643,213365.198353
0.6,17,lowest_rtt_w50,2945,66.193195,247,0.053650,67.832422,194938.959314,12789.922810,207728.882124
0.6,17,lowest_rtt_w100,2945,67.078870,113,0.080815,70.800617,197547.271484,6536.931327,204084.202811
0.6,17,oracle_a1,2945,19.036703,1069,0.540238,37.055459,56063.091547,29720.150271,85783.241818
0.6,18,static,3040,101.267668,0,0.062171,105.848372,307853.709747,0.000000,307853.709747
0.6,18,nearest,3040,100.820403,40,0.057566,104.856554,306494.026528,6346.862802,312840.889330
0.6,18,proposed_d0.0,3040,62.486840,201,0.432237,106.535338,189959.993932,22408.329439,212368.323371
0.6,18,proposed_d0.25,3040,67.464919,159,0.391776,107.632965,205093.352852,17813.384756,222906.737608
0.6,18,proposed_d1.0,3040,72.721637,153,0.348684,108.582716,221073.777468,17363.849055,238437.626523
0.6,18,lowest_rtt_w10,3040,57.641300,665,0.249013,74.090912,175229.552676,34958.259944,210187.812620
0.6,18,lowest_rtt_w20,3040,66.392199,526,0.162500,76.886208,201832.285409,27738.143392,229570.428801
0.6,18,lowest_rtt_w50,3040,76.286245,310,0.075987,80.395224,231910.184052,20377.453238,252287.637290
0.6,18,lowest_rtt_w100,3040,77.708736,185,0.060526,80.586330,236234.558825,11347.157070,247581.715895
0.6,18,oracle_a1,3040,17.187844,1226,0.519408,31.602359,52251.046685,29674.958864,81926.005549
0.6,19,static,2979,109.189860,0,0.050017,112.833425,325276.591489,0.000000,325276.591489
0.6,19,nearest,2979,103.441539,16,0.045989,106.331578,308152.343905,686.408051,308838.751956
0.6,19,proposed_d0.0,2979,64.658677,186,0.446123,113.127394,192618.199388,24140.291408,216758.490796
0.6,19,proposed_d0.25,2979,70.732564,157,0.400806,114.708296,210712.307594,20110.055346,230822.362940
0.6,19,proposed_d1.0,2979,75.907453,154,0.356831,114.911431,226128.302587,19769.399086,245897.701673
0.6,19,lowest_rtt_w10,2979,59.120309,677,0.226922,73.886843,176119.399288,35518.005667,211637.404955
0.6,19,lowest_rtt_w20,2979,65.803921,455,0.136287,73.871699,196029.881980,23127.708799,219157.590779
0.6,19,lowest_rtt_w50,2979,72.958844,269,0.035582,73.576887,217344.397593,17143.873967,234488.271560
0.6,19,lowest_rtt_w100,2979,76.915948,168,0.045989,78.527307,229132.607817,8744.760524,237877.368341
0.6,19,oracle_a1,2979,17.078113,1187,0.532729,32.268462,50875.699368,29492.599816,80368.299184
0.6,20,static,3045,105.113440,0,0.052217,108.794326,320070.425105,0.000000,320070.425105
0.6,20,nearest,3045,103.798260,33,0.053202,107.518454,316065.701718,2949.911125,319015.612843
0.6,20,proposed_d0.0,3045,61.973165,210,0.428243,104.892755,188708.287180,23230.544447,211938.831627
0.6,20,proposed_d0.25,3045,66.351068,165,0.387192,105.010183,202039.001656,17599.310864,219638.312520
0.6,20,proposed_d1.0,3045,70.866691,154,0.344499,105.059656,215789.073645,16413.662274,232202.735919
0.6,20,lowest_rtt_w10,3045,60.553456,694,0.261412,79.277578,184385.272155,44817.076172,229202.348327
0.6,20,lowest_rtt_w20,3045,68.065553,475,0.175698,80.147255,207259.609130,29920.530462,237180.139592
0.6,20,lowest_rtt_w50,3045,78.097882,261,0.079146,82.638392,237808.050349,19455.843933,257263.894282
0.6,20,lowest_rtt_w100,3045,78.147119,165,0.048933,80.064909,237957.976802,14795.725278,252753.702080
0.6,20,oracle_a1,3045,20.800403,972,0.547455,41.543707,63337.227758,31198.726383,94535.954141
0.6,21,static,3058,110.943246,0,0.059843,115.877720,339264.446053,0.000000,339264.446053
0.6,21,nearest,3058,99.629602,22,0.049052,102.665517,304667.322755,1493.935382,306161.258137
0.6,21,proposed_d0.0,3058,64.434239,186,0.439830,111.455869,197039.904227,21270.026987,218309.931214
0.6,21,proposed_d0.25,3058,69.948192,157,0.396337,112.559898,213901.571542,18771.676340,232673.247882
0.6,21,proposed_d1.0,3058,75.557614,149,0.349248,113.034765,231055.182413,18019.351717,249074.534130
0.6,21,lowest_rtt_w10,3058,59.259269,673,0.252780,76.629691,181214.843601,37807.752672,219022.596273
0.6,21,lowest_rtt_w20,3058,68.536488,525,0.155657,78.802704,209584.581405,30425.583466,240010.164871
0.6,21,lowest_rtt_w50,3058,77.879346,253,0.076521,82.166799,238155.039131,19423.704429,257578.743560
0.6,21,lowest_rtt_w100,3058,82.749902,205,0.088293,88.570015,253049.200610,14560.926590,267610.127200
0.6,21,oracle_a1,3058,20.072867,1072,0.557227,40.817450,61382.826943,31975.171887,93357.998830
0.6,22,static,3009,100.730213,0,0.047524,103.656389,303097.211178,0.000000,303097.211178
0.6,22,nearest,3009,98.921529,6,0.048853,101.899678,297654.879367,591.783727,298246.663094
0.6,22,proposed_d0.0,3009,63.600387,190,0.428049,107.702245,191373.563000,20415.246893,211788.809893
0.6,22,proposed_d0.25,3009,68.114343,163,0.387504,107.942516,204956.057907,17654.202809,222610.260716
0.6,22,proposed_d1.0,3009,73.191902,153,0.337986,107.538370,220234.432090,16412.392839,236646.824929
0.6,22,lowest_rtt_w10,3009,59.977032,668,0.217680,74.109129,180470.890755,37570.573613,218041.464368
0.6,22,lowest_rtt_w20,3009,67.601666,450,0.124958,74.969773,203413.412459,22698.166746,226111.579205
0.6,22,lowest_rtt_w50,3009,78.034562,244,0.055833,80.530798,234805.995980,16259.249811,251065.245791
0.6,22,lowest_rtt_w100,3009,89.415070,249,0.045198,91.553062,269049.947039,15595.803222,284645.750261
0.6,22,oracle_a1,3009,19.601926,1294,0.505484,35.594218,58982.195745,31841.988754,90824.184499
0.6,23,static,3060,103.775521,0,0.040196,106.037826,317553.094947,0.000000,317553.094947
0.6,23,nearest,3060,92.715275,5,0.055229,96.018244,283708.742868,496.613844,284205.356712
0.6,23,proposed_d0.0,3060,60.314404,195,0.430392,102.376407,184562.077549,19587.797745,204149.875294
0.6,23,proposed_d0.25,3060,64.550084,167,0.384641,101.648039,197523.258337,16700.973581,214224.231918
0.6,23,proposed_d1.0,3060,69.883121,154,0.335948,102.225567,213842.351432,15980.825342,229823.176774
0.6,23,lowest_rtt_w10,3060,56.781847,689,0.238562,71.945259,173752.452591,38529.949668,212282.402259
0.6,23,lowest_rtt_w20,3060,63.702546,479,0.162418,73.667495,194929.790287,27355.624840,222285.415127
0.6,23,lowest_rtt_w50,3060,72.541749,243,0.104902,78.808964,221977.752501,14562.357075,236540.109576
0.6,23,lowest_rtt_w100,3060,78.374477,178,0.080065,83.021634,239825.899311,11249.300875,251075.200186
0.6,23,oracle_a1,3060,18.631118,1092,0.547712,36.771113,57011.220965,31950.647166,88961.868131
0.6,24,static,2894,98.832951,0,0.045612,101.460738,286022.559142,0.000000,286022.559142
0.6,24,nearest,2894,96.960299,44,0.041811,99.103897,280603.106489,2513.103998,283116.210487
0.6,24,proposed_d0.0,2894,62.407732,183,0.430891,106.144490,180607.975614,20822.223391,201430.199005
0.6,24,proposed_d0.25,2894,67.235388,157,0.383898,105.884023,194579.213823,17557.192464,212136.406287
0.6,24,proposed_d1.0,2894,72.438363,154,0.339323,106.615389,209636.623636,17315.951262,226952.574898
0.6,24,lowest_rtt_w10,2894,59.636098,610,0.256738,77.544802,172586.868103,32872.718254,205459.586357
0.6,24,lowest_rtt_w20,2894,69.515242,497,0.159986,80.373966,201177.110863,30823.305933,232000.416796
0.6,24,lowest_rtt_w50,2894,78.779652,282,0.072564,82.787002,227988.314114,20617.943034,248606.257148
0.6,24,lowest_rtt_w100,2894,84.159302,221,0.080166,89.319692,243557.021239,17197.223701,260754.244940
0.6,24,oracle_a1,2894,20.269751,1013,0.566690,42.163206,58660.659865,32041.200489,90701.860354
0.6,25,static,2903,97.905325,0,0.042714,100.184656,284219.159359,0.000000,284219.159359
0.6,25,nearest,2903,93.458169,5,0.044781,95.745787,271309.066042,444.651086,271753.717128
0.6,25,proposed_d0.0,2903,60.756194,176,0.434723,103.942250,176375.231742,19495.755846,195870.987588
0.6,25,proposed_d0.25,2903,66.857864,154,0.388908,106.134374,194088.379618,17583.744862,211672.124480
0.6,25,proposed_d1.0,2903,71.432797,151,0.347227,106.365916,207369.410818,17259.266741,224628.677559
0.6,25,lowest_rtt_w10,2903,57.561527,648,0.275921,76.734117,167101.113301,34255.338002,201356.451303
0.6,25,lowest_rtt_w20,2903,65.739663,460,0.168446,76.651301,190842.240975,23507.315502,214349.556477
0.6,25,lowest_rtt_w50,2903,72.625180,243,0.071994,76.104268,210830.896933,14407.694172,225238.591105
0.6,25,lowest_rtt_w100,2903,78.095913,131,0.059249,80.888479,226712.435656,6515.947349,233228.383005
0.6,25,oracle_a1,2903,19.761212,1013,0.549432,39.419570,57366.797585,30296.035173,87662.832758
0.6,26,static,3057,108.590313,0,0.052666,112.516086,331960.585684,0.000000,331960.585684
0.6,26,nearest,3057,111.012137,4,0.037946,113.311833,339364.101498,430.321639,339794.423137
0.6,26,proposed_d0.0,3057,63.646467,195,0.433759,108.869583,194567.248920,21630.004527,216197.253447
0.6,26,proposed_d0.25,3057,67.958896,158,0.397776,109.525446,207750.345260,17594.731832,225345.077092
0.6,26,proposed_d1.0,3057,72.009702,155,0.355904,108.694596,220133.659658,17103.385345,237237.045003
0.6,26,lowest_rtt_w10,3057,61.428054,677,0.233235,77.504932,187785.560504,40317.434643,228102.995147
0.6,26,lowest_rtt_w20,3057,67.640859,459,0.154400,77.626346,206778.105281,25151.477057,231929.582338
0.6,26,lowest_rtt_w50,3057,80.999371,239,0.061171,84.146717,247615.076494,13785.327575,261400.404069
0.6,26,lowest_rtt_w100,3057,87.379393,182,0.061498,90.974139,267118.804700,10673.470199,277792.274899
0.6,26,oracle_a1,3057,19.731692,1170,0.519791,36.924920,60319.782409,32020.603602,92340.386011
0.6,27,static,2968,103.958042,0,0.044137,106.666010,308547.469579,0.000000,308547.469579
0.6,27,nearest,2968,103.562676,18,0.059299,107.964908,307374.021845,1726.305104,309100.326949
0.6,27,proposed_d0.0,2968,64.279192,197,0.411725,105.867493,190780.643220,21513.978512,212294.621732
0.6,27,proposed_d0.25,2968,69.126038,167,0.369272,106.426326,205166.081365,18150.218833,223316.300198
0.6,27,proposed_d1.0,2968,74.704920,158,0.326482,107.948076,221724.203199,17728.367924,239452.571123
0.6,27,lowest_rtt_w10,2968,60.581254,678,0.244272,77.516345,179805.161215,37159.420840,216964.582055
0.6,27,lowest_rtt_w20,2968,66.813696,458,0.153976,76.609737,198303.048765,29608.859124,227911.907889
0.6,27,lowest_rtt_w50,2968,74.504511,273,0.061321,77.240986,221129.387758,21018.247666,242147.635424
0.6,27,lowest_rtt_w100,2968,79.695592,134,0.070418,83.581195,236536.517406,9506.111968,246042.629374
0.6,27,oracle_a1,2968,20.885729,1079,0.534367,40.559221,61988.842849,31980.637898,93969.480747
0.6,28,static,3014,115.706178,0,0.042800,118.790441,348738.420950,0.000000,348738.420950
0.6,28,nearest,3014,110.505687,14,0.056072,114.951192,333064.141424,1368.413416,334432.554840
0.6,28,proposed_d0.0,3014,62.426166,186,0.429662,105.947914,188152.463329,20832.632546,208985.095875
0.6,28,proposed_d0.25,3014,67.444934,159,0.387193,106.795361,203279.031048,17881.892762,221160.923810
0.6,28,proposed_d1.0,3014,72.821839,153,0.341407,107.535024,219485.022858,17214.399821,236699.422679
0.6,28,lowest_rtt_w10,3014,55.202262,614,0.221632,68.351073,166379.616991,31398.879446,197778.496437
0.6,28,lowest_rtt_w20,3014,61.180552,433,0.134373,68.367261,184398.182740,22579.176795,206977.359535
0.6,28,lowest_rtt_w50,3014,64.199229,196,0.059390,66.126446,193496.475164,13472.868633,206969.343797
0.6,28,lowest_rtt_w100,3014,68.739839,129,0.048109,70.112888,207181.876101,9917.573537,217099.449638
0.6,28,oracle_a1,3014,18.227160,1157,0.519244,33.753388,54936.658960,28243.142259,83179.801219
0.6,29,static,3063,95.493994,0,0.049951,98.409657,292498.102930,0.000000,292498.102930
0.6,29,nearest,3063,93.527970,4,0.063337,97.717035,286476.173322,352.543663,286828.716985
0.6,29,proposed_d0.0,3063,58.846791,192,0.433562,100.358341,180247.720863,19722.783176,199970.504039
0.6,29,proposed_d0.25,3063,62.865750,165,0.392099,100.124486,192557.792169,16573.621609,209131.413778
0.6,29,proposed_d1.0,3063,67.929005,159,0.345087,100.668267,208066.543709,15996.072024,224062.615733
0.6,29,lowest_rtt_w10,3063,56.733754,679,0.237349,71.767760,173775.487836,36557.071919,210332.559755
0.6,29,lowest_rtt_w20,3063,62.116293,487,0.148547,70.604373,190262.204600,24849.060149,215111.264749
0.6,29,lowest_rtt_w50,3063,68.332238,225,0.082272,72.278778,209301.644611,15321.513814,224623.158425
0.6,29,lowest_rtt_w100,3063,77.396397,111,0.041789,78.684554,237065.164784,7350.028099,244415.192883
0.6,29,oracle_a1,3063,18.961362,1133,0.503754,34.179376,58078.650800,27757.116155,85835.766955
0.6,30,static,2933,103.673914,0,0.042278,106.162189,304075.589734,0.000000,304075.589734
0.6,30,nearest,2933,98.300901,12,0.056256,102.041381,288316.542671,1199.928233,289516.470904
0.6,30,proposed_d0.0,2933,66.565989,197,0.426867,112.654400,195238.047169,23135.167415,218373.214584
0.6,30,proposed_d0.25,2933,72.801640,162,0.378111,113.849348,213527.209949,19535.467984,233062.677933
0.6,30,proposed_d1.0,2933,77.893701,157,0.336175,114.327799,228462.224479,19256.161975,247718.386454
0.6,30,lowest_rtt_w10,2933,62.318131,600,0.255711,81.041264,182779.078757,36277.266689,219056.345446
0.6,30,lowest_rtt_w20,2933,69.706061,407,0.148312,79.496348,204447.876937,25327.499031,229775.375968
0.6,30,lowest_rtt_w50,2933,74.023827,194,0.054552,76.179548,217111.885265,18168.337288,235280.222553
0.6,30,lowest_rtt_w100,2933,83.385096,142,0.082168,88.671057,244568.486107,12327.330673,256895.816780
0.6,30,oracle_a1,2933,22.561672,985,0.550631,45.756740,66173.383450,34360.493539,100533.876989
0.5,1,static,3072,93.355102,0,0.050456,96.209418,286786.872985,0.000000,286786.872985
0.5,1,nearest,3072,96.235876,25,0.046549,98.836672,295636.612238,4199.591890,299836.204128
0.5,1,proposed_d0.0,3072,63.955193,251,0.348633,95.115618,196470.351859,24257.773716,220728.125575
0.5,1,proposed_d0.25,3072,66.902492,184,0.320312,95.488724,205524.454762,16318.030122,221842.484884
0.5,1,proposed_d1.0,3072,69.331476,166,0.287760,94.534869,212986.294123,14310.614392,227296.908515
0.5,1,lowest_rtt_w10,3072,60.428165,817,0.192708,72.375533,185635.322148,48669.379332,234304.701480
0.5,1,lowest_rtt_w20,3072,62.890589,490,0.155599,72.110983,193199.890651,30667.687534,223867.578185
0.5,1,lowest_rtt_w50,3072,70.380580,284,0.104818,76.387325,216209.142785,18769.950023,234979.092808
0.5,1,lowest_rtt_w100,3072,70.510114,165,0.112630,77.205822,216607.070378,10028.272952,226635.343330
0.5,1,oracle_a1,3072,20.831069,1370,0.441081,33.691929,63993.042771,34403.592367,98396.635138
0.5,2,static,3076,96.641542,0,0.049415,99.561349,297269.383177,0.000000,297269.383177
0.5,2,nearest,3076,89.908167,5,0.045189,92.068614,276557.520639,505.132572,277062.653211
0.5,2,proposed_d0.0,3076,71.316389,251,0.355657,107.576797,219369.211279,28927.251417,248296.462696
0.5,2,proposed_d0.25,3076,74.329410,181,0.322497,106.758765,228637.266272,20053.031549,248690.297821
0.5,2,proposed_d1.0,3076,78.662034,161,0.280884,106.605975,241964.417241,18234.550557,260198.967798
0.5,2,lowest_rtt_w10,3076,67.294059,782,0.165475,78.240952,206996.524735,43010.783427,250007.308162
0.5,2,lowest_rtt_w20,3076,70.831002,562,0.108908,77.243401,217876.162565,31043.467618,248919.630183
0.5,2,lowest_rtt_w50,3076,70.726848,183,0.041938,71.735251,217555.784100,9251.501216,226807.285316
0.5,2,lowest_rtt_w100,3076,71.232755,97,0.053641,73.156975,219111.954865,3589.205432,222701.160297
0.5,2,oracle_a1,3076,22.365212,1341,0.430754,35.775780,68795.391362,36396.856626,105192.247988
0.5,3,static,2993,95.118904,0,0.046442,97.654128,284690.880077,0.000000,284690.880077
0.5,3,nearest,2993,89.710221,5,0.060474,93.355864,268502.690818,366.621124,268869.311942
0.5,3,proposed_d0.0,2993,70.809832,285,0.335115,103.491371,211933.827706,29455.072743,241388.900449
0.5,3,proposed_d0.25,2993,74.015459,200,0.304711,103.576294,221528.268812,21272.231131,242800.499943
0.5,3,proposed_d1.0,2993,77.202894,176,0.272636,103.391026,231068.262928,18682.161798,249750.424726
0.5,3,lowest_rtt_w10,2993,69.308518,835,0.182092,82.293462,207440.394675,56879.053782,264319.448457
0.5,3,lowest_rtt_w20,2993,73.475960,560,0.137655,82.885529,219913.549110,37908.323951,257821.873061
0.5,3,lowest_rtt_w50,2993,81.887018,303,0.086869,87.486953,245087.843847,23344.434103,268432.277950
0.5,3,lowest_rtt_w100,2993,85.681782,243,0.069161,89.899344,256445.573104,17784.128889,274229.701993
0.5,3,oracle_a1,2993,23.207613,1266,0.442700,38.054189,69460.386950,35745.717869,105206.104819
0.5,4,static,2947,102.519662,0,0.053275,106.176145,302125.443395,0.000000,302125.443395
0.5,4,nearest,2947,98.951194,4,0.048185,101.859240,291609.168897,350.263260,291959.432157
0.5,4,proposed_d0.0,2947,69.526025,238,0.342721,102.735774,204893.194896,24881.418873,229774.613769
0.5,4,proposed_d0.25,2947,73.240247,186,0.309128,103.116409,215839.008761,19752.618555,235591.627316
0.5,4,proposed_d1.0,2947,76.970376,164,0.279946,104.117671,226831.697327,17761.556189,244593.253516
0.5,4,lowest_rtt_w10,2947,69.424815,832,0.167289,80.970225,204594.931037,53639.320874,258234.251911
0.5,4,lowest_rtt_w20,2947,74.590930,584,0.122158,82.692490,219819.471817,37182.915928,257002.387745
0.5,4,lowest_rtt_w50,2947,83.688501,324,0.058364,86.751717,246630.013302,21220.903517,267850.916819
0.5,4,lowest_rtt_w100,2947,88.225335,214,0.045131,90.300662,260000.062247,16692.286461,276692.348708
0.5,4,oracle_a1,2947,20.601896,1384,0.428571,32.553318,60713.787685,34749.330419,95463.118104
0.5,5,static,2961,100.040690,0,0.060790,104.386365,296220.481928,0.000000,296220.481928
0.5,5,nearest,2961,100.509209,6,0.050659,103.765837,297607.768949,393.231552,298001.000501
0.5,5,proposed_d0.0,2961,72.377808,283,0.330969,105.193685,214310.689896,30272.232279,244582.922175
0.5,5,proposed_d0.25,2961,75.883106,203,0.298886,105.379517,224689.876358,22379.433567,247069.309925
0.5,5,proposed_d1.0,2961,79.171414,175,0.265789,105.107891,234426.555377,19566.965126,253993.520503
0.5,5,lowest_rtt_w10,2961,67.479187,803,0.156028,77.584583,199805.874153,48907.841217,248713.715370
0.5,5,lowest_rtt_w20,2961,71.091658,518,0.117866,78.323277,210502.399176,31347.697654,241850.096830
0.5,5,lowest_rtt_w50,2961,76.167462,266,0.067545,79.539969,225531.853749,17653.793147,243185.646896
0.5,5,lowest_rtt_w100,2961,79.202013,177,0.059777,82.110331,234517.161805,13707.434217,248224.596022
0.5,5,oracle_a1,2961,22.902751,1215,0.442418,37.488217,67815.045787,35031.432608,102846.478395
0.5,6,static,2952,101.787990,0,0.047764,104.793364,300478.145917,0.000000,300478.145917
0.5,6,nearest,2952,107.586488,4,0.051152,111.278584,317595.312577,295.281344,317890.593921
0.5,6,proposed_d0.0,2952,68.778697,275,0.345528,102.034530,203034.712259,26822.817107,229857.529366
0.5,6,proposed_d0.25,2952,72.373771,190,0.305217,101.288821,213647.371961,19298.386560,232945.758521
0.5,6,proposed_d1.0,2952,76.047522,176,0.269309,101.339029,224492.284523,17440.949477,241933.234000
0.5,6,lowest_rtt_w10,2952,66.095988,725,0.155827,75.927510,195115.355510,49456.413509,244571.769019
0.5,6,lowest_rtt_w20,2952,69.022273,461,0.109756,75.285293,203753.749491,32297.979141,236051.728632
0.5,6,lowest_rtt_w50,2952,74.333567,246,0.058266,76.808881,219432.689402,19507.238775,238939.928177
0.5,6,lowest_rtt_w100,2952,76.928550,178,0.039295,77.993329,227093.080616,17853.471557,244946.552173
0.5,6,oracle_a1,2952,20.900020,1211,0.421070,32.646495,61696.860074,32965.445386,94662.305460
0.5,7,static,2971,113.697638,0,0.054864,118.181511,337795.683310,0.000000,337795.683310
0.5,7,nearest,2971,107.400078,5,0.060586,112.197647,319085.632762,470.237830,319555.870592
0.5,7,proposed_d0.0,2971,73.789860,257,0.345338,109.659472,219229.673280,26815.942473,246045.615753
0.5,7,proposed_d0.25,2971,77.459791,192,0.314036,110.005417,230133.039943,21089.422039,251222.461982
0.5,7,proposed_d1.0,2971,80.663996,177,0.273645,108.299691,239652.732475,19156.538908,258809.271383
0.5,7,lowest_rtt_w10,2971,71.658240,773,0.198250,86.882716,212896.630149,48243.212061,261139.842210
0.5,7,lowest_rtt_w20,2971,77.711411,510,0.148098,88.873411,230880.602972,33344.857925,264225.460897
0.5,7,lowest_rtt_w50,2971,88.932463,294,0.075732,94.055480,264218.348500,23618.615190,287836.963690
0.5,7,lowest_rtt_w100,2971,90.973264,236,0.080108,96.721393,270281.567019,18306.014397,288587.581416
0.5,7,oracle_a1,2971,27.245172,1180,0.467519,47.410496,80945.405053,40437.526998,121382.932051
0.5,8,static,2983,93.723817,0,0.053973,96.956821,279578.147540,0.000000,279578.147540
0.5,8,nearest,2983,97.046855,5,0.050620,100.114678,289490.767306,463.236040,289954.003346
0.5,8,proposed_d0.0,2983,66.434422,255,0.350654,99.229675,198173.880767,23558.340871,221732.221638
0.5,8,proposed_d0.25,2983,69.912829,186,0.319142,99.745923,208549.969588,17338.524045,225888.493633
0.5,8,proposed_d1.0,2983,72.361895,163,0.289977,99.097985,215855.532445,15398.596556,231254.129001
0.5,8,lowest_rtt_w10,2983,64.982310,768,0.171304,76.001712,193842.230954,48784.268762,242626.499716
0.5,8,lowest_rtt_w20,2983,66.766102,502,0.134764,74.853654,199163.282179,30777.025141,229940.307320
0.5,8,lowest_rtt_w50,2983,73.586638,276,0.060677,76.210900,219508.942379,18756.657516,238265.599895
0.5,8,lowest_rtt_w100,2983,71.804837,146,0.061683,74.393651,214193.829072,10994.505490,225188.334562
0.5,8,oracle_a1,2983,22.075017,1251,0.427422,35.060759,65849.776556,33551.662209,99401.438765
0.5,9,static,2932,94.678858,0,0.058322,98.418838,277598.411733,0.000000,277598.411733
0.5,9,nearest,2932,108.209122,5,0.045362,111.255858,317269.146042,440.799752,317709.945794
0.5,9,proposed_d0.0,2932,68.451015,248,0.341746,100.950455,200698.377323,26643.570495,227341.947818
0.5,9,proposed_d0.25,2932,71.079446,187,0.305593,99.479831,208404.935748,18301.757320,226706.693068
0.5,9,proposed_d1.0,2932,73.500827,169,0.273874,98.468964,215504.423421,16076.963315,231581.386736
0.5,9,lowest_rtt_w10,2932,66.185008,733,0.186221,78.872775,194054.442202,45466.987165,239521.429367
0.5,9,lowest_rtt_w20,2932,69.178277,477,0.136426,77.790959,202830.709084,30254.706574,233085.415658
0.5,9,lowest_rtt_w50,2932,79.106058,289,0.061392,82.149332,231938.962431,19696.930135,251635.892566
0.5,9,lowest_rtt_w100,2932,80.868830,230,0.069577,84.766646,237107.409758,15367.996094,252475.405852
0.5,9,oracle_a1,2932,22.835561,1214,0.451910,38.014851,66953.865679,34706.257942,101660.123621
0.5,10,static,3006,104.179244,0,0.043580,106.835063,313162.807218,0.000000,313162.807218
0.5,10,nearest,3006,87.281117,5,0.051231,89.886058,262367.037261,428.686323,262795.723584
0.5,10,proposed_d0.0,3006,68.522824,268,0.349967,102.337568,205979.608400,27449.035688,233428.644088
0.5,10,proposed_d0.25,3006,72.423628,186,0.312708,102.465356,217705.425153,18833.764786,236539.189939
0.5,10,proposed_d1.0,3006,76.357407,166,0.276447,102.767065,229530.366492,17112.348499,246642.714991
0.5,10,lowest_rtt_w10,3006,63.295099,739,0.182967,75.021607,190265.066840,40746.953695,231012.020535
0.5,10,lowest_rtt_w20,3006,66.573766,448,0.132735,74.456747,200120.739319,24613.567934,224734.307253
0.5,10,lowest_rtt_w50,3006,69.524986,205,0.059215,71.775144,208992.107314,12050.060382,221042.167696
0.5,10,lowest_rtt_w100,3006,68.529524,133,0.067864,71.373215,205999.748295,7331.301606,213331.049901
0.5,10,oracle_a1,3006,24.280715,1064,0.463739,41.548281,72987.829345,34365.274275,107353.103620
0.5,11,static,3002,103.791187,0,0.049300,107.069777,311581.143032,0.000000,311581.143032
0.5,11,nearest,3002,101.476429,39,0.045969,104.269636,304632.238891,5006.591899,309638.830790
0.5,11,proposed_d0.0,3002,71.637851,273,0.347102,106.659607,215056.829919,30463.697550,245520.527469
0.5,11,proposed_d0.25,3002,75.047578,196,0.319787,107.389241,225292.830125,22637.360944,247930.191069
0.5,11,proposed_d1.0,3002,78.870743,170,0.283478,107.283110,236769.969785,19400.343506,256170.313291
0.5,11,lowest_rtt_w10,3002,67.403372,787,0.171219,78.915162,202344.922732,48764.270077,251109.192809
0.5,11,lowest_rtt_w20,3002,71.310881,516,0.123584,79.084480,214075.265861,32264.806402,246340.072263
0.5,11,lowest_rtt_w50,3002,78.401655,269,0.046636,80.138982,235361.767218,20093.516933,255455.284151
0.5,11,lowest_rtt_w100,3002,82.843246,198,0.067955,86.737465,248695.425807,13598.614808,262294.040615
0.5,11,oracle_a1,3002,21.754507,1260,0.437375,35.111327,65307.031069,37100.704617,102407.735686
0.5,12,static,3026,98.436913,0,0.054858,102.034300,297870.097945,0.000000,297870.097945
0.5,12,nearest,3026,112.099609,5,0.048909,115.761438,339213.417737,705.318650,339918.736387
0.5,12,proposed_d0.0,3026,68.774874,245,0.353602,103.303051,208112.768361,25949.753506,234062.521867
0.5,12,proposed_d0.25,3026,72.827836,189,0.311963,102.941898,220377.030649,19726.296735,240103.327384
0.5,12,proposed_d1.0,3026,76.505987,170,0.276933,103.041644,231507.117516,17354.473551,248861.591067
0.5,12,lowest_rtt_w10,3026,62.314027,744,0.164574,72.195508,188562.244368,40954.983103,229517.227471
0.5,12,lowest_rtt_w20,3026,64.943787,473,0.137475,72.976206,196519.898392,24221.452636,220741.351028
0.5,12,lowest_rtt_w50,3026,71.066102,234,0.087574,75.695047,215046.025373,14263.953576,229309.978949
0.5,12,lowest_rtt_w100,3026,75.016129,188,0.078321,79.220798,226998.805037,12049.194436,239047.999473
0.5,12,oracle_a1,3026,21.056252,1332,0.397224,31.614155,63716.218114,31961.782030,95678.000144
0.5,13,static,3014,96.969982,0,0.055076,100.505451,292267.525752,0.000000,292267.525752
0.5,13,nearest,3014,101.073239,23,0.044127,103.646908,304634.743030,3206.880352,307841.623382
0.5,13,proposed_d0.0,3014,67.796004,271,0.349701,101.178140,204337.154666,27592.238274,231929.392940
0.5,13,proposed_d0.25,3014,71.036245,188,0.318514,101.302455,214103.242423,18870.554935,232973.797358
0.5,13,proposed_d1.0,3014,74.140492,171,0.288653,101.413920,223459.444019,16815.440471,240274.884490
0.5,13,lowest_rtt_w10,3014,66.776988,841,0.164565,77.536872,201265.842628,48292.852815,249558.695443
0.5,13,lowest_rtt_w20,3014,69.896485,572,0.123424,77.456474,210668.004634,32131.940915,242799.945549
0.5,13,lowest_rtt_w50,3014,77.760320,325,0.066689,81.173695,234369.604972,19675.597983,254045.202955
0.5,13,lowest_rtt_w100,3014,80.689149,242,0.061048,83.805334,243197.096037,16274.856916,259471.952953
0.5,13,oracle_a1,3014,21.197538,1297,0.460186,35.563233,63889.379694,34401.303355,98290.683049
0.5,14,static,3050,104.330784,0,0.047541,107.438517,318208.891978,0.000000,318208.891978
0.5,14,nearest,3050,110.425541,5,0.051475,114.309678,336797.898667,534.284486,337332.183153
0.5,14,proposed_d0.0,3050,74.788450,250,0.344590,111.057915,228104.772310,28605.932764,256710.705074
0.5,14,proposed_d0.25,3050,77.755695,189,0.312131,110.131015,237154.868817,20385.712366,257540.581183
0.5,14,proposed_d1.0,3050,80.670727,165,0.280984,109.414371,246045.715971,17412.912460,263458.628431
0.5,14,lowest_rtt_w10,3050,73.224013,784,0.193770,88.342106,223333.239761,56107.511625,279440.751386
0.5,14,lowest_rtt_w20,3050,78.419768,551,0.155410,90.481480,239180.292963,36983.038158,276163.331121
0.5,14,lowest_rtt_w50,3050,89.188972,362,0.076721,94.434078,272026.364116,28173.705478,300200.069594
0.5,14,lowest_rtt_w100,3050,88.578173,244,0.071475,93.242736,270163.427375,22158.528144,292321.955519
0.5,14,oracle_a1,3050,25.462298,1392,0.432131,41.316403,77660.009720,42701.677162,120361.686882
0.5,15,static,3022,102.245437,0,0.056254,106.220796,308985.709130,0.000000,308985.709130
0.5,15,nearest,3022,110.749459,4,0.049967,114.469128,334684.866213,590.155156,335275.021369
0.5,15,proposed_d0.0,3022,72.691348,296,0.336201,106.495142,219673.254212,32023.899156,251697.153368
0.5,15,proposed_d0.25,3022,75.990062,207,0.304103,106.323333,229641.968598,21515.426317,251157.394915
0.5,15,proposed_d1.0,3022,79.300681,179,0.272005,106.183026,239646.657894,18053.247163,257699.905057
0.5,15,lowest_rtt_w10,3022,68.950800,809,0.166115,80.287824,208369.316755,48891.490284,257260.807039
0.5,15,lowest_rtt_w20,3022,71.280171,528,0.128061,79.455285,215408.675271,31907.701612,247316.376883
0.5,15,lowest_rtt_w50,3022,75.002068,246,0.076770,79.072490,226656.248157,18833.706674,245489.954831
0.5,15,lowest_rtt_w100,3022,74.616502,129,0.075778,78.570379,225491.069653,8935.826595,234426.896248
0.5,15,oracle_a1,3022,23.851664,1226,0.459298,40.413543,72079.729224,35893.835526,107973.564750
0.5,16,static,3097,90.737966,0,0.056506,94.052526,281015.481245,0.000000,281015.481245
0.5,16,nearest,3097,97.254608,5,0.047142,99.967306,301197.521231,504.173724,301701.694955
0.5,16,proposed_d0.0,3097,65.421372,236,0.367452,100.263394,202609.988804,23246.617274,225856.606078
0.5,16,proposed_d0.25,3097,69.078196,172,0.328382,99.875563,213935.171767,16930.176587,230865.348354
0.5,16,proposed_d1.0,3097,72.175551,159,0.292541,99.193830,223527.681750,15051.888243,238579.569993
0.5,16,lowest_rtt_w10,3097,62.514473,768,0.194382,75.115560,193607.321942,48862.366082,242469.688024
0.5,16,lowest_rtt_w20,3097,65.575675,487,0.147885,74.609271,203087.865990,30286.845179,233374.711169
0.5,16,lowest_rtt_w50,3097,72.776592,249,0.099128,78.564554,225389.105830,15748.442215,241137.548045
0.5,16,lowest_rtt_w100,3097,78.306013,168,0.071359,82.169583,242513.722139,12278.278017,254792.000156
0.5,16,oracle_a1,3097,20.517080,1289,0.465612,34.650996,63541.398265,34688.084488,98229.482753
0.5,17,static,2945,113.673252,0,0.048557,117.372494,334767.727862,0.000000,334767.727862
0.5,17,nearest,2945,90.970655,4,0.041766,92.848539,267908.578033,392.637675,268301.215708
0.5,17,proposed_d0.0,2945,68.630646,263,0.348048,102.201694,202117.252551,27123.495080,229240.747631
0.5,17,proposed_d0.25,2945,72.573345,188,0.312394,102.636297,213728.501814,21026.936572,234755.438386
0.5,17,proposed_d1.0,2945,75.667539,161,0.285569,103.113547,222840.902017,18294.418353,241135.320370
0.5,17,lowest_rtt_w10,2945,61.764669,734,0.151783,70.459147,181896.950412,39097.105412,220994.055824
0.5,17,lowest_rtt_w20,2945,66.127565,456,0.107301,71.835557,194745.679880,22287.867301,217033.547181
0.5,17,lowest_rtt_w50,2945,67.364629,244,0.044482,68.407546,198388.833275,13297.229325,211686.062600
0.5,17,lowest_rtt_w100,2945,67.233045,105,0.064856,69.757196,198001.316888,4658.290515,202659.607403
0.5,17,oracle_a1,2945,21.987728,1218,0.445840,36.068542,64753.860070,31725.692729,96479.552799
0.5,18,static,3040,102.630700,0,0.059539,107.001514,311997.327679,0.000000,311997.327679
0.5,18,nearest,3040,101.532190,40,0.051316,104.916040,308657.858674,6346.862802,315004.721476
0.5,18,proposed_d0.0,3040,71.249312,262,0.348026,106.214888,216597.908211,29726.221555,246324.129766
0.5,18,proposed_d0.25,3040,75.629110,193,0.311842,106.994501,229912.495225,21998.916828,251911.412053
0.5,18,proposed_d1.0,3040,79.885570,170,0.276316,107.623697,242852.133854,19365.191193,262217.325047
0.5,18,lowest_rtt_w10,3040,65.826433,786,0.167763,76.692631,200112.355445,48425.211878,248537.567323
0.5,18,lowest_rtt_w20,3040,71.596782,560,0.120395,79.122744,217654.216268,30991.617151,248645.833419
0.5,18,lowest_rtt_w50,3040,78.698541,285,0.055592,81.213363,239243.565261,17565.245647,256808.810908
0.5,18,lowest_rtt_w100,3040,79.951772,188,0.060197,82.944833,243053.387907,11109.233325,254162.621232
0.5,18,oracle_a1,3040,20.401259,1351,0.428618,32.204852,62019.827539,33341.727544,95361.555083
0.5,19,static,2979,109.007434,0,0.043303,111.850928,324733.144968,0.000000,324733.144968
0.5,19,nearest,2979,102.718979,16,0.042967,105.240911,305999.838051,686.408051,306686.246102
0.5,19,proposed_d0.0,2979,73.030113,222,0.362538,111.426386,217556.706987,25923.256005,243479.962992
0.5,19,proposed_d0.25,2979,77.737933,180,0.327627,112.642687,231581.301714,21946.186912,253527.488626
0.5,19,proposed_d1.0,2979,82.145319,164,0.294058,113.529674,244710.904988,20662.727249,265373.632237
0.5,19,lowest_rtt_w10,2979,65.624489,755,0.169184,76.580748,195495.351261,40155.262620,235650.613881
0.5,19,lowest_rtt_w20,2979,69.016680,422,0.108761,75.194987,205600.689711,23646.820797,229247.510508
0.5,19,lowest_rtt_w50,2979,72.379779,202,0.057066,74.639146,215619.362459,11752.230630,227371.593089
0.5,19,lowest_rtt_w100,2979,72.454610,97,0.063780,75.254314,215842.281937,4111.084889,219953.366826
0.5,19,oracle_a1,2979,20.737612,1349,0.413226,31.933264,61777.345685,30867.017248,92644.362933
0.5,20,static,3045,105.131286,0,0.048933,108.437420,320124.767265,0.000000,320124.767265
0.5,20,nearest,3045,103.600630,33,0.057471,107.795790,315463.918494,2949.911125,318413.829619
0.5,20,proposed_d0.0,3045,71.184605,264,0.345813,105.756588,216757.122424,27720.444349,244477.566773
0.5,20,proposed_d0.25,3045,74.322453,181,0.317898,106.028825,226311.869999,19259.881531,245571.751530
0.5,20,proposed_d1.0,3045,78.368839,172,0.279475,105.990481,238633.115341,18230.832218,256863.947559
0.5,20,lowest_rtt_w10,3045,69.751930,798,0.172414,81.866916,212394.627153,53532.608210,265927.235363
0.5,20,lowest_rtt_w20,3045,74.645412,600,0.119212,82.477733,227295.280190,41953.770549,269249.050739
0.5,20,lowest_rtt_w50,3045,81.293507,311,0.062726,84.600116,247538.730223,25985.073809,273523.804032
0.5,20,lowest_rtt_w100,3045,80.497946,157,0.046634,82.337666,245116.244576,13572.181072,258688.425648
0.5,20,oracle_a1,3045,23.197817,1222,0.467652,39.819465,70637.352337,38461.124374,109098.476711
0.5,21,static,3058,110.998818,0,0.057227,115.615118,339434.384723,0.000000,339434.384723
0.5,21,nearest,3058,98.842470,22,0.047090,101.628097,302260.274504,1493.935382,303754.209886
0.5,21,proposed_d0.0,3058,72.189307,265,0.357750,109.286610,220754.902329,29117.766360,249872.668689
0.5,21,proposed_d0.25,3058,76.655378,201,0.320471,109.863400,234412.145900,22844.843938,257256.989838
0.5,21,proposed_d1.0,3058,81.412151,180,0.278940,110.132588,248958.356538,20334.901169,269293.257707
0.5,21,lowest_rtt_w10,3058,67.067113,775,0.177567,79.115400,205091.231284,45028.572247,250119.803531
0.5,21,lowest_rtt_w20,3058,73.388741,525,0.117397,80.884316,224422.769708,30010.392140,254433.161848
0.5,21,lowest_rtt_w50,3058,79.419301,287,0.074886,83.686186,242864.221586,19088.943846,261953.165432
0.5,21,lowest_rtt_w100,3058,84.201016,229,0.068345,88.231207,257486.707585,15849.174904,273335.882489
0.5,21,oracle_a1,3058,22.878854,1240,0.461086,38.742436,69963.534943,36200.016649,106163.551592
0.5,22,static,3009,98.596679,0,0.050183,101.700283,296677.407885,0.000000,296677.407885
0.5,22,nearest,3009,97.655359,6,0.052177,100.921099,293844.975476,591.783727,294436.759203
0.5,22,proposed_d0.0,3009,72.436139,273,0.345297,107.584945,217960.341796,30232.259967,248192.601763
0.5,22,proposed_d0.25,3009,76.340373,203,0.309737,107.698691,229708.181596,21591.706801,251299.888397
0.5,22,proposed_d1.0,3009,79.500615,172,0.275174,106.923132,239217.349844,18181.453805,257398.803649
0.5,22,lowest_rtt_w10,3009,68.172089,789,0.150548,77.899771,205129.815899,47298.034069,252427.849968
0.5,22,lowest_rtt_w20,3009,71.370359,476,0.104354,77.452843,214753.410822,24960.436801,239713.847623
0.5,22,lowest_rtt_w50,3009,80.230193,244,0.062812,83.473281,241412.651863,17223.116440,258635.768303
0.5,22,lowest_rtt_w100,3009,87.565048,201,0.061482,91.170407,263483.229872,14568.653144,278051.883016
0.5,22,oracle_a1,3009,21.393348,1432,0.422067,33.556403,64372.585004,36178.378589,100550.963593
0.5,23,static,3060,102.456372,0,0.044771,105.164728,313516.499495,0.000000,313516.499495
0.5,23,nearest,3060,93.624757,5,0.055556,97.014449,286491.757800,496.613844,286988.371644
0.5,23,proposed_d0.0,3060,67.956633,240,0.353595,102.036045,207947.296211,24198.659745,232145.955956
0.5,23,proposed_d0.25,3060,70.900635,181,0.321242,101.509843,216955.943055,18656.899096,235612.842151
0.5,23,proposed_d1.0,3060,74.043415,162,0.284641,100.709388,226572.851165,16345.301120,242918.152285
0.5,23,lowest_rtt_w10,3060,64.434467,752,0.168627,75.098061,197169.468128,46421.133896,243590.602024
0.5,23,lowest_rtt_w20,3060,68.010822,516,0.111111,74.262175,208113.115527,30996.157390,239109.272917
0.5,23,lowest_rtt_w50,3060,74.804961,271,0.079085,79.057197,228903.182040,16619.047882,245522.229922
0.5,23,lowest_rtt_w100,3060,76.694586,166,0.068954,80.226548,234685.434643,10767.971910,245453.406553
0.5,23,oracle_a1,3060,21.820376,1232,0.454902,36.361122,66770.351951,36215.373745,102985.725696
0.5,24,static,2894,99.411429,0,0.041120,101.588712,287696.676844,0.000000,287696.676844
0.5,24,nearest,2894,96.279171,44,0.038355,98.039497,278631.919868,2513.103998,281145.023866
0.5,24,proposed_d0.0,2894,69.765634,227,0.354527,104.985945,201901.744566,24430.896788,226332.641354
0.5,24,proposed_d0.25,2894,74.155047,184,0.316517,105.569619,214604.706148,20126.831981,234731.538129
0.5,24,proposed_d1.0,2894,77.681706,163,0.282654,105.502339,224810.856507,17784.601047,242595.457554
0.5,24,lowest_rtt_w10,2894,67.838435,731,0.210781,83.422255,196324.430075,43381.806848,239706.236923
0.5,24,lowest_rtt_w20,2894,74.488112,529,0.135798,83.878687,215568.597230,30613.945559,246182.542789
0.5,24,lowest_rtt_w50,2894,80.543336,280,0.090187,86.329060,233092.415554,20916.312791,254008.728345
0.5,24,lowest_rtt_w100,2894,86.056470,236,0.075674,90.938102,249047.423394,18571.513836,267618.937230
0.5,24,oracle_a1,2894,23.897013,1125,0.475466,41.745689,69157.955308,35916.595898,105074.551206
0.5,25,static,2903,98.751146,0,0.041681,100.959230,286674.577438,0.000000,286674.577438
0.5,25,nearest,2903,92.110637,5,0.044781,94.335081,267397.180406,444.651086,267841.831492
0.5,25,proposed_d0.0,2903,70.633657,260,0.340338,104.043606,205049.505483,27605.908327,232655.413810
0.5,25,proposed_d0.25,2903,73.734057,185,0.310713,104.069949,214049.968697,20333.838144,234383.806841
0.5,25,proposed_d1.0,2903,77.894470,167,0.275921,104.815246,226127.647438,18485.228799,244612.876237
0.5,25,lowest_rtt_w10,2903,67.176839,810,0.152256,76.882716,195014.363205,50380.920556,245395.283761
0.5,25,lowest_rtt_w20,2903,70.455536,552,0.101619,76.198781,204532.422038,32208.770772,236741.192810
0.5,25,lowest_rtt_w50,2903,75.097436,260,0.059594,77.729618,218007.856566,14777.253460,232785.110026
0.5,25,lowest_rtt_w100,2903,80.429884,213,0.056149,83.095604,233487.954544,11448.316708,244936.271252
0.5,25,oracle_a1,2903,22.082568,1205,0.452635,36.689550,64105.694373,36007.130060,100112.824433
0.5,26,static,3057,108.747307,0,0.049395,112.294053,332440.518025,0.000000,332440.518025
0.5,26,nearest,3057,111.794512,4,0.039581,114.319422,341755.823271,430.321639,342186.144910
0.5,26,proposed_d0.0,3057,74.269239,274,0.346091,110.518791,227041.062966,30653.832869,257694.895835
0.5,26,proposed_d0.25,3057,78.125607,189,0.311089,110.501415,238829.979791,20256.072886,259086.052677
0.5,26,proposed_d1.0,3057,81.854225,171,0.273798,109.961426,250228.366444,17781.682264,268010.048708
0.5,26,lowest_rtt_w10,3057,70.004807,746,0.162251,81.175593,214004.694555,48027.359181,262032.053736
0.5,26,lowest_rtt_w20,3057,74.778501,506,0.119398,82.646314,228597.877194,31632.300600,260230.177794
0.5,26,lowest_rtt_w50,3057,86.274376,306,0.050703,88.775592,263740.766595,22808.125961,286548.892556
0.5,26,lowest_rtt_w100,3057,89.300353,185,0.049395,91.836606,272991.178046,12021.650812,285012.828858
0.5,26,oracle_a1,3057,23.034061,1363,0.404645,35.330288,70415.124834,36338.722859,106753.847693
0.5,27,static,2968,103.002929,0,0.042453,105.480891,305712.693374,0.000000,305712.693374
0.5,27,nearest,2968,102.316777,18,0.059636,106.678679,303676.193062,1726.305104,305402.498166
0.5,27,proposed_d0.0,2968,72.320962,277,0.334906,105.730808,214648.614922,28638.886332,243287.501254
0.5,27,proposed_d0.25,2968,76.172038,194,0.305256,106.761691,226078.607735,21588.460153,247667.067888
0.5,27,proposed_d1.0,2968,80.466232,171,0.266846,107.025632,238823.776207,19190.072569,258013.848776
0.5,27,lowest_rtt_w10,2968,68.305952,778,0.157008,78.655502,202732.065880,50718.003266,253450.069146
0.5,27,lowest_rtt_w20,2968,69.955977,501,0.105458,75.967360,207629.339806,32115.520715,239744.860521
0.5,27,lowest_rtt_w50,2968,75.023349,241,0.059299,77.626540,222669.299330,18890.225910,241559.525240
0.5,27,lowest_rtt_w100,2968,79.255702,146,0.075809,83.592753,235230.922681,10592.361928,245823.284609
0.5,27,oracle_a1,2968,23.191439,1244,0.444070,38.118904,68832.191105,35724.376261,104556.567366
0.5,28,static,3014,114.211568,0,0.041473,117.066689,344233.665616,0.000000,344233.665616
0.5,28,nearest,3014,110.197091,14,0.056735,114.704901,332134.032782,1368.413416,333502.446198
0.5,28,proposed_d0.0,3014,71.484199,241,0.346715,106.361288,215453.376811,26805.936205,242259.313016
0.5,28,proposed_d0.25,3014,74.921777,183,0.316191,106.640580,225814.234743,20549.683210,246363.917953
0.5,28,proposed_d1.0,3014,79.366637,168,0.279695,107.408127,239211.044176,18802.272556,258013.316732
0.5,28,lowest_rtt_w10,3014,60.707772,701,0.144326,68.610013,182973.223622,37980.145751,220953.369373
0.5,28,lowest_rtt_w20,3014,64.033096,454,0.097877,68.763424,192995.749909,27214.883124,220210.633033
0.5,28,lowest_rtt_w50,3014,67.041337,240,0.056072,68.904952,202062.588644,16140.934878,218203.523522
0.5,28,lowest_rtt_w100,3014,69.336205,177,0.050100,70.887643,208979.320588,13849.492551,222828.813139
0.5,28,oracle_a1,3014,20.863215,1354,0.424353,32.768721,62881.731260,34003.218433,96884.949693
0.5,29,static,3063,95.144592,0,0.049625,98.008206,291427.886314,0.000000,291427.886314
0.5,29,nearest,3063,93.613806,4,0.056154,97.064368,286739.087083,352.543663,287091.630746
0.5,29,proposed_d0.0,3063,67.215384,241,0.360757,102.019776,205880.722106,24623.125304,230503.847410
0.5,29,proposed_d0.25,3063,70.225625,177,0.328110,101.542804,215101.089991,18520.354839,233621.444830
0.5,29,proposed_d1.0,3063,73.921086,158,0.287627,100.959801,226420.285474,16173.951627,242594.237101
0.5,29,lowest_rtt_w10,3063,63.645508,771,0.172380,74.485282,194946.190231,46214.928629,241161.118860
0.5,29,lowest_rtt_w20,3063,66.816245,486,0.106432,72.536411,204658.157852,27859.604717,232517.762569
0.5,29,lowest_rtt_w50,3063,69.552785,233,0.069213,72.576002,213040.180449,13998.104326,227038.284775
0.5,29,lowest_rtt_w100,3063,77.032798,142,0.037218,77.933354,235951.461616,9602.649225,245554.110841
0.5,29,oracle_a1,3063,20.802722,1271,0.414626,32.120879,63718.736754,30390.233373,94108.970127
0.5,30,static,2933,103.595828,0,0.044323,106.307729,303846.563458,0.000000,303846.563458
0.5,30,nearest,2933,98.348614,12,0.052165,101.651253,288456.484463,1199.928233,289656.412696
0.5,30,proposed_d0.0,2933,75.843706,247,0.346403,112.980485,222449.589130,29282.104962,251731.694092
0.5,30,proposed_d0.25,2933,80.155423,185,0.310263,113.311841,235095.855131,22529.974833,257625.829964
0.5,30,proposed_d1.0,2933,82.892554,172,0.280600,112.444483,243123.859534,20751.287330,263875.146864
0.5,30,lowest_rtt_w10,2933,70.447235,738,0.188203,84.315725,206621.741179,49810.390280,256432.131459
0.5,30,lowest_rtt_w20,2933,74.860395,482,0.112513,82.097403,219565.539206,33747.165460,253312.704666
0.5,30,lowest_rtt_w50,2933,78.642127,217,0.054552,81.064320,230657.359111,18556.023348,249213.382459
0.5,30,lowest_rtt_w100,2933,84.989504,148,0.067508,88.997520,249274.216146,13949.668583,263223.884729
0.5,30,oracle_a1,2933,26.617682,1145,0.455506,45.212062,78069.662591,38805.312958,116874.975549
0.4,1,static,3072,93.707702,0,0.051432,96.680186,287870.061215,0.000000,287870.061215
0.4,1,nearest,3072,95.200314,25,0.046875,97.783936,292455.365939,4199.591890,296654.957829
0.4,1,proposed_d0.0,3072,70.454643,372,0.264974,93.132269,216436.663798,34431.307737,250867.971535
0.4,1,proposed_d0.25,3072,72.818010,225,0.242839,93.530922,223696.925354,20814.920023,244511.845377
0.4,1,proposed_d1.0,3072,74.709468,190,0.221354,93.379384,229507.486301,16974.890541,246482.376842
0.4,1,lowest_rtt_w10,3072,67.558871,847,0.143880,76.576750,207540.852170,52356.968588,259897.820758
0.4,1,lowest_rtt_w20,3072,67.153612,563,0.126302,74.572242,206295.897115,34244.191725,240540.088840
0.4,1,lowest_rtt_w50,3072,71.903287,274,0.090169,76.831090,220886.896602,18644.110329,239531.006931
0.4,1,lowest_rtt_w100,3072,74.139694,194,0.094076,79.631024,227757.141173,12647.434835,240404.576008
0.4,1,oracle_a1,3072,23.049935,1419,0.395182,34.803768,70809.401080,35799.697763,106609.098843
0.4,2,static,3076,96.908050,0,0.051365,100.047005,298089.161914,0.000000,298089.161914
0.4,2,nearest,3076,89.341873,5,0.046814,91.631515,274815.602022,505.132572,275320.734594
0.4,2,proposed_d0.0,3076,78.250513,364,0.276333,105.366837,240698.578097,39042.336931,279740.915028
0.4,2,proposed_d0.25,3076,81.792950,226,0.249675,106.344504,251595.114445,25169.803755,276764.918200
0.4,2,proposed_d1.0,3076,85.275894,189,0.220741,106.865520,262308.650398,21006.756014,283315.406412
0.4,2,lowest_rtt_w10,3076,72.020956,804,0.128739,80.367336,221536.459250,46575.697230,268112.156480
0.4,2,lowest_rtt_w20,3076,74.991803,533,0.090702,80.272716,230674.786300,27142.112056,257816.898356
0.4,2,lowest_rtt_w50,3076,74.879658,253,0.043563,76.199125,230329.827079,15679.677485,246009.504564
0.4,2,lowest_rtt_w100,3076,73.651376,92,0.053316,75.686687,226551.633792,5021.286085,231572.919877
0.4,2,oracle_a1,3076,25.340160,1385,0.356632,36.278086,77946.332208,36604.637346,114550.969554
0.4,3,static,2993,96.628382,0,0.046442,99.237123,289208.748659,0.000000,289208.748659
0.4,3,nearest,2993,91.071693,5,0.052790,94.035830,272577.578068,366.621124,272944.199192
0.4,3,proposed_d0.0,2993,77.850162,404,0.251253,101.302782,233005.534039,41844.244347,274849.778386
0.4,3,proposed_d0.25,2993,79.837517,260,0.231874,101.334358,238953.688746,26976.021177,265929.709923
0.4,3,proposed_d1.0,2993,81.847451,204,0.208821,100.922053,244969.422306,20902.653706,265872.076012
0.4,3,lowest_rtt_w10,2993,75.146336,892,0.136652,84.724065,224912.984674,59619.344880,284532.329554
0.4,3,lowest_rtt_w20,2993,78.681525,608,0.101570,85.350615,235493.804153,42797.842214,278291.646367
0.4,3,lowest_rtt_w50,2993,83.810370,345,0.068827,87.857351,250844.437389,25261.651624,276106.089013
0.4,3,lowest_rtt_w100,2993,88.380562,227,0.059806,91.875274,264523.022260,17660.593385,282183.615645
0.4,3,oracle_a1,2993,25.800442,1350,0.369195,37.730256,77220.723348,37483.870498,114704.593846
0.4,4,static,2947,101.916866,0,0.049881,105.162501,300349.003125,0.000000,300349.003125
0.4,4,nearest,2947,98.457734,4,0.049881,101.521765,290154.940671,350.263260,290505.203931
0.4,4,proposed_d0.0,2947,80.391788,379,0.253139,104.961653,236914.598240,38539.549039,275454.147279
0.4,4,proposed_d0.25,2947,83.792718,238,0.230404,106.280044,246937.139820,24474.487069,271411.626889
0.4,4,proposed_d1.0,2947,86.205472,196,0.209365,106.503659,254047.526419,20587.839179,274635.365598
0.4,4,lowest_rtt_w10,2947,78.484046,973,0.112996,86.227423,231292.483419,72189.019938,303481.503357
0.4,4,lowest_rtt_w20,2947,80.522386,617,0.102138,87.454827,237299.472110,44988.426903,282287.899013
0.4,4,lowest_rtt_w50,2947,88.378976,420,0.060400,91.931687,260452.841994,30427.174451,290880.016445
0.4,4,lowest_rtt_w100,2947,90.690091,273,0.050221,93.379671,267263.698744,23176.531921,290440.230665
0.4,4,oracle_a1,2947,22.300706,1535,0.360706,31.754873,65720.180514,39882.290333,105602.470847
0.4,5,static,2961,102.176180,0,0.056738,106.201814,302543.667534,0.000000,302543.667534
0.4,5,nearest,2961,100.375618,6,0.051672,103.735828,297212.205866,393.231552,297605.437418
0.4,5,proposed_d0.0,2961,79.768313,397,0.251266,103.866475,236193.974879,43296.567197,279490.542076
0.4,5,proposed_d0.25,2961,81.463361,247,0.231678,103.424620,241213.011034,26388.183026,267601.194060
0.4,5,proposed_d1.0,2961,84.544492,191,0.201959,103.433872,250336.239607,20053.392151,270389.631758
0.4,5,lowest_rtt_w10,2961,75.895981,914,0.113475,83.354667,224727.999663,59318.389314,284046.388977
0.4,5,lowest_rtt_w20,2961,75.798243,569,0.093212,81.384208,224438.598838,38584.351740,263022.950578
0.4,5,lowest_rtt_w50,2961,78.873254,255,0.060115,81.790048,233543.704893,18886.298683,252430.003576
0.4,5,lowest_rtt_w100,2961,78.703819,171,0.055387,81.201290,233042.009226,14747.649205,247789.658431
0.4,5,oracle_a1,2961,24.839670,1392,0.370483,36.281257,73550.262194,40848.338659,114398.600853
0.4,6,static,2952,103.362029,0,0.047087,106.370675,305124.708509,0.000000,305124.708509
0.4,6,nearest,2952,108.770765,4,0.050136,112.406312,321091.297796,295.281344,321386.579140
0.4,6,proposed_d0.0,2952,77.684477,397,0.257791,101.971966,229324.576716,40512.846376,269837.423092
0.4,6,proposed_d0.25,2952,78.479213,237,0.239160,100.519429,231670.637132,23793.489327,255464.126459
0.4,6,proposed_d1.0,2952,80.893714,194,0.213753,100.342198,238798.242345,19740.423569,258538.665914
0.4,6,lowest_rtt_w10,2952,73.216825,807,0.108062,79.845070,216136.068322,55481.082443,271617.150765
0.4,6,lowest_rtt_w20,2952,74.332303,505,0.087737,79.288882,219428.958315,38452.933310,257881.891625
0.4,6,lowest_rtt_w50,2952,78.699913,278,0.054878,81.153456,232322.142093,24616.058820,256938.200913
0.4,6,lowest_rtt_w100,2952,79.301744,200,0.046070,81.035067,234098.748765,18862.955048,252961.703813
0.4,6,oracle_a1,2952,23.334025,1331,0.333333,32.001038,68882.043276,35099.950013,103981.993289
0.4,7,static,2971,116.186146,0,0.045103,119.579499,345189.039493,0.000000,345189.039493
0.4,7,nearest,2971,107.922550,5,0.056883,112.311169,320637.894990,470.237830,321108.132820
0.4,7,proposed_d0.0,2971,84.065989,397,0.249074,109.286442,249760.052328,42068.613221,291828.665549
0.4,7,proposed_d0.25,2971,86.786493,250,0.225513,109.474434,257842.671548,27104.332104,284947.003652
0.4,7,proposed_d1.0,2971,89.661985,206,0.197577,109.246542,266385.756488,22255.999582,288641.756070
0.4,7,lowest_rtt_w10,2971,79.423694,846,0.124537,88.437445,235967.793986,58470.271019,294438.065005
0.4,7,lowest_rtt_w20,2971,83.273701,582,0.091215,89.431173,247406.165876,41601.601170,289007.767046
0.4,7,lowest_rtt_w50,2971,88.512899,326,0.071356,93.160501,262971.822965,26596.701581,289568.524546
0.4,7,lowest_rtt_w100,2971,89.273297,241,0.073039,94.149951,265230.965554,17666.337399,282897.302953
0.4,7,oracle_a1,2971,29.492219,1352,0.372602,43.819411,87621.382898,46774.468703,134395.851601
0.4,8,static,2983,93.314936,0,0.051961,96.319821,278358.454617,0.000000,278358.454617
0.4,8,nearest,2983,95.995329,5,0.046933,98.624012,286354.065477,463.236040,286817.301517
0.4,8,proposed_d0.0,2983,75.300734,383,0.261146,99.208752,224622.090119,36140.724594,260762.814713
0.4,8,proposed_d0.25,2983,77.189899,240,0.243044,99.331916,230257.467331,22603.953063,252861.420394
0.4,8,proposed_d1.0,2983,78.899593,192,0.220248,98.620587,235357.485104,17749.542720,253107.027824
0.4,8,lowest_rtt_w10,2983,71.896146,874,0.121690,79.580231,214466.204803,57140.745125,271606.949928
0.4,8,lowest_rtt_w20,2983,70.730207,486,0.104928,76.787344,210988.208389,31989.643319,242977.851708
0.4,8,lowest_rtt_w50,2983,72.306157,221,0.067382,75.385790,215689.267142,18913.019025,234602.286167
0.4,8,lowest_rtt_w100,2983,72.984842,119,0.061348,75.624209,217713.784265,10158.727624,227872.511889
0.4,8,oracle_a1,2983,24.403780,1375,0.354341,34.699104,72796.474863,35224.949516,108021.424379
0.4,9,static,2932,94.090396,0,0.053547,97.300555,275873.041145,0.000000,275873.041145
0.4,9,nearest,2932,105.712278,5,0.048090,108.951773,309948.398523,440.799752,310389.198275
0.4,9,proposed_d0.0,2932,77.566072,373,0.257844,101.819726,227423.723723,39443.837535,266867.561258
0.4,9,proposed_d0.25,2932,80.975887,234,0.230900,102.686164,237421.300149,24357.088724,261778.388873
0.4,9,proposed_d1.0,2932,83.689556,193,0.207026,103.016678,245377.776747,20123.817017,265501.593764
0.4,9,lowest_rtt_w10,2932,74.517761,864,0.128922,83.250617,218486.075836,58926.718968,277412.794804
0.4,9,lowest_rtt_w20,2932,75.446688,555,0.096180,81.262524,221209.688180,35670.511935,256880.200115
0.4,9,lowest_rtt_w50,2932,78.741752,321,0.067190,82.269403,230870.816502,21240.616699,252111.433201
0.4,9,lowest_rtt_w100,2932,78.890415,161,0.065825,82.308396,231306.695734,11396.127202,242702.822936
0.4,9,oracle_a1,2932,24.997821,1345,0.370396,36.527417,73293.611719,37446.814578,110740.426297
0.4,10,static,3006,103.432684,0,0.045908,106.313336,310918.646863,0.000000,310918.646863
0.4,10,nearest,3006,87.999186,5,0.047572,90.294640,264525.554129,428.686323,264954.240452
0.4,10,proposed_d0.0,3006,77.804733,378,0.263806,102.968381,233881.026396,38189.910456,272070.936852
0.4,10,proposed_d0.25,3006,81.158703,233,0.234864,103.456983,243963.061395,23392.397391,267355.458786
0.4,10,proposed_d1.0,3006,84.148165,194,0.210579,104.061266,252949.383324,20589.603928,273538.987252
0.4,10,lowest_rtt_w10,3006,68.870993,759,0.111444,75.258032,207026.204079,43948.028297,250974.232376
0.4,10,lowest_rtt_w20,3006,69.316746,465,0.089820,73.959846,208366.139194,26863.073832,235229.213026
0.4,10,lowest_rtt_w50,3006,70.906773,234,0.044245,72.096680,213145.760443,13468.633361,226614.393804
0.4,10,lowest_rtt_w100,3006,69.247805,157,0.059880,71.531105,208158.901812,8604.008353,216762.910165
0.4,10,oracle_a1,3006,26.008225,1202,0.395542,39.718615,78180.723074,40018.792544,118199.515618
0.4,11,static,3002,102.887818,0,0.046969,105.859920,308869.230632,0.000000,308869.230632
0.4,11,nearest,3002,99.172171,39,0.058961,103.260481,297714.858449,5006.591899,302721.450348
0.4,11,proposed_d0.0,3002,79.961752,395,0.262825,105.757424,240045.180305,41667.925554,281713.105859
0.4,11,proposed_d0.25,3002,81.835858,230,0.246169,105.906870,245671.246100,26055.365186,271726.611286
0.4,11,proposed_d1.0,3002,84.062740,189,0.222185,105.504217,252356.346183,21227.917839,273584.264022
0.4,11,lowest_rtt_w10,3002,75.178661,876,0.123584,83.497659,225686.339893,59403.660598,285090.000491
0.4,11,lowest_rtt_w20,3002,76.862610,573,0.088608,82.140919,230741.555729,41331.411442,272072.967171
0.4,11,lowest_rtt_w50,3002,81.145119,290,0.045303,82.900785,243597.648588,19906.370453,263504.019041
0.4,11,lowest_rtt_w100,3002,83.442688,191,0.057295,86.392562,250494.950077,12208.357658,262703.307735
0.4,11,oracle_a1,3002,24.038235,1362,0.352099,34.014798,72162.782919,40456.136063,112618.918982
0.4,12,static,3026,98.931802,0,0.047918,101.810355,299367.632395,0.000000,299367.632395
0.4,12,nearest,3026,111.039137,5,0.049901,114.766062,336004.428174,705.318650,336709.746824
0.4,12,proposed_d0.0,3026,78.103179,400,0.256775,102.395829,236340.219613,39342.832155,275683.051768
0.4,12,proposed_d0.25,3026,80.280218,243,0.229676,101.619879,242927.938805,25419.811068,268347.749873
0.4,12,proposed_d1.0,3026,81.752068,193,0.213153,101.356471,247381.757980,19814.639009,267196.396989
0.4,12,lowest_rtt_w10,3026,70.233104,891,0.115995,77.186308,212525.374177,50835.908731,263361.282908
0.4,12,lowest_rtt_w20,3026,71.595090,576,0.097158,77.084459,216646.740999,31555.452531,248202.193530
0.4,12,lowest_rtt_w50,3026,75.233922,281,0.079643,79.571220,227657.847877,14556.912797,242214.760674
0.4,12,lowest_rtt_w100,3026,75.038440,182,0.072042,78.708804,227066.320468,11830.320956,238896.641424
0.4,12,oracle_a1,3026,23.162708,1543,0.341705,32.147768,70090.354773,35357.038354,105447.393127
0.4,13,static,3014,95.643643,0,0.053749,98.962812,288269.939131,0.000000,288269.939131
0.4,13,nearest,3014,101.437764,23,0.048772,104.536248,305733.421667,3206.880352,308940.302019
0.4,13,proposed_d0.0,3014,75.663979,374,0.267087,100.508481,228051.233477,35518.157846,263569.391323
0.4,13,proposed_d0.25,3014,78.131194,252,0.239549,100.113184,235487.417729,24451.831498,259939.249227
0.4,13,proposed_d1.0,3014,80.690210,201,0.214665,100.199532,243200.292939,19717.506811,262917.799750
0.4,13,lowest_rtt_w10,3014,73.749634,912,0.117784,81.328844,222281.397208,55832.440145,278113.837353
0.4,13,lowest_rtt_w20,3014,74.736324,586,0.099204,80.746697,225255.281177,36135.020350,261390.301527
0.4,13,lowest_rtt_w50,3014,80.796414,358,0.049768,82.923321,243520.391086,20777.921212,264298.312298
0.4,13,lowest_rtt_w100,3014,80.516943,181,0.056735,83.239559,242678.067630,12599.966439,255278.034069
0.4,13,oracle_a1,3014,24.181244,1404,0.377571,35.636605,72882.270822,36541.835625,109424.106447
0.4,14,static,3050,102.636037,0,0.045574,105.441399,313039.913398,0.000000,313039.913398
0.4,14,nearest,3050,110.479176,5,0.048525,114.011540,336961.487681,534.284486,337495.772167
0.4,14,proposed_d0.0,3050,81.054378,386,0.257377,106.452915,247215.853171,39820.827379,287036.680550
0.4,14,proposed_d0.25,3050,83.275092,246,0.235410,106.298898,253989.031206,25059.299047,279048.330253
0.4,14,proposed_d1.0,3050,85.803978,194,0.210164,106.103002,261702.131644,19007.012009,280709.143653
0.4,14,lowest_rtt_w10,3050,81.811194,938,0.142295,93.052042,249524.142218,65845.702530,315369.844748
0.4,14,lowest_rtt_w20,3050,82.581889,599,0.123607,91.947161,251874.761468,38615.906291,290490.667759
0.4,14,lowest_rtt_w50,3050,91.736215,316,0.063934,95.865308,279795.455124,23666.213547,303461.668671
0.4,14,lowest_rtt_w100,3050,90.267045,204,0.062623,94.163864,275314.485783,17631.352673,292945.838456
0.4,14,oracle_a1,3050,27.423556,1511,0.374754,40.661692,83641.846519,46288.381069,129930.227588
0.4,15,static,3022,102.108755,0,0.053607,105.779251,308572.658064,0.000000,308572.658064
0.4,15,nearest,3022,109.921148,4,0.046989,113.242260,332181.708313,590.155156,332771.863469
0.4,15,proposed_d0.0,3022,82.116988,406,0.253144,107.272281,248157.537193,45799.308712,293956.845905
0.4,15,proposed_d0.25,3022,83.497418,253,0.236929,106.801907,252329.196434,27914.713920,280243.910354
0.4,15,proposed_d1.0,3022,86.578406,213,0.209133,106.943910,261639.944186,23487.549124,285127.493310
0.4,15,lowest_rtt_w10,3022,74.571075,917,0.103574,80.955994,225353.788195,59259.694492,284613.482687
0.4,15,lowest_rtt_w20,3022,74.802608,569,0.086698,79.713581,226053.482269,38573.644010,264627.126279
0.4,15,lowest_rtt_w50,3022,78.368032,298,0.059563,81.204853,236828.191218,22373.915210,259202.106428
0.4,15,lowest_rtt_w100,3022,76.836799,157,0.065850,80.112223,232200.805844,9610.161232,241810.967076
0.4,15,oracle_a1,3022,25.861818,1357,0.377565,38.336212,78154.415110,38119.535687,116273.950797
0.4,16,static,3097,90.161754,0,0.051663,92.964574,279230.953163,0.000000,279230.953163
0.4,16,nearest,3097,96.320082,5,0.051017,99.390709,298303.294298,504.173724,298807.468022
0.4,16,proposed_d0.0,3097,75.287606,378,0.275105,101.100988,233165.717329,37979.381775,271145.099104
0.4,16,proposed_d0.25,3097,77.535633,232,0.251857,100.964115,240127.854416,23378.381175,263506.235591
0.4,16,proposed_d1.0,3097,79.303662,180,0.224734,99.712387,245603.441535,17706.301863,263309.743398
0.4,16,lowest_rtt_w10,3097,73.203924,905,0.134324,82.252351,226712.552321,59414.117738,286126.670059
0.4,16,lowest_rtt_w20,3097,74.877190,605,0.110107,81.894287,231894.656235,38279.754291,270174.410526
0.4,16,lowest_rtt_w50,3097,78.861884,357,0.087181,84.202778,244235.254108,23099.058057,267334.312165
0.4,16,lowest_rtt_w100,3097,81.371830,203,0.068776,85.233896,252008.556736,14035.764497,266044.321233
0.4,16,oracle_a1,3097,22.886948,1462,0.388118,34.135556,70880.879392,40238.867757,111119.747149
0.4,17,static,2945,112.822188,0,0.044143,115.940086,332261.342266,0.000000,332261.342266
0.4,17,nearest,2945,91.052428,4,0.039728,92.736705,268149.400601,392.637675,268542.038276
0.4,17,proposed_d0.0,2945,76.424808,398,0.262818,100.958572,225071.059721,39732.699196,264803.758917
0.4,17,proposed_d0.25,2945,78.050452,238,0.242445,100.389324,229858.582212,24308.063969,254166.646181
0.4,17,proposed_d1.0,2945,81.451154,188,0.222750,102.220904,239873.649563,20449.267416,260322.916979
0.4,17,lowest_rtt_w10,2945,67.206058,809,0.108998,73.182866,197921.840086,46958.394888,244880.234974
0.4,17,lowest_rtt_w20,2945,67.751269,483,0.070628,70.748077,199527.486632,24829.340603,224356.827235
0.4,17,lowest_rtt_w50,2945,67.980262,236,0.042105,68.880493,200201.871896,11885.948519,212087.820415
0.4,17,lowest_rtt_w100,2945,67.432420,107,0.059423,69.566238,198588.478070,4654.358371,203242.836441
0.4,17,oracle_a1,2945,24.544156,1307,0.354499,34.925060,72282.538126,33123.097480,105405.635606
0.4,18,static,3040,102.436993,0,0.054276,106.201203,311408.458602,0.000000,311408.458602
0.4,18,nearest,3040,101.234284,40,0.055592,105.075661,307752.223125,6346.862802,314099.085927
0.4,18,proposed_d0.0,3040,77.660948,374,0.268421,103.421439,236089.281402,38449.937873,274539.219275
0.4,18,proposed_d0.25,3040,81.175321,243,0.244737,104.831435,246772.974586,26441.076368,273214.050954
0.4,18,proposed_d1.0,3040,84.535888,198,0.215461,105.202977,256989.099995,21025.960714,278015.060709
0.4,18,lowest_rtt_w10,3040,74.102506,936,0.116447,81.605219,225271.617705,58359.156124,283630.773829
0.4,18,lowest_rtt_w20,3040,77.307122,714,0.087500,82.528352,235013.649637,43573.303098,278586.952735
0.4,18,lowest_rtt_w50,3040,80.633584,359,0.050987,82.858265,245126.095147,21767.316081,266893.411228
0.4,18,lowest_rtt_w100,3040,80.292754,209,0.056908,83.017081,244089.971151,11415.192502,255505.163653
0.4,18,oracle_a1,3040,22.310806,1488,0.359868,31.729111,67824.850754,36002.325030,103827.175784
0.4,19,static,2979,107.330509,0,0.054381,111.387854,319737.584896,0.000000,319737.584896
0.4,19,nearest,2979,102.185540,16,0.048003,105.237208,304410.723191,686.408051,305097.131242
0.4,19,proposed_d0.0,2979,81.979781,344,0.276603,110.561377,244217.768437,38552.131556,282769.899993
0.4,19,proposed_d0.25,2979,85.534473,224,0.251427,111.591567,254807.194654,26721.746062,281528.940716
0.4,19,proposed_d1.0,2979,89.012782,191,0.222894,111.970228,265169.077386,23075.910212,288244.987598
0.4,19,lowest_rtt_w10,2979,74.150742,776,0.102383,80.380351,220895.059313,48436.910125,269331.969438
0.4,19,lowest_rtt_w20,2979,74.466501,474,0.083585,79.076083,221835.707278,29494.415225,251330.122503
0.4,19,lowest_rtt_w50,2979,75.602700,177,0.057402,78.084915,225220.442302,10947.134074,236167.576376
0.4,19,lowest_rtt_w100,2979,71.646770,66,0.055723,73.756747,213435.728407,3336.066649,216771.795056
0.4,19,oracle_a1,2979,23.067317,1528,0.336690,31.760900,68717.537455,34569.864754,103287.402209
0.4,20,static,3045,105.547360,0,0.051888,109.214309,321391.710069,0.000000,321391.710069
0.4,20,nearest,3045,103.969626,33,0.055829,107.999134,316587.511627,2949.911125,319537.422752
0.4,20,proposed_d0.0,3045,78.450072,400,0.256814,102.868082,238880.468630,39627.828070,278508.296700
0.4,20,proposed_d0.25,3045,81.374217,238,0.230542,103.155992,247784.490003,23323.810415,271108.300418
0.4,20,proposed_d1.0,3045,83.796424,196,0.209852,103.520412,255160.110755,19944.009640,275104.120395
0.4,20,lowest_rtt_w10,3045,77.224727,935,0.121182,85.597643,235149.292215,69192.909128,304342.201343
0.4,20,lowest_rtt_w20,3045,78.901337,601,0.099836,85.430343,240254.571199,47037.547276,287292.118475
0.4,20,lowest_rtt_w50,3045,82.747942,313,0.061084,86.001219,251967.484518,26238.685298,278206.169816
0.4,20,lowest_rtt_w100,3045,82.415952,172,0.056158,85.200618,250956.574782,16965.674076,267922.248858
0.4,20,oracle_a1,3045,26.146362,1359,0.390476,39.615125,79615.672715,41758.722639,121374.395354
0.4,21,static,3058,109.877178,0,0.049379,113.480705,336004.410062,0.000000,336004.410062
0.4,21,nearest,3058,99.205785,22,0.048398,102.149584,303371.289619,1493.935382,304865.225001
0.4,21,proposed_d0.0,3058,80.662098,402,0.274362,108.404098,246664.694260,42748.826163,289413.520423
0.4,21,proposed_d0.25,3058,86.153254,240,0.241334,110.922694,263456.650942,27480.057324,290936.708266
0.4,21,proposed_d1.0,3058,88.983955,201,0.210922,110.234950,272112.934065,23031.764047,295144.698112
0.4,21,lowest_rtt_w10,3058,74.644456,861,0.123937,82.921518,228262.746717,58619.960893,286882.707610
0.4,21,lowest_rtt_w20,3058,77.816937,600,0.100065,84.247164,237964.194694,41776.037678,279740.232372
0.4,21,lowest_rtt_w50,3058,82.772385,378,0.058208,85.764567,253117.952222,26753.760790,279871.713012
0.4,21,lowest_rtt_w100,3058,84.012184,228,0.066383,87.843523,256909.259389,14758.651076,271667.910465
0.4,21,oracle_a1,3058,24.912147,1397,0.383257,37.150236,76181.344243,40149.392088,116330.736331
0.4,22,static,3009,98.048249,0,0.052841,101.406730,295027.179808,0.000000,295027.179808
0.4,22,nearest,3009,96.533451,6,0.056830,100.229441,290469.152887,591.783727,291060.936614
0.4,22,proposed_d0.0,3009,79.877599,394,0.261216,105.413268,240351.695120,41935.746906,282287.442026
0.4,22,proposed_d0.25,3009,82.746204,237,0.239282,106.144747,248983.326507,25467.912847,274451.239354
0.4,22,proposed_d1.0,3009,86.695383,190,0.208375,106.989256,260866.407324,20598.738760,281465.146084
0.4,22,lowest_rtt_w10,3009,74.671808,849,0.124958,83.049552,224687.470630,55325.083440,280012.554070
0.4,22,lowest_rtt_w20,3009,77.708996,551,0.089398,83.141740,233826.367925,34177.900453,268004.268378
0.4,22,lowest_rtt_w50,3009,82.909615,332,0.048189,85.005946,249475.030266,23575.548983,273050.579249
0.4,22,lowest_rtt_w100,3009,86.977850,233,0.049518,89.405018,261716.351469,17130.419538,278846.771007
0.4,22,oracle_a1,3009,23.962918,1546,0.351612,33.873101,72104.420202,38832.252578,110936.672780
0.4,23,static,3060,102.218905,0,0.047712,105.240168,312789.849872,0.000000,312789.849872
0.4,23,nearest,3060,93.836069,5,0.055229,97.204556,287138.371921,496.613844,287634.985765
0.4,23,proposed_d0.0,3060,78.903221,370,0.266340,104.821316,241443.854948,39838.330050,281282.184998
0.4,23,proposed_d0.25,3060,81.556669,234,0.245752,105.478080,249563.408016,26254.149829,275817.557845
0.4,23,proposed_d1.0,3060,83.536212,187,0.218301,104.306359,255620.809609,20576.503223,276197.312832
0.4,23,lowest_rtt_w10,3060,72.520612,830,0.122549,80.369859,221913.071829,51962.696005,273875.767834
0.4,23,lowest_rtt_w20,3060,72.091960,533,0.081046,76.273612,220601.396687,33886.726695,254488.123382
0.4,23,lowest_rtt_w50,3060,73.922532,206,0.051961,75.864511,226202.946483,13040.419286,239243.365769
0.4,23,lowest_rtt_w100,3060,76.154316,142,0.058170,78.734284,233032.206607,8833.829024,241866.035631
0.4,23,oracle_a1,3060,24.083069,1355,0.401634,36.905620,73694.191056,39409.829462,113104.020518
0.4,24,static,2894,98.062065,0,0.042502,100.326097,283791.615725,0.000000,283791.615725
0.4,24,nearest,2894,97.867048,44,0.043193,100.194741,283227.237581,2513.103998,285740.341579
0.4,24,proposed_d0.0,2894,79.481223,357,0.263303,105.173855,230018.658204,37047.526633,267066.184837
0.4,24,proposed_d0.25,2894,81.486413,227,0.240152,104.608313,235821.679572,23910.137946,259731.817518
0.4,24,proposed_d1.0,2894,84.359296,188,0.213545,104.722233,244135.802997,20584.894300,264720.697297
0.4,24,lowest_rtt_w10,2894,77.042440,931,0.131652,86.419746,222960.821747,60525.548342,283486.370089
0.4,24,lowest_rtt_w20,2894,80.220786,634,0.098134,86.732166,232158.953805,43636.329594,275795.283399
0.4,24,lowest_rtt_w50,2894,83.612822,342,0.061161,86.929520,241975.505784,25138.472686,267113.978470
0.4,24,lowest_rtt_w100,2894,87.176046,270,0.070145,91.601441,252287.478377,21699.985464,273987.463841
0.4,24,oracle_a1,2894,26.326137,1303,0.399793,40.529558,76187.841497,40964.202303,117152.043800
0.4,25,static,2903,98.583496,0,0.039270,100.531333,286187.887923,0.000000,286187.887923
0.4,25,nearest,2903,94.993755,5,0.044092,97.283197,275766.872079,444.651086,276211.523165
0.4,25,proposed_d0.0,2903,80.126988,383,0.245952,103.610163,232608.647229,40654.452278,273263.099507
0.4,25,proposed_d0.25,2903,84.188385,247,0.215295,104.737876,244398.880506,27260.296223,271659.176729
0.4,25,proposed_d1.0,2903,86.223735,212,0.197038,104.891249,250307.502441,23595.872922,273903.375363
0.4,25,lowest_rtt_w10,2903,74.910195,880,0.114364,82.325281,217464.297130,59066.183667,276530.480797
0.4,25,lowest_rtt_w20,2903,75.951656,584,0.080606,80.435241,220487.658039,36144.141258,256631.799297
0.4,25,lowest_rtt_w50,2903,78.582856,307,0.054082,80.961410,228126.031580,17509.960787,245635.992367
0.4,25,lowest_rtt_w100,2903,80.518116,183,0.051671,82.796255,233744.091263,9958.131505,243702.222768
0.4,25,oracle_a1,2903,25.182879,1307,0.375474,37.120738,73105.897148,38527.448130,111633.345278
0.4,26,static,3057,108.191590,0,0.046778,111.402777,330741.691371,0.000000,330741.691371
0.4,26,nearest,3057,111.558269,4,0.043507,114.541596,341033.628068,430.321639,341463.949707
0.4,26,proposed_d0.0,3057,83.660116,371,0.261040,110.506850,255748.973775,40260.998221,296009.971996
0.4,26,proposed_d0.25,3057,86.373937,240,0.237815,110.700053,264045.124201,25950.724823,289995.849024
0.4,26,proposed_d1.0,3057,87.902899,199,0.213935,109.282215,268719.163254,20619.097504,289338.260758
0.4,26,lowest_rtt_w10,3057,80.045581,913,0.121361,88.825518,244699.342637,62109.001906,306808.344543
0.4,26,lowest_rtt_w20,3057,81.173318,577,0.093556,87.344941,248146.831914,36324.803520,284471.635434
0.4,26,lowest_rtt_w50,3057,88.640067,315,0.054956,91.678326,270972.684879,19911.351707,290884.036586
0.4,26,lowest_rtt_w100,3057,91.136732,205,0.052339,94.059713,278604.988324,12192.821887,290797.810211
0.4,26,oracle_a1,3057,25.362034,1479,0.333006,35.025864,77531.736433,39601.400807,117133.137240
0.4,27,static,2968,104.689319,0,0.050876,108.193788,310717.899562,0.000000,310717.899562
0.4,27,nearest,2968,102.918774,18,0.057951,107.126939,305462.922461,1726.305104,307189.227565
0.4,27,proposed_d0.0,2968,81.746645,376,0.256739,107.292858,242624.043717,41563.209536,284187.253253
0.4,27,proposed_d0.25,2968,84.441337,239,0.228774,106.896412,250621.887758,26958.564934,277580.452692
0.4,27,proposed_d1.0,2968,87.075635,202,0.202830,106.722098,258440.484173,22397.752811,280838.236984
0.4,27,lowest_rtt_w10,2968,73.836020,860,0.122305,81.846183,219145.306224,59219.944891,278365.251115
0.4,27,lowest_rtt_w20,2968,74.369596,512,0.094003,79.878379,220728.960158,34584.323849,255313.284007
0.4,27,lowest_rtt_w50,2968,75.185887,197,0.062332,78.050921,223151.712370,13484.767661,236636.480031
0.4,27,lowest_rtt_w100,2968,77.191632,110,0.068733,80.741232,229104.764553,7466.625966,236571.390519
0.4,27,oracle_a1,2968,25.562980,1332,0.400270,39.289284,75870.925758,38291.473463,114162.399221
0.4,28,static,3014,113.864228,0,0.049104,117.640887,343186.781905,0.000000,343186.781905
0.4,28,nearest,3014,109.616906,14,0.064698,115.061140,330385.354959,1368.413416,331753.768375
0.4,28,proposed_d0.0,3014,81.311056,384,0.254811,106.430776,245071.522689,42148.800073,287220.322762
0.4,28,proposed_d0.25,3014,82.778727,249,0.230922,105.033254,249495.082460,27946.087752,277441.170212
0.4,28,proposed_d1.0,3014,86.369530,211,0.206370,106.308429,260317.762835,24263.487804,284581.250639
0.4,28,lowest_rtt_w10,3014,67.580549,787,0.100199,72.883398,203687.775568,48987.850087,252675.625655
0.4,28,lowest_rtt_w20,3014,68.054742,436,0.068348,70.900638,205116.992337,27627.498252,232744.490589
0.4,28,lowest_rtt_w50,3014,68.482560,222,0.047445,69.793952,206406.435783,15128.552170,221534.987953
0.4,28,lowest_rtt_w100,3014,69.344764,164,0.048109,70.748386,209005.120164,10796.783421,219801.903585
0.4,28,oracle_a1,3014,23.206395,1459,0.331785,31.735887,69944.075806,35622.189150,105566.264956
0.4,29,static,3063,94.170863,0,0.049625,96.983632,288445.353691,0.000000,288445.353691
0.4,29,nearest,3063,93.654814,4,0.057134,97.208690,286864.695577,352.543663,287217.239240
0.4,29,proposed_d0.0,3063,75.445150,377,0.271303,100.789648,231088.495182,37169.898220,268258.393402
0.4,29,proposed_d0.25,3063,78.143252,227,0.247470,101.182985,239352.779392,22869.346038,262222.125430
0.4,29,proposed_d1.0,3063,80.920621,185,0.224943,101.825552,247859.860800,18970.070600,266829.931400
0.4,29,lowest_rtt_w10,3063,71.505250,860,0.118511,78.849845,219020.582219,57358.777119,276379.359338
0.4,29,lowest_rtt_w20,3063,72.434931,587,0.088149,77.243893,221868.194235,37650.463628,259518.657863
0.4,29,lowest_rtt_w50,3063,72.981696,226,0.062357,75.702275,223542.934417,16702.585844,240245.520261
0.4,29,lowest_rtt_w100,3063,76.973093,125,0.049951,78.914977,235768.583135,8406.016480,244174.599615
0.4,29,oracle_a1,3063,23.047032,1401,0.340516,31.914385,70593.058297,32968.534529,103561.592826
0.4,30,static,2933,103.548068,0,0.048074,106.676391,303706.483596,0.000000,303706.483596
0.4,30,nearest,2933,98.632970,12,0.046369,101.331606,289290.500937,1199.928233,290490.429170
0.4,30,proposed_d0.0,2933,85.293294,361,0.248892,110.893886,250165.230521,40888.605639,291053.836160
0.4,30,proposed_d0.25,2933,89.332467,265,0.222639,112.344792,262012.124755,30510.210790,292522.335545
0.4,30,proposed_d1.0,2933,92.028483,215,0.206955,113.522588,269919.540140,25760.591049,295680.131189
0.4,30,lowest_rtt_w10,2933,80.173277,868,0.103989,87.245899,235148.222568,61915.865823,297064.088391
0.4,30,lowest_rtt_w20,2933,78.788119,505,0.087283,84.131324,231085.553615,38103.325761,269188.879376
0.4,30,lowest_rtt_w50,2933,82.232201,250,0.050801,84.526238,241187.045477,23479.623913,264666.669390
0.4,30,lowest_rtt_w100,2933,86.659624,182,0.053529,89.447650,254172.677474,17066.594078,271239.271552
0.4,30,oracle_a1,2933,29.382358,1244,0.374702,43.790870,86178.455483,43660.979123,129839.434606
0.3,1,static,3072,93.788956,0,0.051432,96.765846,288119.673824,0.000000,288119.673824
0.3,1,nearest,3072,97.757261,25,0.046224,100.398057,300310.306056,4199.591890,304509.897946
0.3,1,proposed_d0.0,3072,81.125394,511,0.177734,96.228507,249217.208985,48214.121349,297431.330334
0.3,1,proposed_d0.25,3072,81.706166,294,0.169271,95.947235,251001.342841,28172.950415,279174.293256
0.3,1,proposed_d1.0,3072,82.357561,234,0.152669,94.836122,253002.426691,21539.088780,274541.515471
0.3,1,lowest_rtt_w10,3072,73.053371,960,0.080729,77.293185,224419.954397,66015.732148,290435.686545
0.3,1,lowest_rtt_w20,3072,73.752674,641,0.079102,77.915947,226568.213582,44567.814323,271136.027905
0.3,1,lowest_rtt_w50,3072,76.139086,336,0.069336,79.662565,233899.273078,26286.934284,260186.207362
0.3,1,lowest_rtt_w100,3072,74.721159,208,0.076172,78.717196,229543.400954,15593.388309,245136.789263
0.3,1,oracle_a1,3072,24.653691,1540,0.320964,33.361524,75736.139318,40087.260881,115823.400199
0.3,2,static,3076,97.769887,0,0.052016,101.024750,300740.171692,0.000000,300740.171692
0.3,2,nearest,3076,90.197707,5,0.046164,92.466308,277448.147876,505.132572,277953.280448
0.3,2,proposed_d0.0,3076,88.712618,603,0.173927,104.969703,272880.014056,65213.482475,338093.496531
0.3,2,proposed_d0.25,3076,90.702866,339,0.164499,106.167322,279002.017122,36209.731592,315211.748714
0.3,2,proposed_d1.0,3076,92.692128,244,0.154096,107.213292,285120.985820,26666.585336,311787.571156
0.3,2,lowest_rtt_w10,3076,77.903215,935,0.080624,82.559508,239630.289645,56925.442242,296555.731887
0.3,2,lowest_rtt_w20,3076,77.769716,577,0.062419,80.814025,239219.647668,33014.716677,272234.364345
0.3,2,lowest_rtt_w50,3076,75.985010,288,0.046489,77.592189,233729.889470,18616.792684,252346.682154
0.3,2,lowest_rtt_w100,3076,75.262967,136,0.051040,77.203455,231508.886336,8460.062115,239968.948451
0.3,2,oracle_a1,3076,27.220283,1476,0.300390,36.049066,83729.590497,39041.917851,122771.508348
0.3,3,static,2993,95.747137,0,0.046442,98.312957,286571.180522,0.000000,286571.180522
0.3,3,nearest,2993,93.096869,5,0.050117,95.903246,278638.927863,366.621124,279005.548987
0.3,3,proposed_d0.0,2993,87.480903,621,0.157701,101.485261,261830.343843,64844.290441,326674.634284
0.3,3,proposed_d0.25,2993,88.853652,355,0.148680,102.022363,265938.980531,36172.806537,302111.787068
0.3,3,proposed_d1.0,2993,91.402122,271,0.132643,103.074173,273566.551922,29039.098907,302605.650829
0.3,3,lowest_rtt_w10,2993,84.106523,1050,0.082526,89.491924,251730.824268,76952.738854,328683.563122
0.3,3,lowest_rtt_w20,2993,84.445994,717,0.068493,88.508200,252746.861054,50452.807204,303199.668258
0.3,3,lowest_rtt_w50,2993,86.373555,441,0.067491,90.480132,258516.049100,31222.151153,289738.200253
0.3,3,lowest_rtt_w100,2993,86.309874,280,0.054795,89.197403,258325.452795,19087.996023,277413.448818
0.3,3,oracle_a1,2993,26.534681,1473,0.318076,35.978589,79418.300648,39486.012070,118904.312718
0.3,4,static,2947,101.992923,0,0.050221,105.280152,300573.144451,0.000000,300573.144451
0.3,4,nearest,2947,100.367025,4,0.051239,103.679408,295781.624104,350.263260,296131.887364
0.3,4,proposed_d0.0,2947,86.626035,521,0.173057,102.336038,255286.923872,51571.397355,306858.321227
0.3,4,proposed_d0.25,2947,89.044640,314,0.156091,103.144573,262414.553376,31724.017104,294138.570480
0.3,4,proposed_d1.0,2947,90.431532,229,0.143875,103.292796,266501.724287,23324.584567,289826.308854
0.3,4,lowest_rtt_w10,2947,85.501222,992,0.084832,91.241417,251972.101639,75572.901024,327545.002663
0.3,4,lowest_rtt_w20,2947,86.285929,678,0.078385,91.454577,254284.632222,48117.002089,302401.634311
0.3,4,lowest_rtt_w50,2947,88.617152,396,0.056668,91.820412,261154.745561,27455.380440,288610.126001
0.3,4,lowest_rtt_w100,2947,91.134600,261,0.055310,94.353329,268573.667664,22916.606673,291490.274337
0.3,4,oracle_a1,2947,23.543982,1651,0.309807,31.214413,69384.116385,41586.369570,110970.485955
0.3,5,static,2961,103.778164,0,0.057751,108.016181,307287.143917,0.000000,307287.143917
0.3,5,nearest,2961,99.550838,6,0.056738,103.418558,294770.032471,393.231552,295163.264023
0.3,5,proposed_d0.0,2961,89.835618,603,0.153664,103.783425,266003.263795,64684.045919,330687.309714
0.3,5,proposed_d0.25,2961,91.231309,351,0.145897,104.473668,270135.906332,37775.368836,307911.275168
0.3,5,proposed_d1.0,2961,92.856767,260,0.128673,104.273987,274948.887427,28017.445766,302966.333193
0.3,5,lowest_rtt_w10,2961,80.496352,980,0.081054,85.419956,238349.699216,68859.491447,307209.190663
0.3,5,lowest_rtt_w20,2961,79.231677,631,0.071935,83.217975,234604.995790,43768.663505,278373.659295
0.3,5,lowest_rtt_w50,2961,79.954423,298,0.058426,82.791624,236745.047294,25404.456203,262149.503497
0.3,5,lowest_rtt_w100,2961,80.824395,220,0.050321,83.001079,239321.032794,16299.867721,255620.900515
0.3,5,oracle_a1,2961,26.146739,1463,0.318473,35.430374,77420.494833,42373.214561,119793.709394
0.3,6,static,2952,103.348368,0,0.047425,106.394162,305084.382362,0.000000,305084.382362
0.3,6,nearest,2952,109.796004,4,0.056911,114.300936,324117.805058,295.281344,324413.086402
0.3,6,proposed_d0.0,2952,87.972437,538,0.170054,103.588014,259694.635087,56553.321683,316247.956770
0.3,6,proposed_d0.25,2952,89.013376,322,0.155488,103.033889,262767.486080,34150.995405,296918.481485
0.3,6,proposed_d1.0,2952,92.155480,252,0.138211,104.614378,272042.977340,27002.756582,299045.733922
0.3,6,lowest_rtt_w10,2952,81.872820,931,0.076558,86.494704,241688.564245,73212.441237,314901.005482
0.3,6,lowest_rtt_w20,2952,80.224672,574,0.061992,83.394450,236823.231507,47426.565852,284249.797359
0.3,6,lowest_rtt_w50,2952,79.349516,305,0.048442,81.287209,234239.771349,24487.516301,258727.287650
0.3,6,lowest_rtt_w100,2952,82.125867,251,0.048103,84.174932,242435.558550,19487.979066,261923.537616
0.3,6,oracle_a1,2952,25.655339,1386,0.272019,32.494444,75734.560712,37027.868756,112762.429468
0.3,7,static,2971,116.677992,0,0.049478,120.647420,346650.313862,0.000000,346650.313862
0.3,7,nearest,2971,106.514167,5,0.058230,110.976266,316453.591398,470.237830,316923.829228
0.3,7,proposed_d0.0,2971,94.520856,554,0.159879,110.127990,280821.462650,60446.811081,341268.273731
0.3,7,proposed_d0.25,2971,95.708824,331,0.146752,109.826003,284350.917067,37169.332645,321520.249712
0.3,7,proposed_d1.0,2971,98.389841,258,0.125210,110.186310,292316.218749,29328.937216,321645.155965
0.3,7,lowest_rtt_w10,2971,87.991866,964,0.082800,93.754802,261423.834116,69684.778813,331108.612929
0.3,7,lowest_rtt_w20,2971,88.541475,646,0.072703,93.326578,263056.721277,47692.944418,310749.665695
0.3,7,lowest_rtt_w50,2971,90.269790,386,0.061259,94.029956,268191.545984,28699.012307,296890.558291
0.3,7,lowest_rtt_w100,2971,90.877347,243,0.062605,94.813142,269996.599412,18221.123344,288217.722756
0.3,7,oracle_a1,2971,31.687517,1412,0.337260,44.795130,94143.611877,50082.077530,144225.689407
0.3,8,static,2983,94.127493,0,0.050955,97.073935,280782.310815,0.000000,280782.310815
0.3,8,nearest,2983,97.406421,5,0.047938,100.210336,290563.353730,463.236040,291026.589770
0.3,8,proposed_d0.0,2983,86.318881,542,0.169963,101.584501,257489.223459,55737.045141,313226.268600
0.3,8,proposed_d0.25,2983,86.513704,331,0.156889,100.240310,258070.378592,31508.549080,289578.927672
0.3,8,proposed_d1.0,2983,87.954450,235,0.144485,100.471052,262368.124610,22260.346135,284628.470745
0.3,8,lowest_rtt_w10,2983,76.667342,860,0.083138,81.437910,228698.682552,58117.054815,286815.737367
0.3,8,lowest_rtt_w20,2983,74.859886,545,0.070399,78.377584,223307.040517,37167.348954,260474.389471
0.3,8,lowest_rtt_w50,2983,74.014271,274,0.053973,76.122811,220784.571770,22705.684930,243490.256700
0.3,8,lowest_rtt_w100,2983,73.656113,157,0.048609,75.317190,219716.185220,14980.696995,234696.882215
0.3,8,oracle_a1,2983,26.561582,1445,0.289306,34.560000,79233.200362,36673.361612,115906.561974
0.3,9,static,2932,93.861304,0,0.050819,96.779499,275201.344591,0.000000,275201.344591
0.3,9,nearest,2932,105.252895,5,0.053547,109.094591,308601.488833,440.799752,309042.288585
0.3,9,proposed_d0.0,2932,85.847425,548,0.168145,100.795674,251704.648799,53659.204089,305363.852888
0.3,9,proposed_d0.25,2932,86.113922,307,0.160300,100.171413,252486.018008,31060.753652,283546.771660
0.3,9,proposed_d1.0,2932,87.086659,232,0.147681,99.829566,255338.085366,22944.181875,278282.267241
0.3,9,lowest_rtt_w10,2932,78.198700,897,0.102660,84.916225,229278.588013,60284.617372,289563.205385
0.3,9,lowest_rtt_w20,2932,79.097506,612,0.080832,83.877509,231913.886899,40647.860121,272561.747020
0.3,9,lowest_rtt_w50,2932,78.413803,302,0.054570,80.824412,229909.270237,17125.904814,247035.175051
0.3,9,lowest_rtt_w100,2932,78.205482,165,0.055935,80.720547,229298.473385,8857.782518,238156.255903
0.3,9,oracle_a1,2932,25.612096,1438,0.322647,34.859348,75094.665361,39877.544691,114972.210052
0.3,10,static,3006,103.730369,0,0.046241,106.662535,311813.487728,0.000000,311813.487728
0.3,10,nearest,3006,87.988435,5,0.047572,90.283351,264493.234763,428.686323,264921.921086
0.3,10,proposed_d0.0,3006,88.392284,582,0.166001,103.588036,265707.205127,62709.794161,328416.999288
0.3,10,proposed_d0.25,3006,89.935860,326,0.147039,103.094850,270347.194530,34068.606207,304415.800737
0.3,10,proposed_d1.0,3006,91.419669,240,0.136394,103.542190,274807.524019,25256.386137,300063.910156
0.3,10,lowest_rtt_w10,3006,74.237722,877,0.078842,78.420582,223158.592371,51102.268052,274260.860423
0.3,10,lowest_rtt_w20,3006,72.024730,547,0.064205,74.829129,216506.338966,29192.386704,245698.725670
0.3,10,lowest_rtt_w50,3006,69.820438,204,0.049568,71.357451,209880.237542,10440.562676,220320.800218
0.3,10,lowest_rtt_w100,3006,70.627613,160,0.061211,73.102270,212306.604947,8052.301356,220358.906303
0.3,10,oracle_a1,3006,28.685534,1247,0.324019,39.476730,86228.714854,40313.065923,126541.780777
0.3,11,static,3002,104.381627,0,0.044637,107.165148,313353.645576,0.000000,313353.645576
0.3,11,nearest,3002,101.555059,39,0.045636,104.315632,304868.286697,5006.591899,309874.878596
0.3,11,proposed_d0.0,3002,88.039095,539,0.178881,104.782703,264293.363116,55651.351346,319944.714462
0.3,11,proposed_d0.25,3002,89.834916,314,0.164890,105.177669,269684.416555,33497.535741,303181.952296
0.3,11,proposed_d1.0,3002,92.730453,237,0.145237,106.146851,278376.819414,25696.299867,304073.119281
0.3,11,lowest_rtt_w10,3002,83.233524,993,0.080280,88.324172,249867.037844,73389.257773,323256.295617
0.3,11,lowest_rtt_w20,3002,82.860731,711,0.058628,85.896644,248747.915185,46932.337917,295680.253102
0.3,11,lowest_rtt_w50,3002,84.327160,331,0.052632,86.900891,253150.133408,20885.870324,274036.003732
0.3,11,lowest_rtt_w100,3002,85.450557,247,0.061292,88.899422,256522.572546,14955.744016,271478.316562
0.3,11,oracle_a1,3002,25.282287,1553,0.304131,33.457839,75897.425986,46192.609314,122090.035300
0.3,12,static,3026,100.040014,0,0.044283,102.582671,302721.083187,0.000000,302721.083187
0.3,12,nearest,3026,112.639083,5,0.044283,115.765513,340845.863864,705.318650,341551.182514
0.3,12,proposed_d0.0,3026,87.483706,592,0.168539,102.811484,264725.693562,59972.864426,324698.557988
0.3,12,proposed_d0.25,3026,86.565677,331,0.158295,100.469469,261947.737509,32342.147870,294289.885379
0.3,12,proposed_d1.0,3026,87.363894,245,0.148381,100.237153,264363.144421,23788.786073,288151.930494
0.3,12,lowest_rtt_w10,3026,77.772549,992,0.079974,82.359099,235339.732837,64945.567344,300285.300181
0.3,12,lowest_rtt_w20,3026,76.125812,622,0.082617,80.801407,230356.706096,39289.727534,269646.433630
0.3,12,lowest_rtt_w50,3026,77.892242,383,0.073695,81.930048,235701.924746,21470.463432,257172.388178
0.3,12,lowest_rtt_w100,3026,76.803683,213,0.073364,80.726086,232407.946122,14242.214963,246650.161085
0.3,12,oracle_a1,3026,24.710851,1623,0.264045,30.859019,74775.035684,37618.926800,112393.962484
0.3,13,static,3014,96.533776,0,0.046782,99.173269,290952.801885,0.000000,290952.801885
0.3,13,nearest,3014,101.700327,23,0.049104,104.848843,306524.784819,3206.880352,309731.665171
0.3,13,proposed_d0.0,3014,84.520870,537,0.176178,100.168305,254745.902321,54089.743451,308835.645772
0.3,13,proposed_d0.25,3014,85.948091,315,0.158593,99.771114,259047.545654,30839.205991,289886.751645
0.3,13,proposed_d1.0,3014,88.115583,245,0.138354,99.943153,265580.367468,22469.859993,288050.227461
0.3,13,lowest_rtt_w10,3014,80.831083,1039,0.080956,85.775048,243624.882767,74567.691404,318192.574171
0.3,13,lowest_rtt_w20,3014,79.864284,634,0.074652,84.145913,240710.952376,41322.191460,282033.143836
0.3,13,lowest_rtt_w50,3014,83.614276,400,0.047113,85.649522,252013.427091,26881.615891,278895.042982
0.3,13,lowest_rtt_w100,3014,83.500838,252,0.052090,85.979533,251671.525694,16989.594833,268661.120527
0.3,13,oracle_a1,3014,25.869016,1574,0.304247,34.306730,77969.213591,40244.266762,118213.480353
0.3,14,static,3050,103.358286,0,0.046230,106.271149,315242.771238,0.000000,315242.771238
0.3,14,nearest,3050,111.265118,5,0.051475,115.194819,339358.610662,534.284486,339892.895148
0.3,14,proposed_d0.0,3050,91.656568,577,0.162295,107.026432,279552.532588,62878.888237,342431.420825
0.3,14,proposed_d0.25,3050,92.481216,318,0.151475,106.633582,282067.710309,34537.800830,316605.511139
0.3,14,proposed_d1.0,3050,93.467942,235,0.137705,106.074990,285077.223932,25257.561470,310334.785402
0.3,14,lowest_rtt_w10,3050,90.068651,1062,0.084262,96.172354,274709.384380,84556.711038,359266.095418
0.3,14,lowest_rtt_w20,3050,89.481094,625,0.086557,95.770760,272917.336030,48572.257141,321489.593171
0.3,14,lowest_rtt_w50,3050,93.800173,400,0.056721,97.320308,286090.526390,32511.976952,318602.503342
0.3,14,lowest_rtt_w100,3050,91.941683,223,0.056393,95.316934,280422.134653,17962.162440,298384.297093
0.3,14,oracle_a1,3050,30.201493,1627,0.307213,40.707314,92114.554655,49602.347621,141716.902276
0.3,15,static,3022,101.909986,0,0.047981,104.945422,307971.978352,0.000000,307971.978352
0.3,15,nearest,3022,111.794411,4,0.046989,115.207885,337842.709402,590.155156,338432.864558
0.3,15,proposed_d0.0,3022,88.207518,573,0.172402,104.165982,266563.119765,59287.181305,325850.301070
0.3,15,proposed_d0.25,3022,89.473688,317,0.160821,104.237179,270389.485166,33508.351101,303897.836267
0.3,15,proposed_d1.0,3022,92.809244,246,0.141959,105.833219,280469.536565,26301.550352,306771.086917
0.3,15,lowest_rtt_w10,3022,77.305643,860,0.074785,81.392580,233617.654274,58361.631686,291979.285960
0.3,15,lowest_rtt_w20,3022,77.247414,546,0.075447,81.387862,233441.685703,35810.130848,269251.816551
0.3,15,lowest_rtt_w50,3022,77.990646,260,0.062210,81.031663,235687.732918,20015.690912,255703.423830
0.3,15,lowest_rtt_w100,3022,77.316518,152,0.063534,80.426331,233650.517991,8859.644514,242510.162505
0.3,15,oracle_a1,3022,27.261295,1478,0.332892,37.866882,82383.633146,41170.953116,123554.586262
0.3,16,static,3097,89.369199,0,0.052954,92.254487,276776.409385,0.000000,276776.409385
0.3,16,nearest,3097,94.097672,5,0.051986,97.147987,291420.490351,504.173724,291924.664075
0.3,16,proposed_d0.0,3097,84.916486,543,0.186309,101.901729,262986.357510,55903.634010,318889.991520
0.3,16,proposed_d0.25,3097,86.367805,314,0.169519,101.589071,267481.091036,31698.505565,299179.596601
0.3,16,proposed_d1.0,3097,88.657501,229,0.149177,101.851340,274572.279754,23184.681400,297756.961154
0.3,16,lowest_rtt_w10,3097,78.960025,996,0.083952,84.013111,244539.196636,75048.674544,319587.871180
0.3,16,lowest_rtt_w20,3097,79.475971,677,0.072005,83.487503,246137.082697,50401.588975,296538.671672
0.3,16,lowest_rtt_w50,3097,82.519873,423,0.063287,85.960030,255564.046458,30812.627077,286376.673535
0.3,16,lowest_rtt_w100,3097,81.348449,282,0.059735,84.389474,251936.147128,19244.269611,271180.416739
0.3,16,oracle_a1,3097,24.073399,1575,0.333226,33.104753,74555.315650,43298.227350,117853.543000
0.3,17,static,2945,114.205137,0,0.049915,118.100117,336334.127877,0.000000,336334.127877
0.3,17,nearest,2945,92.298222,4,0.039389,94.000801,271818.265230,392.637675,272210.902905
0.3,17,proposed_d0.0,2945,84.488117,537,0.178947,100.466297,248817.505087,55358.061029,304175.566116
0.3,17,proposed_d0.25,2945,85.941146,308,0.166044,100.654184,253096.674948,31950.104478,285046.779426
0.3,17,proposed_d1.0,2945,88.196518,239,0.149745,101.377295,259738.746018,25020.780490,284759.526508
0.3,17,lowest_rtt_w10,2945,71.089719,793,0.081834,75.247494,209359.222858,46302.016228,255661.239086
0.3,17,lowest_rtt_w20,2945,69.718031,499,0.066214,72.519855,205319.600101,26493.934993,231813.535094
0.3,17,lowest_rtt_w50,2945,67.817682,218,0.051952,69.424454,199723.074265,9575.530826,209298.605091
0.3,17,lowest_rtt_w100,2945,67.154590,141,0.057385,69.121133,197770.266236,5985.417582,203755.683818
0.3,17,oracle_a1,2945,26.000866,1403,0.321562,35.376652,76572.551249,35727.260513,112299.811762
0.3,18,static,3040,101.363394,0,0.060855,105.802003,308144.717841,0.000000,308144.717841
0.3,18,nearest,3040,100.414925,40,0.052303,103.846363,305261.371213,6346.862802,311608.234015
0.3,18,proposed_d0.0,3040,87.458806,579,0.171053,103.093163,265874.770928,58479.092562,324353.863490
0.3,18,proposed_d0.25,3040,88.196578,333,0.157237,102.278531,268117.596630,33445.361276,301562.957906
0.3,18,proposed_d1.0,3040,89.821306,245,0.146053,102.841591,273056.771090,24473.789257,297530.560347
0.3,18,lowest_rtt_w10,3040,77.850591,982,0.088158,83.183909,236665.796567,63396.758350,300062.554917
0.3,18,lowest_rtt_w20,3040,79.360281,674,0.072697,83.425063,241255.253609,41064.584406,282319.838015
0.3,18,lowest_rtt_w50,3040,79.324546,340,0.053618,81.705464,241146.621268,20546.366594,261692.987862
0.3,18,lowest_rtt_w100,3040,80.453510,270,0.053947,82.927215,244578.671371,17401.815165,261980.486536
0.3,18,oracle_a1,3040,23.604530,1595,0.319079,31.728392,71757.771557,38297.175827,110054.947384
0.3,19,static,2979,108.214233,0,0.054716,112.362287,322370.199991,0.000000,322370.199991
0.3,19,nearest,2979,102.939093,16,0.051024,106.366310,306655.558917,686.408051,307341.966968
0.3,19,proposed_d0.0,2979,92.019192,523,0.182612,110.130256,274125.172372,55957.583915,330082.756287
0.3,19,proposed_d0.25,2979,93.779368,303,0.163478,109.715385,279368.738353,34102.974906,313471.713259
0.3,19,proposed_d1.0,2979,96.963578,236,0.151393,111.905261,288854.499440,27068.391602,315922.891042
0.3,19,lowest_rtt_w10,2979,78.295495,855,0.089627,83.806887,233242.278889,54552.977491,287795.256380
0.3,19,lowest_rtt_w20,2979,75.820141,468,0.073515,79.677608,225868.198829,29565.194001,255433.392830
0.3,19,lowest_rtt_w50,2979,73.696243,173,0.057737,76.089458,219541.109208,9470.699486,229011.808694
0.3,19,lowest_rtt_w100,2979,70.746630,50,0.059080,73.063222,210754.210334,2823.227136,213577.437470
0.3,19,oracle_a1,2979,25.051547,1572,0.265861,31.399432,74628.558124,35471.416667,110099.974791
0.3,20,static,3045,103.673255,0,0.045320,106.499849,315685.061437,0.000000,315685.061437
0.3,20,nearest,3045,103.632001,33,0.053202,107.342852,315559.443217,2949.911125,318509.354342
0.3,20,proposed_d0.0,3045,89.140680,622,0.156979,103.367110,271433.370491,64519.105655,335952.476146
0.3,20,proposed_d0.25,3045,90.133568,345,0.148112,103.456713,274456.714818,34605.311156,309062.025974
0.3,20,proposed_d1.0,3045,91.413612,249,0.132348,103.052403,278354.449240,25490.303072,303844.752312
0.3,20,lowest_rtt_w10,3045,83.137738,1023,0.077833,87.985902,253154.413295,79755.917932,332910.331227
0.3,20,lowest_rtt_w20,3045,82.442685,611,0.072250,86.707248,251037.974846,51713.083986,302751.058832
0.3,20,lowest_rtt_w50,3045,85.486086,331,0.060099,88.824294,260305.130421,28078.396876,288383.527297
0.3,20,lowest_rtt_w100,3045,84.409969,289,0.051888,86.920109,257028.355547,25930.809136,282959.164683
0.3,20,oracle_a1,3045,27.968991,1381,0.343514,39.557568,85165.577446,44322.246085,129487.823531
0.3,21,static,3058,109.970543,0,0.048071,113.422852,336289.921188,0.000000,336289.921188
0.3,21,nearest,3058,98.392839,22,0.048398,101.295292,300885.301163,1493.935382,302379.236545
0.3,21,proposed_d0.0,3058,88.216463,523,0.185088,105.798532,269765.942859,54433.957375,324199.900234
0.3,21,proposed_d0.25,3058,90.645749,324,0.165468,106.222061,277194.699535,35146.881868,312341.581403
0.3,21,proposed_d1.0,3058,93.372412,244,0.146501,107.056259,285532.836048,26492.106325,312024.942373
0.3,21,lowest_rtt_w10,3058,81.905345,986,0.089928,87.801130,250466.543813,67796.553174,318263.096987
0.3,21,lowest_rtt_w20,3058,82.934620,650,0.074559,87.455147,253614.066515,45706.360704,299320.427219
0.3,21,lowest_rtt_w50,3058,85.578263,388,0.052322,88.192660,261698.328806,25759.491829,287457.820635
0.3,21,lowest_rtt_w100,3058,86.249645,278,0.049706,88.656371,263751.413582,19842.998797,283594.412379
0.3,21,oracle_a1,3058,27.047569,1520,0.316220,36.631022,82711.467035,44085.246142,126796.713177
0.3,22,static,3009,98.490624,0,0.053174,101.909543,296358.286900,0.000000,296358.286900
0.3,22,nearest,3009,96.665017,6,0.051844,99.841232,290865.035428,591.783727,291456.819155
0.3,22,proposed_d0.0,3009,90.321014,551,0.172150,106.687246,271775.930996,58439.972944,330215.903940
0.3,22,proposed_d0.25,3009,91.530614,337,0.159521,106.523375,275415.616046,36835.377231,312250.993277
0.3,22,proposed_d1.0,3009,93.055167,250,0.145896,106.608949,280002.997910,26093.366352,306096.364262
0.3,22,lowest_rtt_w10,3009,83.705605,992,0.069791,87.835715,251870.166820,68023.987241,319894.154061
0.3,22,lowest_rtt_w20,3009,81.881858,616,0.054503,84.486647,246382.509710,41994.547888,288377.057598
0.3,22,lowest_rtt_w50,3009,85.271969,305,0.048521,87.518461,256583.354667,24030.924554,280614.279221
0.3,22,lowest_rtt_w100,3009,85.703117,202,0.049186,88.033093,257880.678553,17971.076041,275851.754594
0.3,22,oracle_a1,3009,25.040402,1700,0.289465,32.426833,75346.568257,42602.026768,117948.595025
0.3,23,static,3060,101.421458,0,0.048039,104.438607,310349.661415,0.000000,310349.661415
0.3,23,nearest,3060,95.390780,5,0.050000,98.306084,291895.786594,496.613844,292392.400438
0.3,23,proposed_d0.0,3060,86.103293,518,0.183987,103.066110,263476.075740,52829.622324,316305.698064
0.3,23,proposed_d0.25,3060,88.167386,324,0.165359,103.238920,269792.202142,33349.137633,303141.339775
0.3,23,proposed_d1.0,3060,90.713894,236,0.146732,103.969557,277584.514316,23668.407335,301252.921651
0.3,23,lowest_rtt_w10,3060,76.357174,920,0.077451,80.599700,233652.952263,59526.296918,293179.249181
0.3,23,lowest_rtt_w20,3060,77.181406,537,0.065359,80.438847,236175.102205,36013.688814,272188.791019
0.3,23,lowest_rtt_w50,3060,75.941251,210,0.043137,77.274668,232380.227996,15452.690289,247832.918285
0.3,23,lowest_rtt_w100,3060,75.496015,114,0.042484,76.756930,231017.806092,6908.681116,237926.487208
0.3,23,oracle_a1,3060,25.296485,1486,0.336601,35.116870,77407.245201,43587.357264,120994.602465
0.3,24,static,2894,98.411743,0,0.048376,101.312848,284803.583034,0.000000,284803.583034
0.3,24,nearest,2894,97.286891,44,0.046648,99.949352,281548.261727,2513.103998,284061.365725
0.3,24,proposed_d0.0,2894,89.778809,551,0.158950,104.368067,259819.873990,62461.650767,322281.524757
0.3,24,proposed_d0.25,2894,90.465500,321,0.151002,104.199901,261807.156607,35760.254838,297567.411445
0.3,24,proposed_d1.0,2894,92.555734,246,0.128196,103.871698,267856.293333,26390.321339,294246.614672
0.3,24,lowest_rtt_w10,2894,85.466057,1040,0.080857,90.808560,247338.769159,73714.952181,321053.721340
0.3,24,lowest_rtt_w20,2894,86.247537,718,0.068763,90.468412,249600.370702,55177.176028,304777.546730
0.3,24,lowest_rtt_w50,2894,86.789249,432,0.071182,91.287235,251168.087613,32776.133236,283944.220849
0.3,24,lowest_rtt_w100,2894,87.957162,299,0.072564,92.682573,254548.026615,22498.910997,277046.937612
0.3,24,oracle_a1,2894,27.627509,1423,0.340359,38.850714,79954.012424,45127.995535,125082.007959
0.3,25,static,2903,97.921024,0,0.035825,99.485078,284264.733926,0.000000,284264.733926
0.3,25,nearest,2903,94.203659,5,0.046848,96.735534,273473.223117,444.651086,273917.874203
0.3,25,proposed_d0.0,2903,86.135634,573,0.161213,100.306261,250051.744585,55474.004540,305525.749125
0.3,25,proposed_d0.25,2903,87.790388,319,0.151912,101.157390,254855.495282,32133.289190,286988.784472
0.3,25,proposed_d1.0,2903,89.343823,245,0.142611,101.871884,259365.119257,26085.849167,285450.968424
0.3,25,lowest_rtt_w10,2903,79.535721,995,0.081640,84.428431,230892.198276,67106.975530,297999.173806
0.3,25,lowest_rtt_w20,2903,79.941071,663,0.065105,83.368802,232068.927738,41706.274406,273775.202144
0.3,25,lowest_rtt_w50,2903,78.850142,341,0.054426,81.273575,228901.962826,18847.048800,247749.011626
0.3,25,lowest_rtt_w100,2903,81.445445,221,0.047537,83.410534,236436.125503,12137.252281,248573.377784
0.3,25,oracle_a1,2903,25.921796,1455,0.337926,36.131619,75250.972494,42286.839862,117537.812356
0.3,26,static,3057,109.640350,0,0.046124,112.845182,335170.549435,0.000000,335170.549435
0.3,26,nearest,3057,111.850463,4,0.040890,114.533720,341926.865939,430.321639,342357.187578
0.3,26,proposed_d0.0,3057,94.604127,572,0.167157,111.190423,289204.817716,64169.700793,353374.518509
0.3,26,proposed_d0.25,3057,96.046658,335,0.154073,111.175806,293614.634669,37696.964252,331311.598921
0.3,26,proposed_d1.0,3057,96.720467,263,0.144913,110.772941,295674.467638,29630.307203,325304.774841
0.3,26,lowest_rtt_w10,3057,85.789420,959,0.080471,91.122112,262258.257581,73970.005383,336228.262964
0.3,26,lowest_rtt_w20,3057,86.565259,678,0.067059,90.643758,264629.996445,53323.380425,317953.376870
0.3,26,lowest_rtt_w50,3057,92.397013,358,0.040236,94.186663,282457.668483,27362.430127,309820.098610
0.3,26,lowest_rtt_w100,3057,93.353733,284,0.046124,95.771043,285382.361815,21850.771302,307233.133117
0.3,26,oracle_a1,3057,26.790419,1579,0.289172,34.875431,81898.310771,42136.146039,124034.456810
0.3,27,static,2968,104.344817,0,0.047170,107.411392,309695.416233,0.000000,309695.416233
0.3,27,nearest,2968,102.286030,18,0.059299,106.607786,303584.938345,1726.305104,305311.243449
0.3,27,proposed_d0.0,2968,89.922194,564,0.164757,105.265458,266889.071090,61110.813419,327999.884509
0.3,27,proposed_d0.25,2968,90.329518,317,0.158693,104.990793,268098.010482,34444.662023,302542.672505
0.3,27,proposed_d1.0,2968,92.098605,233,0.143194,105.156374,273348.659639,24829.143486,298177.803125
0.3,27,lowest_rtt_w10,2968,80.300109,933,0.083895,85.470660,238330.724990,70119.080074,308449.805064
0.3,27,lowest_rtt_w20,2968,77.304904,530,0.075135,81.422570,229440.955641,38164.515157,267605.470798
0.3,27,lowest_rtt_w50,2968,79.520279,251,0.051550,81.733637,236016.186827,20269.248389,256285.435216
0.3,27,lowest_rtt_w100,2968,79.099746,148,0.060647,82.077492,234768.046537,10110.815071,244878.861608
0.3,27,oracle_a1,2968,27.029671,1461,0.348046,38.391764,80224.062806,41722.971826,121947.034632
0.3,28,static,3014,113.695431,0,0.048109,117.340547,342678.029337,0.000000,342678.029337
0.3,28,nearest,3014,109.462197,14,0.056072,113.845716,329919.060662,1368.413416,331287.474078
0.3,28,proposed_d0.0,3014,89.865312,542,0.168547,105.676796,270854.051257,57737.282720,328591.333977
0.3,28,proposed_d0.25,3014,92.536627,336,0.153616,106.968794,278905.392696,36824.754909,315730.147605
0.3,28,proposed_d1.0,3014,94.145151,241,0.140677,107.229917,283753.485599,26092.009369,309845.494968
0.3,28,lowest_rtt_w10,3014,70.778219,807,0.058726,73.069282,213325.552432,51771.942193,265097.494625
0.3,28,lowest_rtt_w20,3014,70.830061,497,0.046782,72.208076,213481.802542,32549.988741,246031.791283
0.3,28,lowest_rtt_w50,3014,68.105052,227,0.045123,69.228849,205268.628063,14502.291118,219770.919181
0.3,28,lowest_rtt_w100,3014,69.186903,161,0.042800,70.191101,208529.326349,11785.197934,220314.524283
0.3,28,oracle_a1,3014,25.087881,1569,0.277704,31.964572,75614.872431,37448.001629,113062.874060
0.3,29,static,3063,93.766512,0,0.049951,96.591349,287206.825384,0.000000,287206.825384
0.3,29,nearest,3063,94.025255,4,0.055501,97.432892,287999.356916,352.543663,288351.900579
0.3,29,proposed_d0.0,3063,83.299322,573,0.183154,99.528307,255145.823860,57585.992374,312731.816234
0.3,29,proposed_d0.25,3063,84.923692,312,0.172054,100.155863,260121.268339,32751.994312,292873.262651
0.3,29,proposed_d1.0,3063,87.106920,238,0.151159,100.262498,266808.494971,24987.724771,291796.219742
0.3,29,lowest_rtt_w10,3063,75.735315,913,0.089128,80.950276,231977.269885,66048.401689,298025.671574
0.3,29,lowest_rtt_w20,3063,74.481659,558,0.073131,78.200536,228137.322668,38243.973914,266381.296582
0.3,29,lowest_rtt_w50,3063,73.586434,228,0.054848,75.740672,225395.245973,14472.988442,239868.234415
0.3,29,lowest_rtt_w100,3063,75.618980,138,0.050278,77.516307,231620.935923,10696.127136,242317.063059
0.3,29,oracle_a1,3063,24.897032,1500,0.261508,31.005132,76259.607885,34140.910919,110400.518804
0.3,30,static,2933,102.055236,0,0.048756,105.183515,299328.007552,0.000000,299328.007552
0.3,30,nearest,2933,97.014717,12,0.055574,100.605836,284544.165872,1199.928233,285744.094105
0.3,30,proposed_d0.0,2933,95.558347,551,0.160586,111.456796,280272.631559,64228.875605,344501.507164
0.3,30,proposed_d0.25,2933,98.271088,325,0.143880,112.450459,288229.101954,37781.575530,326010.677484
0.3,30,proposed_d1.0,2933,98.942526,260,0.130242,111.459204,290198.429603,29750.820527,319949.250130
0.3,30,lowest_rtt_w10,2933,86.625724,935,0.068190,90.818605,254073.248344,73090.131427,327163.379771
0.3,30,lowest_rtt_w20,2933,84.636200,585,0.057961,87.720584,248237.973793,49753.377396,297991.351189
0.3,30,lowest_rtt_w50,2933,86.035083,316,0.043300,87.838524,252340.897739,28970.239195,281311.136934
0.3,30,lowest_rtt_w100,2933,87.466889,217,0.050460,90.008756,256540.384268,20846.108405,277386.492673
0.3,30,oracle_a1,2933,31.390524,1385,0.309240,42.548078,92068.405991,47428.403987,139496.809978
0.25,1,static,3072,93.946974,0,0.053060,97.099039,288605.104846,0.000000,288605.104846
0.25,1,nearest,3072,98.467063,25,0.044922,101.004369,302490.818351,4199.591890,306690.410241
0.25,1,proposed_d0.0,3072,85.000554,684,0.132487,95.676436,261121.701406,63575.259087,324696.960493
0.25,1,proposed_d0.25,3072,85.534832,353,0.122396,95.185091,262763.005321,33547.504111,296310.509432
0.25,1,proposed_d1.0,3072,85.298048,253,0.115560,94.181672,262035.602532,22628.655235,284664.257767
0.25,1,lowest_rtt_w10,3072,75.642580,974,0.077148,79.798943,232374.004482,67905.606387,300279.610869
0.25,1,lowest_rtt_w20,3072,74.706150,590,0.080729,79.091109,229497.292792,44295.599141,273792.891933
0.25,1,lowest_rtt_w50,3072,76.609519,364,0.078451,80.960948,235344.442686,28359.133203,263703.575889
0.25,1,lowest_rtt_w100,3072,74.986418,228,0.073893,78.809939,230358.276170,16099.230135,246457.506305
0.25,1,oracle_a1,3072,25.703907,1625,0.290690,33.418266,78962.401123,40743.751287,119706.152410
0.25,2,static,3076,97.531688,0,0.050065,100.566555,300007.472349,0.000000,300007.472349
0.25,2,nearest,3076,90.391499,5,0.050715,93.113785,278044.251303,505.132572,278549.383875
0.25,2,proposed_d0.0,3076,93.323234,709,0.131664,105.170449,287062.267998,73979.703402,361041.971400
0.25,2,proposed_d0.25,3076,94.331264,396,0.118986,104.801096,290162.969003,41608.979064,331771.948067
0.25,2,proposed_d1.0,3076,96.388315,272,0.114759,106.624479,296490.456145,29599.714423,326090.170568
0.25,2,lowest_rtt_w10,3076,79.731145,945,0.070871,83.660253,245253.001796,58541.835008,303794.836804
0.25,2,lowest_rtt_w20,3076,78.593740,566,0.064369,81.863219,241754.344669,31615.264535,273369.609204
0.25,2,lowest_rtt_w50,3076,76.577249,295,0.044538,78.053630,235551.618867,14461.072940,250012.691807
0.25,2,lowest_rtt_w100,3076,74.359607,131,0.050390,76.199299,228730.151476,7029.110190,235759.261666
0.25,2,oracle_a1,3076,27.912219,1552,0.276008,35.790744,85857.986731,39831.239011,125689.225742
0.25,3,static,2993,94.831109,0,0.052456,97.970207,283829.507750,0.000000,283829.507750
0.25,3,nearest,2993,92.412115,5,0.046776,94.848742,276589.460942,366.621124,276956.082066
0.25,3,proposed_d0.0,2993,91.735575,693,0.125626,102.628420,274564.575849,70595.633460,345160.209309
0.25,3,proposed_d0.25,2993,92.541832,382,0.120949,102.999507,276977.702090,38230.645539,315208.347629
0.25,3,proposed_d1.0,2993,91.571169,275,0.112262,100.898197,274072.509351,26848.986196,300921.495547
0.25,3,lowest_rtt_w10,2993,83.590536,1005,0.073505,88.063640,250186.474536,74007.246163,324193.720699
0.25,3,lowest_rtt_w20,2993,85.637912,707,0.067491,89.691248,256314.271912,51008.295377,307322.567289
0.25,3,lowest_rtt_w50,2993,86.437846,392,0.064484,90.258026,258708.474113,27481.532316,286190.006429
0.25,3,lowest_rtt_w100,2993,86.736581,255,0.061477,90.287144,259602.586907,19076.204550,278678.791457
0.25,3,oracle_a1,2993,28.047258,1502,0.299365,37.176654,83945.443028,40383.232073,124328.675101
0.25,4,static,2947,102.172693,0,0.046149,105.019184,301102.925031,0.000000,301102.925031
0.25,4,nearest,2947,97.735530,4,0.047506,100.510370,288026.607983,350.263260,288376.871243
0.25,4,proposed_d0.0,2947,90.415417,675,0.122158,100.719070,266454.235321,65499.690817,331953.926138
0.25,4,proposed_d0.25,2947,93.304230,396,0.109603,102.543280,274967.565781,40107.345421,315074.911202
0.25,4,proposed_d1.0,2947,94.032742,264,0.110282,103.440309,277114.489457,27357.670405,304472.159862
0.25,4,lowest_rtt_w10,2947,88.492743,1047,0.067187,92.722486,260788.113176,79760.393925,340548.507101
0.25,4,lowest_rtt_w20,2947,88.848845,720,0.061758,92.565478,261837.545834,54684.494674,316522.040508
0.25,4,lowest_rtt_w50,2947,88.020658,424,0.052596,90.796160,259396.879417,30632.931844,290029.811261
0.25,4,lowest_rtt_w100,2947,88.423466,261,0.047845,90.766199,260583.954749,21631.251327,282215.206076
0.25,4,oracle_a1,2947,24.480414,1639,0.277910,31.132416,72143.781267,41966.942045,114110.723312
0.25,5,static,2961,102.818680,0,0.058764,107.113064,304446.110009,0.000000,304446.110009
0.25,5,nearest,2961,100.711763,6,0.051672,104.090288,298207.529176,393.231552,298600.760728
0.25,5,proposed_d0.0,2961,94.829212,671,0.118879,105.353506,280789.297301,70704.638336,351493.935637
0.25,5,proposed_d0.25,2961,95.261059,381,0.113475,105.198474,282067.995090,41657.372277,323725.367367
0.25,5,proposed_d1.0,2961,96.857164,265,0.104694,105.949476,286794.061749,29925.741107,316719.802856
0.25,5,lowest_rtt_w10,2961,83.376731,974,0.066869,87.208288,246878.500612,67515.781548,314394.282160
0.25,5,lowest_rtt_w20,2961,81.283867,635,0.055049,83.902619,240681.528845,47633.592932,288315.121777
0.25,5,lowest_rtt_w50,2961,80.286151,279,0.053023,82.669506,237727.294048,23031.513849,260758.807897
0.25,5,lowest_rtt_w100,2961,79.613019,155,0.049645,81.667430,235734.148033,14679.602853,250413.750886
0.25,5,oracle_a1,2961,27.233132,1529,0.292131,35.646614,80637.303340,43917.247386,124554.550726
0.25,6,static,2952,101.519438,0,0.050474,104.809626,299685.380282,0.000000,299685.380282
0.25,6,nearest,2952,109.534339,4,0.051491,113.371917,323345.368789,295.281344,323640.650133
0.25,6,proposed_d0.0,2952,89.713271,599,0.136179,101.541010,264833.574576,61199.026341,326032.600917
0.25,6,proposed_d0.25,2952,90.947506,353,0.127371,101.930527,268477.037946,35422.146841,303899.184787
0.25,6,proposed_d1.0,2952,92.023534,262,0.117209,101.976006,271653.471098,25896.414404,297549.885502
0.25,6,lowest_rtt_w10,2952,82.662009,919,0.075203,87.221337,244018.250841,73212.538222,317230.789063
0.25,6,lowest_rtt_w20,2952,81.135538,624,0.061992,84.365514,239512.108764,49255.598966,288767.707730
0.25,6,lowest_rtt_w50,2952,79.300936,304,0.054201,81.730789,234096.363238,26412.310390,260508.673628
0.25,6,lowest_rtt_w100,2952,79.379731,120,0.052507,81.667846,234328.964690,11561.003388,245889.968078
0.25,6,oracle_a1,2952,25.543995,1429,0.279472,32.676010,75405.872230,38243.194292,113649.066522
0.25,7,static,2971,114.869137,0,0.045776,118.283671,341276.207390,0.000000,341276.207390
0.25,7,nearest,2971,107.130862,5,0.059239,111.750910,318285.792242,470.237830,318756.030072
0.25,7,proposed_d0.0,2971,99.649205,658,0.123864,111.454395,296057.789102,74771.323536,370829.112638
0.25,7,proposed_d0.25,2971,100.317589,399,0.112757,110.812427,298043.556266,44551.745108,342595.301374
0.25,7,proposed_d1.0,2971,100.902341,279,0.100640,109.969632,299780.855620,30198.348366,329979.203986
0.25,7,lowest_rtt_w10,2971,90.004584,1029,0.065634,94.186462,267403.618656,74155.897752,341559.516408
0.25,7,lowest_rtt_w20,2971,89.548496,667,0.064288,93.563519,266048.583025,48753.945147,314802.528172
0.25,7,lowest_rtt_w50,2971,91.616931,403,0.052508,94.583269,272193.902716,30054.449216,302248.351932
0.25,7,lowest_rtt_w100,2971,89.724526,232,0.057893,93.115243,266571.565336,18021.932417,284593.497753
0.25,7,oracle_a1,2971,32.221926,1502,0.320094,44.450169,95731.341394,51825.242410,147556.583804
0.25,8,static,2983,93.794995,0,0.053302,96.963339,279790.470726,0.000000,279790.470726
0.25,8,nearest,2983,96.216994,5,0.057325,99.946406,287015.293658,463.236040,287478.529698
0.25,8,proposed_d0.0,2983,91.675526,673,0.127053,102.727378,273468.092975,67420.560945,340888.653920
0.25,8,proposed_d0.25,2983,92.273711,367,0.119008,102.468219,275252.479143,36895.762345,312148.241488
0.25,8,proposed_d1.0,2983,93.166376,264,0.105934,101.968242,277915.300160,26408.067020,304323.367180
0.25,8,lowest_rtt_w10,2983,78.502038,900,0.062689,81.618591,234171.579995,62813.331655,296984.911650
0.25,8,lowest_rtt_w20,2983,75.767758,516,0.061348,78.589008,226015.222187,37833.482935,263848.705122
0.25,8,lowest_rtt_w50,2983,74.414721,224,0.048944,76.141386,221979.113117,19693.622733,241672.735850
0.25,8,lowest_rtt_w100,2983,73.062281,136,0.046933,74.561655,217944.784539,12070.946220,230015.730759
0.25,8,oracle_a1,2983,27.421539,1481,0.255112,34.128016,81798.450967,37192.750526,118991.201493
0.25,9,static,2932,92.869238,0,0.051160,95.768729,272292.604893,0.000000,272292.604893
0.25,9,nearest,2932,107.521016,5,0.042974,110.259308,315251.618748,440.799752,315692.418500
0.25,9,proposed_d0.0,2932,91.010245,632,0.127899,102.064152,266842.037626,66165.037884,333007.075510
0.25,9,proposed_d0.25,2932,90.680026,367,0.123124,101.131792,265873.836111,36718.844684,302592.680795
0.25,9,proposed_d1.0,2932,91.789098,275,0.111528,101.060129,269125.635634,27462.884898,296588.520532
0.25,9,lowest_rtt_w10,2932,81.508333,980,0.077763,86.212438,238982.431918,67643.499462,306625.931380
0.25,9,lowest_rtt_w20,2932,80.016022,596,0.067531,83.666048,234606.975203,40795.097873,275402.073076
0.25,9,lowest_rtt_w50,2932,80.407570,345,0.051501,82.664867,235754.994792,23446.978967,259201.973759
0.25,9,lowest_rtt_w100,2932,79.920138,172,0.054229,82.387971,234325.844867,11300.780851,245626.625718
0.25,9,oracle_a1,2932,26.761416,1477,0.292292,34.988179,78464.472002,41486.494119,119950.966121
0.25,10,static,3006,102.014224,0,0.053227,105.636949,306654.757012,0.000000,306654.757012
0.25,10,nearest,3006,87.721038,5,0.045908,89.845691,263689.440802,428.686323,264118.127125
0.25,10,proposed_d0.0,3006,92.563110,710,0.116766,102.535861,278244.710054,71921.263444,350165.973498
0.25,10,proposed_d0.25,3006,94.014919,393,0.108450,103.207778,282608.845387,41951.922209,324560.767596
0.25,10,proposed_d1.0,3006,94.051186,275,0.094810,101.692710,282717.864251,28855.448202,311573.312453
0.25,10,lowest_rtt_w10,3006,75.631192,872,0.066866,78.907438,227347.363263,52231.401709,279578.764972
0.25,10,lowest_rtt_w20,3006,72.049378,490,0.060546,74.563892,216580.430593,27967.335577,244547.766170
0.25,10,lowest_rtt_w50,3006,71.177939,248,0.052562,73.015760,213960.884943,12246.193209,226207.078152
0.25,10,lowest_rtt_w100,3006,71.443563,208,0.060546,73.919033,214759.349276,11014.673299,225774.022575
0.25,10,oracle_a1,3006,29.627710,1316,0.299734,39.453157,89060.896517,41515.673293,130576.569810
0.25,11,static,3002,104.098791,0,0.047302,107.168032,312504.572016,0.000000,312504.572016
0.25,11,nearest,3002,99.585033,39,0.054630,103.224196,298954.268590,5006.591899,303960.860489
0.25,11,proposed_d0.0,3002,91.956048,675,0.126582,102.993157,276052.057441,64136.458047,340188.515488
0.25,11,proposed_d0.25,3002,92.006106,375,0.123251,102.658940,276202.329120,36723.390949,312925.720069
0.25,11,proposed_d1.0,3002,93.871391,274,0.113591,103.644462,281801.914535,27843.259457,309645.173992
0.25,11,lowest_rtt_w10,3002,87.045017,1051,0.073284,91.770360,261309.141511,77067.636998,338376.778509
0.25,11,lowest_rtt_w20,3002,84.212316,654,0.062958,87.736001,252805.371344,44213.647699,297019.019043
0.25,11,lowest_rtt_w50,3002,87.167672,418,0.046636,89.333805,261677.350006,26706.335840,288383.685846
0.25,11,lowest_rtt_w100,3002,86.808333,264,0.055963,89.835785,260598.614669,15651.940151,276250.554820
0.25,11,oracle_a1,3002,27.067685,1576,0.279813,34.807212,81257.191657,46408.893685,127666.085342
0.25,12,static,3026,100.049279,0,0.049901,103.198998,302749.119656,0.000000,302749.119656
0.25,12,nearest,3026,111.486745,5,0.039987,114.047122,337358.889604,705.318650,338064.208254
0.25,12,proposed_d0.0,3026,93.043868,690,0.120621,103.532035,281550.745034,72294.931684,353845.676718
0.25,12,proposed_d0.25,3026,92.668545,383,0.116656,102.642356,280415.018271,38547.842524,318962.860795
0.25,12,proposed_d1.0,3026,93.439263,280,0.102445,101.875998,282747.211003,27842.092959,310589.303962
0.25,12,lowest_rtt_w10,3026,80.276405,971,0.075017,84.624652,242916.401956,65018.073501,307934.475457
0.25,12,lowest_rtt_w20,3026,79.354025,639,0.070720,83.240853,240125.279533,40619.946768,280745.226301
0.25,12,lowest_rtt_w50,3026,80.708578,389,0.061467,83.863435,244224.156044,25536.946598,269761.102642
0.25,12,lowest_rtt_w100,3026,79.155181,231,0.058163,81.919852,239523.577344,20070.524290,259594.101634
0.25,12,oracle_a1,3026,25.346942,1598,0.250165,31.136115,76699.846012,37004.920833,113704.766845
0.25,13,static,3014,94.436721,0,0.053417,97.653094,284632.277918,0.000000,284632.277918
0.25,13,nearest,3014,101.882460,23,0.046782,104.784454,307073.735384,3206.880352,310280.615736
0.25,13,proposed_d0.0,3014,89.471915,639,0.135700,101.205510,269668.353265,65591.928741,335260.282006
0.25,13,proposed_d0.25,3014,90.642165,352,0.127737,101.623235,273195.484347,34685.667267,307881.151614
0.25,13,proposed_d1.0,3014,92.728904,255,0.115461,102.571987,279484.917279,24480.749999,303965.667278
0.25,13,lowest_rtt_w10,3014,85.044784,1074,0.071334,89.423715,256324.977757,73589.822031,329914.799788
0.25,13,lowest_rtt_w20,3014,83.656939,683,0.064366,87.274474,252142.015444,46802.433042,298944.448486
0.25,13,lowest_rtt_w50,3014,85.932705,466,0.054413,88.762517,259001.172311,29927.906989,288929.079300
0.25,13,lowest_rtt_w100,3014,84.843012,295,0.055408,87.702437,255716.838501,19870.749420,275587.587921
0.25,13,oracle_a1,3014,26.283562,1612,0.288653,34.137433,79218.655742,40335.516816,119554.172558
0.25,14,static,3050,100.414085,0,0.052459,103.862615,306262.958690,0.000000,306262.958690
0.25,14,nearest,3050,110.878444,5,0.052787,114.946090,338179.255406,534.284486,338713.539892
0.25,14,proposed_d0.0,3050,98.311348,658,0.123934,109.936232,299849.612540,72773.652052,372623.264592
0.25,14,proposed_d0.25,3050,99.045767,379,0.114754,109.625773,302089.588178,41076.175390,343165.763568
0.25,14,proposed_d1.0,3050,100.291567,268,0.104918,109.812923,305889.279041,29575.550927,335464.829968
0.25,14,lowest_rtt_w10,3050,92.363872,1061,0.077705,97.977180,281709.808692,88347.476096,370057.284788
0.25,14,lowest_rtt_w20,3050,92.390991,633,0.075738,97.797986,281792.523430,51899.763040,333692.286470
0.25,14,lowest_rtt_w50,3050,91.282912,365,0.070492,96.053927,278412.882384,28871.045536,307283.927920
0.25,14,lowest_rtt_w100,3050,91.582969,264,0.064918,95.802264,279328.056293,17847.381410,297175.437703
0.25,14,oracle_a1,3050,30.287395,1663,0.291148,39.905900,92376.555854,51011.549735,143388.105589
0.25,15,static,3022,101.312535,0,0.051952,104.754793,306166.481542,0.000000,306166.481542
0.25,15,nearest,3022,111.363814,4,0.047320,114.795918,336541.446833,590.155156,337131.601989
0.25,15,proposed_d0.0,3022,92.417172,658,0.132363,104.210791,279284.693481,66434.461042,345719.154523
0.25,15,proposed_d0.25,3022,93.966885,366,0.126075,105.234353,283967.926131,37891.280113,321859.206244
0.25,15,proposed_d1.0,3022,95.344906,264,0.112177,105.139138,288132.307088,27188.687704,315320.994792
0.25,15,lowest_rtt_w10,3022,80.142068,928,0.063534,83.443579,242189.329109,63524.637212,305713.966321
0.25,15,lowest_rtt_w20,3022,79.741504,540,0.065189,83.162770,240978.824709,35500.323643,276479.148352
0.25,15,lowest_rtt_w50,3022,79.851262,357,0.062541,83.045010,241310.513336,22472.266107,263782.779443
0.25,15,lowest_rtt_w100,3022,78.662633,188,0.058240,81.403541,237718.476362,10886.936496,248605.412858
0.25,15,oracle_a1,3022,28.162006,1466,0.316347,38.267948,85105.580935,40233.555603,125339.136538
0.25,16,static,3097,90.475705,0,0.052632,93.391022,280203.259408,0.000000,280203.259408
0.25,16,nearest,3097,93.790994,5,0.055861,97.221856,290470.707248,504.173724,290974.880972
0.25,16,proposed_d0.0,3097,88.039463,644,0.148531,101.048243,272658.216216,64428.051317,337086.267533
0.25,16,proposed_d0.25,3097,88.545042,366,0.135938,100.160685,274223.993986,35617.998498,309841.992484
0.25,16,proposed_d1.0,3097,90.554909,247,0.120116,100.643873,280448.552790,23850.910047,304299.462837
0.25,16,lowest_rtt_w10,3097,81.059905,1052,0.078463,85.791354,251042.525513,81383.087696,332425.613209
0.25,16,lowest_rtt_w20,3097,79.593784,659,0.063933,82.893394,246501.949952,49284.554549,295786.504501
0.25,16,lowest_rtt_w50,3097,81.397847,382,0.064579,84.879231,252089.132803,29465.933356,281555.066159
0.25,16,lowest_rtt_w100,3097,82.010676,224,0.061027,85.210820,253987.063159,14399.031331,268386.094490
0.25,16,oracle_a1,3097,24.595990,1622,0.314175,32.947166,76173.779660,44978.996885,121152.776545
0.25,17,static,2945,115.343564,0,0.049915,119.298355,339686.796243,0.000000,339686.796243
0.25,17,nearest,2945,89.720495,4,0.048217,92.164416,264226.858404,392.637675,264619.496079
0.25,17,proposed_d0.0,2945,88.520778,640,0.134805,100.001448,260693.690285,64237.016888,324930.707173
0.25,17,proposed_d0.25,2945,89.829740,361,0.124278,100.294139,264548.585240,37236.294345,301784.879585
0.25,17,proposed_d1.0,2945,90.498483,261,0.117148,100.241551,266518.033236,26748.878443,293266.911679
0.25,17,lowest_rtt_w10,2945,73.633345,907,0.068591,76.908568,216850.200932,51027.710617,267877.911549
0.25,17,lowest_rtt_w20,2945,71.024631,555,0.058065,73.279575,209167.539764,31418.579320,240586.119084
0.25,17,lowest_rtt_w50,2945,68.989796,227,0.052292,70.686116,203174.949331,11562.046200,214736.995531
0.25,17,lowest_rtt_w100,2945,68.400592,151,0.052971,70.114645,201439.744123,7024.246690,208463.990813
0.25,17,oracle_a1,2945,27.919699,1392,0.282173,36.108568,82223.512434,35077.691267,117301.203701
0.25,18,static,3040,103.294983,0,0.052303,106.885369,314016.747900,0.000000,314016.747900
0.25,18,nearest,3040,101.740731,40,0.051316,105.135861,309291.823681,6346.862802,315638.686483
0.25,18,proposed_d0.0,3040,93.185016,664,0.128289,104.604697,283282.447860,68025.609677,351308.057537
0.25,18,proposed_d0.25,3040,92.485487,359,0.125329,103.450877,281155.880944,38283.822928,319439.703872
0.25,18,proposed_d1.0,3040,93.252303,271,0.115461,103.163631,283487.002457,27912.224799,311399.227256
0.25,18,lowest_rtt_w10,3040,83.394024,1053,0.066776,87.218129,253517.832781,68975.884666,322493.717447
0.25,18,lowest_rtt_w20,3040,80.344495,630,0.072697,84.486436,244247.264155,37097.313079,281344.577234
0.25,18,lowest_rtt_w50,3040,80.571545,408,0.065789,84.104752,244937.496720,22838.359120,267775.855840
0.25,18,lowest_rtt_w100,3040,80.252483,208,0.061842,83.410781,243967.548347,11372.383938,255339.932285
0.25,18,oracle_a1,3040,24.597733,1643,0.272039,31.042525,74777.106954,40219.060451,114996.167405
0.25,19,static,2979,107.651287,0,0.051024,111.331866,320693.184223,0.000000,320693.184223
0.25,19,nearest,2979,102.963640,16,0.048338,106.091952,306728.683954,686.408051,307415.092005
0.25,19,proposed_d0.0,2979,96.884057,649,0.131588,109.261541,288617.606482,71384.089175,360001.695657
0.25,19,proposed_d0.25,2979,98.274295,366,0.124874,110.011938,292759.123600,40567.997178,333327.120778
0.25,19,proposed_d1.0,2979,99.595754,252,0.115475,110.336908,296695.751622,28914.334686,325610.086308
0.25,19,lowest_rtt_w10,2979,82.647859,940,0.074186,87.110214,246207.970750,61838.930237,308046.900987
0.25,19,lowest_rtt_w20,2979,78.136891,495,0.059752,80.975294,232769.797631,30585.415135,263355.212766
0.25,19,lowest_rtt_w50,2979,74.316710,147,0.052702,76.340000,221389.480401,7568.547909,228958.028310
0.25,19,lowest_rtt_w100,2979,72.298996,61,0.053038,74.236338,215378.709363,2916.809803,218295.519166
0.25,19,oracle_a1,2979,25.326441,1678,0.251091,31.147229,75447.468428,37780.708915,113228.177343
0.25,20,static,3045,104.126646,0,0.046962,107.159075,317065.636409,0.000000,317065.636409
0.25,20,nearest,3045,104.628494,33,0.051232,108.170220,318593.764584,2949.911125,321543.675709
0.25,20,proposed_d0.0,3045,93.149687,675,0.124138,104.068540,283640.796776,69580.561706,353221.358482
0.25,20,proposed_d0.25,3045,93.983834,363,0.118227,104.316862,286180.773948,36604.724692,322785.498640
0.25,20,proposed_d1.0,3045,95.939555,261,0.103448,104.778735,292135.945820,27037.397696,319173.343516
0.25,20,lowest_rtt_w10,3045,85.117534,1007,0.071264,89.495364,259182.889776,83772.926479,342955.816255
0.25,20,lowest_rtt_w20,3045,84.735326,661,0.069294,88.895225,258019.067535,53081.840854,311100.908389
0.25,20,lowest_rtt_w50,3045,86.160502,388,0.058456,89.385675,262358.729464,32544.107132,294902.836596
0.25,20,lowest_rtt_w100,3045,83.783872,226,0.051560,86.229879,255121.890005,21220.500769,276342.390774
0.25,20,oracle_a1,3045,29.448732,1437,0.306076,39.555792,89671.387667,44775.655294,134447.042961
0.25,21,static,3058,107.918034,0,0.051341,111.650240,330013.346729,0.000000,330013.346729
0.25,21,nearest,3058,98.298303,22,0.048398,101.195948,300596.209336,1493.935382,302090.144718
0.25,21,proposed_d0.0,3058,91.751716,630,0.134402,103.687476,280576.748022,62697.270829,343274.018851
0.25,21,proposed_d0.25,3058,92.874344,357,0.124591,103.807899,284009.744694,36656.583574,320666.328268
0.25,21,proposed_d1.0,3058,95.164811,267,0.111838,104.896167,291013.990528,27732.587378,318746.577906
0.25,21,lowest_rtt_w10,3058,84.810265,1028,0.066710,88.729429,259349.791590,75047.774587,334397.566177
0.25,21,lowest_rtt_w20,3058,83.822621,705,0.063767,87.395590,256329.575145,45902.625891,302232.201036
0.25,21,lowest_rtt_w50,3058,86.198114,429,0.053630,88.969535,263593.833023,28724.267092,292318.100115
0.25,21,lowest_rtt_w100,3058,85.967629,304,0.051014,88.481396,262889.009803,20274.167855,283163.177658
0.25,21,oracle_a1,3058,28.023923,1503,0.285154,36.404920,85697.155501,42931.811244,128628.966745
0.25,22,static,3009,98.721863,0,0.050847,101.903391,297054.084747,0.000000,297054.084747
0.25,22,nearest,3009,98.372503,6,0.048521,101.287063,296002.862049,591.783727,296594.645776
0.25,22,proposed_d0.0,3009,95.872424,695,0.120638,106.750613,288480.123100,70601.250137,359081.373237
0.25,22,proposed_d0.25,3009,96.125524,381,0.115985,106.475076,289241.701289,40191.895125,329433.596414
0.25,22,proposed_d1.0,3009,97.654454,261,0.104686,106.838995,293842.251599,28283.511830,322125.763429
0.25,22,lowest_rtt_w10,3009,86.032697,1007,0.068129,90.176315,258872.386533,73848.458009,332720.844542
0.25,22,lowest_rtt_w20,3009,84.337528,644,0.058491,87.452743,253771.622166,49597.103011,303368.725177
0.25,22,lowest_rtt_w50,3009,85.022204,323,0.046195,87.043140,255831.810870,25904.454401,281736.265271
0.25,22,lowest_rtt_w100,3009,85.481690,229,0.057162,88.542970,257214.406123,19327.778325,276542.184448
0.25,22,oracle_a1,3009,25.784865,1758,0.261881,32.223620,77586.659026,44615.464208,122202.123234
0.25,23,static,3060,100.233392,0,0.051307,103.546049,306714.180975,0.000000,306714.180975
0.25,23,nearest,3060,94.841549,5,0.052941,98.031449,290215.140232,496.613844,290711.754076
0.25,23,proposed_d0.0,3060,89.392210,604,0.139869,101.603405,273540.162633,62527.867654,336068.030287
0.25,23,proposed_d0.25,3060,91.926981,365,0.126144,102.908214,281296.563140,37721.883028,319018.446168
0.25,23,proposed_d1.0,3060,93.893296,275,0.114052,103.723160,287313.486625,29082.590254,316396.076879
0.25,23,lowest_rtt_w10,3060,80.142620,1005,0.067320,83.782907,245236.415768,70693.954451,315930.370219
0.25,23,lowest_rtt_w20,3060,78.257570,629,0.056209,80.799226,239468.165675,41530.897724,280999.063399
0.25,23,lowest_rtt_w50,3060,76.069591,252,0.054575,78.345298,232772.947169,16375.737016,249148.684185
0.25,23,lowest_rtt_w100,3060,75.749108,127,0.057190,78.222624,231792.270213,9448.688498,241240.958711
0.25,23,oracle_a1,3060,26.287112,1492,0.324510,35.954796,80438.563026,42344.635180,122783.198206
0.25,24,static,2894,98.791733,0,0.046303,101.491042,285903.274566,0.000000,285903.274566
0.25,24,nearest,2894,96.315513,44,0.050449,99.326453,278737.093763,2513.103998,281250.197761
0.25,24,proposed_d0.0,2894,92.355815,621,0.127160,103.519291,267277.729605,66215.455225,333493.184830
0.25,24,proposed_d0.25,2894,93.049695,354,0.115757,102.969057,269285.817194,37806.290598,307092.107792
0.25,24,proposed_d1.0,2894,94.984717,264,0.100207,103.340157,274885.769752,28157.473524,303043.243276
0.25,24,lowest_rtt_w10,2894,86.471827,1042,0.076019,91.421640,250249.466234,75705.998896,325955.465130
0.25,24,lowest_rtt_w20,2894,85.728991,706,0.064962,89.546083,248099.700135,49284.834709,297384.534844
0.25,24,lowest_rtt_w50,2894,86.046180,384,0.063580,89.752636,249017.644541,27277.369524,276295.014065
0.25,24,lowest_rtt_w100,2894,88.412279,293,0.066344,92.552604,255865.136470,19945.339766,275810.476236
0.25,24,oracle_a1,2894,28.019834,1423,0.344160,39.674078,81089.399230,46556.107810,127645.507040
0.25,25,static,2903,99.162503,0,0.038581,101.061536,287868.746399,0.000000,287868.746399
0.25,25,nearest,2903,95.473917,5,0.049259,98.316949,277160.780432,444.651086,277605.431518
0.25,25,proposed_d0.0,2903,92.248656,657,0.123321,102.943751,267797.847037,66970.394968,334768.242005
0.25,25,proposed_d0.25,2903,92.099108,366,0.119532,102.330872,267363.709584,35870.610236,303234.319820
0.25,25,proposed_d1.0,2903,94.190395,272,0.104375,102.934122,273434.716488,27726.567798,301161.284286
0.25,25,lowest_rtt_w10,2903,83.001979,1021,0.070272,87.124396,240954.745405,70511.236621,311465.982026
0.25,25,lowest_rtt_w20,2903,82.494316,664,0.067861,86.354397,239480.999517,43826.723168,283307.722685
0.25,25,lowest_rtt_w50,2903,79.810628,312,0.053393,82.199510,231690.254510,20210.437216,251900.691726
0.25,25,lowest_rtt_w100,2903,81.269730,199,0.048226,83.286293,235926.026438,11032.570416,246958.596854
0.25,25,oracle_a1,2903,27.225742,1445,0.320703,37.135055,79036.329429,42417.577766,121453.907195
0.25,26,static,3057,108.844503,0,0.048741,112.318998,332737.646285,0.000000,332737.646285
0.25,26,nearest,3057,110.506252,4,0.047105,113.870104,337817.613780,430.321639,338247.935419
0.25,26,proposed_d0.0,3057,98.765474,645,0.133791,111.711500,301926.052575,72421.370978,374347.423553
0.25,26,proposed_d0.25,3057,100.415863,366,0.124959,112.470016,306971.292417,41684.240087,348655.532504
0.25,26,proposed_d1.0,3057,100.166705,266,0.113837,110.777267,306209.617375,29732.974722,335942.592097
0.25,26,lowest_rtt_w10,3057,91.069296,1080,0.066078,95.371222,278398.838256,85227.652383,363626.490639
0.25,26,lowest_rtt_w20,3057,90.764082,686,0.056591,94.088695,277465.797447,55544.812871,333010.610318
0.25,26,lowest_rtt_w50,3057,94.147567,482,0.047432,96.735959,287809.111764,36746.655440,324555.767204
0.25,26,lowest_rtt_w100,3057,94.318653,321,0.051030,97.283048,288332.123656,25769.978311,314102.101967
0.25,26,oracle_a1,3057,27.084175,1670,0.269218,34.325123,82796.324285,45608.030032,128404.354317
0.25,27,static,2968,104.634811,0,0.044137,107.374029,310556.120398,0.000000,310556.120398
0.25,27,nearest,2968,103.548626,18,0.051213,107.029944,307332.323244,1726.305104,309058.628348
0.25,27,proposed_d0.0,2968,93.721981,659,0.120283,104.263056,278166.838419,70882.424017,349049.262436
0.25,27,proposed_d0.25,2968,94.522540,365,0.115903,104.652019,280542.898386,39026.361153,319569.259539
0.25,27,proposed_d1.0,2968,97.372160,266,0.105795,106.655830,289000.571891,28188.559787,317189.131678
0.25,27,lowest_rtt_w10,2968,81.905598,963,0.066712,85.617261,243095.814214,72198.402676,315294.216890
0.25,27,lowest_rtt_w20,2968,81.103455,599,0.057278,83.909597,240715.053353,45987.053150,286702.106503
0.25,27,lowest_rtt_w50,2968,79.093206,263,0.053908,81.485981,234748.634637,21927.298978,256675.933615
0.25,27,lowest_rtt_w100,2968,75.864580,70,0.054245,78.101202,225166.073260,5565.118291,230731.191551
0.25,27,oracle_a1,2968,27.488277,1492,0.306267,36.740751,81585.206632,41819.554235,123404.760867
0.25,28,static,3014,114.174859,0,0.046782,117.680134,344123.026275,0.000000,344123.026275
0.25,28,nearest,3014,108.838386,14,0.062044,113.905517,328038.895608,1368.413416,329407.309024
0.25,28,proposed_d0.0,3014,93.607081,645,0.130060,105.302724,282131.742453,67440.083984,349571.826437
0.25,28,proposed_d0.25,3014,94.559450,366,0.122429,105.472281,285002.182106,38228.015824,323230.197930
0.25,28,proposed_d1.0,3014,95.489668,272,0.110484,105.101775,287805.859886,28383.143818,316189.003704
0.25,28,lowest_rtt_w10,3014,73.287423,788,0.050431,75.073477,220888.292259,53439.865726,274328.157985
0.25,28,lowest_rtt_w20,3014,71.656341,512,0.046450,73.049482,215972.212639,34691.418371,250663.631010
0.25,28,lowest_rtt_w50,3014,68.574698,223,0.042468,69.527422,206684.140622,15401.735962,222085.876584
0.25,28,lowest_rtt_w100,3014,69.168323,146,0.040478,70.001841,208473.324939,10202.565248,218675.890187
0.25,28,oracle_a1,3014,24.988265,1657,0.270405,31.508245,75314.631058,40866.779320,116181.410378
0.25,29,static,3063,94.600413,0,0.050278,97.502601,289761.066317,0.000000,289761.066317
0.25,29,nearest,3063,94.985865,4,0.055501,98.449949,290941.703376,352.543663,291294.247039
0.25,29,proposed_d0.0,3063,89.616069,632,0.138100,101.654553,274494.019263,65757.032161,340251.051424
0.25,29,proposed_d0.25,3063,88.776229,363,0.131570,99.923154,271921.589129,37218.742842,309140.331971
0.25,29,proposed_d1.0,3063,89.614569,259,0.120144,99.578265,274489.424365,26017.668171,300507.092536
0.25,29,lowest_rtt_w10,3063,79.119367,939,0.065622,82.535507,242342.621005,69936.883687,312279.504692
0.25,29,lowest_rtt_w20,3063,77.083630,598,0.062684,80.104897,236107.158917,42624.663718,278731.822635
0.25,29,lowest_rtt_w50,3063,76.392835,275,0.049298,78.250431,233991.254809,21440.240970,255431.495779
0.25,29,lowest_rtt_w100,3063,75.820182,149,0.045054,77.302981,232237.218721,11050.211822,243287.430543
0.25,29,oracle_a1,3063,25.816950,1580,0.234411,31.109304,79077.317827,34754.368685,113831.686512
0.25,30,static,2933,103.071450,0,0.050801,106.480805,302308.561448,0.000000,302308.561448
0.25,30,nearest,2933,96.935049,12,0.051142,100.051922,284310.498614,1199.928233,285510.426847
0.25,30,proposed_d0.0,2933,99.840728,637,0.122059,111.443439,292832.854248,73918.389032,366751.243280
0.25,30,proposed_d0.25,2933,100.114452,386,0.114558,110.808505,293635.686567,44862.137805,338497.824372
0.25,30,proposed_d1.0,2933,99.712762,275,0.110126,109.805184,292457.530380,30876.929097,323334.459477
0.25,30,lowest_rtt_w10,2933,86.729292,923,0.059666,90.105516,254377.012999,74742.930266,329119.943265
0.25,30,lowest_rtt_w20,2933,86.750082,605,0.053529,89.543224,254437.989046,52339.422648,306777.411694
0.25,30,lowest_rtt_w50,2933,86.700048,312,0.039550,88.187874,254291.240761,28688.230589,282979.471350
0.25,30,lowest_rtt_w100,2933,87.524304,202,0.051483,90.166349,256708.783595,19985.006998,276693.790593
0.25,30,oracle_a1,2933,31.981159,1415,0.289465,42.195172,93800.738852,47912.234166,141712.973018
